id_sensor;day_time;parameter_name;value;anomaly
S0001;2026-01-01 23:00:00;temperature;20.882;False
S0011;2026-01-01 23:00:00;ventilation;0.816;False
S0010;2026-01-01 23:00:00;CO2_level;835;False
S0009;2026-01-01 23:00:00;humidity;60.727;False
S0007;2026-01-01 23:00:00;temperature;22.935;False
S0012;2026-01-01 23:00:00;ph_level;6.785;False
S0005;2026-01-01 23:00:00;ventilation;0.971;False
S0004;2026-01-01 23:00:00;CO2_level;1185;False
S0003;2026-01-01 23:00:00;humidity;68.346;False
S0006;2026-01-01 23:00:00;ph_level;6.008;False
S0004;2026-01-01 23:00:15;CO2_level;1142;False
S0007;2026-01-01 23:00:15;temperature;16.308;False
S0010;2026-01-01 23:00:15;CO2_level;863;False
S0011;2026-01-01 23:00:15;ventilation;0.704;False
S0001;2026-01-01 23:00:15;temperature;28.04;True
S0005;2026-01-01 23:00:15;ventilation;0.779;False
S0003;2026-01-01 23:00:30;humidity;64.44;False
S0004;2026-01-01 23:00:30;CO2_level;603;False
S0009;2026-01-01 23:00:30;humidity;60.958;False
S0007;2026-01-01 23:00:30;temperature;23.754;False
S0001;2026-01-01 23:00:30;temperature;26.671;False
S0011;2026-01-01 23:00:30;ventilation;0.84;False
S0005;2026-01-01 23:00:30;ventilation;0.787;False
S0010;2026-01-01 23:00:30;CO2_level;1192;False
S0001;2026-01-01 23:00:45;temperature;25.227;False
S0010;2026-01-01 23:00:45;CO2_level;956;False
S0007;2026-01-01 23:00:45;temperature;20.443;False
S0005;2026-01-01 23:00:45;ventilation;0.739;False
S0011;2026-01-01 23:00:45;ventilation;0.713;False
S0004;2026-01-01 23:00:45;CO2_level;1116;False
S0010;2026-01-01 23:01:00;CO2_level;1145;False
S0007;2026-01-01 23:01:00;temperature;24.212;False
S0011;2026-01-01 23:01:00;ventilation;0.501;False
S0001;2026-01-01 23:01:00;temperature;24.362;False
S0004;2026-01-01 23:01:00;CO2_level;673;False
S0009;2026-01-01 23:01:00;humidity;61.56;False
S0003;2026-01-01 23:01:00;humidity;69.694;False
S0005;2026-01-01 23:01:00;ventilation;0.952;False
S0001;2026-01-01 23:01:15;temperature;22.957;False
S0004;2026-01-01 23:01:15;CO2_level;1181;False
S0005;2026-01-01 23:01:15;ventilation;0.932;False
S0007;2026-01-01 23:01:15;temperature;20.245;False
S0011;2026-01-01 23:01:15;ventilation;0.872;False
S0010;2026-01-01 23:01:15;CO2_level;null;True
S0011;2026-01-01 23:01:30;ventilation;0.801;False
S0010;2026-01-01 23:01:30;CO2_level;996;False
S0005;2026-01-01 23:01:30;ventilation;0.963;False
S0004;2026-01-01 23:01:30;CO2_level;800;False
S0001;2026-01-01 23:01:30;temperature;24.194;False
S0009;2026-01-01 23:01:30;humidity;64.251;False
S0003;2026-01-01 23:01:30;humidity;65.675;False
S0007;2026-01-01 23:01:30;temperature;18.304;False
S0011;2026-01-01 23:01:45;ventilation;0.438;True
S0001;2026-01-01 23:01:45;temperature;23.447;False
S0005;2026-01-01 23:01:45;ventilation;null;True
S0010;2026-01-01 23:01:45;CO2_level;737;False
S0004;2026-01-01 23:01:45;CO2_level;728;False
S0007;2026-01-01 23:01:45;temperature;16.528;False
S0004;2026-01-01 23:02:00;CO2_level;765;False
S0003;2026-01-01 23:02:00;humidity;66.442;False
S0011;2026-01-01 23:02:00;ventilation;0.583;False
S0001;2026-01-01 23:02:00;temperature;17.806;False
S0009;2026-01-01 23:02:00;humidity;65.352;False
S0010;2026-01-01 23:02:00;CO2_level;775;False
S0005;2026-01-01 23:02:00;ventilation;0.954;False
S0007;2026-01-01 23:02:00;temperature;23.478;False
S0004;2026-01-01 23:02:15;CO2_level;1036;False
S0010;2026-01-01 23:02:15;CO2_level;768;False
S0005;2026-01-01 23:02:15;ventilation;0.51;False
S0007;2026-01-01 23:02:15;temperature;15.924;False
S0011;2026-01-01 23:02:15;ventilation;0.976;False
S0001;2026-01-01 23:02:15;temperature;23.847;False
S0011;2026-01-01 23:02:30;ventilation;0.954;False
S0007;2026-01-01 23:02:30;temperature;8.42;True
S0004;2026-01-01 23:02:30;CO2_level;1096;False
S0009;2026-01-01 23:02:30;humidity;60.348;False
S0005;2026-01-01 23:02:30;ventilation;0.626;False
S0003;2026-01-01 23:02:30;humidity;65.444;False
S0010;2026-01-01 23:02:30;CO2_level;945;False
S0001;2026-01-01 23:02:30;temperature;23.3;False
S0001;2026-01-01 23:02:45;temperature;16.699;False
S0011;2026-01-01 23:02:45;ventilation;0.637;False
S0010;2026-01-01 23:02:45;CO2_level;764;False
S0007;2026-01-01 23:02:45;temperature;19.59;False
S0005;2026-01-01 23:02:45;ventilation;0.636;False
S0004;2026-01-01 23:02:45;CO2_level;919;False
S0004;2026-01-01 23:03:00;CO2_level;736;False
S0010;2026-01-01 23:03:00;CO2_level;858;False
S0005;2026-01-01 23:03:00;ventilation;1.0;False
S0009;2026-01-01 23:03:00;humidity;67.425;False
S0011;2026-01-01 23:03:00;ventilation;0.899;False
S0003;2026-01-01 23:03:00;humidity;66.345;False
S0007;2026-01-01 23:03:00;temperature;23.785;False
S0001;2026-01-01 23:03:00;temperature;19.77;False
S0011;2026-01-01 23:03:15;ventilation;0.6;False
S0005;2026-01-01 23:03:15;ventilation;0.525;False
S0010;2026-01-01 23:03:15;CO2_level;1233;True
S0004;2026-01-01 23:03:15;CO2_level;852;False
S0001;2026-01-01 23:03:15;temperature;25.406;False
S0007;2026-01-01 23:03:15;temperature;16.239;False
S0001;2026-01-01 23:03:30;temperature;16.398;False
S0003;2026-01-01 23:03:30;humidity;67.864;False
S0011;2026-01-01 23:03:30;ventilation;0.699;False
S0005;2026-01-01 23:03:30;ventilation;0.804;False
S0007;2026-01-01 23:03:30;temperature;20.371;False
S0004;2026-01-01 23:03:30;CO2_level;713;False
S0010;2026-01-01 23:03:30;CO2_level;1092;False
S0009;2026-01-01 23:03:30;humidity;64.597;False
S0010;2026-01-01 23:03:45;CO2_level;1029;False
S0011;2026-01-01 23:03:45;ventilation;0.731;False
S0005;2026-01-01 23:03:45;ventilation;0.548;False
S0001;2026-01-01 23:03:45;temperature;29.802;True
S0004;2026-01-01 23:03:45;CO2_level;697;False
S0007;2026-01-01 23:03:45;temperature;19.594;False
S0010;2026-01-01 23:04:00;CO2_level;1164;False
S0011;2026-01-01 23:04:00;ventilation;1.592;True
S0009;2026-01-01 23:04:00;humidity;69.001;False
S0001;2026-01-01 23:04:00;temperature;19.434;False
S0003;2026-01-01 23:04:00;humidity;67.881;False
S0007;2026-01-01 23:04:00;temperature;21.941;False
S0005;2026-01-01 23:04:00;ventilation;0.962;False
S0004;2026-01-01 23:04:00;CO2_level;653;False
S0007;2026-01-01 23:04:15;temperature;15.901;False
S0011;2026-01-01 23:04:15;ventilation;0.521;False
S0010;2026-01-01 23:04:15;CO2_level;700;False
S0005;2026-01-01 23:04:15;ventilation;0.891;False
S0001;2026-01-01 23:04:15;temperature;25.997;False
S0004;2026-01-01 23:04:15;CO2_level;820;False
S0004;2026-01-01 23:04:30;CO2_level;762;False
S0005;2026-01-01 23:04:30;ventilation;0.725;False
S0001;2026-01-01 23:04:30;temperature;20.777;False
S0010;2026-01-01 23:04:30;CO2_level;936;False
S0009;2026-01-01 23:04:30;humidity;66.724;False
S0003;2026-01-01 23:04:30;humidity;61.266;False
S0007;2026-01-01 23:04:30;temperature;22.783;False
S0011;2026-01-01 23:04:30;ventilation;0.506;False
S0011;2026-01-01 23:04:45;ventilation;1.355;True
S0001;2026-01-01 23:04:45;temperature;15.562;False
S0005;2026-01-01 23:04:45;ventilation;0.517;False
S0004;2026-01-01 23:04:45;CO2_level;710;False
S0010;2026-01-01 23:04:45;CO2_level;776;False
S0007;2026-01-01 23:04:45;temperature;17.607;False
S0001;2026-01-01 23:05:00;temperature;24.979;False
S0004;2026-01-01 23:05:00;CO2_level;1044;False
S0011;2026-01-01 23:05:00;ventilation;0.907;False
S0003;2026-01-01 23:05:00;humidity;62.357;False
S0009;2026-01-01 23:05:00;humidity;68.055;False
S0007;2026-01-01 23:05:00;temperature;16.665;False
S0010;2026-01-01 23:05:00;CO2_level;918;False
S0005;2026-01-01 23:05:00;ventilation;0.989;False
S0007;2026-01-01 23:05:15;temperature;16.122;False
S0004;2026-01-01 23:05:15;CO2_level;691;False
S0001;2026-01-01 23:05:15;temperature;25.701;False
S0010;2026-01-01 23:05:15;CO2_level;1219;True
S0011;2026-01-01 23:05:15;ventilation;0.588;False
S0005;2026-01-01 23:05:15;ventilation;0.939;False
S0007;2026-01-01 23:05:30;temperature;25.523;False
S0003;2026-01-01 23:05:30;humidity;60.874;False
S0009;2026-01-01 23:05:30;humidity;61.347;False
S0004;2026-01-01 23:05:30;CO2_level;894;False
S0005;2026-01-01 23:05:30;ventilation;0.67;False
S0011;2026-01-01 23:05:30;ventilation;0.94;False
S0010;2026-01-01 23:05:30;CO2_level;802;False
S0001;2026-01-01 23:05:30;temperature;18.721;False
S0010;2026-01-01 23:05:45;CO2_level;995;False
S0004;2026-01-01 23:05:45;CO2_level;1010;False
S0001;2026-01-01 23:05:45;temperature;22.548;False
S0007;2026-01-01 23:05:45;temperature;15.323;False
S0005;2026-01-01 23:05:45;ventilation;0.69;False
S0011;2026-01-01 23:05:45;ventilation;0.51;False
S0003;2026-01-01 23:06:00;humidity;62.05;False
S0010;2026-01-01 23:06:00;CO2_level;1160;False
S0005;2026-01-01 23:06:00;ventilation;0.64;False
S0004;2026-01-01 23:06:00;CO2_level;1105;False
S0009;2026-01-01 23:06:00;humidity;66.61;False
S0001;2026-01-01 23:06:00;temperature;20.42;False
S0011;2026-01-01 23:06:00;ventilation;0.596;False
S0007;2026-01-01 23:06:00;temperature;25.136;False
S0007;2026-01-01 23:06:15;temperature;22.289;False
S0005;2026-01-01 23:06:15;ventilation;0.913;False
S0004;2026-01-01 23:06:15;CO2_level;691;False
S0010;2026-01-01 23:06:15;CO2_level;750;False
S0011;2026-01-01 23:06:15;ventilation;0.609;False
S0001;2026-01-01 23:06:15;temperature;18.927;False
S0011;2026-01-01 23:06:30;ventilation;0.59;False
S0003;2026-01-01 23:06:30;humidity;63.853;False
S0005;2026-01-01 23:06:30;ventilation;0.541;False
S0007;2026-01-01 23:06:30;temperature;19.48;False
S0009;2026-01-01 23:06:30;humidity;64.953;False
S0004;2026-01-01 23:06:30;CO2_level;695;False
S0010;2026-01-01 23:06:30;CO2_level;998;False
S0001;2026-01-01 23:06:30;temperature;25.701;False
S0010;2026-01-01 23:06:45;CO2_level;796;False
S0007;2026-01-01 23:06:45;temperature;21.465;False
S0001;2026-01-01 23:06:45;temperature;21.854;False
S0005;2026-01-01 23:06:45;ventilation;0.748;False
S0011;2026-01-01 23:06:45;ventilation;0.723;False
S0004;2026-01-01 23:06:45;CO2_level;219;True
S0010;2026-01-01 23:07:00;CO2_level;1007;False
S0011;2026-01-01 23:07:00;ventilation;0.813;False
S0003;2026-01-01 23:07:00;humidity;62.513;False
S0001;2026-01-01 23:07:00;temperature;21.652;False
S0009;2026-01-01 23:07:00;humidity;67.357;False
S0005;2026-01-01 23:07:00;ventilation;0.884;False
S0007;2026-01-01 23:07:00;temperature;15.518;False
S0004;2026-01-01 23:07:00;CO2_level;955;False
S0004;2026-01-01 23:07:15;CO2_level;813;False
S0001;2026-01-01 23:07:15;temperature;18.616;False
S0011;2026-01-01 23:07:15;ventilation;0.531;False
S0007;2026-01-01 23:07:15;temperature;16.211;False
S0010;2026-01-01 23:07:15;CO2_level;958;False
S0005;2026-01-01 23:07:15;ventilation;0.643;False
S0004;2026-01-01 23:07:30;CO2_level;878;False
S0007;2026-01-01 23:07:30;temperature;18.083;False
S0011;2026-01-01 23:07:30;ventilation;0.611;False
S0003;2026-01-01 23:07:30;humidity;61.919;False
S0001;2026-01-01 23:07:30;temperature;23.252;False
S0009;2026-01-01 23:07:30;humidity;66.409;False
S0010;2026-01-01 23:07:30;CO2_level;687;False
S0005;2026-01-01 23:07:30;ventilation;0.801;False
S0007;2026-01-01 23:07:45;temperature;18.584;False
S0001;2026-01-01 23:07:45;temperature;24.939;False
S0010;2026-01-01 23:07:45;CO2_level;657;False
S0011;2026-01-01 23:07:45;ventilation;0.853;False
S0004;2026-01-01 23:07:45;CO2_level;985;False
S0005;2026-01-01 23:07:45;ventilation;0.544;False
S0007;2026-01-01 23:08:00;temperature;17.7;False
S0001;2026-01-01 23:08:00;temperature;24.094;False
S0011;2026-01-01 23:08:00;ventilation;0.54;False
S0004;2026-01-01 23:08:00;CO2_level;1138;False
S0010;2026-01-01 23:08:00;CO2_level;691;False
S0009;2026-01-01 23:08:00;humidity;64.657;False
S0003;2026-01-01 23:08:00;humidity;63.448;False
S0005;2026-01-01 23:08:00;ventilation;0.87;False
S0005;2026-01-01 23:08:15;ventilation;0.546;False
S0001;2026-01-01 23:08:15;temperature;26.072;False
S0004;2026-01-01 23:08:15;CO2_level;897;False
S0007;2026-01-01 23:08:15;temperature;16.615;False
S0010;2026-01-01 23:08:15;CO2_level;713;False
S0011;2026-01-01 23:08:15;ventilation;0.735;False
S0001;2026-01-01 23:08:30;temperature;25.51;False
S0010;2026-01-01 23:08:30;CO2_level;943;False
S0003;2026-01-01 23:08:30;humidity;61.649;False
S0005;2026-01-01 23:08:30;ventilation;0.975;False
S0007;2026-01-01 23:08:30;temperature;25.879;False
S0009;2026-01-01 23:08:30;humidity;68.585;False
S0004;2026-01-01 23:08:30;CO2_level;1143;False
S0011;2026-01-01 23:08:30;ventilation;0.774;False
S0005;2026-01-01 23:08:45;ventilation;0.806;False
S0004;2026-01-01 23:08:45;CO2_level;642;False
S0001;2026-01-01 23:08:45;temperature;17.705;False
S0010;2026-01-01 23:08:45;CO2_level;802;False
S0007;2026-01-01 23:08:45;temperature;16.204;False
S0011;2026-01-01 23:08:45;ventilation;0.79;False
S0009;2026-01-01 23:09:00;humidity;69.393;False
S0007;2026-01-01 23:09:00;temperature;20.622;False
S0005;2026-01-01 23:09:00;ventilation;0.621;False
S0004;2026-01-01 23:09:00;CO2_level;1054;False
S0011;2026-01-01 23:09:00;ventilation;0.591;False
S0010;2026-01-01 23:09:00;CO2_level;637;False
S0003;2026-01-01 23:09:00;humidity;64.096;False
S0001;2026-01-01 23:09:00;temperature;18.315;False
S0001;2026-01-01 23:09:15;temperature;21.362;False
S0005;2026-01-01 23:09:15;ventilation;0.765;False
S0011;2026-01-01 23:09:15;ventilation;0.701;False
S0004;2026-01-01 23:09:15;CO2_level;724;False
S0007;2026-01-01 23:09:15;temperature;15.021;False
S0010;2026-01-01 23:09:15;CO2_level;1279;True
S0001;2026-01-01 23:09:30;temperature;23.801;False
S0007;2026-01-01 23:09:30;temperature;17.544;False
S0010;2026-01-01 23:09:30;CO2_level;566;True
S0005;2026-01-01 23:09:30;ventilation;0.965;False
S0004;2026-01-01 23:09:30;CO2_level;1003;False
S0011;2026-01-01 23:09:30;ventilation;0.881;False
S0003;2026-01-01 23:09:30;humidity;69.255;False
S0009;2026-01-01 23:09:30;humidity;60.633;False
S0010;2026-01-01 23:09:45;CO2_level;731;False
S0001;2026-01-01 23:09:45;temperature;20.392;False
S0005;2026-01-01 23:09:45;ventilation;0.943;False
S0004;2026-01-01 23:09:45;CO2_level;972;False
S0011;2026-01-01 23:09:45;ventilation;0.951;False
S0007;2026-01-01 23:09:45;temperature;23.647;False
S0001;2026-01-01 23:10:00;temperature;20.127;False
S0005;2026-01-01 23:10:00;ventilation;0.842;False
S0004;2026-01-01 23:10:00;CO2_level;686;False
S0003;2026-01-01 23:10:00;humidity;64.467;False
S0007;2026-01-01 23:10:00;temperature;22.074;False
S0009;2026-01-01 23:10:00;humidity;67.377;False
S0011;2026-01-01 23:10:00;ventilation;0.862;False
S0010;2026-01-01 23:10:00;CO2_level;921;False
S0005;2026-01-01 23:10:15;ventilation;0.866;False
S0011;2026-01-01 23:10:15;ventilation;0.774;False
S0004;2026-01-01 23:10:15;CO2_level;1183;False
S0007;2026-01-01 23:10:15;temperature;24.97;False
S0001;2026-01-01 23:10:15;temperature;24.28;False
S0010;2026-01-01 23:10:15;CO2_level;995;False
S0005;2026-01-01 23:10:30;ventilation;0.778;False
S0011;2026-01-01 23:10:30;ventilation;0.557;False
S0010;2026-01-01 23:10:30;CO2_level;666;False
S0007;2026-01-01 23:10:30;temperature;null;True
S0001;2026-01-01 23:10:30;temperature;23.277;False
S0004;2026-01-01 23:10:30;CO2_level;1203;True
S0009;2026-01-01 23:10:30;humidity;60.709;False
S0003;2026-01-01 23:10:30;humidity;67.08;False
S0005;2026-01-01 23:10:45;ventilation;0.887;False
S0004;2026-01-01 23:10:45;CO2_level;800;False
S0007;2026-01-01 23:10:45;temperature;15.643;False
S0010;2026-01-01 23:10:45;CO2_level;893;False
S0001;2026-01-01 23:10:45;temperature;30.995;True
S0011;2026-01-01 23:10:45;ventilation;0.709;False
S0010;2026-01-01 23:11:00;CO2_level;612;False
S0005;2026-01-01 23:11:00;ventilation;0.629;False
S0011;2026-01-01 23:11:00;ventilation;0.549;False
S0009;2026-01-01 23:11:00;humidity;73.067;True
S0004;2026-01-01 23:11:00;CO2_level;735;False
S0001;2026-01-01 23:11:00;temperature;22.447;False
S0003;2026-01-01 23:11:00;humidity;68.559;False
S0007;2026-01-01 23:11:00;temperature;null;True
S0005;2026-01-01 23:11:15;ventilation;0.715;False
S0001;2026-01-01 23:11:15;temperature;18.181;False
S0010;2026-01-01 23:11:15;CO2_level;995;False
S0004;2026-01-01 23:11:15;CO2_level;null;True
S0011;2026-01-01 23:11:15;ventilation;0.587;False
S0007;2026-01-01 23:11:15;temperature;22.176;False
S0004;2026-01-01 23:11:30;CO2_level;846;False
S0005;2026-01-01 23:11:30;ventilation;0.795;False
S0009;2026-01-01 23:11:30;humidity;66.42;False
S0001;2026-01-01 23:11:30;temperature;25.084;False
S0010;2026-01-01 23:11:30;CO2_level;1163;False
S0011;2026-01-01 23:11:30;ventilation;0.924;False
S0007;2026-01-01 23:11:30;temperature;15.946;False
S0003;2026-01-01 23:11:30;humidity;67.544;False
S0001;2026-01-01 23:11:45;temperature;-1.06;True
S0011;2026-01-01 23:11:45;ventilation;0.824;False
S0010;2026-01-01 23:11:45;CO2_level;1156;False
S0007;2026-01-01 23:11:45;temperature;22.174;False
S0005;2026-01-01 23:11:45;ventilation;0.963;False
S0004;2026-01-01 23:11:45;CO2_level;698;False
S0001;2026-01-01 23:12:00;temperature;26.709;False
S0010;2026-01-01 23:12:00;CO2_level;1117;False
S0004;2026-01-01 23:12:00;CO2_level;758;False
S0011;2026-01-01 23:12:00;ventilation;0.719;False
S0003;2026-01-01 23:12:00;humidity;64.295;False
S0009;2026-01-01 23:12:00;humidity;74.335;True
S0005;2026-01-01 23:12:00;ventilation;0.559;False
S0007;2026-01-01 23:12:00;temperature;26.411;False
S0011;2026-01-01 23:12:15;ventilation;0.827;False
S0005;2026-01-01 23:12:15;ventilation;0.878;False
S0007;2026-01-01 23:12:15;temperature;22.922;False
S0010;2026-01-01 23:12:15;CO2_level;828;False
S0004;2026-01-01 23:12:15;CO2_level;900;False
S0001;2026-01-01 23:12:15;temperature;26.669;False
S0010;2026-01-01 23:12:30;CO2_level;798;False
S0007;2026-01-01 23:12:30;temperature;23.791;False
S0003;2026-01-01 23:12:30;humidity;69.008;False
S0001;2026-01-01 23:12:30;temperature;19.416;False
S0004;2026-01-01 23:12:30;CO2_level;624;False
S0009;2026-01-01 23:12:30;humidity;65.25;False
S0011;2026-01-01 23:12:30;ventilation;0.698;False
S0005;2026-01-01 23:12:30;ventilation;0.586;False
S0004;2026-01-01 23:12:45;CO2_level;1093;False
S0011;2026-01-01 23:12:45;ventilation;0.527;False
S0007;2026-01-01 23:12:45;temperature;25.642;False
S0010;2026-01-01 23:12:45;CO2_level;844;False
S0005;2026-01-01 23:12:45;ventilation;0.537;False
S0001;2026-01-01 23:12:45;temperature;22.212;False
S0005;2026-01-01 23:13:00;ventilation;0.844;False
S0010;2026-01-01 23:13:00;CO2_level;748;False
S0003;2026-01-01 23:13:00;humidity;68.137;False
S0001;2026-01-01 23:13:00;temperature;15.795;False
S0011;2026-01-01 23:13:00;ventilation;0.865;False
S0004;2026-01-01 23:13:00;CO2_level;1043;False
S0007;2026-01-01 23:13:00;temperature;23.398;False
S0009;2026-01-01 23:13:00;humidity;4.481;True
S0005;2026-01-01 23:13:15;ventilation;null;True
S0010;2026-01-01 23:13:15;CO2_level;857;False
S0001;2026-01-01 23:13:15;temperature;16.619;False
S0011;2026-01-01 23:13:15;ventilation;0.827;False
S0004;2026-01-01 23:13:15;CO2_level;1010;False
S0007;2026-01-01 23:13:15;temperature;24.32;False
S0011;2026-01-01 23:13:30;ventilation;0.722;False
S0007;2026-01-01 23:13:30;temperature;18.414;False
S0010;2026-01-01 23:13:30;CO2_level;800;False
S0003;2026-01-01 23:13:30;humidity;62.699;False
S0004;2026-01-01 23:13:30;CO2_level;736;False
S0001;2026-01-01 23:13:30;temperature;15.807;False
S0009;2026-01-01 23:13:30;humidity;64.038;False
S0005;2026-01-01 23:13:30;ventilation;0.907;False
S0004;2026-01-01 23:13:45;CO2_level;646;False
S0001;2026-01-01 23:13:45;temperature;18.636;False
S0011;2026-01-01 23:13:45;ventilation;0.916;False
S0010;2026-01-01 23:13:45;CO2_level;1184;False
S0007;2026-01-01 23:13:45;temperature;17.058;False
S0005;2026-01-01 23:13:45;ventilation;0.726;False
S0010;2026-01-01 23:14:00;CO2_level;1041;False
S0004;2026-01-01 23:14:00;CO2_level;790;False
S0009;2026-01-01 23:14:00;humidity;66.161;False
S0007;2026-01-01 23:14:00;temperature;17.472;False
S0011;2026-01-01 23:14:00;ventilation;0.542;False
S0005;2026-01-01 23:14:00;ventilation;0.622;False
S0001;2026-01-01 23:14:00;temperature;26.564;False
S0003;2026-01-01 23:14:00;humidity;62.911;False
S0011;2026-01-01 23:14:15;ventilation;0.832;False
S0004;2026-01-01 23:14:15;CO2_level;744;False
S0005;2026-01-01 23:14:15;ventilation;0.906;False
S0007;2026-01-01 23:14:15;temperature;24.86;False
S0010;2026-01-01 23:14:15;CO2_level;1161;False
S0001;2026-01-01 23:14:15;temperature;26.333;False
S0005;2026-01-01 23:14:30;ventilation;0.85;False
S0004;2026-01-01 23:14:30;CO2_level;947;False
S0009;2026-01-01 23:14:30;humidity;45.386;True
S0003;2026-01-01 23:14:30;humidity;63.854;False
S0001;2026-01-01 23:14:30;temperature;22.847;False
S0011;2026-01-01 23:14:30;ventilation;0.635;False
S0007;2026-01-01 23:14:30;temperature;25.978;False
S0010;2026-01-01 23:14:30;CO2_level;968;False
S0004;2026-01-01 23:14:45;CO2_level;981;False
S0001;2026-01-01 23:14:45;temperature;24.88;False
S0011;2026-01-01 23:14:45;ventilation;0.644;False
S0007;2026-01-01 23:14:45;temperature;25.196;False
S0010;2026-01-01 23:14:45;CO2_level;1154;False
S0005;2026-01-01 23:14:45;ventilation;0.856;False
S0011;2026-01-01 23:15:00;ventilation;0.957;False
S0009;2026-01-01 23:15:00;humidity;65.761;False
S0001;2026-01-01 23:15:00;temperature;17.455;False
S0007;2026-01-01 23:15:00;temperature;23.018;False
S0003;2026-01-01 23:15:00;humidity;65.042;False
S0004;2026-01-01 23:15:00;CO2_level;1000;False
S0005;2026-01-01 23:15:00;ventilation;0.567;False
S0010;2026-01-01 23:15:00;CO2_level;938;False
S0001;2026-01-01 23:15:15;temperature;23.234;False
S0005;2026-01-01 23:15:15;ventilation;0.689;False
S0011;2026-01-01 23:15:15;ventilation;0.887;False
S0010;2026-01-01 23:15:15;CO2_level;null;True
S0007;2026-01-01 23:15:15;temperature;21.444;False
S0004;2026-01-01 23:15:15;CO2_level;703;False
S0001;2026-01-01 23:15:30;temperature;20.556;False
S0004;2026-01-01 23:15:30;CO2_level;1048;False
S0009;2026-01-01 23:15:30;humidity;65.857;False
S0010;2026-01-01 23:15:30;CO2_level;1158;False
S0003;2026-01-01 23:15:30;humidity;68.395;False
S0005;2026-01-01 23:15:30;ventilation;0.895;False
S0011;2026-01-01 23:15:30;ventilation;0.939;False
S0007;2026-01-01 23:15:30;temperature;23.162;False
S0011;2026-01-01 23:15:45;ventilation;0.611;False
S0007;2026-01-01 23:15:45;temperature;17.84;False
S0001;2026-01-01 23:15:45;temperature;23.556;False
S0004;2026-01-01 23:15:45;CO2_level;912;False
S0005;2026-01-01 23:15:45;ventilation;0.847;False
S0010;2026-01-01 23:15:45;CO2_level;1164;False
S0007;2026-01-01 23:16:00;temperature;19.854;False
S0004;2026-01-01 23:16:00;CO2_level;1075;False
S0009;2026-01-01 23:16:00;humidity;66.996;False
S0005;2026-01-01 23:16:00;ventilation;0.794;False
S0011;2026-01-01 23:16:00;ventilation;1.218;True
S0001;2026-01-01 23:16:00;temperature;21.929;False
S0010;2026-01-01 23:16:00;CO2_level;1164;False
S0003;2026-01-01 23:16:00;humidity;64.332;False
S0005;2026-01-01 23:16:15;ventilation;0.99;False
S0011;2026-01-01 23:16:15;ventilation;0.721;False
S0001;2026-01-01 23:16:15;temperature;17.062;False
S0004;2026-01-01 23:16:15;CO2_level;775;False
S0007;2026-01-01 23:16:15;temperature;26.768;False
S0010;2026-01-01 23:16:15;CO2_level;1198;False
S0005;2026-01-01 23:16:30;ventilation;0.678;False
S0009;2026-01-01 23:16:30;humidity;63.618;False
S0001;2026-01-01 23:16:30;temperature;20.013;False
S0010;2026-01-01 23:16:30;CO2_level;1121;False
S0007;2026-01-01 23:16:30;temperature;15.743;False
S0003;2026-01-01 23:16:30;humidity;68.726;False
S0011;2026-01-01 23:16:30;ventilation;0.985;False
S0004;2026-01-01 23:16:30;CO2_level;974;False
S0007;2026-01-01 23:16:45;temperature;9.16;True
S0011;2026-01-01 23:16:45;ventilation;1.198;True
S0010;2026-01-01 23:16:45;CO2_level;1056;False
S0004;2026-01-01 23:16:45;CO2_level;856;False
S0005;2026-01-01 23:16:45;ventilation;0.501;False
S0001;2026-01-01 23:16:45;temperature;25.074;False
S0005;2026-01-01 23:17:00;ventilation;0.706;False
S0010;2026-01-01 23:17:00;CO2_level;763;False
S0007;2026-01-01 23:17:00;temperature;15.222;False
S0004;2026-01-01 23:17:00;CO2_level;879;False
S0011;2026-01-01 23:17:00;ventilation;0.963;False
S0001;2026-01-01 23:17:00;temperature;15.962;False
S0003;2026-01-01 23:17:00;humidity;64.574;False
S0009;2026-01-01 23:17:00;humidity;62.969;False
S0007;2026-01-01 23:17:15;temperature;19.676;False
S0001;2026-01-01 23:17:15;temperature;26.307;False
S0005;2026-01-01 23:17:15;ventilation;0.774;False
S0010;2026-01-01 23:17:15;CO2_level;772;False
S0004;2026-01-01 23:17:15;CO2_level;1292;True
S0011;2026-01-01 23:17:15;ventilation;0.549;False
S0005;2026-01-01 23:17:30;ventilation;0.531;False
S0004;2026-01-01 23:17:30;CO2_level;1049;False
S0011;2026-01-01 23:17:30;ventilation;0.978;False
S0009;2026-01-01 23:17:30;humidity;65.694;False
S0003;2026-01-01 23:17:30;humidity;62.077;False
S0007;2026-01-01 23:17:30;temperature;17.607;False
S0001;2026-01-01 23:17:30;temperature;24.328;False
S0010;2026-01-01 23:17:30;CO2_level;1047;False
S0010;2026-01-01 23:17:45;CO2_level;699;False
S0004;2026-01-01 23:17:45;CO2_level;1171;False
S0001;2026-01-01 23:17:45;temperature;20.929;False
S0011;2026-01-01 23:17:45;ventilation;0.988;False
S0007;2026-01-01 23:17:45;temperature;22.163;False
S0005;2026-01-01 23:17:45;ventilation;0.56;False
S0007;2026-01-01 23:18:00;temperature;18.695;False
S0004;2026-01-01 23:18:00;CO2_level;793;False
S0003;2026-01-01 23:18:00;humidity;69.953;False
S0011;2026-01-01 23:18:00;ventilation;0.632;False
S0001;2026-01-01 23:18:00;temperature;4.222;True
S0009;2026-01-01 23:18:00;humidity;66.322;False
S0005;2026-01-01 23:18:00;ventilation;0.648;False
S0010;2026-01-01 23:18:00;CO2_level;788;False
S0010;2026-01-01 23:18:15;CO2_level;1189;False
S0011;2026-01-01 23:18:15;ventilation;0.317;True
S0004;2026-01-01 23:18:15;CO2_level;780;False
S0007;2026-01-01 23:18:15;temperature;20.161;False
S0001;2026-01-01 23:18:15;temperature;25.298;False
S0005;2026-01-01 23:18:15;ventilation;0.64;False
S0009;2026-01-01 23:18:30;humidity;64.676;False
S0007;2026-01-01 23:18:30;temperature;25.77;False
S0010;2026-01-01 23:18:30;CO2_level;732;False
S0005;2026-01-01 23:18:30;ventilation;0.705;False
S0011;2026-01-01 23:18:30;ventilation;0.556;False
S0001;2026-01-01 23:18:30;temperature;24.125;False
S0004;2026-01-01 23:18:30;CO2_level;986;False
S0003;2026-01-01 23:18:30;humidity;72.552;True
S0010;2026-01-01 23:18:45;CO2_level;603;False
S0004;2026-01-01 23:18:45;CO2_level;1273;True
S0007;2026-01-01 23:18:45;temperature;21.755;False
S0011;2026-01-01 23:18:45;ventilation;0.927;False
S0005;2026-01-01 23:18:45;ventilation;0.56;False
S0001;2026-01-01 23:18:45;temperature;23.194;False
S0003;2026-01-01 23:19:00;humidity;63.92;False
S0011;2026-01-01 23:19:00;ventilation;0.734;False
S0010;2026-01-01 23:19:00;CO2_level;1068;False
S0009;2026-01-01 23:19:00;humidity;69.927;False
S0004;2026-01-01 23:19:00;CO2_level;1004;False
S0005;2026-01-01 23:19:00;ventilation;0.837;False
S0007;2026-01-01 23:19:00;temperature;17.606;False
S0001;2026-01-01 23:19:00;temperature;19.328;False
S0011;2026-01-01 23:19:15;ventilation;0.642;False
S0007;2026-01-01 23:19:15;temperature;20.321;False
S0001;2026-01-01 23:19:15;temperature;26.143;False
S0010;2026-01-01 23:19:15;CO2_level;604;False
S0004;2026-01-01 23:19:15;CO2_level;1088;False
S0005;2026-01-01 23:19:15;ventilation;0.937;False
S0001;2026-01-01 23:19:30;temperature;16.26;False
S0010;2026-01-01 23:19:30;CO2_level;1148;False
S0004;2026-01-01 23:19:30;CO2_level;946;False
S0007;2026-01-01 23:19:30;temperature;20.561;False
S0005;2026-01-01 23:19:30;ventilation;0.776;False
S0003;2026-01-01 23:19:30;humidity;68.509;False
S0011;2026-01-01 23:19:30;ventilation;null;True
S0009;2026-01-01 23:19:30;humidity;67.358;False
S0007;2026-01-01 23:19:45;temperature;18.181;False
S0001;2026-01-01 23:19:45;temperature;17.828;False
S0011;2026-01-01 23:19:45;ventilation;0.513;False
S0005;2026-01-01 23:19:45;ventilation;0.804;False
S0004;2026-01-01 23:19:45;CO2_level;716;False
S0010;2026-01-01 23:19:45;CO2_level;815;False
S0005;2026-01-01 23:20:00;ventilation;0.926;False
S0004;2026-01-01 23:20:00;CO2_level;1135;False
S0011;2026-01-01 23:20:00;ventilation;0.879;False
S0007;2026-01-01 23:20:00;temperature;19.459;False
S0010;2026-01-01 23:20:00;CO2_level;404;True
S0009;2026-01-01 23:20:00;humidity;61.119;False
S0003;2026-01-01 23:20:00;humidity;66.522;False
S0001;2026-01-01 23:20:00;temperature;24.687;False
S0004;2026-01-01 23:20:15;CO2_level;1254;True
S0001;2026-01-01 23:20:15;temperature;25.721;False
S0005;2026-01-01 23:20:15;ventilation;0.658;False
S0011;2026-01-01 23:20:15;ventilation;0.727;False
S0010;2026-01-01 23:20:15;CO2_level;802;False
S0007;2026-01-01 23:20:15;temperature;20.413;False
S0003;2026-01-01 23:20:30;humidity;66.588;False
S0001;2026-01-01 23:20:30;temperature;24.807;False
S0011;2026-01-01 23:20:30;ventilation;0.814;False
S0010;2026-01-01 23:20:30;CO2_level;1123;False
S0007;2026-01-01 23:20:30;temperature;17.128;False
S0009;2026-01-01 23:20:30;humidity;66.639;False
S0005;2026-01-01 23:20:30;ventilation;0.855;False
S0004;2026-01-01 23:20:30;CO2_level;761;False
S0007;2026-01-01 23:20:45;temperature;24.946;False
S0001;2026-01-01 23:20:45;temperature;21.719;False
S0010;2026-01-01 23:20:45;CO2_level;988;False
S0011;2026-01-01 23:20:45;ventilation;0.908;False
S0005;2026-01-01 23:20:45;ventilation;0.534;False
S0004;2026-01-01 23:20:45;CO2_level;701;False
S0010;2026-01-01 23:21:00;CO2_level;973;False
S0009;2026-01-01 23:21:00;humidity;61.44;False
S0005;2026-01-01 23:21:00;ventilation;0.122;True
S0003;2026-01-01 23:21:00;humidity;61.761;False
S0007;2026-01-01 23:21:00;temperature;8.509;True
S0001;2026-01-01 23:21:00;temperature;-0.569;True
S0011;2026-01-01 23:21:00;ventilation;0.548;False
S0004;2026-01-01 23:21:00;CO2_level;681;False
S0010;2026-01-01 23:21:15;CO2_level;1107;False
S0011;2026-01-01 23:21:15;ventilation;0.895;False
S0005;2026-01-01 23:21:15;ventilation;0.649;False
S0007;2026-01-01 23:21:15;temperature;26.787;False
S0001;2026-01-01 23:21:15;temperature;24.882;False
S0004;2026-01-01 23:21:15;CO2_level;null;True
S0005;2026-01-01 23:21:30;ventilation;1.156;True
S0011;2026-01-01 23:21:30;ventilation;0.954;False
S0004;2026-01-01 23:21:30;CO2_level;741;False
S0001;2026-01-01 23:21:30;temperature;16.933;False
S0009;2026-01-01 23:21:30;humidity;73.559;True
S0010;2026-01-01 23:21:30;CO2_level;825;False
S0003;2026-01-01 23:21:30;humidity;68.434;False
S0007;2026-01-01 23:21:30;temperature;23.193;False
S0011;2026-01-01 23:21:45;ventilation;0.9;False
S0005;2026-01-01 23:21:45;ventilation;0.977;False
S0007;2026-01-01 23:21:45;temperature;23.294;False
S0004;2026-01-01 23:21:45;CO2_level;674;False
S0010;2026-01-01 23:21:45;CO2_level;846;False
S0001;2026-01-01 23:21:45;temperature;25.78;False
S0003;2026-01-01 23:22:00;humidity;62.593;False
S0009;2026-01-01 23:22:00;humidity;63.99;False
S0004;2026-01-01 23:22:00;CO2_level;669;False
S0010;2026-01-01 23:22:00;CO2_level;1111;False
S0001;2026-01-01 23:22:00;temperature;15.639;False
S0011;2026-01-01 23:22:00;ventilation;0.916;False
S0005;2026-01-01 23:22:00;ventilation;0.769;False
S0007;2026-01-01 23:22:00;temperature;22.801;False
S0007;2026-01-01 23:22:15;temperature;19.574;False
S0010;2026-01-01 23:22:15;CO2_level;988;False
S0004;2026-01-01 23:22:15;CO2_level;1064;False
S0005;2026-01-01 23:22:15;ventilation;0.556;False
S0001;2026-01-01 23:22:15;temperature;15.651;False
S0011;2026-01-01 23:22:15;ventilation;0.946;False
S0010;2026-01-01 23:22:30;CO2_level;653;False
S0003;2026-01-01 23:22:30;humidity;63.449;False
S0005;2026-01-01 23:22:30;ventilation;null;True
S0011;2026-01-01 23:22:30;ventilation;0.536;False
S0004;2026-01-01 23:22:30;CO2_level;1138;False
S0009;2026-01-01 23:22:30;humidity;62.373;False
S0007;2026-01-01 23:22:30;temperature;26.288;False
S0001;2026-01-01 23:22:30;temperature;26.416;False
S0010;2026-01-01 23:22:45;CO2_level;735;False
S0011;2026-01-01 23:22:45;ventilation;0.949;False
S0007;2026-01-01 23:22:45;temperature;16.935;False
S0005;2026-01-01 23:22:45;ventilation;0.814;False
S0004;2026-01-01 23:22:45;CO2_level;1199;False
S0001;2026-01-01 23:22:45;temperature;22.922;False
S0009;2026-01-01 23:23:00;humidity;67.972;False
S0007;2026-01-01 23:23:00;temperature;22.865;False
S0001;2026-01-01 23:23:00;temperature;19.08;False
S0004;2026-01-01 23:23:00;CO2_level;627;False
S0010;2026-01-01 23:23:00;CO2_level;751;False
S0011;2026-01-01 23:23:00;ventilation;0.942;False
S0003;2026-01-01 23:23:00;humidity;67.277;False
S0005;2026-01-01 23:23:00;ventilation;0.781;False
S0007;2026-01-01 23:23:15;temperature;26.594;False
S0004;2026-01-01 23:23:15;CO2_level;1260;True
S0010;2026-01-01 23:23:15;CO2_level;717;False
S0001;2026-01-01 23:23:15;temperature;20.747;False
S0011;2026-01-01 23:23:15;ventilation;0.898;False
S0005;2026-01-01 23:23:15;ventilation;0.72;False
S0005;2026-01-01 23:23:30;ventilation;0.682;False
S0011;2026-01-01 23:23:30;ventilation;0.575;False
S0003;2026-01-01 23:23:30;humidity;64.099;False
S0001;2026-01-01 23:23:30;temperature;26.778;False
S0007;2026-01-01 23:23:30;temperature;26.345;False
S0010;2026-01-01 23:23:30;CO2_level;1006;False
S0009;2026-01-01 23:23:30;humidity;65.896;False
S0004;2026-01-01 23:23:30;CO2_level;777;False
S0011;2026-01-01 23:23:45;ventilation;1.669;True
S0007;2026-01-01 23:23:45;temperature;23.212;False
S0001;2026-01-01 23:23:45;temperature;21.983;False
S0004;2026-01-01 23:23:45;CO2_level;1186;False
S0010;2026-01-01 23:23:45;CO2_level;1064;False
S0005;2026-01-01 23:23:45;ventilation;0.989;False
S0010;2026-01-01 23:24:00;CO2_level;461;True
S0009;2026-01-01 23:24:00;humidity;67.322;False
S0007;2026-01-01 23:24:00;temperature;null;True
S0005;2026-01-01 23:24:00;ventilation;0.701;False
S0011;2026-01-01 23:24:00;ventilation;0.95;False
S0003;2026-01-01 23:24:00;humidity;64.283;False
S0004;2026-01-01 23:24:00;CO2_level;753;False
S0001;2026-01-01 23:24:00;temperature;21.996;False
S0007;2026-01-01 23:24:15;temperature;16.771;False
S0005;2026-01-01 23:24:15;ventilation;0.892;False
S0001;2026-01-01 23:24:15;temperature;7.744;True
S0004;2026-01-01 23:24:15;CO2_level;821;False
S0011;2026-01-01 23:24:15;ventilation;0.607;False
S0010;2026-01-01 23:24:15;CO2_level;1020;False
S0001;2026-01-01 23:24:30;temperature;23.346;False
S0004;2026-01-01 23:24:30;CO2_level;1029;False
S0003;2026-01-01 23:24:30;humidity;66.966;False
S0007;2026-01-01 23:24:30;temperature;10.534;True
S0009;2026-01-01 23:24:30;humidity;67.557;False
S0005;2026-01-01 23:24:30;ventilation;1.977;True
S0010;2026-01-01 23:24:30;CO2_level;631;False
S0011;2026-01-01 23:24:30;ventilation;0.981;False
S0005;2026-01-01 23:24:45;ventilation;0.98;False
S0001;2026-01-01 23:24:45;temperature;19.556;False
S0011;2026-01-01 23:24:45;ventilation;1.582;True
S0010;2026-01-01 23:24:45;CO2_level;1099;False
S0007;2026-01-01 23:24:45;temperature;6.109;True
S0004;2026-01-01 23:24:45;CO2_level;647;False
S0001;2026-01-01 23:25:00;temperature;19.207;False
S0005;2026-01-01 23:25:00;ventilation;0.602;False
S0010;2026-01-01 23:25:00;CO2_level;803;False
S0007;2026-01-01 23:25:00;temperature;25.381;False
S0003;2026-01-01 23:25:00;humidity;64.989;False
S0011;2026-01-01 23:25:00;ventilation;0.645;False
S0009;2026-01-01 23:25:00;humidity;61.386;False
S0004;2026-01-01 23:25:00;CO2_level;993;False
S0001;2026-01-01 23:25:15;temperature;21.351;False
S0004;2026-01-01 23:25:15;CO2_level;1134;False
S0011;2026-01-01 23:25:15;ventilation;0.709;False
S0005;2026-01-01 23:25:15;ventilation;1.718;True
S0007;2026-01-01 23:25:15;temperature;23.219;False
S0010;2026-01-01 23:25:15;CO2_level;647;False
S0005;2026-01-01 23:25:30;ventilation;0.826;False
S0011;2026-01-01 23:25:30;ventilation;0.506;False
S0003;2026-01-01 23:25:30;humidity;69.175;False
S0004;2026-01-01 23:25:30;CO2_level;733;False
S0009;2026-01-01 23:25:30;humidity;64.987;False
S0001;2026-01-01 23:25:30;temperature;18.697;False
S0007;2026-01-01 23:25:30;temperature;25.431;False
S0010;2026-01-01 23:25:30;CO2_level;970;False
S0001;2026-01-01 23:25:45;temperature;16.64;False
S0011;2026-01-01 23:25:45;ventilation;0.909;False
S0007;2026-01-01 23:25:45;temperature;23.175;False
S0005;2026-01-01 23:25:45;ventilation;0.635;False
S0010;2026-01-01 23:25:45;CO2_level;1072;False
S0004;2026-01-01 23:25:45;CO2_level;665;False
S0003;2026-01-01 23:26:00;humidity;69.282;False
S0011;2026-01-01 23:26:00;ventilation;0.916;False
S0005;2026-01-01 23:26:00;ventilation;0.675;False
S0001;2026-01-01 23:26:00;temperature;25.799;False
S0010;2026-01-01 23:26:00;CO2_level;977;False
S0007;2026-01-01 23:26:00;temperature;17.067;False
S0004;2026-01-01 23:26:00;CO2_level;1205;True
S0009;2026-01-01 23:26:00;humidity;60.437;False
S0005;2026-01-01 23:26:15;ventilation;0.763;False
S0010;2026-01-01 23:26:15;CO2_level;613;False
S0011;2026-01-01 23:26:15;ventilation;0.771;False
S0007;2026-01-01 23:26:15;temperature;20.055;False
S0001;2026-01-01 23:26:15;temperature;20.922;False
S0004;2026-01-01 23:26:15;CO2_level;1135;False
S0009;2026-01-01 23:26:30;humidity;63.772;False
S0005;2026-01-01 23:26:30;ventilation;0.965;False
S0010;2026-01-01 23:26:30;CO2_level;898;False
S0001;2026-01-01 23:26:30;temperature;25.608;False
S0004;2026-01-01 23:26:30;CO2_level;1014;False
S0003;2026-01-01 23:26:30;humidity;69.738;False
S0011;2026-01-01 23:26:30;ventilation;0.846;False
S0007;2026-01-01 23:26:30;temperature;25.625;False
S0011;2026-01-01 23:26:45;ventilation;0.748;False
S0005;2026-01-01 23:26:45;ventilation;0.691;False
S0001;2026-01-01 23:26:45;temperature;2.748;True
S0007;2026-01-01 23:26:45;temperature;16.649;False
S0010;2026-01-01 23:26:45;CO2_level;1196;False
S0004;2026-01-01 23:26:45;CO2_level;1176;False
S0007;2026-01-01 23:27:00;temperature;20.014;False
S0005;2026-01-01 23:27:00;ventilation;0.822;False
S0003;2026-01-01 23:27:00;humidity;66.607;False
S0009;2026-01-01 23:27:00;humidity;69.379;False
S0004;2026-01-01 23:27:00;CO2_level;763;False
S0001;2026-01-01 23:27:00;temperature;17.471;False
S0011;2026-01-01 23:27:00;ventilation;0.888;False
S0010;2026-01-01 23:27:00;CO2_level;878;False
S0001;2026-01-01 23:27:15;temperature;24.346;False
S0010;2026-01-01 23:27:15;CO2_level;910;False
S0005;2026-01-01 23:27:15;ventilation;0.782;False
S0007;2026-01-01 23:27:15;temperature;19.42;False
S0004;2026-01-01 23:27:15;CO2_level;859;False
S0011;2026-01-01 23:27:15;ventilation;0.975;False
S0011;2026-01-01 23:27:30;ventilation;0.867;False
S0003;2026-01-01 23:27:30;humidity;60.766;False
S0004;2026-01-01 23:27:30;CO2_level;751;False
S0007;2026-01-01 23:27:30;temperature;18.038;False
S0005;2026-01-01 23:27:30;ventilation;0.546;False
S0009;2026-01-01 23:27:30;humidity;68.754;False
S0001;2026-01-01 23:27:30;temperature;25.89;False
S0010;2026-01-01 23:27:30;CO2_level;680;False
S0010;2026-01-01 23:27:45;CO2_level;686;False
S0011;2026-01-01 23:27:45;ventilation;0.978;False
S0004;2026-01-01 23:27:45;CO2_level;629;False
S0005;2026-01-01 23:27:45;ventilation;0.582;False
S0007;2026-01-01 23:27:45;temperature;22.297;False
S0001;2026-01-01 23:27:45;temperature;18.458;False
S0007;2026-01-01 23:28:00;temperature;22.078;False
S0011;2026-01-01 23:28:00;ventilation;0.895;False
S0004;2026-01-01 23:28:00;CO2_level;1167;False
S0005;2026-01-01 23:28:00;ventilation;0.981;False
S0010;2026-01-01 23:28:00;CO2_level;975;False
S0003;2026-01-01 23:28:00;humidity;69.608;False
S0009;2026-01-01 23:28:00;humidity;61.406;False
S0001;2026-01-01 23:28:00;temperature;26.23;False
S0001;2026-01-01 23:28:15;temperature;24.738;False
S0007;2026-01-01 23:28:15;temperature;19.04;False
S0004;2026-01-01 23:28:15;CO2_level;908;False
S0005;2026-01-01 23:28:15;ventilation;0.869;False
S0010;2026-01-01 23:28:15;CO2_level;627;False
S0011;2026-01-01 23:28:15;ventilation;0.718;False
S0007;2026-01-01 23:28:30;temperature;26.863;False
S0011;2026-01-01 23:28:30;ventilation;0.659;False
S0005;2026-01-01 23:28:30;ventilation;0.854;False
S0004;2026-01-01 23:28:30;CO2_level;887;False
S0003;2026-01-01 23:28:30;humidity;68.248;False
S0010;2026-01-01 23:28:30;CO2_level;1042;False
S0001;2026-01-01 23:28:30;temperature;22.313;False
S0009;2026-01-01 23:28:30;humidity;69.806;False
S0005;2026-01-01 23:28:45;ventilation;0.762;False
S0004;2026-01-01 23:28:45;CO2_level;617;False
S0011;2026-01-01 23:28:45;ventilation;0.713;False
S0001;2026-01-01 23:28:45;temperature;18.355;False
S0010;2026-01-01 23:28:45;CO2_level;800;False
S0007;2026-01-01 23:28:45;temperature;18.031;False
S0001;2026-01-01 23:29:00;temperature;22.247;False
S0007;2026-01-01 23:29:00;temperature;17.558;False
S0005;2026-01-01 23:29:00;ventilation;0.592;False
S0003;2026-01-01 23:29:00;humidity;62.657;False
S0004;2026-01-01 23:29:00;CO2_level;771;False
S0010;2026-01-01 23:29:00;CO2_level;1180;False
S0009;2026-01-01 23:29:00;humidity;67.228;False
S0011;2026-01-01 23:29:00;ventilation;0.901;False
S0001;2026-01-01 23:29:15;temperature;28.449;True
S0011;2026-01-01 23:29:15;ventilation;0.28;True
S0010;2026-01-01 23:29:15;CO2_level;706;False
S0007;2026-01-01 23:29:15;temperature;10.52;True
S0004;2026-01-01 23:29:15;CO2_level;681;False
S0005;2026-01-01 23:29:15;ventilation;0.583;False
S0009;2026-01-01 23:29:30;humidity;62.293;False
S0003;2026-01-01 23:29:30;humidity;67.378;False
S0004;2026-01-01 23:29:30;CO2_level;null;True
S0011;2026-01-01 23:29:30;ventilation;0.641;False
S0001;2026-01-01 23:29:30;temperature;23.564;False
S0005;2026-01-01 23:29:30;ventilation;0.849;False
S0007;2026-01-01 23:29:30;temperature;18.91;False
S0010;2026-01-01 23:29:30;CO2_level;822;False
S0005;2026-01-01 23:29:45;ventilation;0.676;False
S0011;2026-01-01 23:29:45;ventilation;0.527;False
S0007;2026-01-01 23:29:45;temperature;20.131;False
S0004;2026-01-01 23:29:45;CO2_level;821;False
S0010;2026-01-01 23:29:45;CO2_level;1171;False
S0001;2026-01-01 23:29:45;temperature;22.0;False
S0003;2026-01-01 23:30:00;humidity;68.421;False
S0011;2026-01-01 23:30:00;ventilation;0.585;False
S0007;2026-01-01 23:30:00;temperature;17.222;False
S0004;2026-01-01 23:30:00;CO2_level;1150;False
S0009;2026-01-01 23:30:00;humidity;64.903;False
S0010;2026-01-01 23:30:00;CO2_level;856;False
S0005;2026-01-01 23:30:00;ventilation;0.737;False
S0001;2026-01-01 23:30:00;temperature;19.179;False
S0005;2026-01-01 23:30:15;ventilation;null;True
S0001;2026-01-01 23:30:15;temperature;20.084;False
S0011;2026-01-01 23:30:15;ventilation;0.853;False
S0010;2026-01-01 23:30:15;CO2_level;1101;False
S0007;2026-01-01 23:30:15;temperature;25.967;False
S0004;2026-01-01 23:30:15;CO2_level;800;False
S0011;2026-01-01 23:30:30;ventilation;1.772;True
S0010;2026-01-01 23:30:30;CO2_level;1196;False
S0009;2026-01-01 23:30:30;humidity;61.748;False
S0003;2026-01-01 23:30:30;humidity;67.221;False
S0005;2026-01-01 23:30:30;ventilation;0.622;False
S0007;2026-01-01 23:30:30;temperature;25.902;False
S0004;2026-01-01 23:30:30;CO2_level;1095;False
S0001;2026-01-01 23:30:30;temperature;25.837;False
S0007;2026-01-01 23:30:45;temperature;24.553;False
S0001;2026-01-01 23:30:45;temperature;16.962;False
S0004;2026-01-01 23:30:45;CO2_level;619;False
S0005;2026-01-01 23:30:45;ventilation;0.703;False
S0011;2026-01-01 23:30:45;ventilation;0.948;False
S0010;2026-01-01 23:30:45;CO2_level;873;False
S0004;2026-01-01 23:31:00;CO2_level;1073;False
S0011;2026-01-01 23:31:00;ventilation;0.663;False
S0010;2026-01-01 23:31:00;CO2_level;768;False
S0003;2026-01-01 23:31:00;humidity;62.834;False
S0009;2026-01-01 23:31:00;humidity;61.679;False
S0007;2026-01-01 23:31:00;temperature;17.912;False
S0001;2026-01-01 23:31:00;temperature;18.83;False
S0005;2026-01-01 23:31:00;ventilation;0.532;False
S0010;2026-01-01 23:31:15;CO2_level;806;False
S0004;2026-01-01 23:31:15;CO2_level;853;False
S0007;2026-01-01 23:31:15;temperature;15.604;False
S0005;2026-01-01 23:31:15;ventilation;0.641;False
S0001;2026-01-01 23:31:15;temperature;15.024;False
S0011;2026-01-01 23:31:15;ventilation;0.83;False
S0007;2026-01-01 23:31:30;temperature;17.716;False
S0003;2026-01-01 23:31:30;humidity;65.418;False
S0001;2026-01-01 23:31:30;temperature;23.431;False
S0011;2026-01-01 23:31:30;ventilation;0.607;False
S0009;2026-01-01 23:31:30;humidity;65.111;False
S0010;2026-01-01 23:31:30;CO2_level;760;False
S0004;2026-01-01 23:31:30;CO2_level;1009;False
S0005;2026-01-01 23:31:30;ventilation;0.841;False
S0010;2026-01-01 23:31:45;CO2_level;1186;False
S0007;2026-01-01 23:31:45;temperature;17.282;False
S0011;2026-01-01 23:31:45;ventilation;0.838;False
S0001;2026-01-01 23:31:45;temperature;16.744;False
S0005;2026-01-01 23:31:45;ventilation;0.533;False
S0004;2026-01-01 23:31:45;CO2_level;725;False
S0003;2026-01-01 23:32:00;humidity;40.886;True
S0010;2026-01-01 23:32:00;CO2_level;1010;False
S0011;2026-01-01 23:32:00;ventilation;0.665;False
S0009;2026-01-01 23:32:00;humidity;63.269;False
S0005;2026-01-01 23:32:00;ventilation;0.83;False
S0001;2026-01-01 23:32:00;temperature;23.632;False
S0004;2026-01-01 23:32:00;CO2_level;450;True
S0007;2026-01-01 23:32:00;temperature;25.978;False
S0001;2026-01-01 23:32:15;temperature;20.734;False
S0005;2026-01-01 23:32:15;ventilation;0.901;False
S0011;2026-01-01 23:32:15;ventilation;0.886;False
S0010;2026-01-01 23:32:15;CO2_level;985;False
S0004;2026-01-01 23:32:15;CO2_level;1148;False
S0007;2026-01-01 23:32:15;temperature;17.397;False
S0005;2026-01-01 23:32:30;ventilation;0.554;False
S0003;2026-01-01 23:32:30;humidity;63.322;False
S0011;2026-01-01 23:32:30;ventilation;0.891;False
S0010;2026-01-01 23:32:30;CO2_level;1019;False
S0004;2026-01-01 23:32:30;CO2_level;1017;False
S0009;2026-01-01 23:32:30;humidity;63.702;False
S0001;2026-01-01 23:32:30;temperature;16.757;False
S0007;2026-01-01 23:32:30;temperature;18.983;False
S0007;2026-01-01 23:32:45;temperature;18.352;False
S0010;2026-01-01 23:32:45;CO2_level;1258;True
S0004;2026-01-01 23:32:45;CO2_level;600;False
S0001;2026-01-01 23:32:45;temperature;19.601;False
S0005;2026-01-01 23:32:45;ventilation;0.971;False
S0011;2026-01-01 23:32:45;ventilation;0.702;False
S0007;2026-01-01 23:33:00;temperature;25.843;False
S0005;2026-01-01 23:33:00;ventilation;0.742;False
S0009;2026-01-01 23:33:00;humidity;68.589;False
S0003;2026-01-01 23:33:00;humidity;60.776;False
S0001;2026-01-01 23:33:00;temperature;16.357;False
S0011;2026-01-01 23:33:00;ventilation;0.644;False
S0004;2026-01-01 23:33:00;CO2_level;624;False
S0010;2026-01-01 23:33:00;CO2_level;733;False
S0011;2026-01-01 23:33:15;ventilation;0.901;False
S0007;2026-01-01 23:33:15;temperature;17.879;False
S0004;2026-01-01 23:33:15;CO2_level;1149;False
S0001;2026-01-01 23:33:15;temperature;23.757;False
S0005;2026-01-01 23:33:15;ventilation;0.581;False
S0010;2026-01-01 23:33:15;CO2_level;628;False
S0004;2026-01-01 23:33:30;CO2_level;682;False
S0001;2026-01-01 23:33:30;temperature;25.529;False
S0007;2026-01-01 23:33:30;temperature;22.074;False
S0011;2026-01-01 23:33:30;ventilation;0.653;False
S0003;2026-01-01 23:33:30;humidity;64.787;False
S0009;2026-01-01 23:33:30;humidity;61.963;False
S0005;2026-01-01 23:33:30;ventilation;0.941;False
S0010;2026-01-01 23:33:30;CO2_level;1172;False
S0007;2026-01-01 23:33:45;temperature;25.036;False
S0010;2026-01-01 23:33:45;CO2_level;865;False
S0004;2026-01-01 23:33:45;CO2_level;1087;False
S0011;2026-01-01 23:33:45;ventilation;0.811;False
S0001;2026-01-01 23:33:45;temperature;21.667;False
S0005;2026-01-01 23:33:45;ventilation;0.736;False
S0009;2026-01-01 23:34:00;humidity;68.635;False
S0011;2026-01-01 23:34:00;ventilation;null;True
S0003;2026-01-01 23:34:00;humidity;65.955;False
S0001;2026-01-01 23:34:00;temperature;19.267;False
S0007;2026-01-01 23:34:00;temperature;21.738;False
S0004;2026-01-01 23:34:00;CO2_level;896;False
S0010;2026-01-01 23:34:00;CO2_level;1089;False
S0005;2026-01-01 23:34:00;ventilation;0.573;False
S0007;2026-01-01 23:34:15;temperature;22.887;False
S0005;2026-01-01 23:34:15;ventilation;0.709;False
S0001;2026-01-01 23:34:15;temperature;26.241;False
S0004;2026-01-01 23:34:15;CO2_level;648;False
S0011;2026-01-01 23:34:15;ventilation;0.885;False
S0010;2026-01-01 23:34:15;CO2_level;614;False
S0005;2026-01-01 23:34:30;ventilation;0.639;False
S0004;2026-01-01 23:34:30;CO2_level;817;False
S0011;2026-01-01 23:34:30;ventilation;0.928;False
S0009;2026-01-01 23:34:30;humidity;60.875;False
S0001;2026-01-01 23:34:30;temperature;24.47;False
S0010;2026-01-01 23:34:30;CO2_level;1199;False
S0007;2026-01-01 23:34:30;temperature;26.612;False
S0003;2026-01-01 23:34:30;humidity;67.999;False
S0010;2026-01-01 23:34:45;CO2_level;1160;False
S0007;2026-01-01 23:34:45;temperature;null;True
S0004;2026-01-01 23:34:45;CO2_level;723;False
S0001;2026-01-01 23:34:45;temperature;19.394;False
S0011;2026-01-01 23:34:45;ventilation;0.549;False
S0005;2026-01-01 23:34:45;ventilation;0.528;False
S0007;2026-01-01 23:35:00;temperature;17.459;False
S0001;2026-01-01 23:35:00;temperature;15.371;False
S0011;2026-01-01 23:35:00;ventilation;0.81;False
S0009;2026-01-01 23:35:00;humidity;69.173;False
S0003;2026-01-01 23:35:00;humidity;60.285;False
S0010;2026-01-01 23:35:00;CO2_level;1106;False
S0004;2026-01-01 23:35:00;CO2_level;752;False
S0005;2026-01-01 23:35:00;ventilation;0.68;False
S0011;2026-01-01 23:35:15;ventilation;0.97;False
S0005;2026-01-01 23:35:15;ventilation;0.754;False
S0001;2026-01-01 23:35:15;temperature;18.236;False
S0010;2026-01-01 23:35:15;CO2_level;670;False
S0007;2026-01-01 23:35:15;temperature;23.231;False
S0004;2026-01-01 23:35:15;CO2_level;969;False
S0009;2026-01-01 23:35:30;humidity;68.859;False
S0010;2026-01-01 23:35:30;CO2_level;866;False
S0005;2026-01-01 23:35:30;ventilation;0.514;False
S0007;2026-01-01 23:35:30;temperature;15.908;False
S0011;2026-01-01 23:35:30;ventilation;0.478;True
S0001;2026-01-01 23:35:30;temperature;15.446;False
S0004;2026-01-01 23:35:30;CO2_level;877;False
S0003;2026-01-01 23:35:30;humidity;66.184;False
S0010;2026-01-01 23:35:45;CO2_level;831;False
S0001;2026-01-01 23:35:45;temperature;18.264;False
S0011;2026-01-01 23:35:45;ventilation;0.584;False
S0005;2026-01-01 23:35:45;ventilation;0.511;False
S0004;2026-01-01 23:35:45;CO2_level;901;False
S0007;2026-01-01 23:35:45;temperature;18.935;False
S0009;2026-01-01 23:36:00;humidity;66.014;False
S0007;2026-01-01 23:36:00;temperature;23.173;False
S0005;2026-01-01 23:36:00;ventilation;0.792;False
S0004;2026-01-01 23:36:00;CO2_level;1029;False
S0001;2026-01-01 23:36:00;temperature;15.067;False
S0010;2026-01-01 23:36:00;CO2_level;1072;False
S0003;2026-01-01 23:36:00;humidity;65.754;False
S0011;2026-01-01 23:36:00;ventilation;0.861;False
S0005;2026-01-01 23:36:15;ventilation;0.919;False
S0004;2026-01-01 23:36:15;CO2_level;1079;False
S0007;2026-01-01 23:36:15;temperature;26.622;False
S0010;2026-01-01 23:36:15;CO2_level;1082;False
S0001;2026-01-01 23:36:15;temperature;21.993;False
S0011;2026-01-01 23:36:15;ventilation;0.823;False
S0003;2026-01-01 23:36:30;humidity;61.224;False
S0010;2026-01-01 23:36:30;CO2_level;763;False
S0009;2026-01-01 23:36:30;humidity;67.812;False
S0011;2026-01-01 23:36:30;ventilation;0.678;False
S0001;2026-01-01 23:36:30;temperature;19.621;False
S0005;2026-01-01 23:36:30;ventilation;0.92;False
S0004;2026-01-01 23:36:30;CO2_level;738;False
S0007;2026-01-01 23:36:30;temperature;19.766;False
S0001;2026-01-01 23:36:45;temperature;23.586;False
S0007;2026-01-01 23:36:45;temperature;26.88;False
S0005;2026-01-01 23:36:45;ventilation;0.911;False
S0010;2026-01-01 23:36:45;CO2_level;1123;False
S0011;2026-01-01 23:36:45;ventilation;0.55;False
S0004;2026-01-01 23:36:45;CO2_level;784;False
S0010;2026-01-01 23:37:00;CO2_level;1099;False
S0001;2026-01-01 23:37:00;temperature;15.925;False
S0007;2026-01-01 23:37:00;temperature;18.632;False
S0003;2026-01-01 23:37:00;humidity;61.234;False
S0009;2026-01-01 23:37:00;humidity;64.901;False
S0005;2026-01-01 23:37:00;ventilation;0.815;False
S0004;2026-01-01 23:37:00;CO2_level;1038;False
S0011;2026-01-01 23:37:00;ventilation;0.732;False
S0010;2026-01-01 23:37:15;CO2_level;791;False
S0001;2026-01-01 23:37:15;temperature;32.684;True
S0007;2026-01-01 23:37:15;temperature;19.019;False
S0011;2026-01-01 23:37:15;ventilation;0.654;False
S0004;2026-01-01 23:37:15;CO2_level;655;False
S0005;2026-01-01 23:37:15;ventilation;0.974;False
S0005;2026-01-01 23:37:30;ventilation;0.821;False
S0004;2026-01-01 23:37:30;CO2_level;1069;False
S0007;2026-01-01 23:37:30;temperature;26.695;False
S0003;2026-01-01 23:37:30;humidity;67.272;False
S0010;2026-01-01 23:37:30;CO2_level;1031;False
S0009;2026-01-01 23:37:30;humidity;60.377;False
S0011;2026-01-01 23:37:30;ventilation;0.558;False
S0001;2026-01-01 23:37:30;temperature;22.815;False
S0001;2026-01-01 23:37:45;temperature;18.797;False
S0004;2026-01-01 23:37:45;CO2_level;688;False
S0010;2026-01-01 23:37:45;CO2_level;null;True
S0007;2026-01-01 23:37:45;temperature;21.481;False
S0005;2026-01-01 23:37:45;ventilation;0.751;False
S0011;2026-01-01 23:37:45;ventilation;0.671;False
S0005;2026-01-01 23:38:00;ventilation;0.516;False
S0001;2026-01-01 23:38:00;temperature;22.017;False
S0007;2026-01-01 23:38:00;temperature;19.932;False
S0009;2026-01-01 23:38:00;humidity;66.362;False
S0004;2026-01-01 23:38:00;CO2_level;691;False
S0011;2026-01-01 23:38:00;ventilation;0.75;False
S0010;2026-01-01 23:38:00;CO2_level;845;False
S0003;2026-01-01 23:38:00;humidity;61.826;False
S0011;2026-01-01 23:38:15;ventilation;0.948;False
S0001;2026-01-01 23:38:15;temperature;19.81;False
S0005;2026-01-01 23:38:15;ventilation;0.817;False
S0007;2026-01-01 23:38:15;temperature;19.558;False
S0004;2026-01-01 23:38:15;CO2_level;920;False
S0010;2026-01-01 23:38:15;CO2_level;663;False
S0003;2026-01-01 23:38:30;humidity;66.016;False
S0005;2026-01-01 23:38:30;ventilation;0.741;False
S0007;2026-01-01 23:38:30;temperature;23.491;False
S0010;2026-01-01 23:38:30;CO2_level;976;False
S0001;2026-01-01 23:38:30;temperature;24.044;False
S0011;2026-01-01 23:38:30;ventilation;0.834;False
S0009;2026-01-01 23:38:30;humidity;61.658;False
S0004;2026-01-01 23:38:30;CO2_level;939;False
S0007;2026-01-01 23:38:45;temperature;20.144;False
S0001;2026-01-01 23:38:45;temperature;21.929;False
S0010;2026-01-01 23:38:45;CO2_level;930;False
S0005;2026-01-01 23:38:45;ventilation;0.586;False
S0004;2026-01-01 23:38:45;CO2_level;1068;False
S0011;2026-01-01 23:38:45;ventilation;0.521;False
S0011;2026-01-01 23:39:00;ventilation;0.903;False
S0001;2026-01-01 23:39:00;temperature;17.194;False
S0005;2026-01-01 23:39:00;ventilation;0.892;False
S0007;2026-01-01 23:39:00;temperature;25.604;False
S0009;2026-01-01 23:39:00;humidity;60.194;False
S0010;2026-01-01 23:39:00;CO2_level;null;True
S0003;2026-01-01 23:39:00;humidity;68.483;False
S0004;2026-01-01 23:39:00;CO2_level;375;True
S0007;2026-01-01 23:39:15;temperature;23.552;False
S0001;2026-01-01 23:39:15;temperature;21.952;False
S0010;2026-01-01 23:39:15;CO2_level;983;False
S0005;2026-01-01 23:39:15;ventilation;0.6;False
S0011;2026-01-01 23:39:15;ventilation;0.703;False
S0004;2026-01-01 23:39:15;CO2_level;612;False
S0001;2026-01-01 23:39:30;temperature;19.091;False
S0004;2026-01-01 23:39:30;CO2_level;968;False
S0003;2026-01-01 23:39:30;humidity;68.471;False
S0011;2026-01-01 23:39:30;ventilation;0.939;False
S0009;2026-01-01 23:39:30;humidity;62.304;False
S0010;2026-01-01 23:39:30;CO2_level;724;False
S0007;2026-01-01 23:39:30;temperature;20.601;False
S0005;2026-01-01 23:39:30;ventilation;0.708;False
S0010;2026-01-01 23:39:45;CO2_level;758;False
S0001;2026-01-01 23:39:45;temperature;22.125;False
S0011;2026-01-01 23:39:45;ventilation;0.747;False
S0005;2026-01-01 23:39:45;ventilation;0.874;False
S0004;2026-01-01 23:39:45;CO2_level;null;True
S0007;2026-01-01 23:39:45;temperature;18.38;False
S0009;2026-01-01 23:40:00;humidity;60.705;False
S0005;2026-01-01 23:40:00;ventilation;0.566;False
S0001;2026-01-01 23:40:00;temperature;17.51;False
S0011;2026-01-01 23:40:00;ventilation;0.847;False
S0010;2026-01-01 23:40:00;CO2_level;619;False
S0003;2026-01-01 23:40:00;humidity;69.301;False
S0007;2026-01-01 23:40:00;temperature;19.538;False
S0004;2026-01-01 23:40:00;CO2_level;1199;False
S0005;2026-01-01 23:40:15;ventilation;0.637;False
S0001;2026-01-01 23:40:15;temperature;15.509;False
S0007;2026-01-01 23:40:15;temperature;25.907;False
S0010;2026-01-01 23:40:15;CO2_level;663;False
S0004;2026-01-01 23:40:15;CO2_level;681;False
S0011;2026-01-01 23:40:15;ventilation;0.575;False
S0007;2026-01-01 23:40:30;temperature;20.019;False
S0004;2026-01-01 23:40:30;CO2_level;1289;True
S0003;2026-01-01 23:40:30;humidity;65.052;False
S0011;2026-01-01 23:40:30;ventilation;0.533;False
S0005;2026-01-01 23:40:30;ventilation;1.409;True
S0001;2026-01-01 23:40:30;temperature;25.999;False
S0010;2026-01-01 23:40:30;CO2_level;725;False
S0009;2026-01-01 23:40:30;humidity;60.037;False
S0001;2026-01-01 23:40:45;temperature;17.087;False
S0010;2026-01-01 23:40:45;CO2_level;702;False
S0005;2026-01-01 23:40:45;ventilation;0.806;False
S0011;2026-01-01 23:40:45;ventilation;0.54;False
S0004;2026-01-01 23:40:45;CO2_level;1188;False
S0007;2026-01-01 23:40:45;temperature;15.949;False
S0004;2026-01-01 23:41:00;CO2_level;674;False
S0003;2026-01-01 23:41:00;humidity;61.703;False
S0009;2026-01-01 23:41:00;humidity;61.511;False
S0011;2026-01-01 23:41:00;ventilation;0.785;False
S0010;2026-01-01 23:41:00;CO2_level;1177;False
S0007;2026-01-01 23:41:00;temperature;20.413;False
S0001;2026-01-01 23:41:00;temperature;16.42;False
S0005;2026-01-01 23:41:00;ventilation;0.913;False
S0007;2026-01-01 23:41:15;temperature;26.749;False
S0011;2026-01-01 23:41:15;ventilation;0.634;False
S0010;2026-01-01 23:41:15;CO2_level;730;False
S0001;2026-01-01 23:41:15;temperature;21.209;False
S0004;2026-01-01 23:41:15;CO2_level;1115;False
S0005;2026-01-01 23:41:15;ventilation;0.824;False
S0004;2026-01-01 23:41:30;CO2_level;898;False
S0009;2026-01-01 23:41:30;humidity;60.982;False
S0001;2026-01-01 23:41:30;temperature;26.796;False
S0011;2026-01-01 23:41:30;ventilation;0.641;False
S0003;2026-01-01 23:41:30;humidity;61.362;False
S0007;2026-01-01 23:41:30;temperature;22.644;False
S0005;2026-01-01 23:41:30;ventilation;0.881;False
S0010;2026-01-01 23:41:30;CO2_level;774;False
S0001;2026-01-01 23:41:45;temperature;19.615;False
S0007;2026-01-01 23:41:45;temperature;17.687;False
S0011;2026-01-01 23:41:45;ventilation;0.708;False
S0005;2026-01-01 23:41:45;ventilation;0.838;False
S0004;2026-01-01 23:41:45;CO2_level;897;False
S0010;2026-01-01 23:41:45;CO2_level;921;False
S0003;2026-01-01 23:42:00;humidity;68.043;False
S0001;2026-01-01 23:42:00;temperature;24.032;False
S0010;2026-01-01 23:42:00;CO2_level;895;False
S0004;2026-01-01 23:42:00;CO2_level;873;False
S0009;2026-01-01 23:42:00;humidity;60.503;False
S0005;2026-01-01 23:42:00;ventilation;1.192;True
S0011;2026-01-01 23:42:00;ventilation;0.911;False
S0007;2026-01-01 23:42:00;temperature;17.317;False
S0001;2026-01-01 23:42:15;temperature;22.431;False
S0005;2026-01-01 23:42:15;ventilation;0.839;False
S0010;2026-01-01 23:42:15;CO2_level;240;True
S0004;2026-01-01 23:42:15;CO2_level;1047;False
S0011;2026-01-01 23:42:15;ventilation;0.904;False
S0007;2026-01-01 23:42:15;temperature;25.663;False
S0003;2026-01-01 23:42:30;humidity;60.467;False
S0011;2026-01-01 23:42:30;ventilation;0.701;False
S0001;2026-01-01 23:42:30;temperature;21.427;False
S0007;2026-01-01 23:42:30;temperature;25.713;False
S0005;2026-01-01 23:42:30;ventilation;0.861;False
S0004;2026-01-01 23:42:30;CO2_level;593;True
S0010;2026-01-01 23:42:30;CO2_level;1194;False
S0009;2026-01-01 23:42:30;humidity;67.651;False
S0011;2026-01-01 23:42:45;ventilation;0.68;False
S0004;2026-01-01 23:42:45;CO2_level;591;True
S0007;2026-01-01 23:42:45;temperature;20.376;False
S0001;2026-01-01 23:42:45;temperature;16.442;False
S0005;2026-01-01 23:42:45;ventilation;0.614;False
S0010;2026-01-01 23:42:45;CO2_level;1152;False
S0009;2026-01-01 23:43:00;humidity;61.223;False
S0011;2026-01-01 23:43:00;ventilation;0.645;False
S0005;2026-01-01 23:43:00;ventilation;0.568;False
S0001;2026-01-01 23:43:00;temperature;23.069;False
S0007;2026-01-01 23:43:00;temperature;23.587;False
S0004;2026-01-01 23:43:00;CO2_level;1001;False
S0010;2026-01-01 23:43:00;CO2_level;384;True
S0003;2026-01-01 23:43:00;humidity;62.609;False
S0005;2026-01-01 23:43:15;ventilation;0.562;False
S0010;2026-01-01 23:43:15;CO2_level;1184;False
S0007;2026-01-01 23:43:15;temperature;20.195;False
S0004;2026-01-01 23:43:15;CO2_level;1067;False
S0001;2026-01-01 23:43:15;temperature;23.864;False
S0011;2026-01-01 23:43:15;ventilation;0.9;False
S0001;2026-01-01 23:43:30;temperature;18.938;False
S0010;2026-01-01 23:43:30;CO2_level;1071;False
S0004;2026-01-01 23:43:30;CO2_level;854;False
S0011;2026-01-01 23:43:30;ventilation;0.935;False
S0007;2026-01-01 23:43:30;temperature;24.363;False
S0003;2026-01-01 23:43:30;humidity;65.751;False
S0009;2026-01-01 23:43:30;humidity;67.301;False
S0005;2026-01-01 23:43:30;ventilation;0.513;False
S0005;2026-01-01 23:43:45;ventilation;0.516;False
S0010;2026-01-01 23:43:45;CO2_level;872;False
S0001;2026-01-01 23:43:45;temperature;20.916;False
S0007;2026-01-01 23:43:45;temperature;25.873;False
S0004;2026-01-01 23:43:45;CO2_level;979;False
S0011;2026-01-01 23:43:45;ventilation;0.944;False
S0009;2026-01-01 23:44:00;humidity;69.337;False
S0004;2026-01-01 23:44:00;CO2_level;1197;False
S0003;2026-01-01 23:44:00;humidity;60.492;False
S0011;2026-01-01 23:44:00;ventilation;0.768;False
S0010;2026-01-01 23:44:00;CO2_level;1099;False
S0005;2026-01-01 23:44:00;ventilation;0.722;False
S0007;2026-01-01 23:44:00;temperature;17.107;False
S0001;2026-01-01 23:44:00;temperature;18.674;False
S0011;2026-01-01 23:44:15;ventilation;0.626;False
S0005;2026-01-01 23:44:15;ventilation;0.804;False
S0001;2026-01-01 23:44:15;temperature;21.193;False
S0004;2026-01-01 23:44:15;CO2_level;793;False
S0007;2026-01-01 23:44:15;temperature;16.658;False
S0010;2026-01-01 23:44:15;CO2_level;763;False
S0003;2026-01-01 23:44:30;humidity;62.32;False
S0009;2026-01-01 23:44:30;humidity;66.549;False
S0011;2026-01-01 23:44:30;ventilation;0.697;False
S0001;2026-01-01 23:44:30;temperature;16.222;False
S0004;2026-01-01 23:44:30;CO2_level;935;False
S0007;2026-01-01 23:44:30;temperature;16.044;False
S0010;2026-01-01 23:44:30;CO2_level;927;False
S0005;2026-01-01 23:44:30;ventilation;0.655;False
S0004;2026-01-01 23:44:45;CO2_level;770;False
S0010;2026-01-01 23:44:45;CO2_level;1243;True
S0001;2026-01-01 23:44:45;temperature;25.239;False
S0005;2026-01-01 23:44:45;ventilation;0.9;False
S0011;2026-01-01 23:44:45;ventilation;0.801;False
S0007;2026-01-01 23:44:45;temperature;19.249;False
S0001;2026-01-01 23:45:00;temperature;18.478;False
S0003;2026-01-01 23:45:00;humidity;61.518;False
S0010;2026-01-01 23:45:00;CO2_level;1058;False
S0009;2026-01-01 23:45:00;humidity;62.113;False
S0004;2026-01-01 23:45:00;CO2_level;845;False
S0005;2026-01-01 23:45:00;ventilation;0.565;False
S0007;2026-01-01 23:45:00;temperature;16.093;False
S0011;2026-01-01 23:45:00;ventilation;0.659;False
S0001;2026-01-01 23:45:15;temperature;22.976;False
S0010;2026-01-01 23:45:15;CO2_level;932;False
S0004;2026-01-01 23:45:15;CO2_level;922;False
S0005;2026-01-01 23:45:15;ventilation;0.595;False
S0011;2026-01-01 23:45:15;ventilation;0.926;False
S0007;2026-01-01 23:45:15;temperature;24.175;False
S0001;2026-01-01 23:45:30;temperature;23.221;False
S0010;2026-01-01 23:45:30;CO2_level;1015;False
S0011;2026-01-01 23:45:30;ventilation;1.102;True
S0007;2026-01-01 23:45:30;temperature;null;True
S0004;2026-01-01 23:45:30;CO2_level;1004;False
S0005;2026-01-01 23:45:30;ventilation;0.979;False
S0003;2026-01-01 23:45:30;humidity;65.497;False
S0009;2026-01-01 23:45:30;humidity;67.064;False
S0007;2026-01-01 23:45:45;temperature;25.385;False
S0001;2026-01-01 23:45:45;temperature;21.731;False
S0005;2026-01-01 23:45:45;ventilation;0.963;False
S0011;2026-01-01 23:45:45;ventilation;0.549;False
S0010;2026-01-01 23:45:45;CO2_level;915;False
S0004;2026-01-01 23:45:45;CO2_level;680;False
S0011;2026-01-01 23:46:00;ventilation;0.951;False
S0003;2026-01-01 23:46:00;humidity;64.327;False
S0009;2026-01-01 23:46:00;humidity;62.135;False
S0005;2026-01-01 23:46:00;ventilation;0.861;False
S0010;2026-01-01 23:46:00;CO2_level;722;False
S0007;2026-01-01 23:46:00;temperature;20.114;False
S0004;2026-01-01 23:46:00;CO2_level;1178;False
S0001;2026-01-01 23:46:00;temperature;24.684;False
S0010;2026-01-01 23:46:15;CO2_level;1050;False
S0007;2026-01-01 23:46:15;temperature;15.708;False
S0004;2026-01-01 23:46:15;CO2_level;971;False
S0001;2026-01-01 23:46:15;temperature;18.631;False
S0005;2026-01-01 23:46:15;ventilation;0.676;False
S0011;2026-01-01 23:46:15;ventilation;0.697;False
S0010;2026-01-01 23:46:30;CO2_level;225;True
S0007;2026-01-01 23:46:30;temperature;15.383;False
S0005;2026-01-01 23:46:30;ventilation;0.594;False
S0009;2026-01-01 23:46:30;humidity;65.387;False
S0011;2026-01-01 23:46:30;ventilation;0.794;False
S0001;2026-01-01 23:46:30;temperature;19.265;False
S0003;2026-01-01 23:46:30;humidity;62.281;False
S0004;2026-01-01 23:46:30;CO2_level;670;False
S0007;2026-01-01 23:46:45;temperature;17.86;False
S0011;2026-01-01 23:46:45;ventilation;0.832;False
S0001;2026-01-01 23:46:45;temperature;17.894;False
S0005;2026-01-01 23:46:45;ventilation;0.546;False
S0004;2026-01-01 23:46:45;CO2_level;654;False
S0010;2026-01-01 23:46:45;CO2_level;913;False
S0011;2026-01-01 23:47:00;ventilation;0.965;False
S0010;2026-01-01 23:47:00;CO2_level;1154;False
S0009;2026-01-01 23:47:00;humidity;66.584;False
S0007;2026-01-01 23:47:00;temperature;26.101;False
S0001;2026-01-01 23:47:00;temperature;0.438;True
S0004;2026-01-01 23:47:00;CO2_level;1014;False
S0005;2026-01-01 23:47:00;ventilation;0.966;False
S0003;2026-01-01 23:47:00;humidity;66.333;False
S0011;2026-01-01 23:47:15;ventilation;0.586;False
S0007;2026-01-01 23:47:15;temperature;26.765;False
S0004;2026-01-01 23:47:15;CO2_level;778;False
S0005;2026-01-01 23:47:15;ventilation;0.99;False
S0001;2026-01-01 23:47:15;temperature;19.004;False
S0010;2026-01-01 23:47:15;CO2_level;1132;False
S0007;2026-01-01 23:47:30;temperature;15.191;False
S0005;2026-01-01 23:47:30;ventilation;0.818;False
S0001;2026-01-01 23:47:30;temperature;19.35;False
S0010;2026-01-01 23:47:30;CO2_level;1140;False
S0004;2026-01-01 23:47:30;CO2_level;477;True
S0009;2026-01-01 23:47:30;humidity;63.505;False
S0003;2026-01-01 23:47:30;humidity;69.643;False
S0011;2026-01-01 23:47:30;ventilation;0.708;False
S0007;2026-01-01 23:47:45;temperature;20.938;False
S0004;2026-01-01 23:47:45;CO2_level;607;False
S0001;2026-01-01 23:47:45;temperature;26.251;False
S0011;2026-01-01 23:47:45;ventilation;0.567;False
S0010;2026-01-01 23:47:45;CO2_level;848;False
S0005;2026-01-01 23:47:45;ventilation;0.884;False
S0001;2026-01-01 23:48:00;temperature;19.375;False
S0009;2026-01-01 23:48:00;humidity;67.514;False
S0010;2026-01-01 23:48:00;CO2_level;1177;False
S0003;2026-01-01 23:48:00;humidity;73.785;True
S0005;2026-01-01 23:48:00;ventilation;0.9;False
S0004;2026-01-01 23:48:00;CO2_level;634;False
S0007;2026-01-01 23:48:00;temperature;17.61;False
S0011;2026-01-01 23:48:00;ventilation;0.757;False
S0005;2026-01-01 23:48:15;ventilation;0.502;False
S0004;2026-01-01 23:48:15;CO2_level;226;True
S0001;2026-01-01 23:48:15;temperature;10.766;True
S0007;2026-01-01 23:48:15;temperature;15.822;False
S0011;2026-01-01 23:48:15;ventilation;0.711;False
S0010;2026-01-01 23:48:15;CO2_level;1021;False
S0005;2026-01-01 23:48:30;ventilation;0.561;False
S0007;2026-01-01 23:48:30;temperature;25.855;False
S0010;2026-01-01 23:48:30;CO2_level;768;False
S0009;2026-01-01 23:48:30;humidity;62.165;False
S0004;2026-01-01 23:48:30;CO2_level;657;False
S0003;2026-01-01 23:48:30;humidity;68.364;False
S0001;2026-01-01 23:48:30;temperature;23.21;False
S0011;2026-01-01 23:48:30;ventilation;0.597;False
S0007;2026-01-01 23:48:45;temperature;23.28;False
S0010;2026-01-01 23:48:45;CO2_level;655;False
S0005;2026-01-01 23:48:45;ventilation;0.946;False
S0004;2026-01-01 23:48:45;CO2_level;882;False
S0001;2026-01-01 23:48:45;temperature;17.89;False
S0011;2026-01-01 23:48:45;ventilation;0.517;False
S0005;2026-01-01 23:49:00;ventilation;null;True
S0011;2026-01-01 23:49:00;ventilation;0.683;False
S0004;2026-01-01 23:49:00;CO2_level;719;False
S0009;2026-01-01 23:49:00;humidity;66.487;False
S0001;2026-01-01 23:49:00;temperature;27.391;True
S0010;2026-01-01 23:49:00;CO2_level;1103;False
S0003;2026-01-01 23:49:00;humidity;66.448;False
S0007;2026-01-01 23:49:00;temperature;19.741;False
S0011;2026-01-01 23:49:15;ventilation;0.745;False
S0007;2026-01-01 23:49:15;temperature;20.305;False
S0001;2026-01-01 23:49:15;temperature;15.576;False
S0004;2026-01-01 23:49:15;CO2_level;827;False
S0010;2026-01-01 23:49:15;CO2_level;605;False
S0005;2026-01-01 23:49:15;ventilation;0.803;False
S0004;2026-01-01 23:49:30;CO2_level;833;False
S0009;2026-01-01 23:49:30;humidity;65.068;False
S0010;2026-01-01 23:49:30;CO2_level;1094;False
S0003;2026-01-01 23:49:30;humidity;64.71;False
S0011;2026-01-01 23:49:30;ventilation;0.913;False
S0001;2026-01-01 23:49:30;temperature;21.196;False
S0007;2026-01-01 23:49:30;temperature;20.458;False
S0005;2026-01-01 23:49:30;ventilation;1.303;True
S0010;2026-01-01 23:49:45;CO2_level;1156;False
S0001;2026-01-01 23:49:45;temperature;20.473;False
S0011;2026-01-01 23:49:45;ventilation;0.667;False
S0004;2026-01-01 23:49:45;CO2_level;915;False
S0007;2026-01-01 23:49:45;temperature;15.213;False
S0005;2026-01-01 23:49:45;ventilation;0.57;False
S0004;2026-01-01 23:50:00;CO2_level;948;False
S0011;2026-01-01 23:50:00;ventilation;0.918;False
S0003;2026-01-01 23:50:00;humidity;64.69;False
S0001;2026-01-01 23:50:00;temperature;15.778;False
S0010;2026-01-01 23:50:00;CO2_level;997;False
S0007;2026-01-01 23:50:00;temperature;21.401;False
S0009;2026-01-01 23:50:00;humidity;66.93;False
S0005;2026-01-01 23:50:00;ventilation;0.554;False
S0010;2026-01-01 23:50:15;CO2_level;812;False
S0011;2026-01-01 23:50:15;ventilation;0.596;False
S0005;2026-01-01 23:50:15;ventilation;0.338;True
S0007;2026-01-01 23:50:15;temperature;23.865;False
S0001;2026-01-01 23:50:15;temperature;25.604;False
S0004;2026-01-01 23:50:15;CO2_level;832;False
S0007;2026-01-01 23:50:30;temperature;18.411;False
S0011;2026-01-01 23:50:30;ventilation;0.625;False
S0005;2026-01-01 23:50:30;ventilation;0.801;False
S0003;2026-01-01 23:50:30;humidity;68.298;False
S0001;2026-01-01 23:50:30;temperature;16.127;False
S0009;2026-01-01 23:50:30;humidity;67.585;False
S0004;2026-01-01 23:50:30;CO2_level;null;True
S0010;2026-01-01 23:50:30;CO2_level;1018;False
S0011;2026-01-01 23:50:45;ventilation;0.511;False
S0005;2026-01-01 23:50:45;ventilation;0.784;False
S0004;2026-01-01 23:50:45;CO2_level;627;False
S0010;2026-01-01 23:50:45;CO2_level;623;False
S0001;2026-01-01 23:50:45;temperature;19.791;False
S0007;2026-01-01 23:50:45;temperature;17.554;False
S0009;2026-01-01 23:51:00;humidity;66.145;False
S0005;2026-01-01 23:51:00;ventilation;0.958;False
S0007;2026-01-01 23:51:00;temperature;24.345;False
S0004;2026-01-01 23:51:00;CO2_level;798;False
S0003;2026-01-01 23:51:00;humidity;76.435;True
S0001;2026-01-01 23:51:00;temperature;19.106;False
S0010;2026-01-01 23:51:00;CO2_level;1166;False
S0011;2026-01-01 23:51:00;ventilation;0.873;False
S0011;2026-01-01 23:51:15;ventilation;0.797;False
S0005;2026-01-01 23:51:15;ventilation;0.598;False
S0004;2026-01-01 23:51:15;CO2_level;709;False
S0001;2026-01-01 23:51:15;temperature;20.238;False
S0010;2026-01-01 23:51:15;CO2_level;981;False
S0007;2026-01-01 23:51:15;temperature;21.261;False
S0005;2026-01-01 23:51:30;ventilation;0.655;False
S0001;2026-01-01 23:51:30;temperature;16.775;False
S0010;2026-01-01 23:51:30;CO2_level;960;False
S0004;2026-01-01 23:51:30;CO2_level;857;False
S0003;2026-01-01 23:51:30;humidity;69.879;False
S0009;2026-01-01 23:51:30;humidity;67.389;False
S0007;2026-01-01 23:51:30;temperature;null;True
S0011;2026-01-01 23:51:30;ventilation;0.741;False
S0001;2026-01-01 23:51:45;temperature;19.602;False
S0004;2026-01-01 23:51:45;CO2_level;1156;False
S0007;2026-01-01 23:51:45;temperature;20.448;False
S0005;2026-01-01 23:51:45;ventilation;0.925;False
S0010;2026-01-01 23:51:45;CO2_level;774;False
S0011;2026-01-01 23:51:45;ventilation;0.741;False
S0009;2026-01-01 23:52:00;humidity;63.41;False
S0001;2026-01-01 23:52:00;temperature;23.248;False
S0003;2026-01-01 23:52:00;humidity;64.743;False
S0010;2026-01-01 23:52:00;CO2_level;614;False
S0011;2026-01-01 23:52:00;ventilation;0.935;False
S0007;2026-01-01 23:52:00;temperature;26.815;False
S0004;2026-01-01 23:52:00;CO2_level;1056;False
S0005;2026-01-01 23:52:00;ventilation;0.739;False
S0011;2026-01-01 23:52:15;ventilation;0.518;False
S0004;2026-01-01 23:52:15;CO2_level;656;False
S0001;2026-01-01 23:52:15;temperature;17.926;False
S0007;2026-01-01 23:52:15;temperature;26.397;False
S0005;2026-01-01 23:52:15;ventilation;0.887;False
S0010;2026-01-01 23:52:15;CO2_level;853;False
S0010;2026-01-01 23:52:30;CO2_level;985;False
S0007;2026-01-01 23:52:30;temperature;23.51;False
S0005;2026-01-01 23:52:30;ventilation;0.517;False
S0003;2026-01-01 23:52:30;humidity;73.942;True
S0001;2026-01-01 23:52:30;temperature;26.043;False
S0011;2026-01-01 23:52:30;ventilation;null;True
S0009;2026-01-01 23:52:30;humidity;68.735;False
S0004;2026-01-01 23:52:30;CO2_level;1082;False
S0010;2026-01-01 23:52:45;CO2_level;863;False
S0001;2026-01-01 23:52:45;temperature;23.15;False
S0007;2026-01-01 23:52:45;temperature;19.001;False
S0005;2026-01-01 23:52:45;ventilation;1.104;True
S0004;2026-01-01 23:52:45;CO2_level;699;False
S0011;2026-01-01 23:52:45;ventilation;0.647;False
S0001;2026-01-01 23:53:00;temperature;24.517;False
S0005;2026-01-01 23:53:00;ventilation;0.963;False
S0011;2026-01-01 23:53:00;ventilation;0.959;False
S0004;2026-01-01 23:53:00;CO2_level;1145;False
S0007;2026-01-01 23:53:00;temperature;24.246;False
S0003;2026-01-01 23:53:00;humidity;66.953;False
S0010;2026-01-01 23:53:00;CO2_level;970;False
S0009;2026-01-01 23:53:00;humidity;79.227;True
S0011;2026-01-01 23:53:15;ventilation;0.972;False
S0007;2026-01-01 23:53:15;temperature;23.975;False
S0005;2026-01-01 23:53:15;ventilation;null;True
S0010;2026-01-01 23:53:15;CO2_level;329;True
S0001;2026-01-01 23:53:15;temperature;21.84;False
S0004;2026-01-01 23:53:15;CO2_level;988;False
S0005;2026-01-01 23:53:30;ventilation;0.664;False
S0009;2026-01-01 23:53:30;humidity;65.576;False
S0003;2026-01-01 23:53:30;humidity;66.292;False
S0001;2026-01-01 23:53:30;temperature;21.63;False
S0010;2026-01-01 23:53:30;CO2_level;920;False
S0004;2026-01-01 23:53:30;CO2_level;665;False
S0007;2026-01-01 23:53:30;temperature;23.013;False
S0011;2026-01-01 23:53:30;ventilation;0.89;False
S0011;2026-01-01 23:53:45;ventilation;0.971;False
S0007;2026-01-01 23:53:45;temperature;21.826;False
S0010;2026-01-01 23:53:45;CO2_level;1180;False
S0005;2026-01-01 23:53:45;ventilation;0.809;False
S0001;2026-01-01 23:53:45;temperature;20.173;False
S0004;2026-01-01 23:53:45;CO2_level;1057;False
S0004;2026-01-01 23:54:00;CO2_level;910;False
S0005;2026-01-01 23:54:00;ventilation;0.681;False
S0001;2026-01-01 23:54:00;temperature;21.524;False
S0010;2026-01-01 23:54:00;CO2_level;823;False
S0007;2026-01-01 23:54:00;temperature;23.542;False
S0003;2026-01-01 23:54:00;humidity;65.3;False
S0011;2026-01-01 23:54:00;ventilation;0.731;False
S0009;2026-01-01 23:54:00;humidity;32.671;True
S0001;2026-01-01 23:54:15;temperature;18.789;False
S0011;2026-01-01 23:54:15;ventilation;0.652;False
S0010;2026-01-01 23:54:15;CO2_level;1170;False
S0005;2026-01-01 23:54:15;ventilation;0.566;False
S0007;2026-01-01 23:54:15;temperature;20.463;False
S0004;2026-01-01 23:54:15;CO2_level;699;False
S0003;2026-01-01 23:54:30;humidity;68.058;False
S0010;2026-01-01 23:54:30;CO2_level;961;False
S0004;2026-01-01 23:54:30;CO2_level;770;False
S0009;2026-01-01 23:54:30;humidity;60.236;False
S0007;2026-01-01 23:54:30;temperature;26.285;False
S0005;2026-01-01 23:54:30;ventilation;0.851;False
S0001;2026-01-01 23:54:30;temperature;20.785;False
S0011;2026-01-01 23:54:30;ventilation;0.809;False
S0004;2026-01-01 23:54:45;CO2_level;988;False
S0007;2026-01-01 23:54:45;temperature;17.718;False
S0005;2026-01-01 23:54:45;ventilation;0.789;False
S0010;2026-01-01 23:54:45;CO2_level;721;False
S0001;2026-01-01 23:54:45;temperature;15.429;False
S0011;2026-01-01 23:54:45;ventilation;0.757;False
S0009;2026-01-01 23:55:00;humidity;63.944;False
S0007;2026-01-01 23:55:00;temperature;20.701;False
S0001;2026-01-01 23:55:00;temperature;15.478;False
S0003;2026-01-01 23:55:00;humidity;61.787;False
S0004;2026-01-01 23:55:00;CO2_level;921;False
S0010;2026-01-01 23:55:00;CO2_level;702;False
S0011;2026-01-01 23:55:00;ventilation;0.575;False
S0005;2026-01-01 23:55:00;ventilation;0.99;False
S0007;2026-01-01 23:55:15;temperature;25.203;False
S0004;2026-01-01 23:55:15;CO2_level;991;False
S0011;2026-01-01 23:55:15;ventilation;0.624;False
S0010;2026-01-01 23:55:15;CO2_level;1064;False
S0001;2026-01-01 23:55:15;temperature;20.714;False
S0005;2026-01-01 23:55:15;ventilation;0.675;False
S0005;2026-01-01 23:55:30;ventilation;0.907;False
S0001;2026-01-01 23:55:30;temperature;19.058;False
S0010;2026-01-01 23:55:30;CO2_level;671;False
S0007;2026-01-01 23:55:30;temperature;15.196;False
S0003;2026-01-01 23:55:30;humidity;66.162;False
S0009;2026-01-01 23:55:30;humidity;66.323;False
S0004;2026-01-01 23:55:30;CO2_level;838;False
S0011;2026-01-01 23:55:30;ventilation;0.886;False
S0011;2026-01-01 23:55:45;ventilation;0.791;False
S0001;2026-01-01 23:55:45;temperature;20.548;False
S0007;2026-01-01 23:55:45;temperature;22.602;False
S0004;2026-01-01 23:55:45;CO2_level;789;False
S0005;2026-01-01 23:55:45;ventilation;0.679;False
S0010;2026-01-01 23:55:45;CO2_level;736;False
S0004;2026-01-01 23:56:00;CO2_level;659;False
S0005;2026-01-01 23:56:00;ventilation;0.875;False
S0003;2026-01-01 23:56:00;humidity;60.899;False
S0007;2026-01-01 23:56:00;temperature;17.586;False
S0011;2026-01-01 23:56:00;ventilation;0.96;False
S0009;2026-01-01 23:56:00;humidity;null;True
S0001;2026-01-01 23:56:00;temperature;21.225;False
S0010;2026-01-01 23:56:00;CO2_level;922;False
S0010;2026-01-01 23:56:15;CO2_level;1082;False
S0005;2026-01-01 23:56:15;ventilation;0.628;False
S0001;2026-01-01 23:56:15;temperature;18.084;False
S0004;2026-01-01 23:56:15;CO2_level;804;False
S0007;2026-01-01 23:56:15;temperature;29.265;True
S0011;2026-01-01 23:56:15;ventilation;0.569;False
S0004;2026-01-01 23:56:30;CO2_level;928;False
S0011;2026-01-01 23:56:30;ventilation;1.966;True
S0003;2026-01-01 23:56:30;humidity;64.219;False
S0005;2026-01-01 23:56:30;ventilation;0.533;False
S0010;2026-01-01 23:56:30;CO2_level;609;False
S0007;2026-01-01 23:56:30;temperature;18.756;False
S0001;2026-01-01 23:56:30;temperature;21.586;False
S0009;2026-01-01 23:56:30;humidity;66.638;False
S0010;2026-01-01 23:56:45;CO2_level;1196;False
S0007;2026-01-01 23:56:45;temperature;22.405;False
S0011;2026-01-01 23:56:45;ventilation;0.771;False
S0001;2026-01-01 23:56:45;temperature;26.288;False
S0005;2026-01-01 23:56:45;ventilation;0.5;False
S0004;2026-01-01 23:56:45;CO2_level;968;False
S0004;2026-01-01 23:57:00;CO2_level;670;False
S0003;2026-01-01 23:57:00;humidity;64.171;False
S0011;2026-01-01 23:57:00;ventilation;0.843;False
S0010;2026-01-01 23:57:00;CO2_level;810;False
S0007;2026-01-01 23:57:00;temperature;20.242;False
S0009;2026-01-01 23:57:00;humidity;64.415;False
S0001;2026-01-01 23:57:00;temperature;22.222;False
S0005;2026-01-01 23:57:00;ventilation;0.767;False
S0011;2026-01-01 23:57:15;ventilation;0.958;False
S0005;2026-01-01 23:57:15;ventilation;0.795;False
S0001;2026-01-01 23:57:15;temperature;23.97;False
S0004;2026-01-01 23:57:15;CO2_level;1006;False
S0010;2026-01-01 23:57:15;CO2_level;634;False
S0007;2026-01-01 23:57:15;temperature;24.523;False
S0004;2026-01-01 23:57:30;CO2_level;830;False
S0001;2026-01-01 23:57:30;temperature;19.879;False
S0007;2026-01-01 23:57:30;temperature;18.53;False
S0010;2026-01-01 23:57:30;CO2_level;868;False
S0011;2026-01-01 23:57:30;ventilation;0.984;False
S0003;2026-01-01 23:57:30;humidity;69.038;False
S0009;2026-01-01 23:57:30;humidity;69.449;False
S0005;2026-01-01 23:57:30;ventilation;0.94;False
S0004;2026-01-01 23:57:45;CO2_level;882;False
S0007;2026-01-01 23:57:45;temperature;21.813;False
S0001;2026-01-01 23:57:45;temperature;22.709;False
S0011;2026-01-01 23:57:45;ventilation;0.522;False
S0010;2026-01-01 23:57:45;CO2_level;1046;False
S0005;2026-01-01 23:57:45;ventilation;0.792;False
S0011;2026-01-01 23:58:00;ventilation;0.925;False
S0010;2026-01-01 23:58:00;CO2_level;1164;False
S0004;2026-01-01 23:58:00;CO2_level;964;False
S0005;2026-01-01 23:58:00;ventilation;0.99;False
S0001;2026-01-01 23:58:00;temperature;15.158;False
S0003;2026-01-01 23:58:00;humidity;69.896;False
S0007;2026-01-01 23:58:00;temperature;20.596;False
S0009;2026-01-01 23:58:00;humidity;65.467;False
S0007;2026-01-01 23:58:15;temperature;25.317;False
S0001;2026-01-01 23:58:15;temperature;17.887;False
S0010;2026-01-01 23:58:15;CO2_level;917;False
S0004;2026-01-01 23:58:15;CO2_level;776;False
S0011;2026-01-01 23:58:15;ventilation;0.67;False
S0005;2026-01-01 23:58:15;ventilation;0.59;False
S0010;2026-01-01 23:58:30;CO2_level;1050;False
S0005;2026-01-01 23:58:30;ventilation;0.925;False
S0003;2026-01-01 23:58:30;humidity;64.128;False
S0004;2026-01-01 23:58:30;CO2_level;1199;False
S0009;2026-01-01 23:58:30;humidity;68.259;False
S0001;2026-01-01 23:58:30;temperature;26.533;False
S0007;2026-01-01 23:58:30;temperature;21.775;False
S0011;2026-01-01 23:58:30;ventilation;0.944;False
S0010;2026-01-01 23:58:45;CO2_level;857;False
S0001;2026-01-01 23:58:45;temperature;26.568;False
S0004;2026-01-01 23:58:45;CO2_level;780;False
S0011;2026-01-01 23:58:45;ventilation;0.83;False
S0005;2026-01-01 23:58:45;ventilation;0.68;False
S0007;2026-01-01 23:58:45;temperature;16.921;False
S0001;2026-01-01 23:59:00;temperature;25.306;False
S0003;2026-01-01 23:59:00;humidity;66.517;False
S0009;2026-01-01 23:59:00;humidity;67.807;False
S0010;2026-01-01 23:59:00;CO2_level;856;False
S0011;2026-01-01 23:59:00;ventilation;0.536;False
S0007;2026-01-01 23:59:00;temperature;17.511;False
S0005;2026-01-01 23:59:00;ventilation;0.953;False
S0004;2026-01-01 23:59:00;CO2_level;733;False
S0011;2026-01-01 23:59:15;ventilation;0.547;False
S0005;2026-01-01 23:59:15;ventilation;0.931;False
S0001;2026-01-01 23:59:15;temperature;20.7;False
S0010;2026-01-01 23:59:15;CO2_level;1181;False
S0007;2026-01-01 23:59:15;temperature;24.078;False
S0004;2026-01-01 23:59:15;CO2_level;920;False
S0010;2026-01-01 23:59:30;CO2_level;822;False
S0005;2026-01-01 23:59:30;ventilation;0.882;False
S0011;2026-01-01 23:59:30;ventilation;0.809;False
S0003;2026-01-01 23:59:30;humidity;64.226;False
S0004;2026-01-01 23:59:30;CO2_level;642;False
S0001;2026-01-01 23:59:30;temperature;20.045;False
S0007;2026-01-01 23:59:30;temperature;19.469;False
S0009;2026-01-01 23:59:30;humidity;61.867;False
S0010;2026-01-01 23:59:45;CO2_level;747;False
S0004;2026-01-01 23:59:45;CO2_level;666;False
S0005;2026-01-01 23:59:45;ventilation;0.715;False
S0007;2026-01-01 23:59:45;temperature;19.659;False
S0011;2026-01-01 23:59:45;ventilation;0.702;False
S0001;2026-01-01 23:59:45;temperature;19.351;False
S0004;2026-01-02 00:00:00;CO2_level;1091;False
S0007;2026-01-02 00:00:00;temperature;20.847;False
S0003;2026-01-02 00:00:00;humidity;62.518;False
S0001;2026-01-02 00:00:00;temperature;20.967;False
S0009;2026-01-02 00:00:00;humidity;68.838;False
S0011;2026-01-02 00:00:00;ventilation;0.961;False
S0010;2026-01-02 00:00:00;CO2_level;770;False
S0005;2026-01-02 00:00:00;ventilation;0.996;False
S0011;2026-01-02 00:00:15;ventilation;0.751;False
S0007;2026-01-02 00:00:15;temperature;24.814;False
S0005;2026-01-02 00:00:15;ventilation;0.833;False
S0004;2026-01-02 00:00:15;CO2_level;838;False
S0001;2026-01-02 00:00:15;temperature;16.631;False
S0010;2026-01-02 00:00:15;CO2_level;697;False
S0001;2026-01-02 00:00:30;temperature;26.325;False
S0005;2026-01-02 00:00:30;ventilation;0.827;False
S0003;2026-01-02 00:00:30;humidity;64.28;False
S0010;2026-01-02 00:00:30;CO2_level;846;False
S0011;2026-01-02 00:00:30;ventilation;0.603;False
S0009;2026-01-02 00:00:30;humidity;69.579;False
S0007;2026-01-02 00:00:30;temperature;21.552;False
S0004;2026-01-02 00:00:30;CO2_level;933;False
S0011;2026-01-02 00:00:45;ventilation;0.631;False
S0004;2026-01-02 00:00:45;CO2_level;1110;False
S0001;2026-01-02 00:00:45;temperature;17.122;False
S0010;2026-01-02 00:00:45;CO2_level;712;False
S0007;2026-01-02 00:00:45;temperature;17.348;False
S0005;2026-01-02 00:00:45;ventilation;0.921;False
S0004;2026-01-02 00:01:00;CO2_level;956;False
S0001;2026-01-02 00:01:00;temperature;22.62;False
S0009;2026-01-02 00:01:00;humidity;63.668;False
S0010;2026-01-02 00:01:00;CO2_level;1043;False
S0007;2026-01-02 00:01:00;temperature;22.306;False
S0003;2026-01-02 00:01:00;humidity;61.668;False
S0011;2026-01-02 00:01:00;ventilation;0.727;False
S0005;2026-01-02 00:01:00;ventilation;0.996;False
S0007;2026-01-02 00:01:15;temperature;25.398;False
S0001;2026-01-02 00:01:15;temperature;23.938;False
S0005;2026-01-02 00:01:15;ventilation;0.986;False
S0010;2026-01-02 00:01:15;CO2_level;764;False
S0004;2026-01-02 00:01:15;CO2_level;910;False
S0011;2026-01-02 00:01:15;ventilation;0.575;False
S0010;2026-01-02 00:01:30;CO2_level;1028;False
S0001;2026-01-02 00:01:30;temperature;24.529;False
S0005;2026-01-02 00:01:30;ventilation;0.758;False
S0007;2026-01-02 00:01:30;temperature;15.243;False
S0003;2026-01-02 00:01:30;humidity;68.754;False
S0011;2026-01-02 00:01:30;ventilation;0.72;False
S0004;2026-01-02 00:01:30;CO2_level;748;False
S0009;2026-01-02 00:01:30;humidity;64.375;False
S0004;2026-01-02 00:01:45;CO2_level;883;False
S0007;2026-01-02 00:01:45;temperature;21.772;False
S0001;2026-01-02 00:01:45;temperature;18.093;False
S0011;2026-01-02 00:01:45;ventilation;0.335;True
S0005;2026-01-02 00:01:45;ventilation;0.713;False
S0010;2026-01-02 00:01:45;CO2_level;1003;False
S0005;2026-01-02 00:02:00;ventilation;0.895;False
S0004;2026-01-02 00:02:00;CO2_level;628;False
S0007;2026-01-02 00:02:00;temperature;18.206;False
S0009;2026-01-02 00:02:00;humidity;68.987;False
S0003;2026-01-02 00:02:00;humidity;65.51;False
S0010;2026-01-02 00:02:00;CO2_level;1090;False
S0001;2026-01-02 00:02:00;temperature;19.145;False
S0011;2026-01-02 00:02:00;ventilation;0.793;False
S0004;2026-01-02 00:02:15;CO2_level;792;False
S0007;2026-01-02 00:02:15;temperature;21.382;False
S0001;2026-01-02 00:02:15;temperature;25.187;False
S0011;2026-01-02 00:02:15;ventilation;0.73;False
S0010;2026-01-02 00:02:15;CO2_level;719;False
S0005;2026-01-02 00:02:15;ventilation;0.861;False
S0007;2026-01-02 00:02:30;temperature;25.522;False
S0010;2026-01-02 00:02:30;CO2_level;727;False
S0004;2026-01-02 00:02:30;CO2_level;438;True
S0003;2026-01-02 00:02:30;humidity;69.812;False
S0005;2026-01-02 00:02:30;ventilation;1.773;True
S0009;2026-01-02 00:02:30;humidity;66.632;False
S0001;2026-01-02 00:02:30;temperature;26.864;False
S0011;2026-01-02 00:02:30;ventilation;0.345;True
S0004;2026-01-02 00:02:45;CO2_level;828;False
S0001;2026-01-02 00:02:45;temperature;18.415;False
S0010;2026-01-02 00:02:45;CO2_level;742;False
S0007;2026-01-02 00:02:45;temperature;18.843;False
S0011;2026-01-02 00:02:45;ventilation;0.765;False
S0005;2026-01-02 00:02:45;ventilation;0.553;False
S0010;2026-01-02 00:03:00;CO2_level;1138;False
S0011;2026-01-02 00:03:00;ventilation;0.729;False
S0004;2026-01-02 00:03:00;CO2_level;833;False
S0001;2026-01-02 00:03:00;temperature;22.061;False
S0007;2026-01-02 00:03:00;temperature;24.925;False
S0003;2026-01-02 00:03:00;humidity;65.149;False
S0009;2026-01-02 00:03:00;humidity;63.386;False
S0005;2026-01-02 00:03:00;ventilation;0.986;False
S0011;2026-01-02 00:03:15;ventilation;0.553;False
S0001;2026-01-02 00:03:15;temperature;18.977;False
S0004;2026-01-02 00:03:15;CO2_level;1169;False
S0007;2026-01-02 00:03:15;temperature;19.711;False
S0010;2026-01-02 00:03:15;CO2_level;233;True
S0005;2026-01-02 00:03:15;ventilation;0.504;False
S0003;2026-01-02 00:03:30;humidity;65.526;False
S0001;2026-01-02 00:03:30;temperature;26.149;False
S0011;2026-01-02 00:03:30;ventilation;0.531;False
S0010;2026-01-02 00:03:30;CO2_level;1049;False
S0009;2026-01-02 00:03:30;humidity;69.588;False
S0007;2026-01-02 00:03:30;temperature;25.319;False
S0004;2026-01-02 00:03:30;CO2_level;796;False
S0005;2026-01-02 00:03:30;ventilation;0.896;False
S0011;2026-01-02 00:03:45;ventilation;0.983;False
S0005;2026-01-02 00:03:45;ventilation;0.647;False
S0007;2026-01-02 00:03:45;temperature;25.977;False
S0001;2026-01-02 00:03:45;temperature;16.804;False
S0004;2026-01-02 00:03:45;CO2_level;1235;True
S0010;2026-01-02 00:03:45;CO2_level;1175;False
S0004;2026-01-02 00:04:00;CO2_level;846;False
S0007;2026-01-02 00:04:00;temperature;26.046;False
S0010;2026-01-02 00:04:00;CO2_level;908;False
S0005;2026-01-02 00:04:00;ventilation;1.358;True
S0009;2026-01-02 00:04:00;humidity;61.754;False
S0003;2026-01-02 00:04:00;humidity;61.315;False
S0001;2026-01-02 00:04:00;temperature;26.03;False
S0011;2026-01-02 00:04:00;ventilation;0.611;False
S0011;2026-01-02 00:04:15;ventilation;0.625;False
S0001;2026-01-02 00:04:15;temperature;24.352;False
S0007;2026-01-02 00:04:15;temperature;26.087;False
S0005;2026-01-02 00:04:15;ventilation;0.67;False
S0004;2026-01-02 00:04:15;CO2_level;1052;False
S0010;2026-01-02 00:04:15;CO2_level;938;False
S0003;2026-01-02 00:04:30;humidity;63.402;False
S0007;2026-01-02 00:04:30;temperature;17.941;False
S0004;2026-01-02 00:04:30;CO2_level;788;False
S0005;2026-01-02 00:04:30;ventilation;0.668;False
S0011;2026-01-02 00:04:30;ventilation;0.533;False
S0009;2026-01-02 00:04:30;humidity;67.969;False
S0001;2026-01-02 00:04:30;temperature;20.703;False
S0010;2026-01-02 00:04:30;CO2_level;653;False
S0001;2026-01-02 00:04:45;temperature;null;True
S0010;2026-01-02 00:04:45;CO2_level;1255;True
S0011;2026-01-02 00:04:45;ventilation;0.539;False
S0007;2026-01-02 00:04:45;temperature;22.597;False
S0004;2026-01-02 00:04:45;CO2_level;762;False
S0005;2026-01-02 00:04:45;ventilation;0.857;False
S0005;2026-01-02 00:05:00;ventilation;0.768;False
S0007;2026-01-02 00:05:00;temperature;24.574;False
S0010;2026-01-02 00:05:00;CO2_level;1110;False
S0009;2026-01-02 00:05:00;humidity;62.553;False
S0001;2026-01-02 00:05:00;temperature;16.743;False
S0004;2026-01-02 00:05:00;CO2_level;1080;False
S0011;2026-01-02 00:05:00;ventilation;0.329;True
S0003;2026-01-02 00:05:00;humidity;64.841;False
S0007;2026-01-02 00:05:15;temperature;24.553;False
S0001;2026-01-02 00:05:15;temperature;17.399;False
S0010;2026-01-02 00:05:15;CO2_level;961;False
S0005;2026-01-02 00:05:15;ventilation;0.774;False
S0011;2026-01-02 00:05:15;ventilation;0.725;False
S0004;2026-01-02 00:05:15;CO2_level;709;False
S0005;2026-01-02 00:05:30;ventilation;null;True
S0009;2026-01-02 00:05:30;humidity;65.118;False
S0010;2026-01-02 00:05:30;CO2_level;1228;True
S0011;2026-01-02 00:05:30;ventilation;0.95;False
S0001;2026-01-02 00:05:30;temperature;16.531;False
S0003;2026-01-02 00:05:30;humidity;68.043;False
S0007;2026-01-02 00:05:30;temperature;24.954;False
S0004;2026-01-02 00:05:30;CO2_level;1171;False
S0001;2026-01-02 00:05:45;temperature;17.492;False
S0004;2026-01-02 00:05:45;CO2_level;930;False
S0011;2026-01-02 00:05:45;ventilation;0.782;False
S0010;2026-01-02 00:05:45;CO2_level;1108;False
S0007;2026-01-02 00:05:45;temperature;23.863;False
S0005;2026-01-02 00:05:45;ventilation;0.725;False
S0009;2026-01-02 00:06:00;humidity;61.479;False
S0007;2026-01-02 00:06:00;temperature;17.21;False
S0010;2026-01-02 00:06:00;CO2_level;677;False
S0005;2026-01-02 00:06:00;ventilation;0.741;False
S0011;2026-01-02 00:06:00;ventilation;0.934;False
S0003;2026-01-02 00:06:00;humidity;63.265;False
S0004;2026-01-02 00:06:00;CO2_level;1147;False
S0001;2026-01-02 00:06:00;temperature;25.216;False
S0007;2026-01-02 00:06:15;temperature;23.941;False
S0005;2026-01-02 00:06:15;ventilation;0.936;False
S0011;2026-01-02 00:06:15;ventilation;0.573;False
S0001;2026-01-02 00:06:15;temperature;25.416;False
S0010;2026-01-02 00:06:15;CO2_level;1096;False
S0004;2026-01-02 00:06:15;CO2_level;1030;False
S0004;2026-01-02 00:06:30;CO2_level;1071;False
S0005;2026-01-02 00:06:30;ventilation;0.38;True
S0010;2026-01-02 00:06:30;CO2_level;666;False
S0001;2026-01-02 00:06:30;temperature;26.814;False
S0007;2026-01-02 00:06:30;temperature;22.88;False
S0009;2026-01-02 00:06:30;humidity;60.496;False
S0003;2026-01-02 00:06:30;humidity;null;True
S0011;2026-01-02 00:06:30;ventilation;0.727;False
S0004;2026-01-02 00:06:45;CO2_level;1001;False
S0001;2026-01-02 00:06:45;temperature;15.153;False
S0010;2026-01-02 00:06:45;CO2_level;829;False
S0007;2026-01-02 00:06:45;temperature;16.789;False
S0005;2026-01-02 00:06:45;ventilation;0.956;False
S0011;2026-01-02 00:06:45;ventilation;0.667;False
S0009;2026-01-02 00:07:00;humidity;62.876;False
S0003;2026-01-02 00:07:00;humidity;60.835;False
S0004;2026-01-02 00:07:00;CO2_level;662;False
S0001;2026-01-02 00:07:00;temperature;17.296;False
S0005;2026-01-02 00:07:00;ventilation;0.633;False
S0007;2026-01-02 00:07:00;temperature;18.991;False
S0010;2026-01-02 00:07:00;CO2_level;851;False
S0011;2026-01-02 00:07:00;ventilation;0.895;False
S0010;2026-01-02 00:07:15;CO2_level;1083;False
S0004;2026-01-02 00:07:15;CO2_level;785;False
S0001;2026-01-02 00:07:15;temperature;19.61;False
S0007;2026-01-02 00:07:15;temperature;15.109;False
S0005;2026-01-02 00:07:15;ventilation;0.83;False
S0011;2026-01-02 00:07:15;ventilation;1.8;True
S0007;2026-01-02 00:07:30;temperature;26.065;False
S0004;2026-01-02 00:07:30;CO2_level;1221;True
S0009;2026-01-02 00:07:30;humidity;65.254;False
S0001;2026-01-02 00:07:30;temperature;11.636;True
S0005;2026-01-02 00:07:30;ventilation;0.627;False
S0011;2026-01-02 00:07:30;ventilation;0.729;False
S0003;2026-01-02 00:07:30;humidity;69.828;False
S0010;2026-01-02 00:07:30;CO2_level;944;False
S0007;2026-01-02 00:07:45;temperature;17.33;False
S0001;2026-01-02 00:07:45;temperature;25.12;False
S0005;2026-01-02 00:07:45;ventilation;0.606;False
S0004;2026-01-02 00:07:45;CO2_level;826;False
S0010;2026-01-02 00:07:45;CO2_level;1038;False
S0011;2026-01-02 00:07:45;ventilation;0.991;False
S0007;2026-01-02 00:08:00;temperature;25.566;False
S0009;2026-01-02 00:08:00;humidity;62.218;False
S0005;2026-01-02 00:08:00;ventilation;0.248;True
S0001;2026-01-02 00:08:00;temperature;17.989;False
S0010;2026-01-02 00:08:00;CO2_level;800;False
S0003;2026-01-02 00:08:00;humidity;63.179;False
S0011;2026-01-02 00:08:00;ventilation;0.909;False
S0004;2026-01-02 00:08:00;CO2_level;911;False
S0004;2026-01-02 00:08:15;CO2_level;756;False
S0007;2026-01-02 00:08:15;temperature;24.627;False
S0011;2026-01-02 00:08:15;ventilation;0.875;False
S0010;2026-01-02 00:08:15;CO2_level;805;False
S0001;2026-01-02 00:08:15;temperature;24.816;False
S0005;2026-01-02 00:08:15;ventilation;0.793;False
S0005;2026-01-02 00:08:30;ventilation;0.582;False
S0003;2026-01-02 00:08:30;humidity;60.657;False
S0010;2026-01-02 00:08:30;CO2_level;764;False
S0007;2026-01-02 00:08:30;temperature;22.252;False
S0011;2026-01-02 00:08:30;ventilation;0.706;False
S0001;2026-01-02 00:08:30;temperature;25.279;False
S0004;2026-01-02 00:08:30;CO2_level;814;False
S0009;2026-01-02 00:08:30;humidity;68.424;False
S0001;2026-01-02 00:08:45;temperature;16.092;False
S0007;2026-01-02 00:08:45;temperature;23.71;False
S0004;2026-01-02 00:08:45;CO2_level;910;False
S0005;2026-01-02 00:08:45;ventilation;0.641;False
S0010;2026-01-02 00:08:45;CO2_level;823;False
S0011;2026-01-02 00:08:45;ventilation;0.639;False
S0011;2026-01-02 00:09:00;ventilation;0.798;False
S0005;2026-01-02 00:09:00;ventilation;0.684;False
S0003;2026-01-02 00:09:00;humidity;48.71;True
S0009;2026-01-02 00:09:00;humidity;60.815;False
S0010;2026-01-02 00:09:00;CO2_level;891;False
S0004;2026-01-02 00:09:00;CO2_level;870;False
S0007;2026-01-02 00:09:00;temperature;17.444;False
S0001;2026-01-02 00:09:00;temperature;17.871;False
S0004;2026-01-02 00:09:15;CO2_level;988;False
S0011;2026-01-02 00:09:15;ventilation;0.983;False
S0001;2026-01-02 00:09:15;temperature;16.819;False
S0005;2026-01-02 00:09:15;ventilation;0.856;False
S0007;2026-01-02 00:09:15;temperature;16.107;False
S0010;2026-01-02 00:09:15;CO2_level;960;False
S0007;2026-01-02 00:09:30;temperature;21.249;False
S0010;2026-01-02 00:09:30;CO2_level;481;True
S0004;2026-01-02 00:09:30;CO2_level;640;False
S0009;2026-01-02 00:09:30;humidity;null;True
S0001;2026-01-02 00:09:30;temperature;25.259;False
S0011;2026-01-02 00:09:30;ventilation;0.625;False
S0003;2026-01-02 00:09:30;humidity;60.767;False
S0005;2026-01-02 00:09:30;ventilation;0.914;False
S0011;2026-01-02 00:09:45;ventilation;0.848;False
S0007;2026-01-02 00:09:45;temperature;22.212;False
S0004;2026-01-02 00:09:45;CO2_level;844;False
S0005;2026-01-02 00:09:45;ventilation;0.749;False
S0001;2026-01-02 00:09:45;temperature;18.368;False
S0010;2026-01-02 00:09:45;CO2_level;821;False
S0007;2026-01-02 00:10:00;temperature;18.083;False
S0004;2026-01-02 00:10:00;CO2_level;1113;False
S0003;2026-01-02 00:10:00;humidity;65.931;False
S0005;2026-01-02 00:10:00;ventilation;0.664;False
S0011;2026-01-02 00:10:00;ventilation;0.989;False
S0001;2026-01-02 00:10:00;temperature;20.67;False
S0009;2026-01-02 00:10:00;humidity;62.677;False
S0010;2026-01-02 00:10:00;CO2_level;817;False
S0005;2026-01-02 00:10:15;ventilation;0.074;True
S0007;2026-01-02 00:10:15;temperature;29.718;True
S0010;2026-01-02 00:10:15;CO2_level;825;False
S0004;2026-01-02 00:10:15;CO2_level;701;False
S0001;2026-01-02 00:10:15;temperature;24.423;False
S0011;2026-01-02 00:10:15;ventilation;0.638;False
S0007;2026-01-02 00:10:30;temperature;17.742;False
S0010;2026-01-02 00:10:30;CO2_level;755;False
S0011;2026-01-02 00:10:30;ventilation;0.746;False
S0009;2026-01-02 00:10:30;humidity;66.508;False
S0005;2026-01-02 00:10:30;ventilation;0.581;False
S0003;2026-01-02 00:10:30;humidity;60.785;False
S0001;2026-01-02 00:10:30;temperature;18.713;False
S0004;2026-01-02 00:10:30;CO2_level;749;False
S0001;2026-01-02 00:10:45;temperature;24.939;False
S0007;2026-01-02 00:10:45;temperature;24.079;False
S0010;2026-01-02 00:10:45;CO2_level;875;False
S0004;2026-01-02 00:10:45;CO2_level;1118;False
S0011;2026-01-02 00:10:45;ventilation;0.925;False
S0005;2026-01-02 00:10:45;ventilation;0.675;False
S0004;2026-01-02 00:11:00;CO2_level;930;False
S0011;2026-01-02 00:11:00;ventilation;null;True
S0003;2026-01-02 00:11:00;humidity;65.429;False
S0009;2026-01-02 00:11:00;humidity;61.437;False
S0007;2026-01-02 00:11:00;temperature;20.911;False
S0001;2026-01-02 00:11:00;temperature;24.441;False
S0010;2026-01-02 00:11:00;CO2_level;868;False
S0005;2026-01-02 00:11:00;ventilation;null;True
S0005;2026-01-02 00:11:15;ventilation;0.948;False
S0001;2026-01-02 00:11:15;temperature;23.573;False
S0011;2026-01-02 00:11:15;ventilation;0.86;False
S0004;2026-01-02 00:11:15;CO2_level;994;False
S0010;2026-01-02 00:11:15;CO2_level;890;False
S0007;2026-01-02 00:11:15;temperature;26.517;False
S0005;2026-01-02 00:11:30;ventilation;0.61;False
S0001;2026-01-02 00:11:30;temperature;16.854;False
S0003;2026-01-02 00:11:30;humidity;62.95;False
S0004;2026-01-02 00:11:30;CO2_level;1187;False
S0007;2026-01-02 00:11:30;temperature;24.044;False
S0010;2026-01-02 00:11:30;CO2_level;1181;False
S0011;2026-01-02 00:11:30;ventilation;0.776;False
S0009;2026-01-02 00:11:30;humidity;56.09;True
S0004;2026-01-02 00:11:45;CO2_level;980;False
S0001;2026-01-02 00:11:45;temperature;25.755;False
S0005;2026-01-02 00:11:45;ventilation;0.775;False
S0011;2026-01-02 00:11:45;ventilation;0.505;False
S0007;2026-01-02 00:11:45;temperature;18.617;False
S0010;2026-01-02 00:11:45;CO2_level;1003;False
S0009;2026-01-02 00:12:00;humidity;69.497;False
S0003;2026-01-02 00:12:00;humidity;60.864;False
S0005;2026-01-02 00:12:00;ventilation;0.642;False
S0007;2026-01-02 00:12:00;temperature;18.816;False
S0001;2026-01-02 00:12:00;temperature;21.441;False
S0011;2026-01-02 00:12:00;ventilation;0.596;False
S0010;2026-01-02 00:12:00;CO2_level;926;False
S0004;2026-01-02 00:12:00;CO2_level;835;False
S0004;2026-01-02 00:12:15;CO2_level;313;True
S0005;2026-01-02 00:12:15;ventilation;0.873;False
S0010;2026-01-02 00:12:15;CO2_level;1017;False
S0001;2026-01-02 00:12:15;temperature;16.984;False
S0011;2026-01-02 00:12:15;ventilation;0.624;False
S0007;2026-01-02 00:12:15;temperature;19.241;False
S0003;2026-01-02 00:12:30;humidity;64.12;False
S0004;2026-01-02 00:12:30;CO2_level;1005;False
S0005;2026-01-02 00:12:30;ventilation;0.891;False
S0009;2026-01-02 00:12:30;humidity;65.947;False
S0010;2026-01-02 00:12:30;CO2_level;698;False
S0001;2026-01-02 00:12:30;temperature;23.833;False
S0007;2026-01-02 00:12:30;temperature;25.39;False
S0011;2026-01-02 00:12:30;ventilation;0.97;False
S0001;2026-01-02 00:12:45;temperature;17.305;False
S0010;2026-01-02 00:12:45;CO2_level;921;False
S0005;2026-01-02 00:12:45;ventilation;0.977;False
S0011;2026-01-02 00:12:45;ventilation;0.748;False
S0004;2026-01-02 00:12:45;CO2_level;952;False
S0007;2026-01-02 00:12:45;temperature;17.419;False
S0011;2026-01-02 00:13:00;ventilation;0.744;False
S0009;2026-01-02 00:13:00;humidity;null;True
S0001;2026-01-02 00:13:00;temperature;20.348;False
S0005;2026-01-02 00:13:00;ventilation;0.744;False
S0007;2026-01-02 00:13:00;temperature;18.708;False
S0003;2026-01-02 00:13:00;humidity;68.311;False
S0004;2026-01-02 00:13:00;CO2_level;1118;False
S0010;2026-01-02 00:13:00;CO2_level;864;False
S0011;2026-01-02 00:13:15;ventilation;0.663;False
S0010;2026-01-02 00:13:15;CO2_level;695;False
S0007;2026-01-02 00:13:15;temperature;23.014;False
S0004;2026-01-02 00:13:15;CO2_level;811;False
S0005;2026-01-02 00:13:15;ventilation;0.995;False
S0001;2026-01-02 00:13:15;temperature;16.213;False
S0003;2026-01-02 00:13:30;humidity;63.424;False
S0009;2026-01-02 00:13:30;humidity;65.198;False
S0011;2026-01-02 00:13:30;ventilation;null;True
S0001;2026-01-02 00:13:30;temperature;19.209;False
S0007;2026-01-02 00:13:30;temperature;17.19;False
S0005;2026-01-02 00:13:30;ventilation;0.676;False
S0004;2026-01-02 00:13:30;CO2_level;671;False
S0010;2026-01-02 00:13:30;CO2_level;1199;False
S0011;2026-01-02 00:13:45;ventilation;0.974;False
S0010;2026-01-02 00:13:45;CO2_level;1055;False
S0007;2026-01-02 00:13:45;temperature;18.381;False
S0001;2026-01-02 00:13:45;temperature;26.842;False
S0005;2026-01-02 00:13:45;ventilation;0.805;False
S0004;2026-01-02 00:13:45;CO2_level;1125;False
S0007;2026-01-02 00:14:00;temperature;25.95;False
S0010;2026-01-02 00:14:00;CO2_level;790;False
S0001;2026-01-02 00:14:00;temperature;18.728;False
S0004;2026-01-02 00:14:00;CO2_level;1188;False
S0009;2026-01-02 00:14:00;humidity;62.049;False
S0005;2026-01-02 00:14:00;ventilation;0.742;False
S0011;2026-01-02 00:14:00;ventilation;0.632;False
S0003;2026-01-02 00:14:00;humidity;69.512;False
S0011;2026-01-02 00:14:15;ventilation;0.853;False
S0007;2026-01-02 00:14:15;temperature;29.52;True
S0005;2026-01-02 00:14:15;ventilation;0.614;False
S0004;2026-01-02 00:14:15;CO2_level;895;False
S0010;2026-01-02 00:14:15;CO2_level;952;False
S0001;2026-01-02 00:14:15;temperature;16.894;False
S0004;2026-01-02 00:14:30;CO2_level;763;False
S0011;2026-01-02 00:14:30;ventilation;0.588;False
S0003;2026-01-02 00:14:30;humidity;64.063;False
S0001;2026-01-02 00:14:30;temperature;16.14;False
S0007;2026-01-02 00:14:30;temperature;10.456;True
S0009;2026-01-02 00:14:30;humidity;64.09;False
S0005;2026-01-02 00:14:30;ventilation;0.689;False
S0010;2026-01-02 00:14:30;CO2_level;490;True
S0007;2026-01-02 00:14:45;temperature;17.148;False
S0004;2026-01-02 00:14:45;CO2_level;909;False
S0011;2026-01-02 00:14:45;ventilation;null;True
S0001;2026-01-02 00:14:45;temperature;19.449;False
S0010;2026-01-02 00:14:45;CO2_level;1229;True
S0005;2026-01-02 00:14:45;ventilation;0.663;False
S0009;2026-01-02 00:15:00;humidity;11.233;True
S0007;2026-01-02 00:15:00;temperature;15.581;False
S0004;2026-01-02 00:15:00;CO2_level;697;False
S0011;2026-01-02 00:15:00;ventilation;0.603;False
S0001;2026-01-02 00:15:00;temperature;26.125;False
S0003;2026-01-02 00:15:00;humidity;66.184;False
S0005;2026-01-02 00:15:00;ventilation;0.763;False
S0010;2026-01-02 00:15:00;CO2_level;1164;False
S0010;2026-01-02 00:15:15;CO2_level;876;False
S0004;2026-01-02 00:15:15;CO2_level;1060;False
S0011;2026-01-02 00:15:15;ventilation;0.629;False
S0005;2026-01-02 00:15:15;ventilation;0.885;False
S0007;2026-01-02 00:15:15;temperature;19.311;False
S0001;2026-01-02 00:15:15;temperature;15.826;False
S0007;2026-01-02 00:15:30;temperature;23.756;False
S0005;2026-01-02 00:15:30;ventilation;0.973;False
S0001;2026-01-02 00:15:30;temperature;16.534;False
S0003;2026-01-02 00:15:30;humidity;67.598;False
S0004;2026-01-02 00:15:30;CO2_level;1110;False
S0010;2026-01-02 00:15:30;CO2_level;863;False
S0011;2026-01-02 00:15:30;ventilation;0.89;False
S0009;2026-01-02 00:15:30;humidity;64.068;False
S0005;2026-01-02 00:15:45;ventilation;0.528;False
S0001;2026-01-02 00:15:45;temperature;19.209;False
S0010;2026-01-02 00:15:45;CO2_level;714;False
S0004;2026-01-02 00:15:45;CO2_level;1114;False
S0011;2026-01-02 00:15:45;ventilation;0.727;False
S0007;2026-01-02 00:15:45;temperature;25.346;False
S0004;2026-01-02 00:16:00;CO2_level;1082;False
S0009;2026-01-02 00:16:00;humidity;64.06;False
S0010;2026-01-02 00:16:00;CO2_level;769;False
S0001;2026-01-02 00:16:00;temperature;26.592;False
S0003;2026-01-02 00:16:00;humidity;65.557;False
S0007;2026-01-02 00:16:00;temperature;17.013;False
S0011;2026-01-02 00:16:00;ventilation;0.528;False
S0005;2026-01-02 00:16:00;ventilation;0.964;False
S0001;2026-01-02 00:16:15;temperature;25.942;False
S0005;2026-01-02 00:16:15;ventilation;0.761;False
S0011;2026-01-02 00:16:15;ventilation;0.948;False
S0010;2026-01-02 00:16:15;CO2_level;1049;False
S0007;2026-01-02 00:16:15;temperature;17.949;False
S0004;2026-01-02 00:16:15;CO2_level;995;False
S0001;2026-01-02 00:16:30;temperature;25.895;False
S0004;2026-01-02 00:16:30;CO2_level;901;False
S0005;2026-01-02 00:16:30;ventilation;0.875;False
S0003;2026-01-02 00:16:30;humidity;68.208;False
S0011;2026-01-02 00:16:30;ventilation;0.665;False
S0010;2026-01-02 00:16:30;CO2_level;873;False
S0007;2026-01-02 00:16:30;temperature;16.942;False
S0009;2026-01-02 00:16:30;humidity;76.156;True
S0005;2026-01-02 00:16:45;ventilation;0.257;True
S0010;2026-01-02 00:16:45;CO2_level;1080;False
S0004;2026-01-02 00:16:45;CO2_level;1258;True
S0001;2026-01-02 00:16:45;temperature;18.636;False
S0007;2026-01-02 00:16:45;temperature;25.637;False
S0011;2026-01-02 00:16:45;ventilation;0.933;False
S0005;2026-01-02 00:17:00;ventilation;0.91;False
S0009;2026-01-02 00:17:00;humidity;64.788;False
S0011;2026-01-02 00:17:00;ventilation;0.965;False
S0010;2026-01-02 00:17:00;CO2_level;764;False
S0004;2026-01-02 00:17:00;CO2_level;674;False
S0003;2026-01-02 00:17:00;humidity;60.699;False
S0001;2026-01-02 00:17:00;temperature;24.977;False
S0007;2026-01-02 00:17:00;temperature;16.416;False
S0007;2026-01-02 00:17:15;temperature;21.128;False
S0005;2026-01-02 00:17:15;ventilation;null;True
S0010;2026-01-02 00:17:15;CO2_level;1040;False
S0001;2026-01-02 00:17:15;temperature;20.136;False
S0011;2026-01-02 00:17:15;ventilation;0.995;False
S0004;2026-01-02 00:17:15;CO2_level;861;False
S0009;2026-01-02 00:17:30;humidity;69.083;False
S0005;2026-01-02 00:17:30;ventilation;0.928;False
S0010;2026-01-02 00:17:30;CO2_level;898;False
S0004;2026-01-02 00:17:30;CO2_level;637;False
S0003;2026-01-02 00:17:30;humidity;64.152;False
S0007;2026-01-02 00:17:30;temperature;28.016;True
S0001;2026-01-02 00:17:30;temperature;19.229;False
S0011;2026-01-02 00:17:30;ventilation;0.765;False
S0010;2026-01-02 00:17:45;CO2_level;1064;False
S0001;2026-01-02 00:17:45;temperature;22.149;False
S0005;2026-01-02 00:17:45;ventilation;0.959;False
S0011;2026-01-02 00:17:45;ventilation;0.643;False
S0007;2026-01-02 00:17:45;temperature;null;True
S0004;2026-01-02 00:17:45;CO2_level;751;False
S0003;2026-01-02 00:18:00;humidity;62.702;False
S0009;2026-01-02 00:18:00;humidity;64.009;False
S0001;2026-01-02 00:18:00;temperature;25.397;False
S0011;2026-01-02 00:18:00;ventilation;0.632;False
S0004;2026-01-02 00:18:00;CO2_level;684;False
S0005;2026-01-02 00:18:00;ventilation;0.631;False
S0010;2026-01-02 00:18:00;CO2_level;729;False
S0007;2026-01-02 00:18:00;temperature;16.592;False
S0005;2026-01-02 00:18:15;ventilation;0.545;False
S0004;2026-01-02 00:18:15;CO2_level;494;True
S0011;2026-01-02 00:18:15;ventilation;0.963;False
S0010;2026-01-02 00:18:15;CO2_level;1181;False
S0007;2026-01-02 00:18:15;temperature;24.005;False
S0001;2026-01-02 00:18:15;temperature;15.514;False
S0003;2026-01-02 00:18:30;humidity;64.299;False
S0001;2026-01-02 00:18:30;temperature;15.556;False
S0011;2026-01-02 00:18:30;ventilation;0.542;False
S0010;2026-01-02 00:18:30;CO2_level;619;False
S0004;2026-01-02 00:18:30;CO2_level;1131;False
S0007;2026-01-02 00:18:30;temperature;23.091;False
S0009;2026-01-02 00:18:30;humidity;60.936;False
S0005;2026-01-02 00:18:30;ventilation;0.833;False
S0011;2026-01-02 00:18:45;ventilation;0.53;False
S0004;2026-01-02 00:18:45;CO2_level;1081;False
S0001;2026-01-02 00:18:45;temperature;21.864;False
S0007;2026-01-02 00:18:45;temperature;25.817;False
S0005;2026-01-02 00:18:45;ventilation;0.721;False
S0010;2026-01-02 00:18:45;CO2_level;1193;False
S0001;2026-01-02 00:19:00;temperature;10.146;True
S0007;2026-01-02 00:19:00;temperature;22.303;False
S0003;2026-01-02 00:19:00;humidity;75.005;True
S0005;2026-01-02 00:19:00;ventilation;0.942;False
S0004;2026-01-02 00:19:00;CO2_level;1160;False
S0009;2026-01-02 00:19:00;humidity;60.907;False
S0010;2026-01-02 00:19:00;CO2_level;1049;False
S0011;2026-01-02 00:19:00;ventilation;0.504;False
S0005;2026-01-02 00:19:15;ventilation;0.524;False
S0001;2026-01-02 00:19:15;temperature;22.563;False
S0004;2026-01-02 00:19:15;CO2_level;876;False
S0007;2026-01-02 00:19:15;temperature;20.415;False
S0010;2026-01-02 00:19:15;CO2_level;915;False
S0011;2026-01-02 00:19:15;ventilation;0.837;False
S0011;2026-01-02 00:19:30;ventilation;0.775;False
S0005;2026-01-02 00:19:30;ventilation;1.141;True
S0004;2026-01-02 00:19:30;CO2_level;970;False
S0009;2026-01-02 00:19:30;humidity;null;True
S0007;2026-01-02 00:19:30;temperature;24.372;False
S0010;2026-01-02 00:19:30;CO2_level;841;False
S0001;2026-01-02 00:19:30;temperature;17.691;False
S0003;2026-01-02 00:19:30;humidity;66.636;False
S0007;2026-01-02 00:19:45;temperature;22.039;False
S0011;2026-01-02 00:19:45;ventilation;0.609;False
S0001;2026-01-02 00:19:45;temperature;23.388;False
S0010;2026-01-02 00:19:45;CO2_level;1222;True
S0004;2026-01-02 00:19:45;CO2_level;917;False
S0005;2026-01-02 00:19:45;ventilation;0.808;False
S0007;2026-01-02 00:20:00;temperature;17.832;False
S0001;2026-01-02 00:20:00;temperature;19.049;False
S0005;2026-01-02 00:20:00;ventilation;0.644;False
S0009;2026-01-02 00:20:00;humidity;64.795;False
S0003;2026-01-02 00:20:00;humidity;62.963;False
S0010;2026-01-02 00:20:00;CO2_level;779;False
S0004;2026-01-02 00:20:00;CO2_level;842;False
S0011;2026-01-02 00:20:00;ventilation;0.618;False
S0007;2026-01-02 00:20:15;temperature;20.671;False
S0004;2026-01-02 00:20:15;CO2_level;610;False
S0005;2026-01-02 00:20:15;ventilation;0.733;False
S0001;2026-01-02 00:20:15;temperature;21.859;False
S0011;2026-01-02 00:20:15;ventilation;0.971;False
S0010;2026-01-02 00:20:15;CO2_level;843;False
S0011;2026-01-02 00:20:30;ventilation;0.289;True
S0003;2026-01-02 00:20:30;humidity;60.326;False
S0001;2026-01-02 00:20:30;temperature;18.692;False
S0007;2026-01-02 00:20:30;temperature;15.484;False
S0004;2026-01-02 00:20:30;CO2_level;1117;False
S0010;2026-01-02 00:20:30;CO2_level;1157;False
S0009;2026-01-02 00:20:30;humidity;69.708;False
S0005;2026-01-02 00:20:30;ventilation;0.89;False
S0001;2026-01-02 00:20:45;temperature;19.486;False
S0011;2026-01-02 00:20:45;ventilation;0.9;False
S0010;2026-01-02 00:20:45;CO2_level;640;False
S0007;2026-01-02 00:20:45;temperature;21.403;False
S0004;2026-01-02 00:20:45;CO2_level;679;False
S0005;2026-01-02 00:20:45;ventilation;0.816;False
S0004;2026-01-02 00:21:00;CO2_level;1080;False
S0009;2026-01-02 00:21:00;humidity;62.575;False
S0010;2026-01-02 00:21:00;CO2_level;null;True
S0005;2026-01-02 00:21:00;ventilation;0.773;False
S0007;2026-01-02 00:21:00;temperature;20.77;False
S0003;2026-01-02 00:21:00;humidity;64.642;False
S0011;2026-01-02 00:21:00;ventilation;0.988;False
S0001;2026-01-02 00:21:00;temperature;26.752;False
S0005;2026-01-02 00:21:15;ventilation;0.764;False
S0001;2026-01-02 00:21:15;temperature;16.023;False
S0011;2026-01-02 00:21:15;ventilation;0.824;False
S0004;2026-01-02 00:21:15;CO2_level;1026;False
S0007;2026-01-02 00:21:15;temperature;18.439;False
S0010;2026-01-02 00:21:15;CO2_level;992;False
S0004;2026-01-02 00:21:30;CO2_level;797;False
S0001;2026-01-02 00:21:30;temperature;16.122;False
S0011;2026-01-02 00:21:30;ventilation;1.106;True
S0007;2026-01-02 00:21:30;temperature;28.403;True
S0010;2026-01-02 00:21:30;CO2_level;698;False
S0009;2026-01-02 00:21:30;humidity;null;True
S0005;2026-01-02 00:21:30;ventilation;0.947;False
S0003;2026-01-02 00:21:30;humidity;60.488;False
S0010;2026-01-02 00:21:45;CO2_level;1088;False
S0001;2026-01-02 00:21:45;temperature;17.045;False
S0004;2026-01-02 00:21:45;CO2_level;1052;False
S0005;2026-01-02 00:21:45;ventilation;0.855;False
S0011;2026-01-02 00:21:45;ventilation;1.782;True
S0007;2026-01-02 00:21:45;temperature;23.967;False
S0011;2026-01-02 00:22:00;ventilation;0.884;False
S0010;2026-01-02 00:22:00;CO2_level;649;False
S0007;2026-01-02 00:22:00;temperature;20.125;False
S0003;2026-01-02 00:22:00;humidity;60.383;False
S0001;2026-01-02 00:22:00;temperature;16.177;False
S0009;2026-01-02 00:22:00;humidity;69.4;False
S0004;2026-01-02 00:22:00;CO2_level;935;False
S0005;2026-01-02 00:22:00;ventilation;0.88;False
S0001;2026-01-02 00:22:15;temperature;22.964;False
S0007;2026-01-02 00:22:15;temperature;25.571;False
S0010;2026-01-02 00:22:15;CO2_level;1192;False
S0011;2026-01-02 00:22:15;ventilation;0.643;False
S0005;2026-01-02 00:22:15;ventilation;0.559;False
S0004;2026-01-02 00:22:15;CO2_level;812;False
S0004;2026-01-02 00:22:30;CO2_level;963;False
S0001;2026-01-02 00:22:30;temperature;18.812;False
S0009;2026-01-02 00:22:30;humidity;69.874;False
S0005;2026-01-02 00:22:30;ventilation;0.539;False
S0010;2026-01-02 00:22:30;CO2_level;759;False
S0003;2026-01-02 00:22:30;humidity;61.239;False
S0007;2026-01-02 00:22:30;temperature;20.398;False
S0011;2026-01-02 00:22:30;ventilation;1.204;True
S0011;2026-01-02 00:22:45;ventilation;0.556;False
S0005;2026-01-02 00:22:45;ventilation;0.308;True
S0010;2026-01-02 00:22:45;CO2_level;790;False
S0004;2026-01-02 00:22:45;CO2_level;990;False
S0007;2026-01-02 00:22:45;temperature;24.558;False
S0001;2026-01-02 00:22:45;temperature;22.783;False
S0004;2026-01-02 00:23:00;CO2_level;950;False
S0005;2026-01-02 00:23:00;ventilation;0.616;False
S0003;2026-01-02 00:23:00;humidity;65.383;False
S0010;2026-01-02 00:23:00;CO2_level;936;False
S0011;2026-01-02 00:23:00;ventilation;0.508;False
S0009;2026-01-02 00:23:00;humidity;61.296;False
S0007;2026-01-02 00:23:00;temperature;17.461;False
S0001;2026-01-02 00:23:00;temperature;16.977;False
S0010;2026-01-02 00:23:15;CO2_level;714;False
S0005;2026-01-02 00:23:15;ventilation;0.77;False
S0007;2026-01-02 00:23:15;temperature;19.041;False
S0011;2026-01-02 00:23:15;ventilation;0.512;False
S0004;2026-01-02 00:23:15;CO2_level;660;False
S0001;2026-01-02 00:23:15;temperature;25.979;False
S0005;2026-01-02 00:23:30;ventilation;0.824;False
S0009;2026-01-02 00:23:30;humidity;65.04;False
S0004;2026-01-02 00:23:30;CO2_level;657;False
S0011;2026-01-02 00:23:30;ventilation;0.902;False
S0007;2026-01-02 00:23:30;temperature;25.648;False
S0010;2026-01-02 00:23:30;CO2_level;null;True
S0001;2026-01-02 00:23:30;temperature;21.299;False
S0003;2026-01-02 00:23:30;humidity;65.634;False
S0011;2026-01-02 00:23:45;ventilation;0.895;False
S0007;2026-01-02 00:23:45;temperature;16.472;False
S0010;2026-01-02 00:23:45;CO2_level;603;False
S0001;2026-01-02 00:23:45;temperature;18.847;False
S0004;2026-01-02 00:23:45;CO2_level;1159;False
S0005;2026-01-02 00:23:45;ventilation;0.936;False
S0009;2026-01-02 00:24:00;humidity;66.918;False
S0005;2026-01-02 00:24:00;ventilation;0.894;False
S0001;2026-01-02 00:24:00;temperature;30.714;True
S0007;2026-01-02 00:24:00;temperature;23.969;False
S0010;2026-01-02 00:24:00;CO2_level;979;False
S0003;2026-01-02 00:24:00;humidity;61.998;False
S0011;2026-01-02 00:24:00;ventilation;0.818;False
S0004;2026-01-02 00:24:00;CO2_level;700;False
S0004;2026-01-02 00:24:15;CO2_level;889;False
S0001;2026-01-02 00:24:15;temperature;15.519;False
S0007;2026-01-02 00:24:15;temperature;22.825;False
S0011;2026-01-02 00:24:15;ventilation;0.712;False
S0005;2026-01-02 00:24:15;ventilation;0.803;False
S0010;2026-01-02 00:24:15;CO2_level;727;False
S0003;2026-01-02 00:24:30;humidity;69.779;False
S0001;2026-01-02 00:24:30;temperature;19.497;False
S0010;2026-01-02 00:24:30;CO2_level;762;False
S0004;2026-01-02 00:24:30;CO2_level;682;False
S0009;2026-01-02 00:24:30;humidity;60.71;False
S0011;2026-01-02 00:24:30;ventilation;0.752;False
S0007;2026-01-02 00:24:30;temperature;25.39;False
S0005;2026-01-02 00:24:30;ventilation;0.834;False
S0004;2026-01-02 00:24:45;CO2_level;1025;False
S0011;2026-01-02 00:24:45;ventilation;0.897;False
S0010;2026-01-02 00:24:45;CO2_level;833;False
S0007;2026-01-02 00:24:45;temperature;24.596;False
S0001;2026-01-02 00:24:45;temperature;22.781;False
S0005;2026-01-02 00:24:45;ventilation;0.884;False
S0010;2026-01-02 00:25:00;CO2_level;727;False
S0007;2026-01-02 00:25:00;temperature;-0.656;True
S0009;2026-01-02 00:25:00;humidity;66.212;False
S0004;2026-01-02 00:25:00;CO2_level;736;False
S0003;2026-01-02 00:25:00;humidity;62.287;False
S0011;2026-01-02 00:25:00;ventilation;0.816;False
S0001;2026-01-02 00:25:00;temperature;15.642;False
S0005;2026-01-02 00:25:00;ventilation;1.0;False
S0005;2026-01-02 00:25:15;ventilation;0.764;False
S0011;2026-01-02 00:25:15;ventilation;0.566;False
S0001;2026-01-02 00:25:15;temperature;null;True
S0007;2026-01-02 00:25:15;temperature;17.898;False
S0010;2026-01-02 00:25:15;CO2_level;792;False
S0004;2026-01-02 00:25:15;CO2_level;778;False
S0005;2026-01-02 00:25:30;ventilation;0.545;False
S0004;2026-01-02 00:25:30;CO2_level;847;False
S0001;2026-01-02 00:25:30;temperature;18.162;False
S0003;2026-01-02 00:25:30;humidity;null;True
S0010;2026-01-02 00:25:30;CO2_level;691;False
S0011;2026-01-02 00:25:30;ventilation;0.594;False
S0009;2026-01-02 00:25:30;humidity;63.62;False
S0007;2026-01-02 00:25:30;temperature;20.464;False
S0001;2026-01-02 00:25:45;temperature;26.607;False
S0011;2026-01-02 00:25:45;ventilation;0.726;False
S0010;2026-01-02 00:25:45;CO2_level;1251;True
S0007;2026-01-02 00:25:45;temperature;16.907;False
S0004;2026-01-02 00:25:45;CO2_level;1167;False
S0005;2026-01-02 00:25:45;ventilation;0.817;False
S0009;2026-01-02 00:26:00;humidity;38.603;True
S0011;2026-01-02 00:26:00;ventilation;0.544;False
S0005;2026-01-02 00:26:00;ventilation;0.981;False
S0003;2026-01-02 00:26:00;humidity;66.372;False
S0007;2026-01-02 00:26:00;temperature;15.057;False
S0001;2026-01-02 00:26:00;temperature;16.584;False
S0004;2026-01-02 00:26:00;CO2_level;722;False
S0010;2026-01-02 00:26:00;CO2_level;1084;False
S0010;2026-01-02 00:26:15;CO2_level;926;False
S0011;2026-01-02 00:26:15;ventilation;0.835;False
S0004;2026-01-02 00:26:15;CO2_level;1058;False
S0005;2026-01-02 00:26:15;ventilation;0.914;False
S0007;2026-01-02 00:26:15;temperature;25.562;False
S0001;2026-01-02 00:26:15;temperature;19.946;False
S0009;2026-01-02 00:26:30;humidity;68.584;False
S0007;2026-01-02 00:26:30;temperature;21.859;False
S0011;2026-01-02 00:26:30;ventilation;0.92;False
S0010;2026-01-02 00:26:30;CO2_level;1167;False
S0005;2026-01-02 00:26:30;ventilation;0.763;False
S0004;2026-01-02 00:26:30;CO2_level;1091;False
S0003;2026-01-02 00:26:30;humidity;66.567;False
S0001;2026-01-02 00:26:30;temperature;17.196;False
S0001;2026-01-02 00:26:45;temperature;11.571;True
S0007;2026-01-02 00:26:45;temperature;17.23;False
S0010;2026-01-02 00:26:45;CO2_level;1168;False
S0005;2026-01-02 00:26:45;ventilation;0.983;False
S0004;2026-01-02 00:26:45;CO2_level;1276;True
S0011;2026-01-02 00:26:45;ventilation;0.929;False
S0005;2026-01-02 00:27:00;ventilation;0.113;True
S0004;2026-01-02 00:27:00;CO2_level;886;False
S0007;2026-01-02 00:27:00;temperature;21.219;False
S0011;2026-01-02 00:27:00;ventilation;0.942;False
S0009;2026-01-02 00:27:00;humidity;60.287;False
S0010;2026-01-02 00:27:00;CO2_level;663;False
S0001;2026-01-02 00:27:00;temperature;18.525;False
S0003;2026-01-02 00:27:00;humidity;66.757;False
S0004;2026-01-02 00:27:15;CO2_level;796;False
S0010;2026-01-02 00:27:15;CO2_level;799;False
S0011;2026-01-02 00:27:15;ventilation;0.534;False
S0001;2026-01-02 00:27:15;temperature;16.497;False
S0005;2026-01-02 00:27:15;ventilation;0.567;False
S0007;2026-01-02 00:27:15;temperature;24.055;False
S0007;2026-01-02 00:27:30;temperature;25.357;False
S0009;2026-01-02 00:27:30;humidity;60.048;False
S0001;2026-01-02 00:27:30;temperature;24.186;False
S0011;2026-01-02 00:27:30;ventilation;0.677;False
S0003;2026-01-02 00:27:30;humidity;70.972;True
S0004;2026-01-02 00:27:30;CO2_level;788;False
S0005;2026-01-02 00:27:30;ventilation;0.791;False
S0010;2026-01-02 00:27:30;CO2_level;1058;False
S0010;2026-01-02 00:27:45;CO2_level;771;False
S0011;2026-01-02 00:27:45;ventilation;0.619;False
S0001;2026-01-02 00:27:45;temperature;23.348;False
S0004;2026-01-02 00:27:45;CO2_level;1061;False
S0005;2026-01-02 00:27:45;ventilation;0.895;False
S0007;2026-01-02 00:27:45;temperature;23.589;False
S0001;2026-01-02 00:28:00;temperature;19.78;False
S0011;2026-01-02 00:28:00;ventilation;0.726;False
S0003;2026-01-02 00:28:00;humidity;69.167;False
S0010;2026-01-02 00:28:00;CO2_level;724;False
S0009;2026-01-02 00:28:00;humidity;70.591;True
S0004;2026-01-02 00:28:00;CO2_level;822;False
S0007;2026-01-02 00:28:00;temperature;20.396;False
S0005;2026-01-02 00:28:00;ventilation;0.748;False
S0010;2026-01-02 00:28:15;CO2_level;803;False
S0007;2026-01-02 00:28:15;temperature;23.975;False
S0004;2026-01-02 00:28:15;CO2_level;690;False
S0005;2026-01-02 00:28:15;ventilation;0.73;False
S0011;2026-01-02 00:28:15;ventilation;0.987;False
S0001;2026-01-02 00:28:15;temperature;22.228;False
S0001;2026-01-02 00:28:30;temperature;23.213;False
S0003;2026-01-02 00:28:30;humidity;67.478;False
S0010;2026-01-02 00:28:30;CO2_level;1187;False
S0009;2026-01-02 00:28:30;humidity;68.811;False
S0007;2026-01-02 00:28:30;temperature;16.632;False
S0005;2026-01-02 00:28:30;ventilation;0.701;False
S0011;2026-01-02 00:28:30;ventilation;0.687;False
S0004;2026-01-02 00:28:30;CO2_level;1281;True
S0011;2026-01-02 00:28:45;ventilation;0.514;False
S0001;2026-01-02 00:28:45;temperature;26.856;False
S0010;2026-01-02 00:28:45;CO2_level;803;False
S0007;2026-01-02 00:28:45;temperature;22.484;False
S0004;2026-01-02 00:28:45;CO2_level;683;False
S0005;2026-01-02 00:28:45;ventilation;0.923;False
S0003;2026-01-02 00:29:00;humidity;62.216;False
S0010;2026-01-02 00:29:00;CO2_level;613;False
S0005;2026-01-02 00:29:00;ventilation;0.914;False
S0011;2026-01-02 00:29:00;ventilation;0.502;False
S0001;2026-01-02 00:29:00;temperature;26.37;False
S0007;2026-01-02 00:29:00;temperature;15.192;False
S0004;2026-01-02 00:29:00;CO2_level;856;False
S0009;2026-01-02 00:29:00;humidity;60.238;False
S0010;2026-01-02 00:29:15;CO2_level;348;True
S0011;2026-01-02 00:29:15;ventilation;0.772;False
S0004;2026-01-02 00:29:15;CO2_level;826;False
S0005;2026-01-02 00:29:15;ventilation;0.894;False
S0001;2026-01-02 00:29:15;temperature;25.611;False
S0007;2026-01-02 00:29:15;temperature;15.162;False
S0004;2026-01-02 00:29:30;CO2_level;640;False
S0001;2026-01-02 00:29:30;temperature;19.225;False
S0003;2026-01-02 00:29:30;humidity;69.257;False
S0007;2026-01-02 00:29:30;temperature;21.462;False
S0005;2026-01-02 00:29:30;ventilation;0.795;False
S0010;2026-01-02 00:29:30;CO2_level;1199;False
S0009;2026-01-02 00:29:30;humidity;68.311;False
S0011;2026-01-02 00:29:30;ventilation;0.506;False
S0001;2026-01-02 00:29:45;temperature;16.957;False
S0005;2026-01-02 00:29:45;ventilation;0.792;False
S0010;2026-01-02 00:29:45;CO2_level;1008;False
S0004;2026-01-02 00:29:45;CO2_level;953;False
S0011;2026-01-02 00:29:45;ventilation;0.847;False
S0007;2026-01-02 00:29:45;temperature;23.43;False
S0010;2026-01-02 00:30:00;CO2_level;997;False
S0001;2026-01-02 00:30:00;temperature;18.427;False
S0007;2026-01-02 00:30:00;temperature;24.053;False
S0004;2026-01-02 00:30:00;CO2_level;680;False
S0011;2026-01-02 00:30:00;ventilation;0.517;False
S0009;2026-01-02 00:30:00;humidity;66.29;False
S0003;2026-01-02 00:30:00;humidity;64.347;False
S0005;2026-01-02 00:30:00;ventilation;0.951;False
S0001;2026-01-02 00:30:15;temperature;17.045;False
S0004;2026-01-02 00:30:15;CO2_level;885;False
S0011;2026-01-02 00:30:15;ventilation;0.776;False
S0010;2026-01-02 00:30:15;CO2_level;735;False
S0005;2026-01-02 00:30:15;ventilation;0.651;False
S0007;2026-01-02 00:30:15;temperature;15.17;False
S0004;2026-01-02 00:30:30;CO2_level;1082;False
S0003;2026-01-02 00:30:30;humidity;64.562;False
S0011;2026-01-02 00:30:30;ventilation;0.679;False
S0001;2026-01-02 00:30:30;temperature;-1.878;True
S0009;2026-01-02 00:30:30;humidity;69.73;False
S0005;2026-01-02 00:30:30;ventilation;0.973;False
S0007;2026-01-02 00:30:30;temperature;19.254;False
S0010;2026-01-02 00:30:30;CO2_level;634;False
S0007;2026-01-02 00:30:45;temperature;25.888;False
S0001;2026-01-02 00:30:45;temperature;26.628;False
S0005;2026-01-02 00:30:45;ventilation;0.635;False
S0010;2026-01-02 00:30:45;CO2_level;1092;False
S0004;2026-01-02 00:30:45;CO2_level;688;False
S0011;2026-01-02 00:30:45;ventilation;0.605;False
S0011;2026-01-02 00:31:00;ventilation;0.965;False
S0009;2026-01-02 00:31:00;humidity;null;True
S0003;2026-01-02 00:31:00;humidity;67.383;False
S0010;2026-01-02 00:31:00;CO2_level;647;False
S0001;2026-01-02 00:31:00;temperature;17.761;False
S0007;2026-01-02 00:31:00;temperature;24.789;False
S0005;2026-01-02 00:31:00;ventilation;0.85;False
S0004;2026-01-02 00:31:00;CO2_level;802;False
S0001;2026-01-02 00:31:15;temperature;16.697;False
S0011;2026-01-02 00:31:15;ventilation;1.717;True
S0004;2026-01-02 00:31:15;CO2_level;1122;False
S0005;2026-01-02 00:31:15;ventilation;0.692;False
S0007;2026-01-02 00:31:15;temperature;16.755;False
S0010;2026-01-02 00:31:15;CO2_level;970;False
S0001;2026-01-02 00:31:30;temperature;9.414;True
S0003;2026-01-02 00:31:30;humidity;60.397;False
S0004;2026-01-02 00:31:30;CO2_level;747;False
S0010;2026-01-02 00:31:30;CO2_level;849;False
S0007;2026-01-02 00:31:30;temperature;17.318;False
S0005;2026-01-02 00:31:30;ventilation;0.635;False
S0011;2026-01-02 00:31:30;ventilation;0.698;False
S0009;2026-01-02 00:31:30;humidity;34.007;True
S0004;2026-01-02 00:31:45;CO2_level;894;False
S0007;2026-01-02 00:31:45;temperature;26.675;False
S0010;2026-01-02 00:31:45;CO2_level;999;False
S0005;2026-01-02 00:31:45;ventilation;0.649;False
S0001;2026-01-02 00:31:45;temperature;24.64;False
S0011;2026-01-02 00:31:45;ventilation;0.793;False
S0011;2026-01-02 00:32:00;ventilation;0.672;False
S0004;2026-01-02 00:32:00;CO2_level;825;False
S0009;2026-01-02 00:32:00;humidity;null;True
S0005;2026-01-02 00:32:00;ventilation;0.535;False
S0001;2026-01-02 00:32:00;temperature;15.019;False
S0010;2026-01-02 00:32:00;CO2_level;606;False
S0007;2026-01-02 00:32:00;temperature;13.445;True
S0003;2026-01-02 00:32:00;humidity;63.88;False
S0011;2026-01-02 00:32:15;ventilation;0.55;False
S0005;2026-01-02 00:32:15;ventilation;null;True
S0004;2026-01-02 00:32:15;CO2_level;751;False
S0001;2026-01-02 00:32:15;temperature;24.52;False
S0007;2026-01-02 00:32:15;temperature;24.891;False
S0010;2026-01-02 00:32:15;CO2_level;1146;False
S0009;2026-01-02 00:32:30;humidity;69.222;False
S0001;2026-01-02 00:32:30;temperature;25.338;False
S0005;2026-01-02 00:32:30;ventilation;0.937;False
S0011;2026-01-02 00:32:30;ventilation;0.119;True
S0003;2026-01-02 00:32:30;humidity;69.809;False
S0010;2026-01-02 00:32:30;CO2_level;1071;False
S0004;2026-01-02 00:32:30;CO2_level;904;False
S0007;2026-01-02 00:32:30;temperature;23.456;False
S0005;2026-01-02 00:32:45;ventilation;0.572;False
S0011;2026-01-02 00:32:45;ventilation;0.618;False
S0001;2026-01-02 00:32:45;temperature;21.828;False
S0004;2026-01-02 00:32:45;CO2_level;856;False
S0007;2026-01-02 00:32:45;temperature;22.847;False
S0010;2026-01-02 00:32:45;CO2_level;744;False
S0003;2026-01-02 00:33:00;humidity;68.156;False
S0007;2026-01-02 00:33:00;temperature;18.974;False
S0009;2026-01-02 00:33:00;humidity;61.316;False
S0010;2026-01-02 00:33:00;CO2_level;891;False
S0011;2026-01-02 00:33:00;ventilation;0.889;False
S0004;2026-01-02 00:33:00;CO2_level;1139;False
S0005;2026-01-02 00:33:00;ventilation;0.81;False
S0001;2026-01-02 00:33:00;temperature;20.474;False
S0007;2026-01-02 00:33:15;temperature;17.103;False
S0005;2026-01-02 00:33:15;ventilation;0.895;False
S0001;2026-01-02 00:33:15;temperature;18.471;False
S0010;2026-01-02 00:33:15;CO2_level;640;False
S0011;2026-01-02 00:33:15;ventilation;0.627;False
S0004;2026-01-02 00:33:15;CO2_level;1157;False
S0001;2026-01-02 00:33:30;temperature;17.873;False
S0009;2026-01-02 00:33:30;humidity;68.412;False
S0007;2026-01-02 00:33:30;temperature;23.769;False
S0005;2026-01-02 00:33:30;ventilation;0.607;False
S0011;2026-01-02 00:33:30;ventilation;0.976;False
S0004;2026-01-02 00:33:30;CO2_level;947;False
S0003;2026-01-02 00:33:30;humidity;65.991;False
S0010;2026-01-02 00:33:30;CO2_level;698;False
S0007;2026-01-02 00:33:45;temperature;19.828;False
S0011;2026-01-02 00:33:45;ventilation;0.804;False
S0001;2026-01-02 00:33:45;temperature;null;True
S0010;2026-01-02 00:33:45;CO2_level;null;True
S0004;2026-01-02 00:33:45;CO2_level;929;False
S0005;2026-01-02 00:33:45;ventilation;0.809;False
S0004;2026-01-02 00:34:00;CO2_level;1155;False
S0010;2026-01-02 00:34:00;CO2_level;1005;False
S0007;2026-01-02 00:34:00;temperature;15.343;False
S0009;2026-01-02 00:34:00;humidity;66.734;False
S0011;2026-01-02 00:34:00;ventilation;0.611;False
S0003;2026-01-02 00:34:00;humidity;66.536;False
S0001;2026-01-02 00:34:00;temperature;21.911;False
S0005;2026-01-02 00:34:00;ventilation;0.548;False
S0004;2026-01-02 00:34:15;CO2_level;1104;False
S0001;2026-01-02 00:34:15;temperature;15.769;False
S0007;2026-01-02 00:34:15;temperature;25.639;False
S0010;2026-01-02 00:34:15;CO2_level;659;False
S0005;2026-01-02 00:34:15;ventilation;0.92;False
S0011;2026-01-02 00:34:15;ventilation;0.775;False
S0003;2026-01-02 00:34:30;humidity;68.391;False
S0004;2026-01-02 00:34:30;CO2_level;697;False
S0010;2026-01-02 00:34:30;CO2_level;741;False
S0001;2026-01-02 00:34:30;temperature;24.127;False
S0005;2026-01-02 00:34:30;ventilation;0.532;False
S0009;2026-01-02 00:34:30;humidity;63.68;False
S0011;2026-01-02 00:34:30;ventilation;0.621;False
S0007;2026-01-02 00:34:30;temperature;25.071;False
S0001;2026-01-02 00:34:45;temperature;17.972;False
S0004;2026-01-02 00:34:45;CO2_level;677;False
S0010;2026-01-02 00:34:45;CO2_level;771;False
S0011;2026-01-02 00:34:45;ventilation;0.589;False
S0005;2026-01-02 00:34:45;ventilation;0.748;False
S0007;2026-01-02 00:34:45;temperature;16.458;False
S0007;2026-01-02 00:35:00;temperature;21.698;False
S0003;2026-01-02 00:35:00;humidity;65.741;False
S0001;2026-01-02 00:35:00;temperature;20.344;False
S0004;2026-01-02 00:35:00;CO2_level;1143;False
S0010;2026-01-02 00:35:00;CO2_level;995;False
S0011;2026-01-02 00:35:00;ventilation;0.885;False
S0005;2026-01-02 00:35:00;ventilation;0.782;False
S0009;2026-01-02 00:35:00;humidity;61.036;False
S0010;2026-01-02 00:35:15;CO2_level;673;False
S0004;2026-01-02 00:35:15;CO2_level;620;False
S0005;2026-01-02 00:35:15;ventilation;0.928;False
S0001;2026-01-02 00:35:15;temperature;26.039;False
S0007;2026-01-02 00:35:15;temperature;24.922;False
S0011;2026-01-02 00:35:15;ventilation;0.766;False
S0005;2026-01-02 00:35:30;ventilation;0.706;False
S0011;2026-01-02 00:35:30;ventilation;0.87;False
S0009;2026-01-02 00:35:30;humidity;64.198;False
S0003;2026-01-02 00:35:30;humidity;69.692;False
S0010;2026-01-02 00:35:30;CO2_level;1170;False
S0004;2026-01-02 00:35:30;CO2_level;943;False
S0007;2026-01-02 00:35:30;temperature;21.653;False
S0001;2026-01-02 00:35:30;temperature;15.088;False
S0004;2026-01-02 00:35:45;CO2_level;1198;False
S0001;2026-01-02 00:35:45;temperature;22.14;False
S0011;2026-01-02 00:35:45;ventilation;0.577;False
S0005;2026-01-02 00:35:45;ventilation;0.894;False
S0007;2026-01-02 00:35:45;temperature;20.755;False
S0010;2026-01-02 00:35:45;CO2_level;766;False
S0011;2026-01-02 00:36:00;ventilation;0.809;False
S0007;2026-01-02 00:36:00;temperature;26.857;False
S0004;2026-01-02 00:36:00;CO2_level;1040;False
S0010;2026-01-02 00:36:00;CO2_level;900;False
S0003;2026-01-02 00:36:00;humidity;69.999;False
S0001;2026-01-02 00:36:00;temperature;23.894;False
S0005;2026-01-02 00:36:00;ventilation;0.945;False
S0009;2026-01-02 00:36:00;humidity;63.487;False
S0011;2026-01-02 00:36:15;ventilation;0.813;False
S0007;2026-01-02 00:36:15;temperature;15.794;False
S0005;2026-01-02 00:36:15;ventilation;0.852;False
S0010;2026-01-02 00:36:15;CO2_level;1120;False
S0004;2026-01-02 00:36:15;CO2_level;910;False
S0001;2026-01-02 00:36:15;temperature;22.712;False
S0004;2026-01-02 00:36:30;CO2_level;1153;False
S0001;2026-01-02 00:36:30;temperature;15.212;False
S0007;2026-01-02 00:36:30;temperature;23.605;False
S0003;2026-01-02 00:36:30;humidity;62.159;False
S0009;2026-01-02 00:36:30;humidity;67.077;False
S0011;2026-01-02 00:36:30;ventilation;0.992;False
S0010;2026-01-02 00:36:30;CO2_level;1024;False
S0005;2026-01-02 00:36:30;ventilation;0.782;False
S0001;2026-01-02 00:36:45;temperature;19.415;False
S0004;2026-01-02 00:36:45;CO2_level;1148;False
S0005;2026-01-02 00:36:45;ventilation;0.944;False
S0011;2026-01-02 00:36:45;ventilation;0.923;False
S0010;2026-01-02 00:36:45;CO2_level;404;True
S0007;2026-01-02 00:36:45;temperature;23.632;False
S0011;2026-01-02 00:37:00;ventilation;0.561;False
S0005;2026-01-02 00:37:00;ventilation;0.514;False
S0004;2026-01-02 00:37:00;CO2_level;1083;False
S0010;2026-01-02 00:37:00;CO2_level;643;False
S0007;2026-01-02 00:37:00;temperature;22.61;False
S0001;2026-01-02 00:37:00;temperature;26.275;False
S0003;2026-01-02 00:37:00;humidity;69.389;False
S0009;2026-01-02 00:37:00;humidity;64.504;False
S0004;2026-01-02 00:37:15;CO2_level;791;False
S0005;2026-01-02 00:37:15;ventilation;0.719;False
S0011;2026-01-02 00:37:15;ventilation;0.658;False
S0007;2026-01-02 00:37:15;temperature;21.395;False
S0010;2026-01-02 00:37:15;CO2_level;619;False
S0001;2026-01-02 00:37:15;temperature;26.008;False
S0005;2026-01-02 00:37:30;ventilation;0.793;False
S0007;2026-01-02 00:37:30;temperature;23.212;False
S0009;2026-01-02 00:37:30;humidity;69.321;False
S0003;2026-01-02 00:37:30;humidity;67.42;False
S0011;2026-01-02 00:37:30;ventilation;0.711;False
S0004;2026-01-02 00:37:30;CO2_level;1058;False
S0001;2026-01-02 00:37:30;temperature;19.248;False
S0010;2026-01-02 00:37:30;CO2_level;1133;False
S0007;2026-01-02 00:37:45;temperature;15.716;False
S0005;2026-01-02 00:37:45;ventilation;0.912;False
S0001;2026-01-02 00:37:45;temperature;19.863;False
S0010;2026-01-02 00:37:45;CO2_level;1166;False
S0011;2026-01-02 00:37:45;ventilation;0.591;False
S0004;2026-01-02 00:37:45;CO2_level;719;False
S0009;2026-01-02 00:38:00;humidity;65.008;False
S0001;2026-01-02 00:38:00;temperature;20.372;False
S0010;2026-01-02 00:38:00;CO2_level;931;False
S0004;2026-01-02 00:38:00;CO2_level;619;False
S0011;2026-01-02 00:38:00;ventilation;0.641;False
S0005;2026-01-02 00:38:00;ventilation;0.736;False
S0003;2026-01-02 00:38:00;humidity;69.796;False
S0007;2026-01-02 00:38:00;temperature;23.388;False
S0005;2026-01-02 00:38:15;ventilation;0.522;False
S0007;2026-01-02 00:38:15;temperature;20.173;False
S0004;2026-01-02 00:38:15;CO2_level;990;False
S0001;2026-01-02 00:38:15;temperature;16.991;False
S0010;2026-01-02 00:38:15;CO2_level;630;False
S0011;2026-01-02 00:38:15;ventilation;0.527;False
S0003;2026-01-02 00:38:30;humidity;65.207;False
S0004;2026-01-02 00:38:30;CO2_level;1146;False
S0009;2026-01-02 00:38:30;humidity;65.912;False
S0011;2026-01-02 00:38:30;ventilation;0.778;False
S0001;2026-01-02 00:38:30;temperature;25.242;False
S0007;2026-01-02 00:38:30;temperature;22.151;False
S0010;2026-01-02 00:38:30;CO2_level;797;False
S0005;2026-01-02 00:38:30;ventilation;0.7;False
S0011;2026-01-02 00:38:45;ventilation;0.901;False
S0007;2026-01-02 00:38:45;temperature;23.784;False
S0001;2026-01-02 00:38:45;temperature;22.636;False
S0010;2026-01-02 00:38:45;CO2_level;821;False
S0004;2026-01-02 00:38:45;CO2_level;742;False
S0005;2026-01-02 00:38:45;ventilation;0.739;False
S0004;2026-01-02 00:39:00;CO2_level;848;False
S0009;2026-01-02 00:39:00;humidity;66.067;False
S0010;2026-01-02 00:39:00;CO2_level;1045;False
S0001;2026-01-02 00:39:00;temperature;21.86;False
S0007;2026-01-02 00:39:00;temperature;20.949;False
S0003;2026-01-02 00:39:00;humidity;68.754;False
S0011;2026-01-02 00:39:00;ventilation;0.815;False
S0005;2026-01-02 00:39:00;ventilation;0.936;False
S0005;2026-01-02 00:39:15;ventilation;0.568;False
S0001;2026-01-02 00:39:15;temperature;32.804;True
S0007;2026-01-02 00:39:15;temperature;23.735;False
S0004;2026-01-02 00:39:15;CO2_level;724;False
S0010;2026-01-02 00:39:15;CO2_level;782;False
S0011;2026-01-02 00:39:15;ventilation;0.707;False
S0007;2026-01-02 00:39:30;temperature;26.175;False
S0001;2026-01-02 00:39:30;temperature;25.08;False
S0005;2026-01-02 00:39:30;ventilation;0.937;False
S0009;2026-01-02 00:39:30;humidity;69.904;False
S0011;2026-01-02 00:39:30;ventilation;0.81;False
S0010;2026-01-02 00:39:30;CO2_level;852;False
S0003;2026-01-02 00:39:30;humidity;65.039;False
S0004;2026-01-02 00:39:30;CO2_level;887;False
S0001;2026-01-02 00:39:45;temperature;16.277;False
S0007;2026-01-02 00:39:45;temperature;26.009;False
S0010;2026-01-02 00:39:45;CO2_level;1019;False
S0005;2026-01-02 00:39:45;ventilation;0.979;False
S0011;2026-01-02 00:39:45;ventilation;0.879;False
S0004;2026-01-02 00:39:45;CO2_level;902;False
S0001;2026-01-02 00:40:00;temperature;16.776;False
S0009;2026-01-02 00:40:00;humidity;69.485;False
S0004;2026-01-02 00:40:00;CO2_level;900;False
S0010;2026-01-02 00:40:00;CO2_level;796;False
S0005;2026-01-02 00:40:00;ventilation;0.908;False
S0011;2026-01-02 00:40:00;ventilation;1.372;True
S0007;2026-01-02 00:40:00;temperature;22.292;False
S0003;2026-01-02 00:40:00;humidity;66.22;False
S0011;2026-01-02 00:40:15;ventilation;1.143;True
S0007;2026-01-02 00:40:15;temperature;15.845;False
S0004;2026-01-02 00:40:15;CO2_level;744;False
S0001;2026-01-02 00:40:15;temperature;16.019;False
S0005;2026-01-02 00:40:15;ventilation;0.979;False
S0010;2026-01-02 00:40:15;CO2_level;1104;False
S0005;2026-01-02 00:40:30;ventilation;0.958;False
S0007;2026-01-02 00:40:30;temperature;21.161;False
S0004;2026-01-02 00:40:30;CO2_level;774;False
S0003;2026-01-02 00:40:30;humidity;61.611;False
S0010;2026-01-02 00:40:30;CO2_level;1040;False
S0011;2026-01-02 00:40:30;ventilation;0.821;False
S0009;2026-01-02 00:40:30;humidity;69.381;False
S0001;2026-01-02 00:40:30;temperature;20.725;False
S0011;2026-01-02 00:40:45;ventilation;0.864;False
S0010;2026-01-02 00:40:45;CO2_level;696;False
S0007;2026-01-02 00:40:45;temperature;20.537;False
S0004;2026-01-02 00:40:45;CO2_level;703;False
S0005;2026-01-02 00:40:45;ventilation;0.519;False
S0001;2026-01-02 00:40:45;temperature;25.506;False
S0007;2026-01-02 00:41:00;temperature;22.028;False
S0005;2026-01-02 00:41:00;ventilation;0.507;False
S0009;2026-01-02 00:41:00;humidity;69.496;False
S0001;2026-01-02 00:41:00;temperature;20.323;False
S0003;2026-01-02 00:41:00;humidity;65.464;False
S0004;2026-01-02 00:41:00;CO2_level;856;False
S0011;2026-01-02 00:41:00;ventilation;0.717;False
S0010;2026-01-02 00:41:00;CO2_level;704;False
S0007;2026-01-02 00:41:15;temperature;19.679;False
S0004;2026-01-02 00:41:15;CO2_level;720;False
S0010;2026-01-02 00:41:15;CO2_level;1019;False
S0011;2026-01-02 00:41:15;ventilation;0.846;False
S0005;2026-01-02 00:41:15;ventilation;0.703;False
S0001;2026-01-02 00:41:15;temperature;24.005;False
S0009;2026-01-02 00:41:30;humidity;68.666;False
S0011;2026-01-02 00:41:30;ventilation;0.755;False
S0010;2026-01-02 00:41:30;CO2_level;1000;False
S0001;2026-01-02 00:41:30;temperature;18.791;False
S0004;2026-01-02 00:41:30;CO2_level;1032;False
S0005;2026-01-02 00:41:30;ventilation;0.709;False
S0003;2026-01-02 00:41:30;humidity;65.184;False
S0007;2026-01-02 00:41:30;temperature;20.01;False
S0004;2026-01-02 00:41:45;CO2_level;796;False
S0011;2026-01-02 00:41:45;ventilation;0.605;False
S0010;2026-01-02 00:41:45;CO2_level;640;False
S0001;2026-01-02 00:41:45;temperature;19.426;False
S0005;2026-01-02 00:41:45;ventilation;0.736;False
S0007;2026-01-02 00:41:45;temperature;21.793;False
S0005;2026-01-02 00:42:00;ventilation;0.763;False
S0011;2026-01-02 00:42:00;ventilation;0.848;False
S0007;2026-01-02 00:42:00;temperature;18.764;False
S0004;2026-01-02 00:42:00;CO2_level;684;False
S0001;2026-01-02 00:42:00;temperature;25.636;False
S0003;2026-01-02 00:42:00;humidity;64.422;False
S0010;2026-01-02 00:42:00;CO2_level;1141;False
S0009;2026-01-02 00:42:00;humidity;63.879;False
S0010;2026-01-02 00:42:15;CO2_level;716;False
S0007;2026-01-02 00:42:15;temperature;26.75;False
S0004;2026-01-02 00:42:15;CO2_level;719;False
S0011;2026-01-02 00:42:15;ventilation;0.711;False
S0005;2026-01-02 00:42:15;ventilation;0.622;False
S0001;2026-01-02 00:42:15;temperature;16.69;False
S0010;2026-01-02 00:42:30;CO2_level;604;False
S0007;2026-01-02 00:42:30;temperature;19.379;False
S0004;2026-01-02 00:42:30;CO2_level;932;False
S0009;2026-01-02 00:42:30;humidity;null;True
S0005;2026-01-02 00:42:30;ventilation;0.938;False
S0001;2026-01-02 00:42:30;temperature;23.687;False
S0011;2026-01-02 00:42:30;ventilation;0.839;False
S0003;2026-01-02 00:42:30;humidity;69.954;False
S0011;2026-01-02 00:42:45;ventilation;0.796;False
S0010;2026-01-02 00:42:45;CO2_level;626;False
S0005;2026-01-02 00:42:45;ventilation;0.991;False
S0007;2026-01-02 00:42:45;temperature;17.69;False
S0001;2026-01-02 00:42:45;temperature;19.98;False
S0004;2026-01-02 00:42:45;CO2_level;796;False
S0010;2026-01-02 00:43:00;CO2_level;639;False
S0005;2026-01-02 00:43:00;ventilation;0.69;False
S0001;2026-01-02 00:43:00;temperature;19.525;False
S0004;2026-01-02 00:43:00;CO2_level;660;False
S0011;2026-01-02 00:43:00;ventilation;0.807;False
S0007;2026-01-02 00:43:00;temperature;20.157;False
S0009;2026-01-02 00:43:00;humidity;71.327;True
S0003;2026-01-02 00:43:00;humidity;67.347;False
S0001;2026-01-02 00:43:15;temperature;12.144;True
S0007;2026-01-02 00:43:15;temperature;19.676;False
S0010;2026-01-02 00:43:15;CO2_level;646;False
S0005;2026-01-02 00:43:15;ventilation;0.51;False
S0004;2026-01-02 00:43:15;CO2_level;951;False
S0011;2026-01-02 00:43:15;ventilation;0.665;False
S0007;2026-01-02 00:43:30;temperature;15.475;False
S0010;2026-01-02 00:43:30;CO2_level;1144;False
S0005;2026-01-02 00:43:30;ventilation;0.944;False
S0004;2026-01-02 00:43:30;CO2_level;1055;False
S0003;2026-01-02 00:43:30;humidity;61.378;False
S0011;2026-01-02 00:43:30;ventilation;0.703;False
S0001;2026-01-02 00:43:30;temperature;20.442;False
S0009;2026-01-02 00:43:30;humidity;64.979;False
S0004;2026-01-02 00:43:45;CO2_level;749;False
S0001;2026-01-02 00:43:45;temperature;22.547;False
S0005;2026-01-02 00:43:45;ventilation;0.943;False
S0011;2026-01-02 00:43:45;ventilation;0.973;False
S0010;2026-01-02 00:43:45;CO2_level;null;True
S0007;2026-01-02 00:43:45;temperature;15.496;False
S0001;2026-01-02 00:44:00;temperature;19.155;False
S0004;2026-01-02 00:44:00;CO2_level;1207;True
S0005;2026-01-02 00:44:00;ventilation;0.548;False
S0003;2026-01-02 00:44:00;humidity;62.966;False
S0007;2026-01-02 00:44:00;temperature;15.488;False
S0010;2026-01-02 00:44:00;CO2_level;619;False
S0011;2026-01-02 00:44:00;ventilation;0.98;False
S0009;2026-01-02 00:44:00;humidity;66.857;False
S0010;2026-01-02 00:44:15;CO2_level;616;False
S0005;2026-01-02 00:44:15;ventilation;1.966;True
S0004;2026-01-02 00:44:15;CO2_level;796;False
S0007;2026-01-02 00:44:15;temperature;25.519;False
S0011;2026-01-02 00:44:15;ventilation;0.458;True
S0001;2026-01-02 00:44:15;temperature;18.285;False
S0003;2026-01-02 00:44:30;humidity;60.659;False
S0009;2026-01-02 00:44:30;humidity;63.914;False
S0001;2026-01-02 00:44:30;temperature;17.366;False
S0004;2026-01-02 00:44:30;CO2_level;797;False
S0011;2026-01-02 00:44:30;ventilation;0.101;True
S0010;2026-01-02 00:44:30;CO2_level;804;False
S0005;2026-01-02 00:44:30;ventilation;0.692;False
S0007;2026-01-02 00:44:30;temperature;26.4;False
S0004;2026-01-02 00:44:45;CO2_level;812;False
S0001;2026-01-02 00:44:45;temperature;25.292;False
S0005;2026-01-02 00:44:45;ventilation;0.92;False
S0011;2026-01-02 00:44:45;ventilation;0.949;False
S0007;2026-01-02 00:44:45;temperature;17.164;False
S0010;2026-01-02 00:44:45;CO2_level;1017;False
S0007;2026-01-02 00:45:00;temperature;25.19;False
S0011;2026-01-02 00:45:00;ventilation;0.605;False
S0004;2026-01-02 00:45:00;CO2_level;677;False
S0009;2026-01-02 00:45:00;humidity;69.316;False
S0001;2026-01-02 00:45:00;temperature;22.852;False
S0010;2026-01-02 00:45:00;CO2_level;916;False
S0003;2026-01-02 00:45:00;humidity;69.747;False
S0005;2026-01-02 00:45:00;ventilation;0.627;False
S0001;2026-01-02 00:45:15;temperature;26.739;False
S0004;2026-01-02 00:45:15;CO2_level;995;False
S0011;2026-01-02 00:45:15;ventilation;0.757;False
S0010;2026-01-02 00:45:15;CO2_level;637;False
S0005;2026-01-02 00:45:15;ventilation;0.674;False
S0007;2026-01-02 00:45:15;temperature;22.97;False
S0003;2026-01-02 00:45:30;humidity;60.65;False
S0007;2026-01-02 00:45:30;temperature;22.247;False
S0010;2026-01-02 00:45:30;CO2_level;1273;True
S0011;2026-01-02 00:45:30;ventilation;0.789;False
S0004;2026-01-02 00:45:30;CO2_level;632;False
S0001;2026-01-02 00:45:30;temperature;20.467;False
S0005;2026-01-02 00:45:30;ventilation;0.507;False
S0009;2026-01-02 00:45:30;humidity;62.352;False
S0011;2026-01-02 00:45:45;ventilation;0.882;False
S0010;2026-01-02 00:45:45;CO2_level;736;False
S0007;2026-01-02 00:45:45;temperature;20.943;False
S0001;2026-01-02 00:45:45;temperature;18.098;False
S0004;2026-01-02 00:45:45;CO2_level;917;False
S0005;2026-01-02 00:45:45;ventilation;0.503;False
S0010;2026-01-02 00:46:00;CO2_level;1046;False
S0001;2026-01-02 00:46:00;temperature;25.286;False
S0004;2026-01-02 00:46:00;CO2_level;1058;False
S0009;2026-01-02 00:46:00;humidity;68.637;False
S0003;2026-01-02 00:46:00;humidity;60.619;False
S0011;2026-01-02 00:46:00;ventilation;0.889;False
S0007;2026-01-02 00:46:00;temperature;25.781;False
S0005;2026-01-02 00:46:00;ventilation;0.701;False
S0011;2026-01-02 00:46:15;ventilation;0.648;False
S0007;2026-01-02 00:46:15;temperature;23.819;False
S0001;2026-01-02 00:46:15;temperature;26.488;False
S0010;2026-01-02 00:46:15;CO2_level;1188;False
S0004;2026-01-02 00:46:15;CO2_level;1155;False
S0005;2026-01-02 00:46:15;ventilation;0.657;False
S0010;2026-01-02 00:46:30;CO2_level;765;False
S0004;2026-01-02 00:46:30;CO2_level;945;False
S0009;2026-01-02 00:46:30;humidity;63.81;False
S0003;2026-01-02 00:46:30;humidity;66.632;False
S0001;2026-01-02 00:46:30;temperature;25.581;False
S0011;2026-01-02 00:46:30;ventilation;0.624;False
S0005;2026-01-02 00:46:30;ventilation;0.799;False
S0007;2026-01-02 00:46:30;temperature;25.549;False
S0001;2026-01-02 00:46:45;temperature;16.588;False
S0007;2026-01-02 00:46:45;temperature;26.205;False
S0011;2026-01-02 00:46:45;ventilation;0.669;False
S0005;2026-01-02 00:46:45;ventilation;null;True
S0004;2026-01-02 00:46:45;CO2_level;753;False
S0010;2026-01-02 00:46:45;CO2_level;1120;False
S0007;2026-01-02 00:47:00;temperature;22.284;False
S0009;2026-01-02 00:47:00;humidity;68.162;False
S0011;2026-01-02 00:47:00;ventilation;0.866;False
S0010;2026-01-02 00:47:00;CO2_level;723;False
S0004;2026-01-02 00:47:00;CO2_level;868;False
S0005;2026-01-02 00:47:00;ventilation;0.966;False
S0001;2026-01-02 00:47:00;temperature;10.252;True
S0003;2026-01-02 00:47:00;humidity;62.124;False
S0005;2026-01-02 00:47:15;ventilation;0.943;False
S0011;2026-01-02 00:47:15;ventilation;0.852;False
S0010;2026-01-02 00:47:15;CO2_level;1188;False
S0001;2026-01-02 00:47:15;temperature;24.524;False
S0007;2026-01-02 00:47:15;temperature;24.264;False
S0004;2026-01-02 00:47:15;CO2_level;631;False
S0009;2026-01-02 00:47:30;humidity;65.745;False
S0004;2026-01-02 00:47:30;CO2_level;1128;False
S0005;2026-01-02 00:47:30;ventilation;0.711;False
S0003;2026-01-02 00:47:30;humidity;61.637;False
S0011;2026-01-02 00:47:30;ventilation;0.775;False
S0007;2026-01-02 00:47:30;temperature;24.72;False
S0001;2026-01-02 00:47:30;temperature;21.676;False
S0010;2026-01-02 00:47:30;CO2_level;920;False
S0007;2026-01-02 00:47:45;temperature;16.725;False
S0004;2026-01-02 00:47:45;CO2_level;350;True
S0011;2026-01-02 00:47:45;ventilation;0.978;False
S0001;2026-01-02 00:47:45;temperature;17.801;False
S0005;2026-01-02 00:47:45;ventilation;0.797;False
S0010;2026-01-02 00:47:45;CO2_level;662;False
S0010;2026-01-02 00:48:00;CO2_level;958;False
S0001;2026-01-02 00:48:00;temperature;21.35;False
S0009;2026-01-02 00:48:00;humidity;63.618;False
S0005;2026-01-02 00:48:00;ventilation;0.716;False
S0004;2026-01-02 00:48:00;CO2_level;750;False
S0011;2026-01-02 00:48:00;ventilation;0.859;False
S0007;2026-01-02 00:48:00;temperature;18.964;False
S0003;2026-01-02 00:48:00;humidity;68.146;False
S0004;2026-01-02 00:48:15;CO2_level;664;False
S0007;2026-01-02 00:48:15;temperature;21.25;False
S0011;2026-01-02 00:48:15;ventilation;0.518;False
S0005;2026-01-02 00:48:15;ventilation;1.626;True
S0001;2026-01-02 00:48:15;temperature;22.832;False
S0010;2026-01-02 00:48:15;CO2_level;773;False
S0001;2026-01-02 00:48:30;temperature;17.555;False
S0004;2026-01-02 00:48:30;CO2_level;614;False
S0005;2026-01-02 00:48:30;ventilation;0.951;False
S0009;2026-01-02 00:48:30;humidity;69.586;False
S0010;2026-01-02 00:48:30;CO2_level;830;False
S0007;2026-01-02 00:48:30;temperature;22.65;False
S0011;2026-01-02 00:48:30;ventilation;0.662;False
S0003;2026-01-02 00:48:30;humidity;69.231;False
S0011;2026-01-02 00:48:45;ventilation;0.664;False
S0001;2026-01-02 00:48:45;temperature;22.823;False
S0004;2026-01-02 00:48:45;CO2_level;1048;False
S0005;2026-01-02 00:48:45;ventilation;0.615;False
S0007;2026-01-02 00:48:45;temperature;26.561;False
S0010;2026-01-02 00:48:45;CO2_level;885;False
S0004;2026-01-02 00:49:00;CO2_level;983;False
S0005;2026-01-02 00:49:00;ventilation;0.718;False
S0007;2026-01-02 00:49:00;temperature;15.897;False
S0009;2026-01-02 00:49:00;humidity;62.218;False
S0003;2026-01-02 00:49:00;humidity;67.148;False
S0011;2026-01-02 00:49:00;ventilation;0.63;False
S0010;2026-01-02 00:49:00;CO2_level;1116;False
S0001;2026-01-02 00:49:00;temperature;15.03;False
S0011;2026-01-02 00:49:15;ventilation;0.81;False
S0010;2026-01-02 00:49:15;CO2_level;618;False
S0007;2026-01-02 00:49:15;temperature;15.808;False
S0004;2026-01-02 00:49:15;CO2_level;1034;False
S0001;2026-01-02 00:49:15;temperature;24.186;False
S0005;2026-01-02 00:49:15;ventilation;0.922;False
S0011;2026-01-02 00:49:30;ventilation;0.828;False
S0007;2026-01-02 00:49:30;temperature;21.419;False
S0009;2026-01-02 00:49:30;humidity;69.763;False
S0003;2026-01-02 00:49:30;humidity;62.345;False
S0004;2026-01-02 00:49:30;CO2_level;1150;False
S0010;2026-01-02 00:49:30;CO2_level;782;False
S0005;2026-01-02 00:49:30;ventilation;0.919;False
S0001;2026-01-02 00:49:30;temperature;null;True
S0010;2026-01-02 00:49:45;CO2_level;737;False
S0005;2026-01-02 00:49:45;ventilation;0.877;False
S0001;2026-01-02 00:49:45;temperature;3.186;True
S0004;2026-01-02 00:49:45;CO2_level;740;False
S0007;2026-01-02 00:49:45;temperature;23.157;False
S0011;2026-01-02 00:49:45;ventilation;0.761;False
S0001;2026-01-02 00:50:00;temperature;23.436;False
S0010;2026-01-02 00:50:00;CO2_level;826;False
S0005;2026-01-02 00:50:00;ventilation;0.991;False
S0003;2026-01-02 00:50:00;humidity;64.713;False
S0007;2026-01-02 00:50:00;temperature;32.625;True
S0011;2026-01-02 00:50:00;ventilation;0.937;False
S0009;2026-01-02 00:50:00;humidity;66.126;False
S0004;2026-01-02 00:50:00;CO2_level;902;False
S0011;2026-01-02 00:50:15;ventilation;0.643;False
S0001;2026-01-02 00:50:15;temperature;16.515;False
S0005;2026-01-02 00:50:15;ventilation;0.844;False
S0010;2026-01-02 00:50:15;CO2_level;1156;False
S0004;2026-01-02 00:50:15;CO2_level;662;False
S0007;2026-01-02 00:50:15;temperature;23.522;False
S0010;2026-01-02 00:50:30;CO2_level;624;False
S0005;2026-01-02 00:50:30;ventilation;0.804;False
S0001;2026-01-02 00:50:30;temperature;25.047;False
S0007;2026-01-02 00:50:30;temperature;16.75;False
S0003;2026-01-02 00:50:30;humidity;67.158;False
S0011;2026-01-02 00:50:30;ventilation;0.966;False
S0009;2026-01-02 00:50:30;humidity;60.056;False
S0004;2026-01-02 00:50:30;CO2_level;1019;False
S0004;2026-01-02 00:50:45;CO2_level;993;False
S0011;2026-01-02 00:50:45;ventilation;1.107;True
S0001;2026-01-02 00:50:45;temperature;26.532;False
S0010;2026-01-02 00:50:45;CO2_level;1038;False
S0007;2026-01-02 00:50:45;temperature;20.241;False
S0005;2026-01-02 00:50:45;ventilation;0.761;False
S0010;2026-01-02 00:51:00;CO2_level;995;False
S0009;2026-01-02 00:51:00;humidity;68.584;False
S0005;2026-01-02 00:51:00;ventilation;0.733;False
S0007;2026-01-02 00:51:00;temperature;16.9;False
S0003;2026-01-02 00:51:00;humidity;68.223;False
S0004;2026-01-02 00:51:00;CO2_level;908;False
S0011;2026-01-02 00:51:00;ventilation;0.72;False
S0001;2026-01-02 00:51:00;temperature;21.347;False
S0011;2026-01-02 00:51:15;ventilation;0.771;False
S0001;2026-01-02 00:51:15;temperature;17.188;False
S0005;2026-01-02 00:51:15;ventilation;0.696;False
S0010;2026-01-02 00:51:15;CO2_level;1112;False
S0004;2026-01-02 00:51:15;CO2_level;1112;False
S0007;2026-01-02 00:51:15;temperature;16.501;False
S0011;2026-01-02 00:51:30;ventilation;0.941;False
S0004;2026-01-02 00:51:30;CO2_level;1179;False
S0003;2026-01-02 00:51:30;humidity;68.417;False
S0001;2026-01-02 00:51:30;temperature;18.76;False
S0007;2026-01-02 00:51:30;temperature;23.403;False
S0009;2026-01-02 00:51:30;humidity;60.183;False
S0010;2026-01-02 00:51:30;CO2_level;1057;False
S0005;2026-01-02 00:51:30;ventilation;0.682;False
S0001;2026-01-02 00:51:45;temperature;23.408;False
S0005;2026-01-02 00:51:45;ventilation;0.885;False
S0011;2026-01-02 00:51:45;ventilation;0.705;False
S0004;2026-01-02 00:51:45;CO2_level;646;False
S0007;2026-01-02 00:51:45;temperature;18.752;False
S0010;2026-01-02 00:51:45;CO2_level;734;False
S0004;2026-01-02 00:52:00;CO2_level;673;False
S0011;2026-01-02 00:52:00;ventilation;0.653;False
S0010;2026-01-02 00:52:00;CO2_level;1072;False
S0009;2026-01-02 00:52:00;humidity;60.423;False
S0005;2026-01-02 00:52:00;ventilation;0.897;False
S0003;2026-01-02 00:52:00;humidity;65.268;False
S0007;2026-01-02 00:52:00;temperature;24.702;False
S0001;2026-01-02 00:52:00;temperature;15.877;False
S0005;2026-01-02 00:52:15;ventilation;0.913;False
S0010;2026-01-02 00:52:15;CO2_level;745;False
S0011;2026-01-02 00:52:15;ventilation;0.528;False
S0004;2026-01-02 00:52:15;CO2_level;1169;False
S0007;2026-01-02 00:52:15;temperature;19.576;False
S0001;2026-01-02 00:52:15;temperature;17.892;False
S0009;2026-01-02 00:52:30;humidity;66.16;False
S0005;2026-01-02 00:52:30;ventilation;0.88;False
S0010;2026-01-02 00:52:30;CO2_level;1012;False
S0003;2026-01-02 00:52:30;humidity;64.439;False
S0001;2026-01-02 00:52:30;temperature;16.139;False
S0004;2026-01-02 00:52:30;CO2_level;605;False
S0007;2026-01-02 00:52:30;temperature;2.993;True
S0011;2026-01-02 00:52:30;ventilation;0.664;False
S0011;2026-01-02 00:52:45;ventilation;0.606;False
S0007;2026-01-02 00:52:45;temperature;24.465;False
S0010;2026-01-02 00:52:45;CO2_level;809;False
S0001;2026-01-02 00:52:45;temperature;17.084;False
S0005;2026-01-02 00:52:45;ventilation;0.56;False
S0004;2026-01-02 00:52:45;CO2_level;1190;False
S0009;2026-01-02 00:53:00;humidity;69.861;False
S0007;2026-01-02 00:53:00;temperature;28.993;True
S0011;2026-01-02 00:53:00;ventilation;0.904;False
S0004;2026-01-02 00:53:00;CO2_level;1239;True
S0010;2026-01-02 00:53:00;CO2_level;null;True
S0001;2026-01-02 00:53:00;temperature;25.204;False
S0005;2026-01-02 00:53:00;ventilation;0.567;False
S0003;2026-01-02 00:53:00;humidity;66.074;False
S0010;2026-01-02 00:53:15;CO2_level;1135;False
S0011;2026-01-02 00:53:15;ventilation;0.845;False
S0001;2026-01-02 00:53:15;temperature;24.654;False
S0007;2026-01-02 00:53:15;temperature;20.588;False
S0005;2026-01-02 00:53:15;ventilation;0.791;False
S0004;2026-01-02 00:53:15;CO2_level;210;True
S0003;2026-01-02 00:53:30;humidity;63.388;False
S0009;2026-01-02 00:53:30;humidity;79.017;True
S0007;2026-01-02 00:53:30;temperature;23.233;False
S0010;2026-01-02 00:53:30;CO2_level;830;False
S0005;2026-01-02 00:53:30;ventilation;0.942;False
S0011;2026-01-02 00:53:30;ventilation;0.533;False
S0001;2026-01-02 00:53:30;temperature;null;True
S0004;2026-01-02 00:53:30;CO2_level;679;False
S0005;2026-01-02 00:53:45;ventilation;0.995;False
S0007;2026-01-02 00:53:45;temperature;7.446;True
S0011;2026-01-02 00:53:45;ventilation;0.529;False
S0001;2026-01-02 00:53:45;temperature;17.425;False
S0004;2026-01-02 00:53:45;CO2_level;1066;False
S0010;2026-01-02 00:53:45;CO2_level;856;False
S0001;2026-01-02 00:54:00;temperature;19.685;False
S0003;2026-01-02 00:54:00;humidity;62.674;False
S0004;2026-01-02 00:54:00;CO2_level;792;False
S0005;2026-01-02 00:54:00;ventilation;0.502;False
S0009;2026-01-02 00:54:00;humidity;66.175;False
S0010;2026-01-02 00:54:00;CO2_level;1124;False
S0011;2026-01-02 00:54:00;ventilation;0.923;False
S0007;2026-01-02 00:54:00;temperature;18.905;False
S0007;2026-01-02 00:54:15;temperature;21.591;False
S0011;2026-01-02 00:54:15;ventilation;0.61;False
S0001;2026-01-02 00:54:15;temperature;16.103;False
S0010;2026-01-02 00:54:15;CO2_level;626;False
S0005;2026-01-02 00:54:15;ventilation;0.983;False
S0004;2026-01-02 00:54:15;CO2_level;1193;False
S0007;2026-01-02 00:54:30;temperature;20.93;False
S0003;2026-01-02 00:54:30;humidity;60.86;False
S0004;2026-01-02 00:54:30;CO2_level;786;False
S0009;2026-01-02 00:54:30;humidity;68.405;False
S0011;2026-01-02 00:54:30;ventilation;0.507;False
S0001;2026-01-02 00:54:30;temperature;23.951;False
S0005;2026-01-02 00:54:30;ventilation;0.839;False
S0010;2026-01-02 00:54:30;CO2_level;619;False
S0004;2026-01-02 00:54:45;CO2_level;959;False
S0005;2026-01-02 00:54:45;ventilation;0.963;False
S0010;2026-01-02 00:54:45;CO2_level;926;False
S0001;2026-01-02 00:54:45;temperature;15.735;False
S0007;2026-01-02 00:54:45;temperature;6.576;True
S0011;2026-01-02 00:54:45;ventilation;0.983;False
S0010;2026-01-02 00:55:00;CO2_level;1018;False
S0003;2026-01-02 00:55:00;humidity;69.208;False
S0005;2026-01-02 00:55:00;ventilation;0.927;False
S0004;2026-01-02 00:55:00;CO2_level;1160;False
S0007;2026-01-02 00:55:00;temperature;30.754;True
S0011;2026-01-02 00:55:00;ventilation;0.813;False
S0001;2026-01-02 00:55:00;temperature;23.381;False
S0009;2026-01-02 00:55:00;humidity;60.042;False
S0004;2026-01-02 00:55:15;CO2_level;1008;False
S0007;2026-01-02 00:55:15;temperature;20.143;False
S0011;2026-01-02 00:55:15;ventilation;0.672;False
S0005;2026-01-02 00:55:15;ventilation;0.625;False
S0001;2026-01-02 00:55:15;temperature;23.53;False
S0010;2026-01-02 00:55:15;CO2_level;522;True
S0007;2026-01-02 00:55:30;temperature;19.199;False
S0010;2026-01-02 00:55:30;CO2_level;1083;False
S0001;2026-01-02 00:55:30;temperature;19.357;False
S0009;2026-01-02 00:55:30;humidity;64.373;False
S0004;2026-01-02 00:55:30;CO2_level;763;False
S0011;2026-01-02 00:55:30;ventilation;0.595;False
S0005;2026-01-02 00:55:30;ventilation;0.745;False
S0003;2026-01-02 00:55:30;humidity;60.541;False
S0007;2026-01-02 00:55:45;temperature;23.822;False
S0010;2026-01-02 00:55:45;CO2_level;645;False
S0005;2026-01-02 00:55:45;ventilation;0.558;False
S0004;2026-01-02 00:55:45;CO2_level;986;False
S0001;2026-01-02 00:55:45;temperature;24.937;False
S0011;2026-01-02 00:55:45;ventilation;0.862;False
S0009;2026-01-02 00:56:00;humidity;62.201;False
S0005;2026-01-02 00:56:00;ventilation;0.926;False
S0004;2026-01-02 00:56:00;CO2_level;777;False
S0003;2026-01-02 00:56:00;humidity;61.167;False
S0001;2026-01-02 00:56:00;temperature;17.154;False
S0011;2026-01-02 00:56:00;ventilation;0.778;False
S0007;2026-01-02 00:56:00;temperature;18.185;False
S0010;2026-01-02 00:56:00;CO2_level;615;False
S0007;2026-01-02 00:56:15;temperature;22.495;False
S0010;2026-01-02 00:56:15;CO2_level;690;False
S0005;2026-01-02 00:56:15;ventilation;0.651;False
S0004;2026-01-02 00:56:15;CO2_level;838;False
S0001;2026-01-02 00:56:15;temperature;26.611;False
S0011;2026-01-02 00:56:15;ventilation;0.92;False
S0011;2026-01-02 00:56:30;ventilation;0.87;False
S0005;2026-01-02 00:56:30;ventilation;0.55;False
S0004;2026-01-02 00:56:30;CO2_level;1153;False
S0007;2026-01-02 00:56:30;temperature;19.609;False
S0003;2026-01-02 00:56:30;humidity;69.591;False
S0010;2026-01-02 00:56:30;CO2_level;797;False
S0009;2026-01-02 00:56:30;humidity;69.48;False
S0001;2026-01-02 00:56:30;temperature;21.217;False
S0001;2026-01-02 00:56:45;temperature;25.105;False
S0011;2026-01-02 00:56:45;ventilation;0.688;False
S0007;2026-01-02 00:56:45;temperature;18.998;False
S0004;2026-01-02 00:56:45;CO2_level;846;False
S0010;2026-01-02 00:56:45;CO2_level;761;False
S0005;2026-01-02 00:56:45;ventilation;0.811;False
S0005;2026-01-02 00:57:00;ventilation;0.633;False
S0004;2026-01-02 00:57:00;CO2_level;1098;False
S0009;2026-01-02 00:57:00;humidity;69.963;False
S0010;2026-01-02 00:57:00;CO2_level;1008;False
S0007;2026-01-02 00:57:00;temperature;32.166;True
S0001;2026-01-02 00:57:00;temperature;21.569;False
S0003;2026-01-02 00:57:00;humidity;69.76;False
S0011;2026-01-02 00:57:00;ventilation;0.751;False
S0004;2026-01-02 00:57:15;CO2_level;379;True
S0007;2026-01-02 00:57:15;temperature;19.202;False
S0005;2026-01-02 00:57:15;ventilation;0.548;False
S0001;2026-01-02 00:57:15;temperature;15.848;False
S0010;2026-01-02 00:57:15;CO2_level;849;False
S0011;2026-01-02 00:57:15;ventilation;0.625;False
S0005;2026-01-02 00:57:30;ventilation;0.986;False
S0010;2026-01-02 00:57:30;CO2_level;907;False
S0001;2026-01-02 00:57:30;temperature;15.471;False
S0007;2026-01-02 00:57:30;temperature;19.935;False
S0003;2026-01-02 00:57:30;humidity;null;True
S0009;2026-01-02 00:57:30;humidity;76.663;True
S0011;2026-01-02 00:57:30;ventilation;0.634;False
S0004;2026-01-02 00:57:30;CO2_level;901;False
S0011;2026-01-02 00:57:45;ventilation;0.81;False
S0001;2026-01-02 00:57:45;temperature;24.841;False
S0007;2026-01-02 00:57:45;temperature;21.883;False
S0005;2026-01-02 00:57:45;ventilation;0.552;False
S0010;2026-01-02 00:57:45;CO2_level;1172;False
S0004;2026-01-02 00:57:45;CO2_level;635;False
S0010;2026-01-02 00:58:00;CO2_level;667;False
S0003;2026-01-02 00:58:00;humidity;64.555;False
S0004;2026-01-02 00:58:00;CO2_level;1066;False
S0011;2026-01-02 00:58:00;ventilation;0.916;False
S0009;2026-01-02 00:58:00;humidity;60.442;False
S0001;2026-01-02 00:58:00;temperature;21.816;False
S0005;2026-01-02 00:58:00;ventilation;0.615;False
S0007;2026-01-02 00:58:00;temperature;22.001;False
S0001;2026-01-02 00:58:15;temperature;20.953;False
S0007;2026-01-02 00:58:15;temperature;26.423;False
S0010;2026-01-02 00:58:15;CO2_level;748;False
S0005;2026-01-02 00:58:15;ventilation;null;True
S0004;2026-01-02 00:58:15;CO2_level;753;False
S0011;2026-01-02 00:58:15;ventilation;0.945;False
S0001;2026-01-02 00:58:30;temperature;20.297;False
S0011;2026-01-02 00:58:30;ventilation;0.624;False
S0004;2026-01-02 00:58:30;CO2_level;938;False
S0003;2026-01-02 00:58:30;humidity;63.746;False
S0007;2026-01-02 00:58:30;temperature;32.692;True
S0010;2026-01-02 00:58:30;CO2_level;947;False
S0009;2026-01-02 00:58:30;humidity;60.59;False
S0005;2026-01-02 00:58:30;ventilation;0.836;False
S0007;2026-01-02 00:58:45;temperature;25.602;False
S0004;2026-01-02 00:58:45;CO2_level;944;False
S0005;2026-01-02 00:58:45;ventilation;0.799;False
S0001;2026-01-02 00:58:45;temperature;19.711;False
S0011;2026-01-02 00:58:45;ventilation;1.127;True
S0010;2026-01-02 00:58:45;CO2_level;982;False
S0010;2026-01-02 00:59:00;CO2_level;629;False
S0001;2026-01-02 00:59:00;temperature;19.619;False
S0003;2026-01-02 00:59:00;humidity;68.853;False
S0009;2026-01-02 00:59:00;humidity;63.219;False
S0011;2026-01-02 00:59:00;ventilation;0.757;False
S0007;2026-01-02 00:59:00;temperature;25.954;False
S0005;2026-01-02 00:59:00;ventilation;0.63;False
S0004;2026-01-02 00:59:00;CO2_level;952;False
S0007;2026-01-02 00:59:15;temperature;21.768;False
S0005;2026-01-02 00:59:15;ventilation;0.905;False
S0011;2026-01-02 00:59:15;ventilation;0.596;False
S0010;2026-01-02 00:59:15;CO2_level;223;True
S0001;2026-01-02 00:59:15;temperature;0.561;True
S0004;2026-01-02 00:59:15;CO2_level;1112;False
S0011;2026-01-02 00:59:30;ventilation;0.862;False
S0004;2026-01-02 00:59:30;CO2_level;732;False
S0003;2026-01-02 00:59:30;humidity;64.475;False
S0007;2026-01-02 00:59:30;temperature;19.783;False
S0009;2026-01-02 00:59:30;humidity;64.954;False
S0010;2026-01-02 00:59:30;CO2_level;823;False
S0001;2026-01-02 00:59:30;temperature;15.634;False
S0005;2026-01-02 00:59:30;ventilation;0.682;False
S0010;2026-01-02 00:59:45;CO2_level;1180;False
S0007;2026-01-02 00:59:45;temperature;24.719;False
S0004;2026-01-02 00:59:45;CO2_level;718;False
S0011;2026-01-02 00:59:45;ventilation;0.922;False
S0005;2026-01-02 00:59:45;ventilation;0.639;False
S0001;2026-01-02 00:59:45;temperature;18.43;False
S0001;2026-01-02 01:00:00;temperature;22.645;False
S0003;2026-01-02 01:00:00;humidity;64.042;False
S0004;2026-01-02 01:00:00;CO2_level;979;False
S0011;2026-01-02 01:00:00;ventilation;0.938;False
S0007;2026-01-02 01:00:00;temperature;25.323;False
S0005;2026-01-02 01:00:00;ventilation;0.651;False
S0009;2026-01-02 01:00:00;humidity;60.114;False
S0010;2026-01-02 01:00:00;CO2_level;839;False
S0010;2026-01-02 01:00:15;CO2_level;788;False
S0001;2026-01-02 01:00:15;temperature;26.458;False
S0007;2026-01-02 01:00:15;temperature;22.493;False
S0005;2026-01-02 01:00:15;ventilation;0.803;False
S0004;2026-01-02 01:00:15;CO2_level;691;False
S0011;2026-01-02 01:00:15;ventilation;0.995;False
S0005;2026-01-02 01:00:30;ventilation;0.638;False
S0001;2026-01-02 01:00:30;temperature;21.952;False
S0003;2026-01-02 01:00:30;humidity;67.738;False
S0007;2026-01-02 01:00:30;temperature;18.431;False
S0004;2026-01-02 01:00:30;CO2_level;736;False
S0009;2026-01-02 01:00:30;humidity;66.46;False
S0011;2026-01-02 01:00:30;ventilation;0.73;False
S0010;2026-01-02 01:00:30;CO2_level;901;False
S0010;2026-01-02 01:00:45;CO2_level;1063;False
S0001;2026-01-02 01:00:45;temperature;21.214;False
S0007;2026-01-02 01:00:45;temperature;22.14;False
S0004;2026-01-02 01:00:45;CO2_level;640;False
S0005;2026-01-02 01:00:45;ventilation;0.968;False
S0011;2026-01-02 01:00:45;ventilation;0.667;False
S0007;2026-01-02 01:01:00;temperature;22.155;False
S0003;2026-01-02 01:01:00;humidity;67.85;False
S0011;2026-01-02 01:01:00;ventilation;0.945;False
S0005;2026-01-02 01:01:00;ventilation;0.657;False
S0004;2026-01-02 01:01:00;CO2_level;868;False
S0009;2026-01-02 01:01:00;humidity;62.653;False
S0010;2026-01-02 01:01:00;CO2_level;1088;False
S0001;2026-01-02 01:01:00;temperature;23.402;False
S0011;2026-01-02 01:01:15;ventilation;0.734;False
S0004;2026-01-02 01:01:15;CO2_level;1031;False
S0001;2026-01-02 01:01:15;temperature;25.942;False
S0010;2026-01-02 01:01:15;CO2_level;914;False
S0007;2026-01-02 01:01:15;temperature;22.939;False
S0005;2026-01-02 01:01:15;ventilation;0.887;False
S0004;2026-01-02 01:01:30;CO2_level;1090;False
S0007;2026-01-02 01:01:30;temperature;23.506;False
S0010;2026-01-02 01:01:30;CO2_level;681;False
S0001;2026-01-02 01:01:30;temperature;19.175;False
S0005;2026-01-02 01:01:30;ventilation;0.965;False
S0011;2026-01-02 01:01:30;ventilation;0.808;False
S0009;2026-01-02 01:01:30;humidity;67.318;False
S0003;2026-01-02 01:01:30;humidity;26.775;True
S0005;2026-01-02 01:01:45;ventilation;0.928;False
S0001;2026-01-02 01:01:45;temperature;18.633;False
S0007;2026-01-02 01:01:45;temperature;23.218;False
S0011;2026-01-02 01:01:45;ventilation;0.775;False
S0004;2026-01-02 01:01:45;CO2_level;617;False
S0010;2026-01-02 01:01:45;CO2_level;950;False
S0005;2026-01-02 01:02:00;ventilation;0.888;False
S0001;2026-01-02 01:02:00;temperature;16.24;False
S0010;2026-01-02 01:02:00;CO2_level;698;False
S0009;2026-01-02 01:02:00;humidity;64.626;False
S0011;2026-01-02 01:02:00;ventilation;0.858;False
S0004;2026-01-02 01:02:00;CO2_level;1105;False
S0007;2026-01-02 01:02:00;temperature;23.114;False
S0003;2026-01-02 01:02:00;humidity;65.178;False
S0011;2026-01-02 01:02:15;ventilation;0.769;False
S0001;2026-01-02 01:02:15;temperature;25.944;False
S0004;2026-01-02 01:02:15;CO2_level;801;False
S0007;2026-01-02 01:02:15;temperature;20.774;False
S0005;2026-01-02 01:02:15;ventilation;0.023;True
S0010;2026-01-02 01:02:15;CO2_level;621;False
S0010;2026-01-02 01:02:30;CO2_level;null;True
S0004;2026-01-02 01:02:30;CO2_level;632;False
S0005;2026-01-02 01:02:30;ventilation;0.705;False
S0011;2026-01-02 01:02:30;ventilation;null;True
S0009;2026-01-02 01:02:30;humidity;61.893;False
S0003;2026-01-02 01:02:30;humidity;69.198;False
S0007;2026-01-02 01:02:30;temperature;16.575;False
S0001;2026-01-02 01:02:30;temperature;16.526;False
S0004;2026-01-02 01:02:45;CO2_level;875;False
S0011;2026-01-02 01:02:45;ventilation;0.83;False
S0007;2026-01-02 01:02:45;temperature;24.448;False
S0001;2026-01-02 01:02:45;temperature;17.214;False
S0005;2026-01-02 01:02:45;ventilation;0.787;False
S0010;2026-01-02 01:02:45;CO2_level;1072;False
S0011;2026-01-02 01:03:00;ventilation;0.655;False
S0009;2026-01-02 01:03:00;humidity;60.217;False
S0004;2026-01-02 01:03:00;CO2_level;816;False
S0010;2026-01-02 01:03:00;CO2_level;1096;False
S0007;2026-01-02 01:03:00;temperature;25.453;False
S0001;2026-01-02 01:03:00;temperature;null;True
S0005;2026-01-02 01:03:00;ventilation;0.959;False
S0003;2026-01-02 01:03:00;humidity;62.938;False
S0005;2026-01-02 01:03:15;ventilation;0.775;False
S0010;2026-01-02 01:03:15;CO2_level;810;False
S0004;2026-01-02 01:03:15;CO2_level;1111;False
S0001;2026-01-02 01:03:15;temperature;-0.626;True
S0011;2026-01-02 01:03:15;ventilation;0.687;False
S0007;2026-01-02 01:03:15;temperature;15.168;False
S0011;2026-01-02 01:03:30;ventilation;0.886;False
S0007;2026-01-02 01:03:30;temperature;21.233;False
S0003;2026-01-02 01:03:30;humidity;61.563;False
S0004;2026-01-02 01:03:30;CO2_level;1116;False
S0005;2026-01-02 01:03:30;ventilation;0.873;False
S0010;2026-01-02 01:03:30;CO2_level;1212;True
S0009;2026-01-02 01:03:30;humidity;60.39;False
S0001;2026-01-02 01:03:30;temperature;24.385;False
S0010;2026-01-02 01:03:45;CO2_level;1000;False
S0011;2026-01-02 01:03:45;ventilation;0.888;False
S0004;2026-01-02 01:03:45;CO2_level;632;False
S0005;2026-01-02 01:03:45;ventilation;0.595;False
S0001;2026-01-02 01:03:45;temperature;21.062;False
S0007;2026-01-02 01:03:45;temperature;25.108;False
S0009;2026-01-02 01:04:00;humidity;60.642;False
S0003;2026-01-02 01:04:00;humidity;60.762;False
S0005;2026-01-02 01:04:00;ventilation;0.544;False
S0001;2026-01-02 01:04:00;temperature;24.409;False
S0007;2026-01-02 01:04:00;temperature;16.496;False
S0011;2026-01-02 01:04:00;ventilation;0.517;False
S0004;2026-01-02 01:04:00;CO2_level;1032;False
S0010;2026-01-02 01:04:00;CO2_level;633;False
S0007;2026-01-02 01:04:15;temperature;17.708;False
S0010;2026-01-02 01:04:15;CO2_level;1030;False
S0001;2026-01-02 01:04:15;temperature;22.353;False
S0004;2026-01-02 01:04:15;CO2_level;894;False
S0005;2026-01-02 01:04:15;ventilation;0.806;False
S0011;2026-01-02 01:04:15;ventilation;0.553;False
S0005;2026-01-02 01:04:30;ventilation;0.732;False
S0004;2026-01-02 01:04:30;CO2_level;670;False
S0011;2026-01-02 01:04:30;ventilation;0.944;False
S0003;2026-01-02 01:04:30;humidity;67.933;False
S0001;2026-01-02 01:04:30;temperature;23.449;False
S0010;2026-01-02 01:04:30;CO2_level;747;False
S0009;2026-01-02 01:04:30;humidity;66.849;False
S0007;2026-01-02 01:04:30;temperature;2.012;True
S0010;2026-01-02 01:04:45;CO2_level;1193;False
S0001;2026-01-02 01:04:45;temperature;26.152;False
S0011;2026-01-02 01:04:45;ventilation;0.673;False
S0004;2026-01-02 01:04:45;CO2_level;1030;False
S0005;2026-01-02 01:04:45;ventilation;0.902;False
S0007;2026-01-02 01:04:45;temperature;17.954;False
S0011;2026-01-02 01:05:00;ventilation;0.981;False
S0005;2026-01-02 01:05:00;ventilation;0.814;False
S0010;2026-01-02 01:05:00;CO2_level;989;False
S0003;2026-01-02 01:05:00;humidity;66.955;False
S0001;2026-01-02 01:05:00;temperature;-1.964;True
S0007;2026-01-02 01:05:00;temperature;25.17;False
S0009;2026-01-02 01:05:00;humidity;69.505;False
S0004;2026-01-02 01:05:00;CO2_level;203;True
S0010;2026-01-02 01:05:15;CO2_level;769;False
S0001;2026-01-02 01:05:15;temperature;19.556;False
S0005;2026-01-02 01:05:15;ventilation;0.767;False
S0004;2026-01-02 01:05:15;CO2_level;820;False
S0007;2026-01-02 01:05:15;temperature;22.578;False
S0011;2026-01-02 01:05:15;ventilation;0.968;False
S0004;2026-01-02 01:05:30;CO2_level;909;False
S0007;2026-01-02 01:05:30;temperature;17.434;False
S0001;2026-01-02 01:05:30;temperature;20.745;False
S0011;2026-01-02 01:05:30;ventilation;0.576;False
S0003;2026-01-02 01:05:30;humidity;63.025;False
S0010;2026-01-02 01:05:30;CO2_level;686;False
S0009;2026-01-02 01:05:30;humidity;66.365;False
S0005;2026-01-02 01:05:30;ventilation;0.801;False
S0005;2026-01-02 01:05:45;ventilation;0.917;False
S0004;2026-01-02 01:05:45;CO2_level;903;False
S0007;2026-01-02 01:05:45;temperature;20.548;False
S0001;2026-01-02 01:05:45;temperature;21.987;False
S0011;2026-01-02 01:05:45;ventilation;0.894;False
S0010;2026-01-02 01:05:45;CO2_level;1089;False
S0001;2026-01-02 01:06:00;temperature;20.742;False
S0011;2026-01-02 01:06:00;ventilation;0.842;False
S0009;2026-01-02 01:06:00;humidity;61.476;False
S0007;2026-01-02 01:06:00;temperature;22.477;False
S0005;2026-01-02 01:06:00;ventilation;0.934;False
S0004;2026-01-02 01:06:00;CO2_level;633;False
S0010;2026-01-02 01:06:00;CO2_level;984;False
S0003;2026-01-02 01:06:00;humidity;64.202;False
S0011;2026-01-02 01:06:15;ventilation;0.982;False
S0005;2026-01-02 01:06:15;ventilation;0.541;False
S0010;2026-01-02 01:06:15;CO2_level;804;False
S0004;2026-01-02 01:06:15;CO2_level;1153;False
S0007;2026-01-02 01:06:15;temperature;24.315;False
S0001;2026-01-02 01:06:15;temperature;18.077;False
S0010;2026-01-02 01:06:30;CO2_level;774;False
S0004;2026-01-02 01:06:30;CO2_level;1156;False
S0001;2026-01-02 01:06:30;temperature;19.097;False
S0009;2026-01-02 01:06:30;humidity;62.951;False
S0011;2026-01-02 01:06:30;ventilation;0.715;False
S0007;2026-01-02 01:06:30;temperature;19.749;False
S0005;2026-01-02 01:06:30;ventilation;0.53;False
S0003;2026-01-02 01:06:30;humidity;63.772;False
S0001;2026-01-02 01:06:45;temperature;18.344;False
S0011;2026-01-02 01:06:45;ventilation;0.767;False
S0004;2026-01-02 01:06:45;CO2_level;715;False
S0005;2026-01-02 01:06:45;ventilation;0.776;False
S0010;2026-01-02 01:06:45;CO2_level;609;False
S0007;2026-01-02 01:06:45;temperature;18.076;False
S0003;2026-01-02 01:07:00;humidity;63.582;False
S0004;2026-01-02 01:07:00;CO2_level;998;False
S0005;2026-01-02 01:07:00;ventilation;0.835;False
S0010;2026-01-02 01:07:00;CO2_level;822;False
S0011;2026-01-02 01:07:00;ventilation;0.846;False
S0001;2026-01-02 01:07:00;temperature;18.598;False
S0007;2026-01-02 01:07:00;temperature;3.79;True
S0009;2026-01-02 01:07:00;humidity;65.552;False
S0004;2026-01-02 01:07:15;CO2_level;1020;False
S0005;2026-01-02 01:07:15;ventilation;0.923;False
S0007;2026-01-02 01:07:15;temperature;23.708;False
S0011;2026-01-02 01:07:15;ventilation;0.275;True
S0010;2026-01-02 01:07:15;CO2_level;930;False
S0001;2026-01-02 01:07:15;temperature;18.737;False
S0005;2026-01-02 01:07:30;ventilation;0.637;False
S0007;2026-01-02 01:07:30;temperature;18.748;False
S0009;2026-01-02 01:07:30;humidity;63.987;False
S0003;2026-01-02 01:07:30;humidity;62.407;False
S0010;2026-01-02 01:07:30;CO2_level;769;False
S0001;2026-01-02 01:07:30;temperature;21.729;False
S0004;2026-01-02 01:07:30;CO2_level;677;False
S0011;2026-01-02 01:07:30;ventilation;0.536;False
S0005;2026-01-02 01:07:45;ventilation;0.898;False
S0001;2026-01-02 01:07:45;temperature;22.061;False
S0010;2026-01-02 01:07:45;CO2_level;684;False
S0011;2026-01-02 01:07:45;ventilation;0.569;False
S0007;2026-01-02 01:07:45;temperature;17.612;False
S0004;2026-01-02 01:07:45;CO2_level;783;False
S0003;2026-01-02 01:08:00;humidity;62.088;False
S0009;2026-01-02 01:08:00;humidity;61.266;False
S0007;2026-01-02 01:08:00;temperature;17.57;False
S0004;2026-01-02 01:08:00;CO2_level;1086;False
S0010;2026-01-02 01:08:00;CO2_level;882;False
S0001;2026-01-02 01:08:00;temperature;21.832;False
S0005;2026-01-02 01:08:00;ventilation;0.68;False
S0011;2026-01-02 01:08:00;ventilation;0.509;False
S0005;2026-01-02 01:08:15;ventilation;0.929;False
S0004;2026-01-02 01:08:15;CO2_level;844;False
S0007;2026-01-02 01:08:15;temperature;23.486;False
S0001;2026-01-02 01:08:15;temperature;23.95;False
S0011;2026-01-02 01:08:15;ventilation;0.589;False
S0010;2026-01-02 01:08:15;CO2_level;654;False
S0009;2026-01-02 01:08:30;humidity;66.615;False
S0011;2026-01-02 01:08:30;ventilation;0.604;False
S0010;2026-01-02 01:08:30;CO2_level;875;False
S0005;2026-01-02 01:08:30;ventilation;0.408;True
S0001;2026-01-02 01:08:30;temperature;21.812;False
S0004;2026-01-02 01:08:30;CO2_level;725;False
S0003;2026-01-02 01:08:30;humidity;63.525;False
S0007;2026-01-02 01:08:30;temperature;6.864;True
S0010;2026-01-02 01:08:45;CO2_level;939;False
S0011;2026-01-02 01:08:45;ventilation;0.917;False
S0004;2026-01-02 01:08:45;CO2_level;970;False
S0007;2026-01-02 01:08:45;temperature;23.846;False
S0005;2026-01-02 01:08:45;ventilation;0.672;False
S0001;2026-01-02 01:08:45;temperature;18.622;False
S0011;2026-01-02 01:09:00;ventilation;0.73;False
S0009;2026-01-02 01:09:00;humidity;66.275;False
S0010;2026-01-02 01:09:00;CO2_level;818;False
S0007;2026-01-02 01:09:00;temperature;21.627;False
S0005;2026-01-02 01:09:00;ventilation;0.505;False
S0004;2026-01-02 01:09:00;CO2_level;638;False
S0003;2026-01-02 01:09:00;humidity;null;True
S0001;2026-01-02 01:09:00;temperature;18.186;False
S0001;2026-01-02 01:09:15;temperature;25.625;False
S0005;2026-01-02 01:09:15;ventilation;0.874;False
S0011;2026-01-02 01:09:15;ventilation;0.548;False
S0010;2026-01-02 01:09:15;CO2_level;733;False
S0007;2026-01-02 01:09:15;temperature;25.428;False
S0004;2026-01-02 01:09:15;CO2_level;1132;False
S0005;2026-01-02 01:09:30;ventilation;0.782;False
S0007;2026-01-02 01:09:30;temperature;18.746;False
S0009;2026-01-02 01:09:30;humidity;65.63;False
S0003;2026-01-02 01:09:30;humidity;62.605;False
S0010;2026-01-02 01:09:30;CO2_level;1036;False
S0011;2026-01-02 01:09:30;ventilation;0.738;False
S0001;2026-01-02 01:09:30;temperature;17.038;False
S0004;2026-01-02 01:09:30;CO2_level;616;False
S0004;2026-01-02 01:09:45;CO2_level;1007;False
S0011;2026-01-02 01:09:45;ventilation;0.982;False
S0007;2026-01-02 01:09:45;temperature;19.862;False
S0010;2026-01-02 01:09:45;CO2_level;858;False
S0001;2026-01-02 01:09:45;temperature;22.697;False
S0005;2026-01-02 01:09:45;ventilation;0.938;False
S0011;2026-01-02 01:10:00;ventilation;0.737;False
S0003;2026-01-02 01:10:00;humidity;67.46;False
S0004;2026-01-02 01:10:00;CO2_level;718;False
S0010;2026-01-02 01:10:00;CO2_level;1103;False
S0009;2026-01-02 01:10:00;humidity;63.253;False
S0007;2026-01-02 01:10:00;temperature;25.964;False
S0005;2026-01-02 01:10:00;ventilation;0.938;False
S0001;2026-01-02 01:10:00;temperature;null;True
S0007;2026-01-02 01:10:15;temperature;25.149;False
S0011;2026-01-02 01:10:15;ventilation;0.836;False
S0001;2026-01-02 01:10:15;temperature;22.179;False
S0005;2026-01-02 01:10:15;ventilation;0.766;False
S0010;2026-01-02 01:10:15;CO2_level;401;True
S0004;2026-01-02 01:10:15;CO2_level;628;False
S0010;2026-01-02 01:10:30;CO2_level;541;True
S0007;2026-01-02 01:10:30;temperature;20.366;False
S0003;2026-01-02 01:10:30;humidity;67.42;False
S0001;2026-01-02 01:10:30;temperature;19.828;False
S0005;2026-01-02 01:10:30;ventilation;0.728;False
S0009;2026-01-02 01:10:30;humidity;61.499;False
S0011;2026-01-02 01:10:30;ventilation;0.93;False
S0004;2026-01-02 01:10:30;CO2_level;929;False
S0011;2026-01-02 01:10:45;ventilation;0.806;False
S0005;2026-01-02 01:10:45;ventilation;0.988;False
S0004;2026-01-02 01:10:45;CO2_level;1198;False
S0010;2026-01-02 01:10:45;CO2_level;688;False
S0001;2026-01-02 01:10:45;temperature;21.368;False
S0007;2026-01-02 01:10:45;temperature;24.475;False
S0003;2026-01-02 01:11:00;humidity;67.411;False
S0011;2026-01-02 01:11:00;ventilation;0.906;False
S0004;2026-01-02 01:11:00;CO2_level;910;False
S0001;2026-01-02 01:11:00;temperature;18.975;False
S0007;2026-01-02 01:11:00;temperature;23.532;False
S0005;2026-01-02 01:11:00;ventilation;0.735;False
S0010;2026-01-02 01:11:00;CO2_level;1091;False
S0009;2026-01-02 01:11:00;humidity;60.56;False
S0005;2026-01-02 01:11:15;ventilation;0.798;False
S0001;2026-01-02 01:11:15;temperature;20.787;False
S0004;2026-01-02 01:11:15;CO2_level;700;False
S0010;2026-01-02 01:11:15;CO2_level;766;False
S0007;2026-01-02 01:11:15;temperature;17.419;False
S0011;2026-01-02 01:11:15;ventilation;0.601;False
S0001;2026-01-02 01:11:30;temperature;19.473;False
S0003;2026-01-02 01:11:30;humidity;61.332;False
S0009;2026-01-02 01:11:30;humidity;64.91;False
S0005;2026-01-02 01:11:30;ventilation;0.672;False
S0010;2026-01-02 01:11:30;CO2_level;850;False
S0004;2026-01-02 01:11:30;CO2_level;1074;False
S0007;2026-01-02 01:11:30;temperature;22.217;False
S0011;2026-01-02 01:11:30;ventilation;0.914;False
S0011;2026-01-02 01:11:45;ventilation;0.744;False
S0001;2026-01-02 01:11:45;temperature;26.1;False
S0007;2026-01-02 01:11:45;temperature;21.576;False
S0004;2026-01-02 01:11:45;CO2_level;902;False
S0005;2026-01-02 01:11:45;ventilation;1.259;True
S0010;2026-01-02 01:11:45;CO2_level;1006;False
S0004;2026-01-02 01:12:00;CO2_level;1195;False
S0007;2026-01-02 01:12:00;temperature;18.101;False
S0009;2026-01-02 01:12:00;humidity;60.501;False
S0011;2026-01-02 01:12:00;ventilation;0.842;False
S0001;2026-01-02 01:12:00;temperature;16.767;False
S0003;2026-01-02 01:12:00;humidity;65.573;False
S0010;2026-01-02 01:12:00;CO2_level;1093;False
S0005;2026-01-02 01:12:00;ventilation;0.594;False
S0001;2026-01-02 01:12:15;temperature;18.387;False
S0011;2026-01-02 01:12:15;ventilation;0.619;False
S0010;2026-01-02 01:12:15;CO2_level;1004;False
S0005;2026-01-02 01:12:15;ventilation;0.665;False
S0007;2026-01-02 01:12:15;temperature;16.851;False
S0004;2026-01-02 01:12:15;CO2_level;1067;False
S0011;2026-01-02 01:12:30;ventilation;0.681;False
S0003;2026-01-02 01:12:30;humidity;65.753;False
S0010;2026-01-02 01:12:30;CO2_level;615;False
S0005;2026-01-02 01:12:30;ventilation;0.966;False
S0009;2026-01-02 01:12:30;humidity;65.446;False
S0001;2026-01-02 01:12:30;temperature;25.104;False
S0007;2026-01-02 01:12:30;temperature;26.026;False
S0004;2026-01-02 01:12:30;CO2_level;1124;False
S0001;2026-01-02 01:12:45;temperature;15.034;False
S0005;2026-01-02 01:12:45;ventilation;0.93;False
S0011;2026-01-02 01:12:45;ventilation;0.948;False
S0010;2026-01-02 01:12:45;CO2_level;868;False
S0004;2026-01-02 01:12:45;CO2_level;964;False
S0007;2026-01-02 01:12:45;temperature;22.529;False
S0011;2026-01-02 01:13:00;ventilation;0.752;False
S0001;2026-01-02 01:13:00;temperature;17.215;False
S0009;2026-01-02 01:13:00;humidity;64.397;False
S0010;2026-01-02 01:13:00;CO2_level;781;False
S0004;2026-01-02 01:13:00;CO2_level;703;False
S0007;2026-01-02 01:13:00;temperature;21.421;False
S0003;2026-01-02 01:13:00;humidity;62.268;False
S0005;2026-01-02 01:13:00;ventilation;0.509;False
S0004;2026-01-02 01:13:15;CO2_level;1279;True
S0010;2026-01-02 01:13:15;CO2_level;960;False
S0011;2026-01-02 01:13:15;ventilation;0.722;False
S0007;2026-01-02 01:13:15;temperature;26.783;False
S0005;2026-01-02 01:13:15;ventilation;0.737;False
S0001;2026-01-02 01:13:15;temperature;20.465;False
S0004;2026-01-02 01:13:30;CO2_level;1174;False
S0001;2026-01-02 01:13:30;temperature;20.18;False
S0005;2026-01-02 01:13:30;ventilation;0.839;False
S0010;2026-01-02 01:13:30;CO2_level;1166;False
S0009;2026-01-02 01:13:30;humidity;69.664;False
S0007;2026-01-02 01:13:30;temperature;25.928;False
S0003;2026-01-02 01:13:30;humidity;69.903;False
S0011;2026-01-02 01:13:30;ventilation;0.759;False
S0001;2026-01-02 01:13:45;temperature;16.67;False
S0004;2026-01-02 01:13:45;CO2_level;768;False
S0010;2026-01-02 01:13:45;CO2_level;1084;False
S0005;2026-01-02 01:13:45;ventilation;0.946;False
S0011;2026-01-02 01:13:45;ventilation;0.87;False
S0007;2026-01-02 01:13:45;temperature;19.06;False
S0010;2026-01-02 01:14:00;CO2_level;932;False
S0007;2026-01-02 01:14:00;temperature;24.782;False
S0011;2026-01-02 01:14:00;ventilation;0.961;False
S0001;2026-01-02 01:14:00;temperature;16.043;False
S0009;2026-01-02 01:14:00;humidity;63.896;False
S0004;2026-01-02 01:14:00;CO2_level;796;False
S0003;2026-01-02 01:14:00;humidity;61.019;False
S0005;2026-01-02 01:14:00;ventilation;0.8;False
S0010;2026-01-02 01:14:15;CO2_level;829;False
S0007;2026-01-02 01:14:15;temperature;15.832;False
S0005;2026-01-02 01:14:15;ventilation;0.674;False
S0011;2026-01-02 01:14:15;ventilation;0.97;False
S0001;2026-01-02 01:14:15;temperature;21.902;False
S0004;2026-01-02 01:14:15;CO2_level;901;False
S0009;2026-01-02 01:14:30;humidity;66.78;False
S0003;2026-01-02 01:14:30;humidity;60.057;False
S0007;2026-01-02 01:14:30;temperature;20.033;False
S0004;2026-01-02 01:14:30;CO2_level;1169;False
S0010;2026-01-02 01:14:30;CO2_level;1082;False
S0011;2026-01-02 01:14:30;ventilation;1.485;True
S0005;2026-01-02 01:14:30;ventilation;0.516;False
S0001;2026-01-02 01:14:30;temperature;23.04;False
S0004;2026-01-02 01:14:45;CO2_level;1073;False
S0010;2026-01-02 01:14:45;CO2_level;934;False
S0011;2026-01-02 01:14:45;ventilation;0.587;False
S0005;2026-01-02 01:14:45;ventilation;0.965;False
S0001;2026-01-02 01:14:45;temperature;23.247;False
S0007;2026-01-02 01:14:45;temperature;18.686;False
S0009;2026-01-02 01:15:00;humidity;65.494;False
S0005;2026-01-02 01:15:00;ventilation;0.623;False
S0007;2026-01-02 01:15:00;temperature;17.213;False
S0001;2026-01-02 01:15:00;temperature;22.151;False
S0011;2026-01-02 01:15:00;ventilation;0.958;False
S0003;2026-01-02 01:15:00;humidity;67.6;False
S0004;2026-01-02 01:15:00;CO2_level;1039;False
S0010;2026-01-02 01:15:00;CO2_level;980;False
S0007;2026-01-02 01:15:15;temperature;24.724;False
S0005;2026-01-02 01:15:15;ventilation;0.862;False
S0004;2026-01-02 01:15:15;CO2_level;913;False
S0001;2026-01-02 01:15:15;temperature;22.642;False
S0010;2026-01-02 01:15:15;CO2_level;1179;False
S0011;2026-01-02 01:15:15;ventilation;0.741;False
S0011;2026-01-02 01:15:30;ventilation;0.903;False
S0004;2026-01-02 01:15:30;CO2_level;870;False
S0007;2026-01-02 01:15:30;temperature;21.758;False
S0009;2026-01-02 01:15:30;humidity;69.031;False
S0001;2026-01-02 01:15:30;temperature;24.651;False
S0003;2026-01-02 01:15:30;humidity;67.533;False
S0005;2026-01-02 01:15:30;ventilation;0.74;False
S0010;2026-01-02 01:15:30;CO2_level;743;False
S0005;2026-01-02 01:15:45;ventilation;0.813;False
S0011;2026-01-02 01:15:45;ventilation;0.885;False
S0004;2026-01-02 01:15:45;CO2_level;1010;False
S0007;2026-01-02 01:15:45;temperature;21.386;False
S0010;2026-01-02 01:15:45;CO2_level;921;False
S0001;2026-01-02 01:15:45;temperature;31.375;True
S0001;2026-01-02 01:16:00;temperature;23.813;False
S0007;2026-01-02 01:16:00;temperature;23.425;False
S0009;2026-01-02 01:16:00;humidity;61.749;False
S0011;2026-01-02 01:16:00;ventilation;0.77;False
S0004;2026-01-02 01:16:00;CO2_level;1133;False
S0005;2026-01-02 01:16:00;ventilation;0.702;False
S0010;2026-01-02 01:16:00;CO2_level;1054;False
S0003;2026-01-02 01:16:00;humidity;68.723;False
S0005;2026-01-02 01:16:15;ventilation;0.9;False
S0011;2026-01-02 01:16:15;ventilation;0.778;False
S0004;2026-01-02 01:16:15;CO2_level;710;False
S0007;2026-01-02 01:16:15;temperature;20.945;False
S0010;2026-01-02 01:16:15;CO2_level;1095;False
S0001;2026-01-02 01:16:15;temperature;26.639;False
S0001;2026-01-02 01:16:30;temperature;19.431;False
S0010;2026-01-02 01:16:30;CO2_level;1126;False
S0009;2026-01-02 01:16:30;humidity;63.017;False
S0007;2026-01-02 01:16:30;temperature;21.566;False
S0003;2026-01-02 01:16:30;humidity;61.934;False
S0005;2026-01-02 01:16:30;ventilation;0.87;False
S0004;2026-01-02 01:16:30;CO2_level;1162;False
S0011;2026-01-02 01:16:30;ventilation;0.544;False
S0004;2026-01-02 01:16:45;CO2_level;904;False
S0005;2026-01-02 01:16:45;ventilation;0.959;False
S0011;2026-01-02 01:16:45;ventilation;1.532;True
S0007;2026-01-02 01:16:45;temperature;21.127;False
S0010;2026-01-02 01:16:45;CO2_level;1166;False
S0001;2026-01-02 01:16:45;temperature;22.096;False
S0003;2026-01-02 01:17:00;humidity;61.009;False
S0005;2026-01-02 01:17:00;ventilation;0.154;True
S0007;2026-01-02 01:17:00;temperature;15.222;False
S0010;2026-01-02 01:17:00;CO2_level;916;False
S0001;2026-01-02 01:17:00;temperature;21.61;False
S0009;2026-01-02 01:17:00;humidity;68.164;False
S0011;2026-01-02 01:17:00;ventilation;0.535;False
S0004;2026-01-02 01:17:00;CO2_level;706;False
S0010;2026-01-02 01:17:15;CO2_level;1026;False
S0005;2026-01-02 01:17:15;ventilation;0.939;False
S0007;2026-01-02 01:17:15;temperature;23.066;False
S0011;2026-01-02 01:17:15;ventilation;0.936;False
S0004;2026-01-02 01:17:15;CO2_level;651;False
S0001;2026-01-02 01:17:15;temperature;16.787;False
S0005;2026-01-02 01:17:30;ventilation;0.576;False
S0007;2026-01-02 01:17:30;temperature;22.645;False
S0004;2026-01-02 01:17:30;CO2_level;1122;False
S0003;2026-01-02 01:17:30;humidity;67.0;False
S0001;2026-01-02 01:17:30;temperature;17.944;False
S0011;2026-01-02 01:17:30;ventilation;0.879;False
S0009;2026-01-02 01:17:30;humidity;61.564;False
S0010;2026-01-02 01:17:30;CO2_level;1042;False
S0010;2026-01-02 01:17:45;CO2_level;1055;False
S0004;2026-01-02 01:17:45;CO2_level;1079;False
S0001;2026-01-02 01:17:45;temperature;26.524;False
S0011;2026-01-02 01:17:45;ventilation;0.751;False
S0005;2026-01-02 01:17:45;ventilation;0.55;False
S0007;2026-01-02 01:17:45;temperature;24.604;False
S0004;2026-01-02 01:18:00;CO2_level;1053;False
S0007;2026-01-02 01:18:00;temperature;20.793;False
S0011;2026-01-02 01:18:00;ventilation;0.579;False
S0009;2026-01-02 01:18:00;humidity;61.157;False
S0003;2026-01-02 01:18:00;humidity;64.234;False
S0005;2026-01-02 01:18:00;ventilation;0.601;False
S0010;2026-01-02 01:18:00;CO2_level;881;False
S0001;2026-01-02 01:18:00;temperature;16.442;False
S0005;2026-01-02 01:18:15;ventilation;0.923;False
S0010;2026-01-02 01:18:15;CO2_level;1010;False
S0004;2026-01-02 01:18:15;CO2_level;697;False
S0011;2026-01-02 01:18:15;ventilation;0.854;False
S0007;2026-01-02 01:18:15;temperature;26.375;False
S0001;2026-01-02 01:18:15;temperature;22.964;False
S0009;2026-01-02 01:18:30;humidity;62.68;False
S0010;2026-01-02 01:18:30;CO2_level;882;False
S0004;2026-01-02 01:18:30;CO2_level;1020;False
S0011;2026-01-02 01:18:30;ventilation;0.926;False
S0003;2026-01-02 01:18:30;humidity;62.573;False
S0001;2026-01-02 01:18:30;temperature;19.2;False
S0005;2026-01-02 01:18:30;ventilation;0.521;False
S0007;2026-01-02 01:18:30;temperature;24.518;False
S0004;2026-01-02 01:18:45;CO2_level;null;True
S0001;2026-01-02 01:18:45;temperature;21.286;False
S0005;2026-01-02 01:18:45;ventilation;0.982;False
S0010;2026-01-02 01:18:45;CO2_level;772;False
S0007;2026-01-02 01:18:45;temperature;22.874;False
S0011;2026-01-02 01:18:45;ventilation;0.584;False
S0003;2026-01-02 01:19:00;humidity;65.01;False
S0001;2026-01-02 01:19:00;temperature;15.111;False
S0009;2026-01-02 01:19:00;humidity;60.415;False
S0010;2026-01-02 01:19:00;CO2_level;884;False
S0004;2026-01-02 01:19:00;CO2_level;878;False
S0005;2026-01-02 01:19:00;ventilation;0.579;False
S0011;2026-01-02 01:19:00;ventilation;0.957;False
S0007;2026-01-02 01:19:00;temperature;22.625;False
S0007;2026-01-02 01:19:15;temperature;20.882;False
S0004;2026-01-02 01:19:15;CO2_level;606;False
S0005;2026-01-02 01:19:15;ventilation;0.508;False
S0010;2026-01-02 01:19:15;CO2_level;749;False
S0001;2026-01-02 01:19:15;temperature;15.462;False
S0011;2026-01-02 01:19:15;ventilation;0.997;False
S0010;2026-01-02 01:19:30;CO2_level;801;False
S0009;2026-01-02 01:19:30;humidity;66.258;False
S0001;2026-01-02 01:19:30;temperature;17.286;False
S0005;2026-01-02 01:19:30;ventilation;null;True
S0003;2026-01-02 01:19:30;humidity;63.069;False
S0004;2026-01-02 01:19:30;CO2_level;940;False
S0011;2026-01-02 01:19:30;ventilation;0.646;False
S0007;2026-01-02 01:19:30;temperature;21.238;False
S0007;2026-01-02 01:19:45;temperature;23.268;False
S0011;2026-01-02 01:19:45;ventilation;0.765;False
S0010;2026-01-02 01:19:45;CO2_level;659;False
S0005;2026-01-02 01:19:45;ventilation;0.73;False
S0001;2026-01-02 01:19:45;temperature;25.653;False
S0004;2026-01-02 01:19:45;CO2_level;730;False
S0004;2026-01-02 01:20:00;CO2_level;846;False
S0001;2026-01-02 01:20:00;temperature;18.87;False
S0009;2026-01-02 01:20:00;humidity;64.196;False
S0003;2026-01-02 01:20:00;humidity;60.539;False
S0007;2026-01-02 01:20:00;temperature;21.371;False
S0005;2026-01-02 01:20:00;ventilation;0.568;False
S0011;2026-01-02 01:20:00;ventilation;0.789;False
S0010;2026-01-02 01:20:00;CO2_level;660;False
S0011;2026-01-02 01:20:15;ventilation;0.73;False
S0007;2026-01-02 01:20:15;temperature;19.934;False
S0004;2026-01-02 01:20:15;CO2_level;1082;False
S0001;2026-01-02 01:20:15;temperature;26.763;False
S0010;2026-01-02 01:20:15;CO2_level;660;False
S0005;2026-01-02 01:20:15;ventilation;0.815;False
S0011;2026-01-02 01:20:30;ventilation;0.646;False
S0001;2026-01-02 01:20:30;temperature;21.45;False
S0010;2026-01-02 01:20:30;CO2_level;1160;False
S0007;2026-01-02 01:20:30;temperature;21.522;False
S0009;2026-01-02 01:20:30;humidity;67.126;False
S0004;2026-01-02 01:20:30;CO2_level;888;False
S0003;2026-01-02 01:20:30;humidity;69.036;False
S0005;2026-01-02 01:20:30;ventilation;0.51;False
S0007;2026-01-02 01:20:45;temperature;19.798;False
S0005;2026-01-02 01:20:45;ventilation;0.939;False
S0010;2026-01-02 01:20:45;CO2_level;1111;False
S0004;2026-01-02 01:20:45;CO2_level;936;False
S0001;2026-01-02 01:20:45;temperature;16.168;False
S0011;2026-01-02 01:20:45;ventilation;0.668;False
S0010;2026-01-02 01:21:00;CO2_level;538;True
S0001;2026-01-02 01:21:00;temperature;17.792;False
S0004;2026-01-02 01:21:00;CO2_level;727;False
S0003;2026-01-02 01:21:00;humidity;65.616;False
S0007;2026-01-02 01:21:00;temperature;20.666;False
S0009;2026-01-02 01:21:00;humidity;62.255;False
S0005;2026-01-02 01:21:00;ventilation;0.667;False
S0011;2026-01-02 01:21:00;ventilation;0.846;False
S0004;2026-01-02 01:21:15;CO2_level;895;False
S0001;2026-01-02 01:21:15;temperature;21.953;False
S0005;2026-01-02 01:21:15;ventilation;0.824;False
S0010;2026-01-02 01:21:15;CO2_level;1041;False
S0007;2026-01-02 01:21:15;temperature;15.617;False
S0011;2026-01-02 01:21:15;ventilation;0.964;False
S0005;2026-01-02 01:21:30;ventilation;0.717;False
S0001;2026-01-02 01:21:30;temperature;21.282;False
S0011;2026-01-02 01:21:30;ventilation;0.858;False
S0007;2026-01-02 01:21:30;temperature;17.323;False
S0003;2026-01-02 01:21:30;humidity;75.286;True
S0009;2026-01-02 01:21:30;humidity;64.92;False
S0010;2026-01-02 01:21:30;CO2_level;1084;False
S0004;2026-01-02 01:21:30;CO2_level;784;False
S0004;2026-01-02 01:21:45;CO2_level;1048;False
S0010;2026-01-02 01:21:45;CO2_level;1050;False
S0007;2026-01-02 01:21:45;temperature;19.54;False
S0011;2026-01-02 01:21:45;ventilation;0.602;False
S0001;2026-01-02 01:21:45;temperature;17.043;False
S0005;2026-01-02 01:21:45;ventilation;0.694;False
S0001;2026-01-02 01:22:00;temperature;20.492;False
S0009;2026-01-02 01:22:00;humidity;66.513;False
S0010;2026-01-02 01:22:00;CO2_level;1025;False
S0003;2026-01-02 01:22:00;humidity;60.947;False
S0007;2026-01-02 01:22:00;temperature;24.259;False
S0005;2026-01-02 01:22:00;ventilation;0.969;False
S0011;2026-01-02 01:22:00;ventilation;0.798;False
S0004;2026-01-02 01:22:00;CO2_level;1083;False
S0007;2026-01-02 01:22:15;temperature;22.416;False
S0010;2026-01-02 01:22:15;CO2_level;1124;False
S0004;2026-01-02 01:22:15;CO2_level;791;False
S0011;2026-01-02 01:22:15;ventilation;0.929;False
S0005;2026-01-02 01:22:15;ventilation;0.772;False
S0001;2026-01-02 01:22:15;temperature;24.051;False
S0011;2026-01-02 01:22:30;ventilation;0.798;False
S0004;2026-01-02 01:22:30;CO2_level;808;False
S0010;2026-01-02 01:22:30;CO2_level;1081;False
S0005;2026-01-02 01:22:30;ventilation;0.926;False
S0009;2026-01-02 01:22:30;humidity;63.344;False
S0007;2026-01-02 01:22:30;temperature;21.926;False
S0001;2026-01-02 01:22:30;temperature;16.01;False
S0003;2026-01-02 01:22:30;humidity;67.098;False
S0011;2026-01-02 01:22:45;ventilation;0.601;False
S0001;2026-01-02 01:22:45;temperature;25.254;False
S0005;2026-01-02 01:22:45;ventilation;0.855;False
S0010;2026-01-02 01:22:45;CO2_level;693;False
S0004;2026-01-02 01:22:45;CO2_level;785;False
S0007;2026-01-02 01:22:45;temperature;16.944;False
S0011;2026-01-02 01:23:00;ventilation;0.852;False
S0001;2026-01-02 01:23:00;temperature;16.661;False
S0009;2026-01-02 01:23:00;humidity;69.441;False
S0005;2026-01-02 01:23:00;ventilation;0.854;False
S0010;2026-01-02 01:23:00;CO2_level;810;False
S0004;2026-01-02 01:23:00;CO2_level;1184;False
S0003;2026-01-02 01:23:00;humidity;62.749;False
S0007;2026-01-02 01:23:00;temperature;18.288;False
S0010;2026-01-02 01:23:15;CO2_level;1002;False
S0001;2026-01-02 01:23:15;temperature;21.024;False
S0011;2026-01-02 01:23:15;ventilation;0.627;False
S0005;2026-01-02 01:23:15;ventilation;0.527;False
S0007;2026-01-02 01:23:15;temperature;18.678;False
S0004;2026-01-02 01:23:15;CO2_level;614;False
S0009;2026-01-02 01:23:30;humidity;62.123;False
S0005;2026-01-02 01:23:30;ventilation;0.554;False
S0010;2026-01-02 01:23:30;CO2_level;554;True
S0003;2026-01-02 01:23:30;humidity;61.954;False
S0007;2026-01-02 01:23:30;temperature;21.484;False
S0001;2026-01-02 01:23:30;temperature;23.048;False
S0004;2026-01-02 01:23:30;CO2_level;896;False
S0011;2026-01-02 01:23:30;ventilation;0.631;False
S0004;2026-01-02 01:23:45;CO2_level;1147;False
S0001;2026-01-02 01:23:45;temperature;15.519;False
S0010;2026-01-02 01:23:45;CO2_level;666;False
S0011;2026-01-02 01:23:45;ventilation;0.757;False
S0005;2026-01-02 01:23:45;ventilation;0.74;False
S0007;2026-01-02 01:23:45;temperature;16.835;False
S0004;2026-01-02 01:24:00;CO2_level;857;False
S0009;2026-01-02 01:24:00;humidity;60.111;False
S0001;2026-01-02 01:24:00;temperature;21.811;False
S0011;2026-01-02 01:24:00;ventilation;0.684;False
S0003;2026-01-02 01:24:00;humidity;62.016;False
S0005;2026-01-02 01:24:00;ventilation;0.783;False
S0010;2026-01-02 01:24:00;CO2_level;783;False
S0007;2026-01-02 01:24:00;temperature;22.088;False
S0011;2026-01-02 01:24:15;ventilation;0.683;False
S0010;2026-01-02 01:24:15;CO2_level;757;False
S0001;2026-01-02 01:24:15;temperature;32.106;True
S0005;2026-01-02 01:24:15;ventilation;0.694;False
S0007;2026-01-02 01:24:15;temperature;15.705;False
S0004;2026-01-02 01:24:15;CO2_level;737;False
S0009;2026-01-02 01:24:30;humidity;68.199;False
S0007;2026-01-02 01:24:30;temperature;4.602;True
S0001;2026-01-02 01:24:30;temperature;20.313;False
S0005;2026-01-02 01:24:30;ventilation;0.891;False
S0010;2026-01-02 01:24:30;CO2_level;844;False
S0004;2026-01-02 01:24:30;CO2_level;1069;False
S0011;2026-01-02 01:24:30;ventilation;0.575;False
S0003;2026-01-02 01:24:30;humidity;64.328;False
S0001;2026-01-02 01:24:45;temperature;22.418;False
S0011;2026-01-02 01:24:45;ventilation;0.026;True
S0007;2026-01-02 01:24:45;temperature;null;True
S0010;2026-01-02 01:24:45;CO2_level;849;False
S0004;2026-01-02 01:24:45;CO2_level;841;False
S0005;2026-01-02 01:24:45;ventilation;0.546;False
S0009;2026-01-02 01:25:00;humidity;65.079;False
S0001;2026-01-02 01:25:00;temperature;22.341;False
S0007;2026-01-02 01:25:00;temperature;null;True
S0005;2026-01-02 01:25:00;ventilation;0.518;False
S0011;2026-01-02 01:25:00;ventilation;0.126;True
S0004;2026-01-02 01:25:00;CO2_level;661;False
S0010;2026-01-02 01:25:00;CO2_level;1131;False
S0003;2026-01-02 01:25:00;humidity;65.018;False
S0005;2026-01-02 01:25:15;ventilation;0.769;False
S0004;2026-01-02 01:25:15;CO2_level;762;False
S0011;2026-01-02 01:25:15;ventilation;0.514;False
S0007;2026-01-02 01:25:15;temperature;18.246;False
S0010;2026-01-02 01:25:15;CO2_level;604;False
S0001;2026-01-02 01:25:15;temperature;20.09;False
S0004;2026-01-02 01:25:30;CO2_level;1039;False
S0007;2026-01-02 01:25:30;temperature;24.926;False
S0010;2026-01-02 01:25:30;CO2_level;990;False
S0001;2026-01-02 01:25:30;temperature;15.796;False
S0005;2026-01-02 01:25:30;ventilation;0.934;False
S0009;2026-01-02 01:25:30;humidity;69.163;False
S0011;2026-01-02 01:25:30;ventilation;0.566;False
S0003;2026-01-02 01:25:30;humidity;69.105;False
S0011;2026-01-02 01:25:45;ventilation;0.683;False
S0004;2026-01-02 01:25:45;CO2_level;1012;False
S0010;2026-01-02 01:25:45;CO2_level;829;False
S0005;2026-01-02 01:25:45;ventilation;0.774;False
S0007;2026-01-02 01:25:45;temperature;19.026;False
S0001;2026-01-02 01:25:45;temperature;17.583;False
S0004;2026-01-02 01:26:00;CO2_level;713;False
S0003;2026-01-02 01:26:00;humidity;60.202;False
S0011;2026-01-02 01:26:00;ventilation;0.549;False
S0010;2026-01-02 01:26:00;CO2_level;928;False
S0009;2026-01-02 01:26:00;humidity;65.034;False
S0007;2026-01-02 01:26:00;temperature;20.834;False
S0005;2026-01-02 01:26:00;ventilation;0.533;False
S0001;2026-01-02 01:26:00;temperature;16.902;False
S0004;2026-01-02 01:26:15;CO2_level;834;False
S0001;2026-01-02 01:26:15;temperature;25.168;False
S0010;2026-01-02 01:26:15;CO2_level;952;False
S0005;2026-01-02 01:26:15;ventilation;0.705;False
S0011;2026-01-02 01:26:15;ventilation;0.62;False
S0007;2026-01-02 01:26:15;temperature;18.591;False
S0011;2026-01-02 01:26:30;ventilation;0.826;False
S0007;2026-01-02 01:26:30;temperature;16.788;False
S0010;2026-01-02 01:26:30;CO2_level;737;False
S0009;2026-01-02 01:26:30;humidity;67.866;False
S0005;2026-01-02 01:26:30;ventilation;0.616;False
S0001;2026-01-02 01:26:30;temperature;16.953;False
S0004;2026-01-02 01:26:30;CO2_level;922;False
S0003;2026-01-02 01:26:30;humidity;67.223;False
S0010;2026-01-02 01:26:45;CO2_level;857;False
S0005;2026-01-02 01:26:45;ventilation;0.668;False
S0001;2026-01-02 01:26:45;temperature;21.811;False
S0011;2026-01-02 01:26:45;ventilation;0.889;False
S0004;2026-01-02 01:26:45;CO2_level;1004;False
S0007;2026-01-02 01:26:45;temperature;15.456;False
S0004;2026-01-02 01:27:00;CO2_level;964;False
S0001;2026-01-02 01:27:00;temperature;18.303;False
S0005;2026-01-02 01:27:00;ventilation;0.685;False
S0010;2026-01-02 01:27:00;CO2_level;1046;False
S0007;2026-01-02 01:27:00;temperature;19.799;False
S0003;2026-01-02 01:27:00;humidity;63.426;False
S0011;2026-01-02 01:27:00;ventilation;0.504;False
S0009;2026-01-02 01:27:00;humidity;68.766;False
S0010;2026-01-02 01:27:15;CO2_level;493;True
S0011;2026-01-02 01:27:15;ventilation;0.715;False
S0007;2026-01-02 01:27:15;temperature;21.441;False
S0005;2026-01-02 01:27:15;ventilation;0.85;False
S0004;2026-01-02 01:27:15;CO2_level;877;False
S0001;2026-01-02 01:27:15;temperature;15.017;False
S0005;2026-01-02 01:27:30;ventilation;0.512;False
S0004;2026-01-02 01:27:30;CO2_level;951;False
S0009;2026-01-02 01:27:30;humidity;63.456;False
S0010;2026-01-02 01:27:30;CO2_level;718;False
S0001;2026-01-02 01:27:30;temperature;24.514;False
S0003;2026-01-02 01:27:30;humidity;67.84;False
S0011;2026-01-02 01:27:30;ventilation;0.603;False
S0007;2026-01-02 01:27:30;temperature;25.289;False
S0007;2026-01-02 01:27:45;temperature;20.342;False
S0004;2026-01-02 01:27:45;CO2_level;1182;False
S0011;2026-01-02 01:27:45;ventilation;0.671;False
S0001;2026-01-02 01:27:45;temperature;23.552;False
S0005;2026-01-02 01:27:45;ventilation;0.935;False
S0010;2026-01-02 01:27:45;CO2_level;839;False
S0011;2026-01-02 01:28:00;ventilation;0.929;False
S0007;2026-01-02 01:28:00;temperature;17.814;False
S0009;2026-01-02 01:28:00;humidity;64.023;False
S0005;2026-01-02 01:28:00;ventilation;0.728;False
S0010;2026-01-02 01:28:00;CO2_level;1164;False
S0004;2026-01-02 01:28:00;CO2_level;697;False
S0003;2026-01-02 01:28:00;humidity;66.907;False
S0001;2026-01-02 01:28:00;temperature;19.961;False
S0007;2026-01-02 01:28:15;temperature;26.328;False
S0005;2026-01-02 01:28:15;ventilation;0.891;False
S0010;2026-01-02 01:28:15;CO2_level;1162;False
S0011;2026-01-02 01:28:15;ventilation;0.719;False
S0004;2026-01-02 01:28:15;CO2_level;851;False
S0001;2026-01-02 01:28:15;temperature;15.486;False
S0009;2026-01-02 01:28:30;humidity;64.604;False
S0007;2026-01-02 01:28:30;temperature;15.988;False
S0004;2026-01-02 01:28:30;CO2_level;1054;False
S0005;2026-01-02 01:28:30;ventilation;0.749;False
S0011;2026-01-02 01:28:30;ventilation;0.886;False
S0003;2026-01-02 01:28:30;humidity;65.28;False
S0010;2026-01-02 01:28:30;CO2_level;748;False
S0001;2026-01-02 01:28:30;temperature;20.268;False
S0005;2026-01-02 01:28:45;ventilation;0.705;False
S0007;2026-01-02 01:28:45;temperature;21.166;False
S0010;2026-01-02 01:28:45;CO2_level;1144;False
S0011;2026-01-02 01:28:45;ventilation;0.999;False
S0004;2026-01-02 01:28:45;CO2_level;1068;False
S0001;2026-01-02 01:28:45;temperature;21.89;False
S0005;2026-01-02 01:29:00;ventilation;0.685;False
S0009;2026-01-02 01:29:00;humidity;61.498;False
S0003;2026-01-02 01:29:00;humidity;60.188;False
S0007;2026-01-02 01:29:00;temperature;19.04;False
S0001;2026-01-02 01:29:00;temperature;10.782;True
S0010;2026-01-02 01:29:00;CO2_level;1045;False
S0004;2026-01-02 01:29:00;CO2_level;920;False
S0011;2026-01-02 01:29:00;ventilation;0.885;False
S0001;2026-01-02 01:29:15;temperature;15.717;False
S0005;2026-01-02 01:29:15;ventilation;0.033;True
S0007;2026-01-02 01:29:15;temperature;26.163;False
S0004;2026-01-02 01:29:15;CO2_level;1101;False
S0010;2026-01-02 01:29:15;CO2_level;830;False
S0011;2026-01-02 01:29:15;ventilation;0.831;False
S0011;2026-01-02 01:29:30;ventilation;0.596;False
S0009;2026-01-02 01:29:30;humidity;72.296;True
S0005;2026-01-02 01:29:30;ventilation;0.836;False
S0004;2026-01-02 01:29:30;CO2_level;793;False
S0007;2026-01-02 01:29:30;temperature;20.8;False
S0003;2026-01-02 01:29:30;humidity;60.683;False
S0001;2026-01-02 01:29:30;temperature;15.723;False
S0010;2026-01-02 01:29:30;CO2_level;1051;False
S0007;2026-01-02 01:29:45;temperature;21.064;False
S0005;2026-01-02 01:29:45;ventilation;0.601;False
S0010;2026-01-02 01:29:45;CO2_level;839;False
S0001;2026-01-02 01:29:45;temperature;18.603;False
S0004;2026-01-02 01:29:45;CO2_level;1060;False
S0011;2026-01-02 01:29:45;ventilation;0.956;False
S0010;2026-01-02 01:30:00;CO2_level;1120;False
S0004;2026-01-02 01:30:00;CO2_level;638;False
S0003;2026-01-02 01:30:00;humidity;67.375;False
S0005;2026-01-02 01:30:00;ventilation;0.768;False
S0011;2026-01-02 01:30:00;ventilation;0.675;False
S0007;2026-01-02 01:30:00;temperature;20.113;False
S0001;2026-01-02 01:30:00;temperature;22.396;False
S0009;2026-01-02 01:30:00;humidity;63.059;False
S0005;2026-01-02 01:30:15;ventilation;0.73;False
S0011;2026-01-02 01:30:15;ventilation;1.45;True
S0007;2026-01-02 01:30:15;temperature;26.773;False
S0001;2026-01-02 01:30:15;temperature;19.975;False
S0004;2026-01-02 01:30:15;CO2_level;828;False
S0010;2026-01-02 01:30:15;CO2_level;875;False
S0001;2026-01-02 01:30:30;temperature;16.828;False
S0010;2026-01-02 01:30:30;CO2_level;957;False
S0004;2026-01-02 01:30:30;CO2_level;617;False
S0003;2026-01-02 01:30:30;humidity;63.476;False
S0009;2026-01-02 01:30:30;humidity;62.626;False
S0005;2026-01-02 01:30:30;ventilation;0.861;False
S0007;2026-01-02 01:30:30;temperature;26.388;False
S0011;2026-01-02 01:30:30;ventilation;0.846;False
S0004;2026-01-02 01:30:45;CO2_level;914;False
S0010;2026-01-02 01:30:45;CO2_level;870;False
S0011;2026-01-02 01:30:45;ventilation;0.662;False
S0001;2026-01-02 01:30:45;temperature;18.197;False
S0007;2026-01-02 01:30:45;temperature;25.888;False
S0005;2026-01-02 01:30:45;ventilation;0.582;False
S0011;2026-01-02 01:31:00;ventilation;0.641;False
S0001;2026-01-02 01:31:00;temperature;19.143;False
S0009;2026-01-02 01:31:00;humidity;62.981;False
S0005;2026-01-02 01:31:00;ventilation;0.578;False
S0007;2026-01-02 01:31:00;temperature;21.652;False
S0010;2026-01-02 01:31:00;CO2_level;922;False
S0003;2026-01-02 01:31:00;humidity;null;True
S0004;2026-01-02 01:31:00;CO2_level;608;False
S0001;2026-01-02 01:31:15;temperature;22.86;False
S0010;2026-01-02 01:31:15;CO2_level;965;False
S0007;2026-01-02 01:31:15;temperature;null;True
S0005;2026-01-02 01:31:15;ventilation;0.722;False
S0011;2026-01-02 01:31:15;ventilation;0.79;False
S0004;2026-01-02 01:31:15;CO2_level;1151;False
S0004;2026-01-02 01:31:30;CO2_level;650;False
S0003;2026-01-02 01:31:30;humidity;62.432;False
S0010;2026-01-02 01:31:30;CO2_level;1009;False
S0001;2026-01-02 01:31:30;temperature;25.846;False
S0011;2026-01-02 01:31:30;ventilation;0.838;False
S0005;2026-01-02 01:31:30;ventilation;0.988;False
S0009;2026-01-02 01:31:30;humidity;60.714;False
S0007;2026-01-02 01:31:30;temperature;19.507;False
S0011;2026-01-02 01:31:45;ventilation;0.853;False
S0007;2026-01-02 01:31:45;temperature;23.438;False
S0010;2026-01-02 01:31:45;CO2_level;879;False
S0001;2026-01-02 01:31:45;temperature;24.914;False
S0004;2026-01-02 01:31:45;CO2_level;768;False
S0005;2026-01-02 01:31:45;ventilation;0.571;False
S0004;2026-01-02 01:32:00;CO2_level;957;False
S0003;2026-01-02 01:32:00;humidity;null;True
S0011;2026-01-02 01:32:00;ventilation;0.612;False
S0001;2026-01-02 01:32:00;temperature;20.599;False
S0005;2026-01-02 01:32:00;ventilation;0.576;False
S0009;2026-01-02 01:32:00;humidity;68.694;False
S0007;2026-01-02 01:32:00;temperature;26.844;False
S0010;2026-01-02 01:32:00;CO2_level;888;False
S0005;2026-01-02 01:32:15;ventilation;0.661;False
S0004;2026-01-02 01:32:15;CO2_level;1160;False
S0010;2026-01-02 01:32:15;CO2_level;1078;False
S0011;2026-01-02 01:32:15;ventilation;0.728;False
S0001;2026-01-02 01:32:15;temperature;21.133;False
S0007;2026-01-02 01:32:15;temperature;24.911;False
S0010;2026-01-02 01:32:30;CO2_level;765;False
S0003;2026-01-02 01:32:30;humidity;60.107;False
S0004;2026-01-02 01:32:30;CO2_level;1188;False
S0005;2026-01-02 01:32:30;ventilation;0.649;False
S0001;2026-01-02 01:32:30;temperature;24.527;False
S0009;2026-01-02 01:32:30;humidity;68.735;False
S0007;2026-01-02 01:32:30;temperature;24.178;False
S0011;2026-01-02 01:32:30;ventilation;0.81;False
S0011;2026-01-02 01:32:45;ventilation;0.423;True
S0010;2026-01-02 01:32:45;CO2_level;1176;False
S0001;2026-01-02 01:32:45;temperature;17.003;False
S0007;2026-01-02 01:32:45;temperature;20.527;False
S0004;2026-01-02 01:32:45;CO2_level;1205;True
S0005;2026-01-02 01:32:45;ventilation;0.877;False
S0009;2026-01-02 01:33:00;humidity;67.162;False
S0001;2026-01-02 01:33:00;temperature;21.5;False
S0003;2026-01-02 01:33:00;humidity;64.442;False
S0011;2026-01-02 01:33:00;ventilation;0.502;False
S0007;2026-01-02 01:33:00;temperature;21.931;False
S0010;2026-01-02 01:33:00;CO2_level;924;False
S0005;2026-01-02 01:33:00;ventilation;0.806;False
S0004;2026-01-02 01:33:00;CO2_level;777;False
S0011;2026-01-02 01:33:15;ventilation;0.648;False
S0004;2026-01-02 01:33:15;CO2_level;1010;False
S0007;2026-01-02 01:33:15;temperature;22.17;False
S0010;2026-01-02 01:33:15;CO2_level;1195;False
S0001;2026-01-02 01:33:15;temperature;21.496;False
S0005;2026-01-02 01:33:15;ventilation;0.564;False
S0011;2026-01-02 01:33:30;ventilation;0.907;False
S0010;2026-01-02 01:33:30;CO2_level;1007;False
S0003;2026-01-02 01:33:30;humidity;61.184;False
S0005;2026-01-02 01:33:30;ventilation;0.907;False
S0009;2026-01-02 01:33:30;humidity;62.932;False
S0001;2026-01-02 01:33:30;temperature;17.074;False
S0007;2026-01-02 01:33:30;temperature;12.23;True
S0004;2026-01-02 01:33:30;CO2_level;830;False
S0005;2026-01-02 01:33:45;ventilation;0.601;False
S0007;2026-01-02 01:33:45;temperature;26.063;False
S0010;2026-01-02 01:33:45;CO2_level;1198;False
S0001;2026-01-02 01:33:45;temperature;19.772;False
S0011;2026-01-02 01:33:45;ventilation;0.87;False
S0004;2026-01-02 01:33:45;CO2_level;817;False
S0005;2026-01-02 01:34:00;ventilation;0.722;False
S0001;2026-01-02 01:34:00;temperature;15.041;False
S0011;2026-01-02 01:34:00;ventilation;0.943;False
S0010;2026-01-02 01:34:00;CO2_level;728;False
S0003;2026-01-02 01:34:00;humidity;60.966;False
S0004;2026-01-02 01:34:00;CO2_level;856;False
S0009;2026-01-02 01:34:00;humidity;69.326;False
S0007;2026-01-02 01:34:00;temperature;15.169;False
S0001;2026-01-02 01:34:15;temperature;16.948;False
S0005;2026-01-02 01:34:15;ventilation;0.897;False
S0004;2026-01-02 01:34:15;CO2_level;840;False
S0010;2026-01-02 01:34:15;CO2_level;1059;False
S0011;2026-01-02 01:34:15;ventilation;0.719;False
S0007;2026-01-02 01:34:15;temperature;19.549;False
S0011;2026-01-02 01:34:30;ventilation;0.743;False
S0001;2026-01-02 01:34:30;temperature;16.559;False
S0009;2026-01-02 01:34:30;humidity;69.092;False
S0003;2026-01-02 01:34:30;humidity;64.18;False
S0010;2026-01-02 01:34:30;CO2_level;805;False
S0004;2026-01-02 01:34:30;CO2_level;694;False
S0005;2026-01-02 01:34:30;ventilation;0.725;False
S0007;2026-01-02 01:34:30;temperature;24.155;False
S0010;2026-01-02 01:34:45;CO2_level;809;False
S0011;2026-01-02 01:34:45;ventilation;0.922;False
S0004;2026-01-02 01:34:45;CO2_level;1127;False
S0001;2026-01-02 01:34:45;temperature;19.189;False
S0005;2026-01-02 01:34:45;ventilation;0.748;False
S0007;2026-01-02 01:34:45;temperature;19.677;False
S0011;2026-01-02 01:35:00;ventilation;0.969;False
S0005;2026-01-02 01:35:00;ventilation;0.655;False
S0001;2026-01-02 01:35:00;temperature;21.506;False
S0009;2026-01-02 01:35:00;humidity;65.034;False
S0007;2026-01-02 01:35:00;temperature;23.122;False
S0004;2026-01-02 01:35:00;CO2_level;886;False
S0003;2026-01-02 01:35:00;humidity;63.213;False
S0010;2026-01-02 01:35:00;CO2_level;981;False
S0010;2026-01-02 01:35:15;CO2_level;781;False
S0005;2026-01-02 01:35:15;ventilation;0.607;False
S0001;2026-01-02 01:35:15;temperature;21.598;False
S0011;2026-01-02 01:35:15;ventilation;0.74;False
S0007;2026-01-02 01:35:15;temperature;17.735;False
S0004;2026-01-02 01:35:15;CO2_level;956;False
S0001;2026-01-02 01:35:30;temperature;17.971;False
S0004;2026-01-02 01:35:30;CO2_level;1194;False
S0003;2026-01-02 01:35:30;humidity;64.401;False
S0005;2026-01-02 01:35:30;ventilation;0.678;False
S0010;2026-01-02 01:35:30;CO2_level;983;False
S0009;2026-01-02 01:35:30;humidity;68.253;False
S0011;2026-01-02 01:35:30;ventilation;0.608;False
S0007;2026-01-02 01:35:30;temperature;25.561;False
S0004;2026-01-02 01:35:45;CO2_level;926;False
S0011;2026-01-02 01:35:45;ventilation;0.738;False
S0001;2026-01-02 01:35:45;temperature;26.759;False
S0010;2026-01-02 01:35:45;CO2_level;1256;True
S0007;2026-01-02 01:35:45;temperature;17.657;False
S0005;2026-01-02 01:35:45;ventilation;0.967;False
S0011;2026-01-02 01:36:00;ventilation;0.745;False
S0003;2026-01-02 01:36:00;humidity;62.095;False
S0001;2026-01-02 01:36:00;temperature;25.945;False
S0004;2026-01-02 01:36:00;CO2_level;769;False
S0010;2026-01-02 01:36:00;CO2_level;1002;False
S0007;2026-01-02 01:36:00;temperature;null;True
S0005;2026-01-02 01:36:00;ventilation;0.696;False
S0009;2026-01-02 01:36:00;humidity;62.921;False
S0010;2026-01-02 01:36:15;CO2_level;648;False
S0005;2026-01-02 01:36:15;ventilation;0.966;False
S0007;2026-01-02 01:36:15;temperature;16.336;False
S0001;2026-01-02 01:36:15;temperature;22.187;False
S0011;2026-01-02 01:36:15;ventilation;0.755;False
S0004;2026-01-02 01:36:15;CO2_level;611;False
S0005;2026-01-02 01:36:30;ventilation;0.517;False
S0001;2026-01-02 01:36:30;temperature;15.479;False
S0010;2026-01-02 01:36:30;CO2_level;676;False
S0003;2026-01-02 01:36:30;humidity;63.221;False
S0007;2026-01-02 01:36:30;temperature;17.793;False
S0011;2026-01-02 01:36:30;ventilation;0.313;True
S0009;2026-01-02 01:36:30;humidity;60.655;False
S0004;2026-01-02 01:36:30;CO2_level;689;False
S0001;2026-01-02 01:36:45;temperature;26.501;False
S0011;2026-01-02 01:36:45;ventilation;0.81;False
S0005;2026-01-02 01:36:45;ventilation;0.66;False
S0007;2026-01-02 01:36:45;temperature;25.818;False
S0004;2026-01-02 01:36:45;CO2_level;740;False
S0010;2026-01-02 01:36:45;CO2_level;880;False
S0004;2026-01-02 01:37:00;CO2_level;951;False
S0003;2026-01-02 01:37:00;humidity;6.733;True
S0005;2026-01-02 01:37:00;ventilation;0.508;False
S0001;2026-01-02 01:37:00;temperature;15.25;False
S0011;2026-01-02 01:37:00;ventilation;0.681;False
S0009;2026-01-02 01:37:00;humidity;67.926;False
S0007;2026-01-02 01:37:00;temperature;24.531;False
S0010;2026-01-02 01:37:00;CO2_level;1143;False
S0001;2026-01-02 01:37:15;temperature;15.828;False
S0005;2026-01-02 01:37:15;ventilation;0.627;False
S0007;2026-01-02 01:37:15;temperature;21.259;False
S0010;2026-01-02 01:37:15;CO2_level;694;False
S0011;2026-01-02 01:37:15;ventilation;1.3;True
S0004;2026-01-02 01:37:15;CO2_level;646;False
S0004;2026-01-02 01:37:30;CO2_level;729;False
S0011;2026-01-02 01:37:30;ventilation;0.512;False
S0010;2026-01-02 01:37:30;CO2_level;635;False
S0003;2026-01-02 01:37:30;humidity;65.325;False
S0001;2026-01-02 01:37:30;temperature;22.405;False
S0009;2026-01-02 01:37:30;humidity;66.623;False
S0005;2026-01-02 01:37:30;ventilation;0.883;False
S0007;2026-01-02 01:37:30;temperature;23.484;False
S0010;2026-01-02 01:37:45;CO2_level;1114;False
S0005;2026-01-02 01:37:45;ventilation;0.923;False
S0004;2026-01-02 01:37:45;CO2_level;725;False
S0011;2026-01-02 01:37:45;ventilation;0.89;False
S0007;2026-01-02 01:37:45;temperature;25.482;False
S0001;2026-01-02 01:37:45;temperature;20.906;False
S0007;2026-01-02 01:38:00;temperature;26.008;False
S0011;2026-01-02 01:38:00;ventilation;0.169;True
S0009;2026-01-02 01:38:00;humidity;69.504;False
S0010;2026-01-02 01:38:00;CO2_level;1054;False
S0001;2026-01-02 01:38:00;temperature;21.394;False
S0005;2026-01-02 01:38:00;ventilation;0.686;False
S0004;2026-01-02 01:38:00;CO2_level;873;False
S0003;2026-01-02 01:38:00;humidity;62.022;False
S0005;2026-01-02 01:38:15;ventilation;0.718;False
S0011;2026-01-02 01:38:15;ventilation;0.848;False
S0004;2026-01-02 01:38:15;CO2_level;1059;False
S0001;2026-01-02 01:38:15;temperature;23.725;False
S0010;2026-01-02 01:38:15;CO2_level;873;False
S0007;2026-01-02 01:38:15;temperature;21.977;False
S0003;2026-01-02 01:38:30;humidity;65.242;False
S0011;2026-01-02 01:38:30;ventilation;0.85;False
S0005;2026-01-02 01:38:30;ventilation;0.772;False
S0009;2026-01-02 01:38:30;humidity;68.923;False
S0004;2026-01-02 01:38:30;CO2_level;575;True
S0007;2026-01-02 01:38:30;temperature;31.255;True
S0010;2026-01-02 01:38:30;CO2_level;1164;False
S0001;2026-01-02 01:38:30;temperature;22.555;False
S0011;2026-01-02 01:38:45;ventilation;0.705;False
S0007;2026-01-02 01:38:45;temperature;16.658;False
S0010;2026-01-02 01:38:45;CO2_level;875;False
S0004;2026-01-02 01:38:45;CO2_level;613;False
S0001;2026-01-02 01:38:45;temperature;16.539;False
S0005;2026-01-02 01:38:45;ventilation;0.932;False
S0003;2026-01-02 01:39:00;humidity;65.88;False
S0009;2026-01-02 01:39:00;humidity;61.103;False
S0001;2026-01-02 01:39:00;temperature;18.172;False
S0010;2026-01-02 01:39:00;CO2_level;1164;False
S0007;2026-01-02 01:39:00;temperature;21.515;False
S0004;2026-01-02 01:39:00;CO2_level;779;False
S0005;2026-01-02 01:39:00;ventilation;0.414;True
S0011;2026-01-02 01:39:00;ventilation;1.152;True
S0010;2026-01-02 01:39:15;CO2_level;884;False
S0007;2026-01-02 01:39:15;temperature;17.959;False
S0005;2026-01-02 01:39:15;ventilation;0.754;False
S0011;2026-01-02 01:39:15;ventilation;0.605;False
S0001;2026-01-02 01:39:15;temperature;15.11;False
S0004;2026-01-02 01:39:15;CO2_level;995;False
S0010;2026-01-02 01:39:30;CO2_level;603;False
S0003;2026-01-02 01:39:30;humidity;61.272;False
S0007;2026-01-02 01:39:30;temperature;24.708;False
S0009;2026-01-02 01:39:30;humidity;66.718;False
S0004;2026-01-02 01:39:30;CO2_level;840;False
S0011;2026-01-02 01:39:30;ventilation;0.659;False
S0005;2026-01-02 01:39:30;ventilation;0.57;False
S0001;2026-01-02 01:39:30;temperature;16.844;False
S0010;2026-01-02 01:39:45;CO2_level;1181;False
S0011;2026-01-02 01:39:45;ventilation;0.551;False
S0007;2026-01-02 01:39:45;temperature;19.071;False
S0005;2026-01-02 01:39:45;ventilation;0.566;False
S0004;2026-01-02 01:39:45;CO2_level;641;False
S0001;2026-01-02 01:39:45;temperature;20.318;False
S0007;2026-01-02 01:40:00;temperature;21.719;False
S0010;2026-01-02 01:40:00;CO2_level;667;False
S0005;2026-01-02 01:40:00;ventilation;0.664;False
S0004;2026-01-02 01:40:00;CO2_level;1008;False
S0009;2026-01-02 01:40:00;humidity;68.99;False
S0003;2026-01-02 01:40:00;humidity;null;True
S0001;2026-01-02 01:40:00;temperature;15.665;False
S0011;2026-01-02 01:40:00;ventilation;0.689;False
S0001;2026-01-02 01:40:15;temperature;20.901;False
S0010;2026-01-02 01:40:15;CO2_level;1123;False
S0011;2026-01-02 01:40:15;ventilation;0.988;False
S0007;2026-01-02 01:40:15;temperature;24.968;False
S0005;2026-01-02 01:40:15;ventilation;0.795;False
S0004;2026-01-02 01:40:15;CO2_level;920;False
S0009;2026-01-02 01:40:30;humidity;68.777;False
S0011;2026-01-02 01:40:30;ventilation;0.55;False
S0007;2026-01-02 01:40:30;temperature;22.681;False
S0005;2026-01-02 01:40:30;ventilation;0.973;False
S0004;2026-01-02 01:40:30;CO2_level;834;False
S0001;2026-01-02 01:40:30;temperature;23.648;False
S0010;2026-01-02 01:40:30;CO2_level;770;False
S0003;2026-01-02 01:40:30;humidity;69.59;False
S0004;2026-01-02 01:40:45;CO2_level;1010;False
S0005;2026-01-02 01:40:45;ventilation;0.899;False
S0007;2026-01-02 01:40:45;temperature;16.94;False
S0001;2026-01-02 01:40:45;temperature;26.17;False
S0010;2026-01-02 01:40:45;CO2_level;278;True
S0011;2026-01-02 01:40:45;ventilation;0.701;False
S0001;2026-01-02 01:41:00;temperature;24.422;False
S0010;2026-01-02 01:41:00;CO2_level;789;False
S0009;2026-01-02 01:41:00;humidity;67.798;False
S0005;2026-01-02 01:41:00;ventilation;0.558;False
S0007;2026-01-02 01:41:00;temperature;22.704;False
S0004;2026-01-02 01:41:00;CO2_level;668;False
S0011;2026-01-02 01:41:00;ventilation;0.835;False
S0003;2026-01-02 01:41:00;humidity;65.124;False
S0004;2026-01-02 01:41:15;CO2_level;1032;False
S0011;2026-01-02 01:41:15;ventilation;0.707;False
S0001;2026-01-02 01:41:15;temperature;19.108;False
S0007;2026-01-02 01:41:15;temperature;26.708;False
S0005;2026-01-02 01:41:15;ventilation;0.926;False
S0010;2026-01-02 01:41:15;CO2_level;988;False
S0009;2026-01-02 01:41:30;humidity;62.73;False
S0004;2026-01-02 01:41:30;CO2_level;1001;False
S0003;2026-01-02 01:41:30;humidity;69.041;False
S0007;2026-01-02 01:41:30;temperature;20.321;False
S0001;2026-01-02 01:41:30;temperature;17.827;False
S0005;2026-01-02 01:41:30;ventilation;0.796;False
S0010;2026-01-02 01:41:30;CO2_level;710;False
S0011;2026-01-02 01:41:30;ventilation;0.992;False
S0004;2026-01-02 01:41:45;CO2_level;1089;False
S0007;2026-01-02 01:41:45;temperature;26.129;False
S0005;2026-01-02 01:41:45;ventilation;0.689;False
S0010;2026-01-02 01:41:45;CO2_level;1133;False
S0011;2026-01-02 01:41:45;ventilation;0.648;False
S0001;2026-01-02 01:41:45;temperature;19.526;False
S0001;2026-01-02 01:42:00;temperature;25.91;False
S0003;2026-01-02 01:42:00;humidity;64.306;False
S0005;2026-01-02 01:42:00;ventilation;0.713;False
S0010;2026-01-02 01:42:00;CO2_level;779;False
S0011;2026-01-02 01:42:00;ventilation;0.53;False
S0009;2026-01-02 01:42:00;humidity;62.623;False
S0007;2026-01-02 01:42:00;temperature;16.197;False
S0004;2026-01-02 01:42:00;CO2_level;693;False
S0011;2026-01-02 01:42:15;ventilation;0.692;False
S0007;2026-01-02 01:42:15;temperature;22.578;False
S0004;2026-01-02 01:42:15;CO2_level;1008;False
S0001;2026-01-02 01:42:15;temperature;23.723;False
S0010;2026-01-02 01:42:15;CO2_level;975;False
S0005;2026-01-02 01:42:15;ventilation;0.555;False
S0007;2026-01-02 01:42:30;temperature;17.682;False
S0010;2026-01-02 01:42:30;CO2_level;1192;False
S0009;2026-01-02 01:42:30;humidity;67.588;False
S0011;2026-01-02 01:42:30;ventilation;0.957;False
S0005;2026-01-02 01:42:30;ventilation;0.751;False
S0004;2026-01-02 01:42:30;CO2_level;752;False
S0003;2026-01-02 01:42:30;humidity;65.084;False
S0001;2026-01-02 01:42:30;temperature;24.874;False
S0001;2026-01-02 01:42:45;temperature;16.05;False
S0004;2026-01-02 01:42:45;CO2_level;646;False
S0010;2026-01-02 01:42:45;CO2_level;778;False
S0007;2026-01-02 01:42:45;temperature;null;True
S0005;2026-01-02 01:42:45;ventilation;0.754;False
S0011;2026-01-02 01:42:45;ventilation;0.988;False
S0003;2026-01-02 01:43:00;humidity;68.733;False
S0005;2026-01-02 01:43:00;ventilation;1.764;True
S0010;2026-01-02 01:43:00;CO2_level;1290;True
S0007;2026-01-02 01:43:00;temperature;21.997;False
S0009;2026-01-02 01:43:00;humidity;65.531;False
S0001;2026-01-02 01:43:00;temperature;16.153;False
S0004;2026-01-02 01:43:00;CO2_level;1101;False
S0011;2026-01-02 01:43:00;ventilation;0.689;False
S0011;2026-01-02 01:43:15;ventilation;0.549;False
S0001;2026-01-02 01:43:15;temperature;25.849;False
S0005;2026-01-02 01:43:15;ventilation;0.723;False
S0004;2026-01-02 01:43:15;CO2_level;1023;False
S0010;2026-01-02 01:43:15;CO2_level;759;False
S0007;2026-01-02 01:43:15;temperature;15.941;False
S0007;2026-01-02 01:43:30;temperature;18.646;False
S0004;2026-01-02 01:43:30;CO2_level;739;False
S0003;2026-01-02 01:43:30;humidity;69.346;False
S0001;2026-01-02 01:43:30;temperature;23.744;False
S0010;2026-01-02 01:43:30;CO2_level;1008;False
S0009;2026-01-02 01:43:30;humidity;69.322;False
S0011;2026-01-02 01:43:30;ventilation;0.901;False
S0005;2026-01-02 01:43:30;ventilation;0.942;False
S0007;2026-01-02 01:43:45;temperature;17.915;False
S0001;2026-01-02 01:43:45;temperature;19.454;False
S0004;2026-01-02 01:43:45;CO2_level;616;False
S0011;2026-01-02 01:43:45;ventilation;0.85;False
S0010;2026-01-02 01:43:45;CO2_level;690;False
S0005;2026-01-02 01:43:45;ventilation;0.786;False
S0001;2026-01-02 01:44:00;temperature;26.222;False
S0010;2026-01-02 01:44:00;CO2_level;1092;False
S0009;2026-01-02 01:44:00;humidity;1.604;True
S0011;2026-01-02 01:44:00;ventilation;0.72;False
S0007;2026-01-02 01:44:00;temperature;20.85;False
S0004;2026-01-02 01:44:00;CO2_level;864;False
S0005;2026-01-02 01:44:00;ventilation;0.999;False
S0003;2026-01-02 01:44:00;humidity;64.835;False
S0010;2026-01-02 01:44:15;CO2_level;1032;False
S0001;2026-01-02 01:44:15;temperature;23.402;False
S0007;2026-01-02 01:44:15;temperature;18.206;False
S0011;2026-01-02 01:44:15;ventilation;0.683;False
S0004;2026-01-02 01:44:15;CO2_level;385;True
S0005;2026-01-02 01:44:15;ventilation;0.567;False
S0005;2026-01-02 01:44:30;ventilation;0.802;False
S0003;2026-01-02 01:44:30;humidity;60.309;False
S0010;2026-01-02 01:44:30;CO2_level;772;False
S0001;2026-01-02 01:44:30;temperature;23.609;False
S0009;2026-01-02 01:44:30;humidity;62.007;False
S0004;2026-01-02 01:44:30;CO2_level;1081;False
S0007;2026-01-02 01:44:30;temperature;5.616;True
S0011;2026-01-02 01:44:30;ventilation;0.891;False
S0011;2026-01-02 01:44:45;ventilation;0.66;False
S0001;2026-01-02 01:44:45;temperature;19.801;False
S0010;2026-01-02 01:44:45;CO2_level;632;False
S0004;2026-01-02 01:44:45;CO2_level;1110;False
S0007;2026-01-02 01:44:45;temperature;25.101;False
S0005;2026-01-02 01:44:45;ventilation;0.781;False
S0004;2026-01-02 01:45:00;CO2_level;1043;False
S0007;2026-01-02 01:45:00;temperature;24.467;False
S0009;2026-01-02 01:45:00;humidity;69.438;False
S0011;2026-01-02 01:45:00;ventilation;0.561;False
S0001;2026-01-02 01:45:00;temperature;17.777;False
S0005;2026-01-02 01:45:00;ventilation;null;True
S0003;2026-01-02 01:45:00;humidity;69.269;False
S0010;2026-01-02 01:45:00;CO2_level;1205;True
S0004;2026-01-02 01:45:15;CO2_level;929;False
S0001;2026-01-02 01:45:15;temperature;15.511;False
S0011;2026-01-02 01:45:15;ventilation;0.64;False
S0010;2026-01-02 01:45:15;CO2_level;915;False
S0005;2026-01-02 01:45:15;ventilation;0.806;False
S0007;2026-01-02 01:45:15;temperature;17.595;False
S0009;2026-01-02 01:45:30;humidity;68.68;False
S0003;2026-01-02 01:45:30;humidity;25.254;True
S0010;2026-01-02 01:45:30;CO2_level;1187;False
S0005;2026-01-02 01:45:30;ventilation;0.595;False
S0004;2026-01-02 01:45:30;CO2_level;928;False
S0001;2026-01-02 01:45:30;temperature;19.18;False
S0011;2026-01-02 01:45:30;ventilation;0.948;False
S0007;2026-01-02 01:45:30;temperature;24.41;False
S0004;2026-01-02 01:45:45;CO2_level;657;False
S0001;2026-01-02 01:45:45;temperature;21.16;False
S0011;2026-01-02 01:45:45;ventilation;0.967;False
S0007;2026-01-02 01:45:45;temperature;24.003;False
S0010;2026-01-02 01:45:45;CO2_level;1177;False
S0005;2026-01-02 01:45:45;ventilation;0.885;False
S0007;2026-01-02 01:46:00;temperature;21.378;False
S0003;2026-01-02 01:46:00;humidity;63.762;False
S0011;2026-01-02 01:46:00;ventilation;0.623;False
S0005;2026-01-02 01:46:00;ventilation;0.676;False
S0004;2026-01-02 01:46:00;CO2_level;746;False
S0001;2026-01-02 01:46:00;temperature;18.046;False
S0010;2026-01-02 01:46:00;CO2_level;null;True
S0009;2026-01-02 01:46:00;humidity;65.636;False
S0011;2026-01-02 01:46:15;ventilation;0.827;False
S0005;2026-01-02 01:46:15;ventilation;0.716;False
S0004;2026-01-02 01:46:15;CO2_level;879;False
S0010;2026-01-02 01:46:15;CO2_level;619;False
S0007;2026-01-02 01:46:15;temperature;18.047;False
S0001;2026-01-02 01:46:15;temperature;18.475;False
S0009;2026-01-02 01:46:30;humidity;60.355;False
S0005;2026-01-02 01:46:30;ventilation;0.884;False
S0011;2026-01-02 01:46:30;ventilation;1.105;True
S0010;2026-01-02 01:46:30;CO2_level;717;False
S0001;2026-01-02 01:46:30;temperature;20.802;False
S0004;2026-01-02 01:46:30;CO2_level;604;False
S0007;2026-01-02 01:46:30;temperature;18.72;False
S0003;2026-01-02 01:46:30;humidity;68.037;False
S0001;2026-01-02 01:46:45;temperature;21.671;False
S0007;2026-01-02 01:46:45;temperature;17.706;False
S0005;2026-01-02 01:46:45;ventilation;0.56;False
S0004;2026-01-02 01:46:45;CO2_level;870;False
S0010;2026-01-02 01:46:45;CO2_level;643;False
S0011;2026-01-02 01:46:45;ventilation;0.643;False
S0010;2026-01-02 01:47:00;CO2_level;924;False
S0001;2026-01-02 01:47:00;temperature;17.615;False
S0011;2026-01-02 01:47:00;ventilation;0.781;False
S0009;2026-01-02 01:47:00;humidity;62.602;False
S0003;2026-01-02 01:47:00;humidity;64.455;False
S0005;2026-01-02 01:47:00;ventilation;0.84;False
S0004;2026-01-02 01:47:00;CO2_level;787;False
S0007;2026-01-02 01:47:00;temperature;null;True
S0001;2026-01-02 01:47:15;temperature;9.318;True
S0007;2026-01-02 01:47:15;temperature;18.137;False
S0010;2026-01-02 01:47:15;CO2_level;1155;False
S0011;2026-01-02 01:47:15;ventilation;0.73;False
S0005;2026-01-02 01:47:15;ventilation;0.762;False
S0004;2026-01-02 01:47:15;CO2_level;866;False
S0010;2026-01-02 01:47:30;CO2_level;469;True
S0004;2026-01-02 01:47:30;CO2_level;628;False
S0007;2026-01-02 01:47:30;temperature;24.297;False
S0003;2026-01-02 01:47:30;humidity;61.241;False
S0009;2026-01-02 01:47:30;humidity;64.067;False
S0005;2026-01-02 01:47:30;ventilation;0.866;False
S0011;2026-01-02 01:47:30;ventilation;0.886;False
S0001;2026-01-02 01:47:30;temperature;24.724;False
S0004;2026-01-02 01:47:45;CO2_level;null;True
S0001;2026-01-02 01:47:45;temperature;18.187;False
S0005;2026-01-02 01:47:45;ventilation;0.962;False
S0011;2026-01-02 01:47:45;ventilation;0.778;False
S0007;2026-01-02 01:47:45;temperature;18.804;False
S0010;2026-01-02 01:47:45;CO2_level;806;False
S0004;2026-01-02 01:48:00;CO2_level;1095;False
S0001;2026-01-02 01:48:00;temperature;17.139;False
S0010;2026-01-02 01:48:00;CO2_level;1002;False
S0005;2026-01-02 01:48:00;ventilation;null;True
S0007;2026-01-02 01:48:00;temperature;18.594;False
S0009;2026-01-02 01:48:00;humidity;65.598;False
S0003;2026-01-02 01:48:00;humidity;null;True
S0011;2026-01-02 01:48:00;ventilation;0.598;False
S0001;2026-01-02 01:48:15;temperature;25.647;False
S0010;2026-01-02 01:48:15;CO2_level;801;False
S0007;2026-01-02 01:48:15;temperature;25.242;False
S0005;2026-01-02 01:48:15;ventilation;0.966;False
S0004;2026-01-02 01:48:15;CO2_level;1170;False
S0011;2026-01-02 01:48:15;ventilation;0.605;False
S0004;2026-01-02 01:48:30;CO2_level;947;False
S0001;2026-01-02 01:48:30;temperature;21.449;False
S0007;2026-01-02 01:48:30;temperature;25.769;False
S0010;2026-01-02 01:48:30;CO2_level;1028;False
S0011;2026-01-02 01:48:30;ventilation;0.902;False
S0009;2026-01-02 01:48:30;humidity;64.512;False
S0005;2026-01-02 01:48:30;ventilation;0.838;False
S0003;2026-01-02 01:48:30;humidity;68.798;False
S0007;2026-01-02 01:48:45;temperature;18.562;False
S0010;2026-01-02 01:48:45;CO2_level;981;False
S0011;2026-01-02 01:48:45;ventilation;0.708;False
S0005;2026-01-02 01:48:45;ventilation;0.895;False
S0004;2026-01-02 01:48:45;CO2_level;869;False
S0001;2026-01-02 01:48:45;temperature;30.056;True
S0003;2026-01-02 01:49:00;humidity;62.62;False
S0010;2026-01-02 01:49:00;CO2_level;967;False
S0005;2026-01-02 01:49:00;ventilation;0.779;False
S0009;2026-01-02 01:49:00;humidity;66.599;False
S0004;2026-01-02 01:49:00;CO2_level;1018;False
S0011;2026-01-02 01:49:00;ventilation;0.852;False
S0007;2026-01-02 01:49:00;temperature;1.498;True
S0001;2026-01-02 01:49:00;temperature;24.203;False
S0010;2026-01-02 01:49:15;CO2_level;616;False
S0004;2026-01-02 01:49:15;CO2_level;789;False
S0007;2026-01-02 01:49:15;temperature;18.969;False
S0005;2026-01-02 01:49:15;ventilation;0.86;False
S0001;2026-01-02 01:49:15;temperature;31.471;True
S0011;2026-01-02 01:49:15;ventilation;0.763;False
S0010;2026-01-02 01:49:30;CO2_level;1147;False
S0007;2026-01-02 01:49:30;temperature;15.989;False
S0004;2026-01-02 01:49:30;CO2_level;937;False
S0009;2026-01-02 01:49:30;humidity;67.111;False
S0001;2026-01-02 01:49:30;temperature;25.475;False
S0003;2026-01-02 01:49:30;humidity;66.02;False
S0011;2026-01-02 01:49:30;ventilation;0.923;False
S0005;2026-01-02 01:49:30;ventilation;0.986;False
S0005;2026-01-02 01:49:45;ventilation;0.703;False
S0001;2026-01-02 01:49:45;temperature;20.369;False
S0004;2026-01-02 01:49:45;CO2_level;696;False
S0010;2026-01-02 01:49:45;CO2_level;775;False
S0011;2026-01-02 01:49:45;ventilation;0.614;False
S0007;2026-01-02 01:49:45;temperature;22.775;False
S0007;2026-01-02 01:50:00;temperature;29.05;True
S0004;2026-01-02 01:50:00;CO2_level;1229;True
S0005;2026-01-02 01:50:00;ventilation;0.538;False
S0010;2026-01-02 01:50:00;CO2_level;1175;False
S0001;2026-01-02 01:50:00;temperature;16.091;False
S0011;2026-01-02 01:50:00;ventilation;0.752;False
S0009;2026-01-02 01:50:00;humidity;66.735;False
S0003;2026-01-02 01:50:00;humidity;61.038;False
S0004;2026-01-02 01:50:15;CO2_level;862;False
S0010;2026-01-02 01:50:15;CO2_level;988;False
S0001;2026-01-02 01:50:15;temperature;25.911;False
S0005;2026-01-02 01:50:15;ventilation;0.78;False
S0007;2026-01-02 01:50:15;temperature;24.915;False
S0011;2026-01-02 01:50:15;ventilation;0.948;False
S0010;2026-01-02 01:50:30;CO2_level;732;False
S0004;2026-01-02 01:50:30;CO2_level;1026;False
S0009;2026-01-02 01:50:30;humidity;63.216;False
S0003;2026-01-02 01:50:30;humidity;68.029;False
S0005;2026-01-02 01:50:30;ventilation;0.81;False
S0011;2026-01-02 01:50:30;ventilation;0.542;False
S0001;2026-01-02 01:50:30;temperature;23.087;False
S0007;2026-01-02 01:50:30;temperature;23.633;False
S0004;2026-01-02 01:50:45;CO2_level;1090;False
S0005;2026-01-02 01:50:45;ventilation;0.973;False
S0010;2026-01-02 01:50:45;CO2_level;932;False
S0011;2026-01-02 01:50:45;ventilation;0.626;False
S0007;2026-01-02 01:50:45;temperature;18.603;False
S0001;2026-01-02 01:50:45;temperature;24.181;False
S0004;2026-01-02 01:51:00;CO2_level;679;False
S0005;2026-01-02 01:51:00;ventilation;0.619;False
S0009;2026-01-02 01:51:00;humidity;64.21;False
S0007;2026-01-02 01:51:00;temperature;18.094;False
S0003;2026-01-02 01:51:00;humidity;52.979;True
S0010;2026-01-02 01:51:00;CO2_level;767;False
S0001;2026-01-02 01:51:00;temperature;22.866;False
S0011;2026-01-02 01:51:00;ventilation;0.994;False
S0004;2026-01-02 01:51:15;CO2_level;950;False
S0011;2026-01-02 01:51:15;ventilation;0.581;False
S0005;2026-01-02 01:51:15;ventilation;0.862;False
S0010;2026-01-02 01:51:15;CO2_level;752;False
S0007;2026-01-02 01:51:15;temperature;15.84;False
S0001;2026-01-02 01:51:15;temperature;18.217;False
S0007;2026-01-02 01:51:30;temperature;19.06;False
S0004;2026-01-02 01:51:30;CO2_level;894;False
S0001;2026-01-02 01:51:30;temperature;31.511;True
S0011;2026-01-02 01:51:30;ventilation;0.908;False
S0005;2026-01-02 01:51:30;ventilation;0.631;False
S0003;2026-01-02 01:51:30;humidity;62.375;False
S0010;2026-01-02 01:51:30;CO2_level;975;False
S0009;2026-01-02 01:51:30;humidity;68.658;False
S0007;2026-01-02 01:51:45;temperature;16.024;False
S0001;2026-01-02 01:51:45;temperature;23.708;False
S0004;2026-01-02 01:51:45;CO2_level;1016;False
S0011;2026-01-02 01:51:45;ventilation;0.891;False
S0010;2026-01-02 01:51:45;CO2_level;224;True
S0005;2026-01-02 01:51:45;ventilation;0.51;False
S0005;2026-01-02 01:52:00;ventilation;0.757;False
S0004;2026-01-02 01:52:00;CO2_level;1098;False
S0011;2026-01-02 01:52:00;ventilation;0.808;False
S0001;2026-01-02 01:52:00;temperature;24.333;False
S0003;2026-01-02 01:52:00;humidity;68.732;False
S0009;2026-01-02 01:52:00;humidity;69.727;False
S0007;2026-01-02 01:52:00;temperature;25.131;False
S0010;2026-01-02 01:52:00;CO2_level;1127;False
S0004;2026-01-02 01:52:15;CO2_level;701;False
S0005;2026-01-02 01:52:15;ventilation;0.853;False
S0010;2026-01-02 01:52:15;CO2_level;1151;False
S0001;2026-01-02 01:52:15;temperature;15.086;False
S0011;2026-01-02 01:52:15;ventilation;0.514;False
S0007;2026-01-02 01:52:15;temperature;17.119;False
S0005;2026-01-02 01:52:30;ventilation;0.828;False
S0011;2026-01-02 01:52:30;ventilation;0.799;False
S0001;2026-01-02 01:52:30;temperature;15.55;False
S0004;2026-01-02 01:52:30;CO2_level;642;False
S0009;2026-01-02 01:52:30;humidity;69.255;False
S0010;2026-01-02 01:52:30;CO2_level;1026;False
S0003;2026-01-02 01:52:30;humidity;64.511;False
S0007;2026-01-02 01:52:30;temperature;21.743;False
S0005;2026-01-02 01:52:45;ventilation;0.861;False
S0007;2026-01-02 01:52:45;temperature;24.314;False
S0010;2026-01-02 01:52:45;CO2_level;1169;False
S0001;2026-01-02 01:52:45;temperature;23.447;False
S0011;2026-01-02 01:52:45;ventilation;0.508;False
S0004;2026-01-02 01:52:45;CO2_level;1057;False
S0010;2026-01-02 01:53:00;CO2_level;937;False
S0003;2026-01-02 01:53:00;humidity;68.727;False
S0011;2026-01-02 01:53:00;ventilation;0.059;True
S0004;2026-01-02 01:53:00;CO2_level;670;False
S0005;2026-01-02 01:53:00;ventilation;0.949;False
S0007;2026-01-02 01:53:00;temperature;18.819;False
S0001;2026-01-02 01:53:00;temperature;25.26;False
S0009;2026-01-02 01:53:00;humidity;61.284;False
S0007;2026-01-02 01:53:15;temperature;20.196;False
S0001;2026-01-02 01:53:15;temperature;23.211;False
S0010;2026-01-02 01:53:15;CO2_level;1159;False
S0005;2026-01-02 01:53:15;ventilation;0.755;False
S0004;2026-01-02 01:53:15;CO2_level;691;False
S0011;2026-01-02 01:53:15;ventilation;0.882;False
S0001;2026-01-02 01:53:30;temperature;23.94;False
S0009;2026-01-02 01:53:30;humidity;68.045;False
S0011;2026-01-02 01:53:30;ventilation;0.763;False
S0005;2026-01-02 01:53:30;ventilation;0.714;False
S0003;2026-01-02 01:53:30;humidity;63.873;False
S0007;2026-01-02 01:53:30;temperature;23.162;False
S0010;2026-01-02 01:53:30;CO2_level;1095;False
S0004;2026-01-02 01:53:30;CO2_level;982;False
S0004;2026-01-02 01:53:45;CO2_level;null;True
S0011;2026-01-02 01:53:45;ventilation;0.955;False
S0001;2026-01-02 01:53:45;temperature;31.571;True
S0010;2026-01-02 01:53:45;CO2_level;674;False
S0005;2026-01-02 01:53:45;ventilation;0.712;False
S0007;2026-01-02 01:53:45;temperature;22.506;False
S0011;2026-01-02 01:54:00;ventilation;0.585;False
S0010;2026-01-02 01:54:00;CO2_level;1239;True
S0001;2026-01-02 01:54:00;temperature;18.281;False
S0009;2026-01-02 01:54:00;humidity;66.942;False
S0003;2026-01-02 01:54:00;humidity;60.121;False
S0004;2026-01-02 01:54:00;CO2_level;1032;False
S0007;2026-01-02 01:54:00;temperature;18.785;False
S0005;2026-01-02 01:54:00;ventilation;0.517;False
S0010;2026-01-02 01:54:15;CO2_level;1111;False
S0011;2026-01-02 01:54:15;ventilation;0.585;False
S0005;2026-01-02 01:54:15;ventilation;0.708;False
S0004;2026-01-02 01:54:15;CO2_level;1166;False
S0001;2026-01-02 01:54:15;temperature;25.258;False
S0007;2026-01-02 01:54:15;temperature;18.086;False
S0011;2026-01-02 01:54:30;ventilation;0.928;False
S0003;2026-01-02 01:54:30;humidity;67.732;False
S0004;2026-01-02 01:54:30;CO2_level;707;False
S0009;2026-01-02 01:54:30;humidity;60.986;False
S0001;2026-01-02 01:54:30;temperature;24.652;False
S0005;2026-01-02 01:54:30;ventilation;0.83;False
S0010;2026-01-02 01:54:30;CO2_level;890;False
S0007;2026-01-02 01:54:30;temperature;6.236;True
S0010;2026-01-02 01:54:45;CO2_level;638;False
S0004;2026-01-02 01:54:45;CO2_level;1180;False
S0007;2026-01-02 01:54:45;temperature;21.688;False
S0005;2026-01-02 01:54:45;ventilation;0.83;False
S0011;2026-01-02 01:54:45;ventilation;0.97;False
S0001;2026-01-02 01:54:45;temperature;8.721;True
S0007;2026-01-02 01:55:00;temperature;21.451;False
S0005;2026-01-02 01:55:00;ventilation;0.759;False
S0009;2026-01-02 01:55:00;humidity;61.526;False
S0003;2026-01-02 01:55:00;humidity;66.746;False
S0010;2026-01-02 01:55:00;CO2_level;922;False
S0001;2026-01-02 01:55:00;temperature;15.537;False
S0004;2026-01-02 01:55:00;CO2_level;836;False
S0011;2026-01-02 01:55:00;ventilation;0.779;False
S0001;2026-01-02 01:55:15;temperature;24.398;False
S0004;2026-01-02 01:55:15;CO2_level;669;False
S0010;2026-01-02 01:55:15;CO2_level;1084;False
S0007;2026-01-02 01:55:15;temperature;24.975;False
S0011;2026-01-02 01:55:15;ventilation;0.821;False
S0005;2026-01-02 01:55:15;ventilation;0.778;False
S0010;2026-01-02 01:55:30;CO2_level;793;False
S0011;2026-01-02 01:55:30;ventilation;0.853;False
S0005;2026-01-02 01:55:30;ventilation;0.55;False
S0007;2026-01-02 01:55:30;temperature;24.558;False
S0004;2026-01-02 01:55:30;CO2_level;1153;False
S0001;2026-01-02 01:55:30;temperature;25.259;False
S0009;2026-01-02 01:55:30;humidity;63.85;False
S0003;2026-01-02 01:55:30;humidity;62.521;False
S0005;2026-01-02 01:55:45;ventilation;0.909;False
S0011;2026-01-02 01:55:45;ventilation;1.775;True
S0004;2026-01-02 01:55:45;CO2_level;591;True
S0007;2026-01-02 01:55:45;temperature;21.247;False
S0010;2026-01-02 01:55:45;CO2_level;1006;False
S0001;2026-01-02 01:55:45;temperature;16.99;False
S0005;2026-01-02 01:56:00;ventilation;0.861;False
S0011;2026-01-02 01:56:00;ventilation;1.644;True
S0004;2026-01-02 01:56:00;CO2_level;711;False
S0003;2026-01-02 01:56:00;humidity;62.551;False
S0007;2026-01-02 01:56:00;temperature;23.97;False
S0010;2026-01-02 01:56:00;CO2_level;663;False
S0009;2026-01-02 01:56:00;humidity;65.181;False
S0001;2026-01-02 01:56:00;temperature;18.945;False
S0001;2026-01-02 01:56:15;temperature;24.424;False
S0004;2026-01-02 01:56:15;CO2_level;973;False
S0005;2026-01-02 01:56:15;ventilation;0.583;False
S0011;2026-01-02 01:56:15;ventilation;0.745;False
S0010;2026-01-02 01:56:15;CO2_level;1050;False
S0007;2026-01-02 01:56:15;temperature;17.389;False
S0003;2026-01-02 01:56:30;humidity;65.15;False
S0001;2026-01-02 01:56:30;temperature;17.198;False
S0010;2026-01-02 01:56:30;CO2_level;605;False
S0009;2026-01-02 01:56:30;humidity;61.286;False
S0011;2026-01-02 01:56:30;ventilation;0.864;False
S0005;2026-01-02 01:56:30;ventilation;0.564;False
S0004;2026-01-02 01:56:30;CO2_level;771;False
S0007;2026-01-02 01:56:30;temperature;18.095;False
S0007;2026-01-02 01:56:45;temperature;18.893;False
S0011;2026-01-02 01:56:45;ventilation;0.614;False
S0004;2026-01-02 01:56:45;CO2_level;821;False
S0001;2026-01-02 01:56:45;temperature;22.019;False
S0005;2026-01-02 01:56:45;ventilation;0.701;False
S0010;2026-01-02 01:56:45;CO2_level;645;False
S0010;2026-01-02 01:57:00;CO2_level;908;False
S0001;2026-01-02 01:57:00;temperature;15.753;False
S0003;2026-01-02 01:57:00;humidity;65.426;False
S0004;2026-01-02 01:57:00;CO2_level;605;False
S0009;2026-01-02 01:57:00;humidity;62.015;False
S0005;2026-01-02 01:57:00;ventilation;0.835;False
S0007;2026-01-02 01:57:00;temperature;15.139;False
S0011;2026-01-02 01:57:00;ventilation;0.835;False
S0007;2026-01-02 01:57:15;temperature;15.227;False
S0005;2026-01-02 01:57:15;ventilation;0.814;False
S0010;2026-01-02 01:57:15;CO2_level;912;False
S0001;2026-01-02 01:57:15;temperature;20.352;False
S0011;2026-01-02 01:57:15;ventilation;0.828;False
S0004;2026-01-02 01:57:15;CO2_level;1036;False
S0009;2026-01-02 01:57:30;humidity;65.116;False
S0001;2026-01-02 01:57:30;temperature;24.969;False
S0011;2026-01-02 01:57:30;ventilation;null;True
S0007;2026-01-02 01:57:30;temperature;19.655;False
S0003;2026-01-02 01:57:30;humidity;68.315;False
S0010;2026-01-02 01:57:30;CO2_level;820;False
S0004;2026-01-02 01:57:30;CO2_level;652;False
S0005;2026-01-02 01:57:30;ventilation;0.866;False
S0004;2026-01-02 01:57:45;CO2_level;667;False
S0011;2026-01-02 01:57:45;ventilation;0.774;False
S0001;2026-01-02 01:57:45;temperature;19.234;False
S0005;2026-01-02 01:57:45;ventilation;0.962;False
S0007;2026-01-02 01:57:45;temperature;17.291;False
S0010;2026-01-02 01:57:45;CO2_level;1146;False
S0004;2026-01-02 01:58:00;CO2_level;1093;False
S0009;2026-01-02 01:58:00;humidity;63.31;False
S0010;2026-01-02 01:58:00;CO2_level;1135;False
S0005;2026-01-02 01:58:00;ventilation;0.974;False
S0001;2026-01-02 01:58:00;temperature;23.206;False
S0011;2026-01-02 01:58:00;ventilation;0.529;False
S0007;2026-01-02 01:58:00;temperature;22.099;False
S0003;2026-01-02 01:58:00;humidity;61.457;False
S0010;2026-01-02 01:58:15;CO2_level;null;True
S0005;2026-01-02 01:58:15;ventilation;0.902;False
S0001;2026-01-02 01:58:15;temperature;22.864;False
S0011;2026-01-02 01:58:15;ventilation;0.861;False
S0007;2026-01-02 01:58:15;temperature;20.209;False
S0004;2026-01-02 01:58:15;CO2_level;1094;False
S0011;2026-01-02 01:58:30;ventilation;0.963;False
S0005;2026-01-02 01:58:30;ventilation;0.749;False
S0003;2026-01-02 01:58:30;humidity;64.254;False
S0004;2026-01-02 01:58:30;CO2_level;690;False
S0001;2026-01-02 01:58:30;temperature;20.764;False
S0007;2026-01-02 01:58:30;temperature;25.314;False
S0010;2026-01-02 01:58:30;CO2_level;435;True
S0009;2026-01-02 01:58:30;humidity;64.701;False
S0011;2026-01-02 01:58:45;ventilation;0.595;False
S0004;2026-01-02 01:58:45;CO2_level;1032;False
S0010;2026-01-02 01:58:45;CO2_level;948;False
S0005;2026-01-02 01:58:45;ventilation;0.772;False
S0001;2026-01-02 01:58:45;temperature;0.057;True
S0007;2026-01-02 01:58:45;temperature;22.335;False
S0010;2026-01-02 01:59:00;CO2_level;802;False
S0001;2026-01-02 01:59:00;temperature;26.077;False
S0004;2026-01-02 01:59:00;CO2_level;736;False
S0007;2026-01-02 01:59:00;temperature;20.108;False
S0011;2026-01-02 01:59:00;ventilation;0.677;False
S0005;2026-01-02 01:59:00;ventilation;0.545;False
S0009;2026-01-02 01:59:00;humidity;66.095;False
S0003;2026-01-02 01:59:00;humidity;64.338;False
S0011;2026-01-02 01:59:15;ventilation;0.568;False
S0010;2026-01-02 01:59:15;CO2_level;844;False
S0005;2026-01-02 01:59:15;ventilation;0.619;False
S0007;2026-01-02 01:59:15;temperature;20.004;False
S0001;2026-01-02 01:59:15;temperature;21.625;False
S0004;2026-01-02 01:59:15;CO2_level;784;False
S0004;2026-01-02 01:59:30;CO2_level;1110;False
S0005;2026-01-02 01:59:30;ventilation;0.883;False
S0011;2026-01-02 01:59:30;ventilation;0.888;False
S0001;2026-01-02 01:59:30;temperature;23.022;False
S0003;2026-01-02 01:59:30;humidity;62.614;False
S0010;2026-01-02 01:59:30;CO2_level;874;False
S0009;2026-01-02 01:59:30;humidity;65.625;False
S0007;2026-01-02 01:59:30;temperature;23.079;False
S0004;2026-01-02 01:59:45;CO2_level;690;False
S0011;2026-01-02 01:59:45;ventilation;0.324;True
S0007;2026-01-02 01:59:45;temperature;15.352;False
S0010;2026-01-02 01:59:45;CO2_level;991;False
S0001;2026-01-02 01:59:45;temperature;30.146;True
S0005;2026-01-02 01:59:45;ventilation;0.929;False
S0005;2026-01-02 02:00:00;ventilation;0.976;False
S0010;2026-01-02 02:00:00;CO2_level;940;False
S0001;2026-01-02 02:00:00;temperature;16.452;False
S0003;2026-01-02 02:00:00;humidity;66.543;False
S0004;2026-01-02 02:00:00;CO2_level;715;False
S0009;2026-01-02 02:00:00;humidity;62.067;False
S0007;2026-01-02 02:00:00;temperature;17.253;False
S0011;2026-01-02 02:00:00;ventilation;0.905;False
S0007;2026-01-02 02:00:15;temperature;24.907;False
S0004;2026-01-02 02:00:15;CO2_level;1286;True
S0010;2026-01-02 02:00:15;CO2_level;935;False
S0011;2026-01-02 02:00:15;ventilation;0.878;False
S0001;2026-01-02 02:00:15;temperature;21.951;False
S0005;2026-01-02 02:00:15;ventilation;0.565;False
S0011;2026-01-02 02:00:30;ventilation;0.647;False
S0001;2026-01-02 02:00:30;temperature;3.594;True
S0007;2026-01-02 02:00:30;temperature;16.561;False
S0004;2026-01-02 02:00:30;CO2_level;763;False
S0003;2026-01-02 02:00:30;humidity;66.743;False
S0005;2026-01-02 02:00:30;ventilation;0.808;False
S0009;2026-01-02 02:00:30;humidity;60.655;False
S0010;2026-01-02 02:00:30;CO2_level;1140;False
S0011;2026-01-02 02:00:45;ventilation;0.756;False
S0005;2026-01-02 02:00:45;ventilation;0.931;False
S0001;2026-01-02 02:00:45;temperature;26.362;False
S0007;2026-01-02 02:00:45;temperature;24.563;False
S0010;2026-01-02 02:00:45;CO2_level;945;False
S0004;2026-01-02 02:00:45;CO2_level;776;False
S0010;2026-01-02 02:01:00;CO2_level;720;False
S0005;2026-01-02 02:01:00;ventilation;0.85;False
S0007;2026-01-02 02:01:00;temperature;25.79;False
S0009;2026-01-02 02:01:00;humidity;63.567;False
S0004;2026-01-02 02:01:00;CO2_level;800;False
S0003;2026-01-02 02:01:00;humidity;69.516;False
S0011;2026-01-02 02:01:00;ventilation;0.755;False
S0001;2026-01-02 02:01:00;temperature;16.284;False
S0001;2026-01-02 02:01:15;temperature;17.99;False
S0004;2026-01-02 02:01:15;CO2_level;null;True
S0010;2026-01-02 02:01:15;CO2_level;868;False
S0005;2026-01-02 02:01:15;ventilation;0.638;False
S0011;2026-01-02 02:01:15;ventilation;0.607;False
S0007;2026-01-02 02:01:15;temperature;16.001;False
S0007;2026-01-02 02:01:30;temperature;16.987;False
S0004;2026-01-02 02:01:30;CO2_level;806;False
S0009;2026-01-02 02:01:30;humidity;64.702;False
S0010;2026-01-02 02:01:30;CO2_level;984;False
S0011;2026-01-02 02:01:30;ventilation;0.926;False
S0001;2026-01-02 02:01:30;temperature;23.146;False
S0003;2026-01-02 02:01:30;humidity;62.325;False
S0005;2026-01-02 02:01:30;ventilation;0.734;False
S0005;2026-01-02 02:01:45;ventilation;0.781;False
S0001;2026-01-02 02:01:45;temperature;18.1;False
S0007;2026-01-02 02:01:45;temperature;null;True
S0004;2026-01-02 02:01:45;CO2_level;1125;False
S0010;2026-01-02 02:01:45;CO2_level;859;False
S0011;2026-01-02 02:01:45;ventilation;0.772;False
S0005;2026-01-02 02:02:00;ventilation;0.906;False
S0004;2026-01-02 02:02:00;CO2_level;1139;False
S0007;2026-01-02 02:02:00;temperature;17.031;False
S0009;2026-01-02 02:02:00;humidity;61.626;False
S0003;2026-01-02 02:02:00;humidity;66.324;False
S0010;2026-01-02 02:02:00;CO2_level;731;False
S0001;2026-01-02 02:02:00;temperature;20.5;False
S0011;2026-01-02 02:02:00;ventilation;0.568;False
S0004;2026-01-02 02:02:15;CO2_level;854;False
S0007;2026-01-02 02:02:15;temperature;25.694;False
S0001;2026-01-02 02:02:15;temperature;18.985;False
S0010;2026-01-02 02:02:15;CO2_level;956;False
S0005;2026-01-02 02:02:15;ventilation;0.544;False
S0011;2026-01-02 02:02:15;ventilation;0.552;False
S0009;2026-01-02 02:02:30;humidity;66.89;False
S0011;2026-01-02 02:02:30;ventilation;0.649;False
S0001;2026-01-02 02:02:30;temperature;21.045;False
S0007;2026-01-02 02:02:30;temperature;20.037;False
S0003;2026-01-02 02:02:30;humidity;69.374;False
S0005;2026-01-02 02:02:30;ventilation;0.76;False
S0004;2026-01-02 02:02:30;CO2_level;637;False
S0010;2026-01-02 02:02:30;CO2_level;792;False
S0007;2026-01-02 02:02:45;temperature;22.32;False
S0005;2026-01-02 02:02:45;ventilation;0.581;False
S0004;2026-01-02 02:02:45;CO2_level;634;False
S0011;2026-01-02 02:02:45;ventilation;0.982;False
S0001;2026-01-02 02:02:45;temperature;15.754;False
S0010;2026-01-02 02:02:45;CO2_level;1016;False
S0011;2026-01-02 02:03:00;ventilation;0.82;False
S0005;2026-01-02 02:03:00;ventilation;0.79;False
S0001;2026-01-02 02:03:00;temperature;17.327;False
S0003;2026-01-02 02:03:00;humidity;69.869;False
S0004;2026-01-02 02:03:00;CO2_level;678;False
S0007;2026-01-02 02:03:00;temperature;21.626;False
S0010;2026-01-02 02:03:00;CO2_level;1091;False
S0009;2026-01-02 02:03:00;humidity;67.293;False
S0007;2026-01-02 02:03:15;temperature;25.107;False
S0010;2026-01-02 02:03:15;CO2_level;942;False
S0005;2026-01-02 02:03:15;ventilation;0.935;False
S0004;2026-01-02 02:03:15;CO2_level;1065;False
S0011;2026-01-02 02:03:15;ventilation;0.519;False
S0001;2026-01-02 02:03:15;temperature;16.416;False
S0009;2026-01-02 02:03:30;humidity;68.856;False
S0010;2026-01-02 02:03:30;CO2_level;1070;False
S0005;2026-01-02 02:03:30;ventilation;0.987;False
S0004;2026-01-02 02:03:30;CO2_level;1154;False
S0001;2026-01-02 02:03:30;temperature;15.852;False
S0011;2026-01-02 02:03:30;ventilation;0.525;False
S0007;2026-01-02 02:03:30;temperature;20.851;False
S0003;2026-01-02 02:03:30;humidity;60.045;False
S0011;2026-01-02 02:03:45;ventilation;0.911;False
S0004;2026-01-02 02:03:45;CO2_level;1005;False
S0010;2026-01-02 02:03:45;CO2_level;903;False
S0007;2026-01-02 02:03:45;temperature;22.743;False
S0005;2026-01-02 02:03:45;ventilation;0.79;False
S0001;2026-01-02 02:03:45;temperature;17.648;False
S0009;2026-01-02 02:04:00;humidity;65.34;False
S0003;2026-01-02 02:04:00;humidity;66.803;False
S0007;2026-01-02 02:04:00;temperature;18.503;False
S0011;2026-01-02 02:04:00;ventilation;0.247;True
S0005;2026-01-02 02:04:00;ventilation;0.684;False
S0004;2026-01-02 02:04:00;CO2_level;645;False
S0010;2026-01-02 02:04:00;CO2_level;689;False
S0001;2026-01-02 02:04:00;temperature;15.628;False
S0004;2026-01-02 02:04:15;CO2_level;1044;False
S0010;2026-01-02 02:04:15;CO2_level;908;False
S0001;2026-01-02 02:04:15;temperature;21.315;False
S0007;2026-01-02 02:04:15;temperature;16.841;False
S0005;2026-01-02 02:04:15;ventilation;0.656;False
S0011;2026-01-02 02:04:15;ventilation;1.232;True
S0009;2026-01-02 02:04:30;humidity;60.981;False
S0011;2026-01-02 02:04:30;ventilation;0.918;False
S0004;2026-01-02 02:04:30;CO2_level;1118;False
S0001;2026-01-02 02:04:30;temperature;25.684;False
S0005;2026-01-02 02:04:30;ventilation;0.786;False
S0003;2026-01-02 02:04:30;humidity;61.357;False
S0007;2026-01-02 02:04:30;temperature;24.703;False
S0010;2026-01-02 02:04:30;CO2_level;1155;False
S0010;2026-01-02 02:04:45;CO2_level;1049;False
S0004;2026-01-02 02:04:45;CO2_level;723;False
S0011;2026-01-02 02:04:45;ventilation;0.559;False
S0001;2026-01-02 02:04:45;temperature;23.075;False
S0005;2026-01-02 02:04:45;ventilation;0.759;False
S0007;2026-01-02 02:04:45;temperature;25.281;False
S0007;2026-01-02 02:05:00;temperature;19.233;False
S0009;2026-01-02 02:05:00;humidity;66.426;False
S0003;2026-01-02 02:05:00;humidity;62.669;False
S0001;2026-01-02 02:05:00;temperature;24.593;False
S0005;2026-01-02 02:05:00;ventilation;0.823;False
S0011;2026-01-02 02:05:00;ventilation;0.902;False
S0010;2026-01-02 02:05:00;CO2_level;1183;False
S0004;2026-01-02 02:05:00;CO2_level;900;False
S0007;2026-01-02 02:05:15;temperature;24.16;False
S0001;2026-01-02 02:05:15;temperature;17.172;False
S0005;2026-01-02 02:05:15;ventilation;1.742;True
S0010;2026-01-02 02:05:15;CO2_level;626;False
S0011;2026-01-02 02:05:15;ventilation;0.885;False
S0004;2026-01-02 02:05:15;CO2_level;799;False
S0007;2026-01-02 02:05:30;temperature;24.688;False
S0011;2026-01-02 02:05:30;ventilation;0.505;False
S0009;2026-01-02 02:05:30;humidity;68.68;False
S0004;2026-01-02 02:05:30;CO2_level;919;False
S0001;2026-01-02 02:05:30;temperature;16.997;False
S0005;2026-01-02 02:05:30;ventilation;0.721;False
S0010;2026-01-02 02:05:30;CO2_level;334;True
S0003;2026-01-02 02:05:30;humidity;60.14;False
S0007;2026-01-02 02:05:45;temperature;21.181;False
S0001;2026-01-02 02:05:45;temperature;13.964;True
S0011;2026-01-02 02:05:45;ventilation;0.603;False
S0004;2026-01-02 02:05:45;CO2_level;689;False
S0010;2026-01-02 02:05:45;CO2_level;756;False
S0005;2026-01-02 02:05:45;ventilation;0.997;False
S0001;2026-01-02 02:06:00;temperature;21.261;False
S0007;2026-01-02 02:06:00;temperature;20.138;False
S0005;2026-01-02 02:06:00;ventilation;0.709;False
S0010;2026-01-02 02:06:00;CO2_level;806;False
S0011;2026-01-02 02:06:00;ventilation;0.977;False
S0009;2026-01-02 02:06:00;humidity;66.46;False
S0004;2026-01-02 02:06:00;CO2_level;1142;False
S0003;2026-01-02 02:06:00;humidity;69.027;False
S0010;2026-01-02 02:06:15;CO2_level;220;True
S0004;2026-01-02 02:06:15;CO2_level;612;False
S0011;2026-01-02 02:06:15;ventilation;1.28;True
S0001;2026-01-02 02:06:15;temperature;16.313;False
S0007;2026-01-02 02:06:15;temperature;25.081;False
S0005;2026-01-02 02:06:15;ventilation;0.528;False
S0009;2026-01-02 02:06:30;humidity;61.392;False
S0005;2026-01-02 02:06:30;ventilation;0.972;False
S0010;2026-01-02 02:06:30;CO2_level;939;False
S0004;2026-01-02 02:06:30;CO2_level;1059;False
S0011;2026-01-02 02:06:30;ventilation;0.572;False
S0007;2026-01-02 02:06:30;temperature;26.599;False
S0003;2026-01-02 02:06:30;humidity;61.241;False
S0001;2026-01-02 02:06:30;temperature;26.245;False
S0001;2026-01-02 02:06:45;temperature;19.599;False
S0010;2026-01-02 02:06:45;CO2_level;758;False
S0011;2026-01-02 02:06:45;ventilation;0.507;False
S0007;2026-01-02 02:06:45;temperature;19.706;False
S0005;2026-01-02 02:06:45;ventilation;0.96;False
S0004;2026-01-02 02:06:45;CO2_level;881;False
S0004;2026-01-02 02:07:00;CO2_level;730;False
S0005;2026-01-02 02:07:00;ventilation;0.741;False
S0003;2026-01-02 02:07:00;humidity;67.554;False
S0007;2026-01-02 02:07:00;temperature;16.63;False
S0011;2026-01-02 02:07:00;ventilation;0.535;False
S0010;2026-01-02 02:07:00;CO2_level;685;False
S0001;2026-01-02 02:07:00;temperature;24.633;False
S0009;2026-01-02 02:07:00;humidity;64.124;False
S0010;2026-01-02 02:07:15;CO2_level;737;False
S0007;2026-01-02 02:07:15;temperature;18.215;False
S0004;2026-01-02 02:07:15;CO2_level;931;False
S0001;2026-01-02 02:07:15;temperature;24.48;False
S0011;2026-01-02 02:07:15;ventilation;0.551;False
S0005;2026-01-02 02:07:15;ventilation;0.629;False
S0003;2026-01-02 02:07:30;humidity;68.679;False
S0011;2026-01-02 02:07:30;ventilation;null;True
S0005;2026-01-02 02:07:30;ventilation;0.691;False
S0010;2026-01-02 02:07:30;CO2_level;589;True
S0009;2026-01-02 02:07:30;humidity;69.299;False
S0004;2026-01-02 02:07:30;CO2_level;608;False
S0001;2026-01-02 02:07:30;temperature;22.922;False
S0007;2026-01-02 02:07:30;temperature;15.558;False
S0007;2026-01-02 02:07:45;temperature;20.338;False
S0004;2026-01-02 02:07:45;CO2_level;753;False
S0001;2026-01-02 02:07:45;temperature;17.801;False
S0005;2026-01-02 02:07:45;ventilation;1.346;True
S0010;2026-01-02 02:07:45;CO2_level;836;False
S0011;2026-01-02 02:07:45;ventilation;0.815;False
S0009;2026-01-02 02:08:00;humidity;60.07;False
S0003;2026-01-02 02:08:00;humidity;62.124;False
S0011;2026-01-02 02:08:00;ventilation;0.872;False
S0007;2026-01-02 02:08:00;temperature;19.389;False
S0010;2026-01-02 02:08:00;CO2_level;618;False
S0005;2026-01-02 02:08:00;ventilation;0.071;True
S0001;2026-01-02 02:08:00;temperature;20.587;False
S0004;2026-01-02 02:08:00;CO2_level;855;False
S0007;2026-01-02 02:08:15;temperature;15.573;False
S0001;2026-01-02 02:08:15;temperature;15.821;False
S0004;2026-01-02 02:08:15;CO2_level;771;False
S0005;2026-01-02 02:08:15;ventilation;0.606;False
S0011;2026-01-02 02:08:15;ventilation;null;True
S0010;2026-01-02 02:08:15;CO2_level;706;False
S0007;2026-01-02 02:08:30;temperature;25.211;False
S0005;2026-01-02 02:08:30;ventilation;0.847;False
S0004;2026-01-02 02:08:30;CO2_level;809;False
S0011;2026-01-02 02:08:30;ventilation;0.654;False
S0009;2026-01-02 02:08:30;humidity;65.892;False
S0003;2026-01-02 02:08:30;humidity;61.917;False
S0001;2026-01-02 02:08:30;temperature;15.581;False
S0010;2026-01-02 02:08:30;CO2_level;879;False
S0010;2026-01-02 02:08:45;CO2_level;1088;False
S0004;2026-01-02 02:08:45;CO2_level;931;False
S0007;2026-01-02 02:08:45;temperature;17.37;False
S0011;2026-01-02 02:08:45;ventilation;0.974;False
S0005;2026-01-02 02:08:45;ventilation;0.716;False
S0001;2026-01-02 02:08:45;temperature;22.136;False
S0001;2026-01-02 02:09:00;temperature;20.815;False
S0007;2026-01-02 02:09:00;temperature;1.208;True
S0009;2026-01-02 02:09:00;humidity;60.679;False
S0011;2026-01-02 02:09:00;ventilation;0.762;False
S0004;2026-01-02 02:09:00;CO2_level;1180;False
S0005;2026-01-02 02:09:00;ventilation;1.0;False
S0010;2026-01-02 02:09:00;CO2_level;null;True
S0003;2026-01-02 02:09:00;humidity;64.732;False
S0011;2026-01-02 02:09:15;ventilation;0.698;False
S0010;2026-01-02 02:09:15;CO2_level;864;False
S0001;2026-01-02 02:09:15;temperature;18.883;False
S0004;2026-01-02 02:09:15;CO2_level;675;False
S0005;2026-01-02 02:09:15;ventilation;0.734;False
S0007;2026-01-02 02:09:15;temperature;29.251;True
S0005;2026-01-02 02:09:30;ventilation;0.682;False
S0001;2026-01-02 02:09:30;temperature;16.237;False
S0010;2026-01-02 02:09:30;CO2_level;1102;False
S0004;2026-01-02 02:09:30;CO2_level;1132;False
S0007;2026-01-02 02:09:30;temperature;21.348;False
S0011;2026-01-02 02:09:30;ventilation;0.7;False
S0009;2026-01-02 02:09:30;humidity;64.576;False
S0003;2026-01-02 02:09:30;humidity;68.226;False
S0001;2026-01-02 02:09:45;temperature;32.721;True
S0004;2026-01-02 02:09:45;CO2_level;858;False
S0010;2026-01-02 02:09:45;CO2_level;872;False
S0011;2026-01-02 02:09:45;ventilation;0.776;False
S0007;2026-01-02 02:09:45;temperature;25.443;False
S0005;2026-01-02 02:09:45;ventilation;0.917;False
S0010;2026-01-02 02:10:00;CO2_level;719;False
S0005;2026-01-02 02:10:00;ventilation;0.771;False
S0007;2026-01-02 02:10:00;temperature;24.813;False
S0009;2026-01-02 02:10:00;humidity;62.046;False
S0011;2026-01-02 02:10:00;ventilation;0.612;False
S0001;2026-01-02 02:10:00;temperature;18.911;False
S0004;2026-01-02 02:10:00;CO2_level;934;False
S0003;2026-01-02 02:10:00;humidity;64.162;False
S0001;2026-01-02 02:10:15;temperature;19.665;False
S0011;2026-01-02 02:10:15;ventilation;0.848;False
S0005;2026-01-02 02:10:15;ventilation;0.555;False
S0004;2026-01-02 02:10:15;CO2_level;606;False
S0007;2026-01-02 02:10:15;temperature;17.199;False
S0010;2026-01-02 02:10:15;CO2_level;826;False
S0004;2026-01-02 02:10:30;CO2_level;823;False
S0001;2026-01-02 02:10:30;temperature;27.938;True
S0011;2026-01-02 02:10:30;ventilation;0.543;False
S0005;2026-01-02 02:10:30;ventilation;0.653;False
S0007;2026-01-02 02:10:30;temperature;25.311;False
S0003;2026-01-02 02:10:30;humidity;60.115;False
S0010;2026-01-02 02:10:30;CO2_level;661;False
S0009;2026-01-02 02:10:30;humidity;60.017;False
S0010;2026-01-02 02:10:45;CO2_level;929;False
S0004;2026-01-02 02:10:45;CO2_level;838;False
S0011;2026-01-02 02:10:45;ventilation;0.874;False
S0001;2026-01-02 02:10:45;temperature;21.061;False
S0007;2026-01-02 02:10:45;temperature;19.479;False
S0005;2026-01-02 02:10:45;ventilation;0.542;False
S0003;2026-01-02 02:11:00;humidity;74.774;True
S0010;2026-01-02 02:11:00;CO2_level;672;False
S0004;2026-01-02 02:11:00;CO2_level;799;False
S0011;2026-01-02 02:11:00;ventilation;0.505;False
S0005;2026-01-02 02:11:00;ventilation;0.985;False
S0001;2026-01-02 02:11:00;temperature;17.075;False
S0007;2026-01-02 02:11:00;temperature;21.492;False
S0009;2026-01-02 02:11:00;humidity;66.457;False
S0005;2026-01-02 02:11:15;ventilation;0.972;False
S0007;2026-01-02 02:11:15;temperature;29.792;True
S0004;2026-01-02 02:11:15;CO2_level;879;False
S0010;2026-01-02 02:11:15;CO2_level;1036;False
S0011;2026-01-02 02:11:15;ventilation;0.982;False
S0001;2026-01-02 02:11:15;temperature;26.635;False
S0001;2026-01-02 02:11:30;temperature;21.671;False
S0005;2026-01-02 02:11:30;ventilation;0.698;False
S0003;2026-01-02 02:11:30;humidity;null;True
S0004;2026-01-02 02:11:30;CO2_level;1062;False
S0010;2026-01-02 02:11:30;CO2_level;1028;False
S0009;2026-01-02 02:11:30;humidity;62.636;False
S0011;2026-01-02 02:11:30;ventilation;0.801;False
S0007;2026-01-02 02:11:30;temperature;15.542;False
S0010;2026-01-02 02:11:45;CO2_level;1083;False
S0004;2026-01-02 02:11:45;CO2_level;640;False
S0007;2026-01-02 02:11:45;temperature;24.457;False
S0011;2026-01-02 02:11:45;ventilation;0.633;False
S0001;2026-01-02 02:11:45;temperature;15.537;False
S0005;2026-01-02 02:11:45;ventilation;0.52;False
S0004;2026-01-02 02:12:00;CO2_level;1015;False
S0001;2026-01-02 02:12:00;temperature;15.694;False
S0007;2026-01-02 02:12:00;temperature;16.281;False
S0003;2026-01-02 02:12:00;humidity;65.553;False
S0011;2026-01-02 02:12:00;ventilation;0.561;False
S0010;2026-01-02 02:12:00;CO2_level;661;False
S0009;2026-01-02 02:12:00;humidity;33.68;True
S0005;2026-01-02 02:12:00;ventilation;0.726;False
S0005;2026-01-02 02:12:15;ventilation;0.862;False
S0011;2026-01-02 02:12:15;ventilation;0.586;False
S0001;2026-01-02 02:12:15;temperature;26.105;False
S0010;2026-01-02 02:12:15;CO2_level;692;False
S0004;2026-01-02 02:12:15;CO2_level;1194;False
S0007;2026-01-02 02:12:15;temperature;17.402;False
S0005;2026-01-02 02:12:30;ventilation;0.713;False
S0010;2026-01-02 02:12:30;CO2_level;836;False
S0011;2026-01-02 02:12:30;ventilation;0.868;False
S0003;2026-01-02 02:12:30;humidity;66.105;False
S0009;2026-01-02 02:12:30;humidity;66.969;False
S0007;2026-01-02 02:12:30;temperature;24.027;False
S0001;2026-01-02 02:12:30;temperature;21.343;False
S0004;2026-01-02 02:12:30;CO2_level;856;False
S0005;2026-01-02 02:12:45;ventilation;0.852;False
S0001;2026-01-02 02:12:45;temperature;24.77;False
S0004;2026-01-02 02:12:45;CO2_level;1018;False
S0011;2026-01-02 02:12:45;ventilation;0.916;False
S0010;2026-01-02 02:12:45;CO2_level;800;False
S0007;2026-01-02 02:12:45;temperature;24.645;False
S0009;2026-01-02 02:13:00;humidity;68.098;False
S0010;2026-01-02 02:13:00;CO2_level;958;False
S0007;2026-01-02 02:13:00;temperature;23.933;False
S0005;2026-01-02 02:13:00;ventilation;0.748;False
S0003;2026-01-02 02:13:00;humidity;63.347;False
S0004;2026-01-02 02:13:00;CO2_level;796;False
S0001;2026-01-02 02:13:00;temperature;21.292;False
S0011;2026-01-02 02:13:00;ventilation;0.827;False
S0005;2026-01-02 02:13:15;ventilation;0.564;False
S0004;2026-01-02 02:13:15;CO2_level;681;False
S0007;2026-01-02 02:13:15;temperature;22.852;False
S0011;2026-01-02 02:13:15;ventilation;0.919;False
S0001;2026-01-02 02:13:15;temperature;24.434;False
S0010;2026-01-02 02:13:15;CO2_level;778;False
S0007;2026-01-02 02:13:30;temperature;24.735;False
S0003;2026-01-02 02:13:30;humidity;63.631;False
S0001;2026-01-02 02:13:30;temperature;24.647;False
S0010;2026-01-02 02:13:30;CO2_level;1026;False
S0011;2026-01-02 02:13:30;ventilation;0.951;False
S0004;2026-01-02 02:13:30;CO2_level;1027;False
S0009;2026-01-02 02:13:30;humidity;66.592;False
S0005;2026-01-02 02:13:30;ventilation;0.867;False
S0001;2026-01-02 02:13:45;temperature;15.564;False
S0004;2026-01-02 02:13:45;CO2_level;357;True
S0011;2026-01-02 02:13:45;ventilation;0.751;False
S0005;2026-01-02 02:13:45;ventilation;0.991;False
S0010;2026-01-02 02:13:45;CO2_level;753;False
S0007;2026-01-02 02:13:45;temperature;23.238;False
S0003;2026-01-02 02:14:00;humidity;68.535;False
S0007;2026-01-02 02:14:00;temperature;19.546;False
S0005;2026-01-02 02:14:00;ventilation;0.593;False
S0009;2026-01-02 02:14:00;humidity;64.637;False
S0004;2026-01-02 02:14:00;CO2_level;null;True
S0010;2026-01-02 02:14:00;CO2_level;989;False
S0001;2026-01-02 02:14:00;temperature;15.425;False
S0011;2026-01-02 02:14:00;ventilation;0.783;False
S0011;2026-01-02 02:14:15;ventilation;1.802;True
S0010;2026-01-02 02:14:15;CO2_level;945;False
S0004;2026-01-02 02:14:15;CO2_level;1139;False
S0005;2026-01-02 02:14:15;ventilation;0.755;False
S0001;2026-01-02 02:14:15;temperature;27.01;True
S0007;2026-01-02 02:14:15;temperature;25.366;False
S0003;2026-01-02 02:14:30;humidity;60.102;False
S0009;2026-01-02 02:14:30;humidity;66.069;False
S0010;2026-01-02 02:14:30;CO2_level;816;False
S0004;2026-01-02 02:14:30;CO2_level;651;False
S0011;2026-01-02 02:14:30;ventilation;0.965;False
S0005;2026-01-02 02:14:30;ventilation;0.605;False
S0007;2026-01-02 02:14:30;temperature;20.214;False
S0001;2026-01-02 02:14:30;temperature;24.968;False
S0007;2026-01-02 02:14:45;temperature;19.386;False
S0001;2026-01-02 02:14:45;temperature;8.651;True
S0010;2026-01-02 02:14:45;CO2_level;1086;False
S0005;2026-01-02 02:14:45;ventilation;0.961;False
S0004;2026-01-02 02:14:45;CO2_level;1007;False
S0011;2026-01-02 02:14:45;ventilation;0.634;False
S0001;2026-01-02 02:15:00;temperature;20.053;False
S0004;2026-01-02 02:15:00;CO2_level;504;True
S0005;2026-01-02 02:15:00;ventilation;0.805;False
S0011;2026-01-02 02:15:00;ventilation;0.777;False
S0003;2026-01-02 02:15:00;humidity;63.357;False
S0009;2026-01-02 02:15:00;humidity;63.778;False
S0010;2026-01-02 02:15:00;CO2_level;649;False
S0007;2026-01-02 02:15:00;temperature;17.104;False
S0005;2026-01-02 02:15:15;ventilation;0.979;False
S0004;2026-01-02 02:15:15;CO2_level;1132;False
S0010;2026-01-02 02:15:15;CO2_level;1074;False
S0007;2026-01-02 02:15:15;temperature;22.416;False
S0001;2026-01-02 02:15:15;temperature;16.5;False
S0011;2026-01-02 02:15:15;ventilation;null;True
S0001;2026-01-02 02:15:30;temperature;22.164;False
S0010;2026-01-02 02:15:30;CO2_level;1180;False
S0011;2026-01-02 02:15:30;ventilation;0.894;False
S0005;2026-01-02 02:15:30;ventilation;0.848;False
S0007;2026-01-02 02:15:30;temperature;16.244;False
S0003;2026-01-02 02:15:30;humidity;68.642;False
S0004;2026-01-02 02:15:30;CO2_level;895;False
S0009;2026-01-02 02:15:30;humidity;68.258;False
S0005;2026-01-02 02:15:45;ventilation;0.864;False
S0001;2026-01-02 02:15:45;temperature;25.298;False
S0011;2026-01-02 02:15:45;ventilation;0.511;False
S0007;2026-01-02 02:15:45;temperature;25.156;False
S0010;2026-01-02 02:15:45;CO2_level;898;False
S0004;2026-01-02 02:15:45;CO2_level;772;False
S0001;2026-01-02 02:16:00;temperature;16.221;False
S0009;2026-01-02 02:16:00;humidity;62.144;False
S0007;2026-01-02 02:16:00;temperature;26.046;False
S0004;2026-01-02 02:16:00;CO2_level;632;False
S0005;2026-01-02 02:16:00;ventilation;0.634;False
S0003;2026-01-02 02:16:00;humidity;69.577;False
S0010;2026-01-02 02:16:00;CO2_level;792;False
S0011;2026-01-02 02:16:00;ventilation;0.954;False
S0001;2026-01-02 02:16:15;temperature;19.416;False
S0007;2026-01-02 02:16:15;temperature;25.824;False
S0004;2026-01-02 02:16:15;CO2_level;1260;True
S0010;2026-01-02 02:16:15;CO2_level;782;False
S0011;2026-01-02 02:16:15;ventilation;0.892;False
S0005;2026-01-02 02:16:15;ventilation;0.769;False
S0004;2026-01-02 02:16:30;CO2_level;694;False
S0009;2026-01-02 02:16:30;humidity;63.754;False
S0007;2026-01-02 02:16:30;temperature;24.463;False
S0005;2026-01-02 02:16:30;ventilation;0.546;False
S0001;2026-01-02 02:16:30;temperature;22.903;False
S0011;2026-01-02 02:16:30;ventilation;0.988;False
S0010;2026-01-02 02:16:30;CO2_level;884;False
S0003;2026-01-02 02:16:30;humidity;63.292;False
S0011;2026-01-02 02:16:45;ventilation;0.804;False
S0001;2026-01-02 02:16:45;temperature;18.385;False
S0004;2026-01-02 02:16:45;CO2_level;1020;False
S0007;2026-01-02 02:16:45;temperature;18.725;False
S0005;2026-01-02 02:16:45;ventilation;0.981;False
S0010;2026-01-02 02:16:45;CO2_level;796;False
S0011;2026-01-02 02:17:00;ventilation;0.739;False
S0004;2026-01-02 02:17:00;CO2_level;1026;False
S0007;2026-01-02 02:17:00;temperature;null;True
S0005;2026-01-02 02:17:00;ventilation;0.721;False
S0009;2026-01-02 02:17:00;humidity;60.455;False
S0010;2026-01-02 02:17:00;CO2_level;1047;False
S0003;2026-01-02 02:17:00;humidity;64.639;False
S0001;2026-01-02 02:17:00;temperature;21.845;False
S0001;2026-01-02 02:17:15;temperature;null;True
S0005;2026-01-02 02:17:15;ventilation;0.774;False
S0011;2026-01-02 02:17:15;ventilation;0.554;False
S0010;2026-01-02 02:17:15;CO2_level;824;False
S0004;2026-01-02 02:17:15;CO2_level;812;False
S0007;2026-01-02 02:17:15;temperature;22.882;False
S0005;2026-01-02 02:17:30;ventilation;0.506;False
S0011;2026-01-02 02:17:30;ventilation;0.655;False
S0009;2026-01-02 02:17:30;humidity;68.566;False
S0003;2026-01-02 02:17:30;humidity;62.865;False
S0004;2026-01-02 02:17:30;CO2_level;826;False
S0007;2026-01-02 02:17:30;temperature;19.488;False
S0010;2026-01-02 02:17:30;CO2_level;748;False
S0001;2026-01-02 02:17:30;temperature;24.948;False
S0010;2026-01-02 02:17:45;CO2_level;834;False
S0005;2026-01-02 02:17:45;ventilation;0.943;False
S0004;2026-01-02 02:17:45;CO2_level;1150;False
S0011;2026-01-02 02:17:45;ventilation;1.561;True
S0007;2026-01-02 02:17:45;temperature;16.316;False
S0001;2026-01-02 02:17:45;temperature;26.735;False
S0004;2026-01-02 02:18:00;CO2_level;926;False
S0009;2026-01-02 02:18:00;humidity;60.857;False
S0011;2026-01-02 02:18:00;ventilation;0.599;False
S0010;2026-01-02 02:18:00;CO2_level;664;False
S0003;2026-01-02 02:18:00;humidity;67.47;False
S0007;2026-01-02 02:18:00;temperature;21.261;False
S0005;2026-01-02 02:18:00;ventilation;0.923;False
S0001;2026-01-02 02:18:00;temperature;22.445;False
S0007;2026-01-02 02:18:15;temperature;18.636;False
S0011;2026-01-02 02:18:15;ventilation;0.631;False
S0010;2026-01-02 02:18:15;CO2_level;768;False
S0005;2026-01-02 02:18:15;ventilation;0.972;False
S0004;2026-01-02 02:18:15;CO2_level;1114;False
S0001;2026-01-02 02:18:15;temperature;21.515;False
S0010;2026-01-02 02:18:30;CO2_level;1169;False
S0004;2026-01-02 02:18:30;CO2_level;641;False
S0003;2026-01-02 02:18:30;humidity;65.086;False
S0001;2026-01-02 02:18:30;temperature;15.09;False
S0007;2026-01-02 02:18:30;temperature;15.113;False
S0011;2026-01-02 02:18:30;ventilation;0.764;False
S0005;2026-01-02 02:18:30;ventilation;0.63;False
S0009;2026-01-02 02:18:30;humidity;64.49;False
S0004;2026-01-02 02:18:45;CO2_level;1194;False
S0010;2026-01-02 02:18:45;CO2_level;null;True
S0011;2026-01-02 02:18:45;ventilation;0.506;False
S0007;2026-01-02 02:18:45;temperature;19.31;False
S0005;2026-01-02 02:18:45;ventilation;0.978;False
S0001;2026-01-02 02:18:45;temperature;25.339;False
S0009;2026-01-02 02:19:00;humidity;66.923;False
S0007;2026-01-02 02:19:00;temperature;17.848;False
S0005;2026-01-02 02:19:00;ventilation;0.911;False
S0003;2026-01-02 02:19:00;humidity;73.684;True
S0011;2026-01-02 02:19:00;ventilation;0.759;False
S0010;2026-01-02 02:19:00;CO2_level;1133;False
S0004;2026-01-02 02:19:00;CO2_level;691;False
S0001;2026-01-02 02:19:00;temperature;15.995;False
S0001;2026-01-02 02:19:15;temperature;21.766;False
S0005;2026-01-02 02:19:15;ventilation;0.599;False
S0011;2026-01-02 02:19:15;ventilation;0.551;False
S0004;2026-01-02 02:19:15;CO2_level;1076;False
S0010;2026-01-02 02:19:15;CO2_level;889;False
S0007;2026-01-02 02:19:15;temperature;18.906;False
S0001;2026-01-02 02:19:30;temperature;25.363;False
S0004;2026-01-02 02:19:30;CO2_level;null;True
S0010;2026-01-02 02:19:30;CO2_level;324;True
S0009;2026-01-02 02:19:30;humidity;64.424;False
S0011;2026-01-02 02:19:30;ventilation;0.578;False
S0003;2026-01-02 02:19:30;humidity;null;True
S0005;2026-01-02 02:19:30;ventilation;0.818;False
S0007;2026-01-02 02:19:30;temperature;26.731;False
S0011;2026-01-02 02:19:45;ventilation;0.557;False
S0001;2026-01-02 02:19:45;temperature;24.296;False
S0004;2026-01-02 02:19:45;CO2_level;1173;False
S0007;2026-01-02 02:19:45;temperature;20.542;False
S0005;2026-01-02 02:19:45;ventilation;0.938;False
S0010;2026-01-02 02:19:45;CO2_level;1131;False
S0001;2026-01-02 02:20:00;temperature;22.368;False
S0007;2026-01-02 02:20:00;temperature;18.814;False
S0009;2026-01-02 02:20:00;humidity;64.737;False
S0011;2026-01-02 02:20:00;ventilation;0.601;False
S0005;2026-01-02 02:20:00;ventilation;0.509;False
S0004;2026-01-02 02:20:00;CO2_level;835;False
S0003;2026-01-02 02:20:00;humidity;64.212;False
S0010;2026-01-02 02:20:00;CO2_level;875;False
S0011;2026-01-02 02:20:15;ventilation;0.773;False
S0007;2026-01-02 02:20:15;temperature;23.297;False
S0005;2026-01-02 02:20:15;ventilation;0.675;False
S0004;2026-01-02 02:20:15;CO2_level;893;False
S0010;2026-01-02 02:20:15;CO2_level;1104;False
S0001;2026-01-02 02:20:15;temperature;21.187;False
S0007;2026-01-02 02:20:30;temperature;17.321;False
S0011;2026-01-02 02:20:30;ventilation;0.774;False
S0005;2026-01-02 02:20:30;ventilation;0.727;False
S0010;2026-01-02 02:20:30;CO2_level;730;False
S0003;2026-01-02 02:20:30;humidity;67.833;False
S0001;2026-01-02 02:20:30;temperature;20.151;False
S0009;2026-01-02 02:20:30;humidity;63.505;False
S0004;2026-01-02 02:20:30;CO2_level;792;False
S0007;2026-01-02 02:20:45;temperature;18.326;False
S0010;2026-01-02 02:20:45;CO2_level;798;False
S0011;2026-01-02 02:20:45;ventilation;0.911;False
S0004;2026-01-02 02:20:45;CO2_level;1234;True
S0005;2026-01-02 02:20:45;ventilation;0.886;False
S0001;2026-01-02 02:20:45;temperature;null;True
S0010;2026-01-02 02:21:00;CO2_level;795;False
S0007;2026-01-02 02:21:00;temperature;23.761;False
S0001;2026-01-02 02:21:00;temperature;16.547;False
S0009;2026-01-02 02:21:00;humidity;67.182;False
S0003;2026-01-02 02:21:00;humidity;77.772;True
S0011;2026-01-02 02:21:00;ventilation;0.521;False
S0005;2026-01-02 02:21:00;ventilation;0.778;False
S0004;2026-01-02 02:21:00;CO2_level;1203;True
S0001;2026-01-02 02:21:15;temperature;22.855;False
S0010;2026-01-02 02:21:15;CO2_level;684;False
S0011;2026-01-02 02:21:15;ventilation;0.517;False
S0004;2026-01-02 02:21:15;CO2_level;1121;False
S0007;2026-01-02 02:21:15;temperature;24.885;False
S0005;2026-01-02 02:21:15;ventilation;0.945;False
S0010;2026-01-02 02:21:30;CO2_level;1003;False
S0004;2026-01-02 02:21:30;CO2_level;null;True
S0009;2026-01-02 02:21:30;humidity;60.339;False
S0003;2026-01-02 02:21:30;humidity;69.443;False
S0005;2026-01-02 02:21:30;ventilation;0.918;False
S0007;2026-01-02 02:21:30;temperature;22.877;False
S0001;2026-01-02 02:21:30;temperature;24.582;False
S0011;2026-01-02 02:21:30;ventilation;0.839;False
S0007;2026-01-02 02:21:45;temperature;16.894;False
S0004;2026-01-02 02:21:45;CO2_level;816;False
S0011;2026-01-02 02:21:45;ventilation;0.835;False
S0005;2026-01-02 02:21:45;ventilation;0.776;False
S0001;2026-01-02 02:21:45;temperature;19.062;False
S0010;2026-01-02 02:21:45;CO2_level;1015;False
S0004;2026-01-02 02:22:00;CO2_level;995;False
S0005;2026-01-02 02:22:00;ventilation;0.87;False
S0010;2026-01-02 02:22:00;CO2_level;805;False
S0003;2026-01-02 02:22:00;humidity;67.322;False
S0007;2026-01-02 02:22:00;temperature;10.555;True
S0001;2026-01-02 02:22:00;temperature;22.329;False
S0011;2026-01-02 02:22:00;ventilation;0.816;False
S0009;2026-01-02 02:22:00;humidity;62.769;False
S0010;2026-01-02 02:22:15;CO2_level;1110;False
S0011;2026-01-02 02:22:15;ventilation;0.545;False
S0007;2026-01-02 02:22:15;temperature;15.971;False
S0004;2026-01-02 02:22:15;CO2_level;1115;False
S0001;2026-01-02 02:22:15;temperature;23.697;False
S0005;2026-01-02 02:22:15;ventilation;0.998;False
S0001;2026-01-02 02:22:30;temperature;26.608;False
S0010;2026-01-02 02:22:30;CO2_level;859;False
S0005;2026-01-02 02:22:30;ventilation;0.697;False
S0009;2026-01-02 02:22:30;humidity;62.449;False
S0004;2026-01-02 02:22:30;CO2_level;711;False
S0011;2026-01-02 02:22:30;ventilation;0.522;False
S0007;2026-01-02 02:22:30;temperature;21.728;False
S0003;2026-01-02 02:22:30;humidity;66.051;False
S0007;2026-01-02 02:22:45;temperature;19.511;False
S0011;2026-01-02 02:22:45;ventilation;0.69;False
S0001;2026-01-02 02:22:45;temperature;26.852;False
S0010;2026-01-02 02:22:45;CO2_level;1196;False
S0004;2026-01-02 02:22:45;CO2_level;859;False
S0005;2026-01-02 02:22:45;ventilation;0.98;False
S0004;2026-01-02 02:23:00;CO2_level;1039;False
S0005;2026-01-02 02:23:00;ventilation;null;True
S0003;2026-01-02 02:23:00;humidity;66.566;False
S0007;2026-01-02 02:23:00;temperature;19.385;False
S0009;2026-01-02 02:23:00;humidity;68.017;False
S0011;2026-01-02 02:23:00;ventilation;0.625;False
S0010;2026-01-02 02:23:00;CO2_level;1091;False
S0001;2026-01-02 02:23:00;temperature;19.813;False
S0011;2026-01-02 02:23:15;ventilation;0.655;False
S0004;2026-01-02 02:23:15;CO2_level;927;False
S0005;2026-01-02 02:23:15;ventilation;0.608;False
S0007;2026-01-02 02:23:15;temperature;16.309;False
S0010;2026-01-02 02:23:15;CO2_level;731;False
S0001;2026-01-02 02:23:15;temperature;22.216;False
S0009;2026-01-02 02:23:30;humidity;67.756;False
S0007;2026-01-02 02:23:30;temperature;24.193;False
S0003;2026-01-02 02:23:30;humidity;63.934;False
S0001;2026-01-02 02:23:30;temperature;19.046;False
S0010;2026-01-02 02:23:30;CO2_level;647;False
S0011;2026-01-02 02:23:30;ventilation;0.619;False
S0005;2026-01-02 02:23:30;ventilation;1.571;True
S0004;2026-01-02 02:23:30;CO2_level;601;False
S0001;2026-01-02 02:23:45;temperature;20.828;False
S0004;2026-01-02 02:23:45;CO2_level;1121;False
S0005;2026-01-02 02:23:45;ventilation;0.822;False
S0011;2026-01-02 02:23:45;ventilation;0.786;False
S0007;2026-01-02 02:23:45;temperature;18.461;False
S0010;2026-01-02 02:23:45;CO2_level;808;False
S0007;2026-01-02 02:24:00;temperature;25.354;False
S0001;2026-01-02 02:24:00;temperature;23.233;False
S0005;2026-01-02 02:24:00;ventilation;0.721;False
S0011;2026-01-02 02:24:00;ventilation;0.622;False
S0009;2026-01-02 02:24:00;humidity;69.346;False
S0010;2026-01-02 02:24:00;CO2_level;776;False
S0003;2026-01-02 02:24:00;humidity;71.669;True
S0004;2026-01-02 02:24:00;CO2_level;788;False
S0005;2026-01-02 02:24:15;ventilation;0.504;False
S0004;2026-01-02 02:24:15;CO2_level;613;False
S0011;2026-01-02 02:24:15;ventilation;0.863;False
S0010;2026-01-02 02:24:15;CO2_level;643;False
S0001;2026-01-02 02:24:15;temperature;19.314;False
S0007;2026-01-02 02:24:15;temperature;21.261;False
S0001;2026-01-02 02:24:30;temperature;22.94;False
S0011;2026-01-02 02:24:30;ventilation;0.874;False
S0003;2026-01-02 02:24:30;humidity;62.145;False
S0004;2026-01-02 02:24:30;CO2_level;1114;False
S0005;2026-01-02 02:24:30;ventilation;0.912;False
S0007;2026-01-02 02:24:30;temperature;21.002;False
S0010;2026-01-02 02:24:30;CO2_level;979;False
S0009;2026-01-02 02:24:30;humidity;68.335;False
S0004;2026-01-02 02:24:45;CO2_level;1066;False
S0007;2026-01-02 02:24:45;temperature;19.197;False
S0001;2026-01-02 02:24:45;temperature;20.445;False
S0011;2026-01-02 02:24:45;ventilation;0.876;False
S0010;2026-01-02 02:24:45;CO2_level;null;True
S0005;2026-01-02 02:24:45;ventilation;0.743;False
S0003;2026-01-02 02:25:00;humidity;62.804;False
S0007;2026-01-02 02:25:00;temperature;20.494;False
S0001;2026-01-02 02:25:00;temperature;23.684;False
S0004;2026-01-02 02:25:00;CO2_level;1081;False
S0005;2026-01-02 02:25:00;ventilation;null;True
S0009;2026-01-02 02:25:00;humidity;62.738;False
S0010;2026-01-02 02:25:00;CO2_level;926;False
S0011;2026-01-02 02:25:00;ventilation;0.577;False
S0010;2026-01-02 02:25:15;CO2_level;646;False
S0007;2026-01-02 02:25:15;temperature;20.248;False
S0011;2026-01-02 02:25:15;ventilation;0.803;False
S0001;2026-01-02 02:25:15;temperature;15.478;False
S0005;2026-01-02 02:25:15;ventilation;0.671;False
S0004;2026-01-02 02:25:15;CO2_level;1171;False
S0005;2026-01-02 02:25:30;ventilation;0.802;False
S0010;2026-01-02 02:25:30;CO2_level;627;False
S0009;2026-01-02 02:25:30;humidity;66.968;False
S0007;2026-01-02 02:25:30;temperature;17.847;False
S0003;2026-01-02 02:25:30;humidity;65.46;False
S0001;2026-01-02 02:25:30;temperature;null;True
S0004;2026-01-02 02:25:30;CO2_level;730;False
S0011;2026-01-02 02:25:30;ventilation;0.594;False
S0004;2026-01-02 02:25:45;CO2_level;773;False
S0007;2026-01-02 02:25:45;temperature;18.583;False
S0011;2026-01-02 02:25:45;ventilation;0.618;False
S0005;2026-01-02 02:25:45;ventilation;0.761;False
S0010;2026-01-02 02:25:45;CO2_level;693;False
S0001;2026-01-02 02:25:45;temperature;3.728;True
S0004;2026-01-02 02:26:00;CO2_level;1034;False
S0001;2026-01-02 02:26:00;temperature;20.305;False
S0005;2026-01-02 02:26:00;ventilation;0.666;False
S0009;2026-01-02 02:26:00;humidity;66.123;False
S0010;2026-01-02 02:26:00;CO2_level;644;False
S0003;2026-01-02 02:26:00;humidity;69.452;False
S0007;2026-01-02 02:26:00;temperature;20.092;False
S0011;2026-01-02 02:26:00;ventilation;0.546;False
S0005;2026-01-02 02:26:15;ventilation;0.756;False
S0007;2026-01-02 02:26:15;temperature;26.151;False
S0010;2026-01-02 02:26:15;CO2_level;622;False
S0004;2026-01-02 02:26:15;CO2_level;987;False
S0011;2026-01-02 02:26:15;ventilation;0.597;False
S0001;2026-01-02 02:26:15;temperature;19.923;False
S0004;2026-01-02 02:26:30;CO2_level;994;False
S0007;2026-01-02 02:26:30;temperature;20.311;False
S0009;2026-01-02 02:26:30;humidity;66.15;False
S0010;2026-01-02 02:26:30;CO2_level;1186;False
S0011;2026-01-02 02:26:30;ventilation;0.66;False
S0005;2026-01-02 02:26:30;ventilation;0.871;False
S0003;2026-01-02 02:26:30;humidity;67.857;False
S0001;2026-01-02 02:26:30;temperature;26.851;False
S0007;2026-01-02 02:26:45;temperature;23.926;False
S0011;2026-01-02 02:26:45;ventilation;0.119;True
S0004;2026-01-02 02:26:45;CO2_level;986;False
S0001;2026-01-02 02:26:45;temperature;19.169;False
S0010;2026-01-02 02:26:45;CO2_level;1089;False
S0005;2026-01-02 02:26:45;ventilation;0.603;False
S0004;2026-01-02 02:27:00;CO2_level;314;True
S0011;2026-01-02 02:27:00;ventilation;0.858;False
S0001;2026-01-02 02:27:00;temperature;24.819;False
S0005;2026-01-02 02:27:00;ventilation;0.585;False
S0007;2026-01-02 02:27:00;temperature;18.257;False
S0009;2026-01-02 02:27:00;humidity;65.598;False
S0003;2026-01-02 02:27:00;humidity;69.202;False
S0010;2026-01-02 02:27:00;CO2_level;740;False
S0010;2026-01-02 02:27:15;CO2_level;927;False
S0005;2026-01-02 02:27:15;ventilation;0.664;False
S0011;2026-01-02 02:27:15;ventilation;0.629;False
S0004;2026-01-02 02:27:15;CO2_level;847;False
S0007;2026-01-02 02:27:15;temperature;25.136;False
S0001;2026-01-02 02:27:15;temperature;26.453;False
S0009;2026-01-02 02:27:30;humidity;65.569;False
S0001;2026-01-02 02:27:30;temperature;15.886;False
S0004;2026-01-02 02:27:30;CO2_level;1025;False
S0011;2026-01-02 02:27:30;ventilation;0.924;False
S0003;2026-01-02 02:27:30;humidity;60.379;False
S0007;2026-01-02 02:27:30;temperature;16.87;False
S0005;2026-01-02 02:27:30;ventilation;0.736;False
S0010;2026-01-02 02:27:30;CO2_level;723;False
S0004;2026-01-02 02:27:45;CO2_level;999;False
S0010;2026-01-02 02:27:45;CO2_level;764;False
S0007;2026-01-02 02:27:45;temperature;23.898;False
S0001;2026-01-02 02:27:45;temperature;20.387;False
S0005;2026-01-02 02:27:45;ventilation;0.629;False
S0011;2026-01-02 02:27:45;ventilation;1.761;True
S0004;2026-01-02 02:28:00;CO2_level;696;False
S0005;2026-01-02 02:28:00;ventilation;0.766;False
S0001;2026-01-02 02:28:00;temperature;20.727;False
S0003;2026-01-02 02:28:00;humidity;65.25;False
S0007;2026-01-02 02:28:00;temperature;16.868;False
S0011;2026-01-02 02:28:00;ventilation;0.694;False
S0010;2026-01-02 02:28:00;CO2_level;1243;True
S0009;2026-01-02 02:28:00;humidity;60.81;False
S0007;2026-01-02 02:28:15;temperature;17.899;False
S0011;2026-01-02 02:28:15;ventilation;0.624;False
S0004;2026-01-02 02:28:15;CO2_level;1029;False
S0005;2026-01-02 02:28:15;ventilation;0.772;False
S0010;2026-01-02 02:28:15;CO2_level;785;False
S0001;2026-01-02 02:28:15;temperature;18.923;False
S0005;2026-01-02 02:28:30;ventilation;0.892;False
S0004;2026-01-02 02:28:30;CO2_level;1157;False
S0009;2026-01-02 02:28:30;humidity;66.007;False
S0010;2026-01-02 02:28:30;CO2_level;950;False
S0007;2026-01-02 02:28:30;temperature;19.178;False
S0001;2026-01-02 02:28:30;temperature;23.0;False
S0003;2026-01-02 02:28:30;humidity;62.637;False
S0011;2026-01-02 02:28:30;ventilation;0.694;False
S0004;2026-01-02 02:28:45;CO2_level;1147;False
S0005;2026-01-02 02:28:45;ventilation;0.833;False
S0010;2026-01-02 02:28:45;CO2_level;745;False
S0011;2026-01-02 02:28:45;ventilation;0.92;False
S0007;2026-01-02 02:28:45;temperature;19.232;False
S0001;2026-01-02 02:28:45;temperature;19.181;False
S0007;2026-01-02 02:29:00;temperature;25.634;False
S0009;2026-01-02 02:29:00;humidity;60.081;False
S0011;2026-01-02 02:29:00;ventilation;0.686;False
S0001;2026-01-02 02:29:00;temperature;18.922;False
S0005;2026-01-02 02:29:00;ventilation;0.594;False
S0004;2026-01-02 02:29:00;CO2_level;1180;False
S0010;2026-01-02 02:29:00;CO2_level;804;False
S0003;2026-01-02 02:29:00;humidity;67.099;False
S0007;2026-01-02 02:29:15;temperature;15.484;False
S0004;2026-01-02 02:29:15;CO2_level;1072;False
S0011;2026-01-02 02:29:15;ventilation;0.934;False
S0010;2026-01-02 02:29:15;CO2_level;342;True
S0001;2026-01-02 02:29:15;temperature;25.937;False
S0005;2026-01-02 02:29:15;ventilation;0.717;False
S0005;2026-01-02 02:29:30;ventilation;null;True
S0010;2026-01-02 02:29:30;CO2_level;1043;False
S0004;2026-01-02 02:29:30;CO2_level;1191;False
S0001;2026-01-02 02:29:30;temperature;17.174;False
S0003;2026-01-02 02:29:30;humidity;57.521;True
S0009;2026-01-02 02:29:30;humidity;61.409;False
S0007;2026-01-02 02:29:30;temperature;17.563;False
S0011;2026-01-02 02:29:30;ventilation;0.721;False
S0007;2026-01-02 02:29:45;temperature;17.655;False
S0001;2026-01-02 02:29:45;temperature;22.509;False
S0010;2026-01-02 02:29:45;CO2_level;1159;False
S0004;2026-01-02 02:29:45;CO2_level;923;False
S0005;2026-01-02 02:29:45;ventilation;0.742;False
S0011;2026-01-02 02:29:45;ventilation;0.797;False
S0011;2026-01-02 02:30:00;ventilation;0.629;False
S0009;2026-01-02 02:30:00;humidity;67.269;False
S0004;2026-01-02 02:30:00;CO2_level;1093;False
S0005;2026-01-02 02:30:00;ventilation;0.614;False
S0007;2026-01-02 02:30:00;temperature;19.744;False
S0001;2026-01-02 02:30:00;temperature;21.662;False
S0003;2026-01-02 02:30:00;humidity;62.417;False
S0010;2026-01-02 02:30:00;CO2_level;1259;True
S0007;2026-01-02 02:30:15;temperature;16.837;False
S0004;2026-01-02 02:30:15;CO2_level;1095;False
S0005;2026-01-02 02:30:15;ventilation;0.638;False
S0010;2026-01-02 02:30:15;CO2_level;727;False
S0011;2026-01-02 02:30:15;ventilation;0.628;False
S0001;2026-01-02 02:30:15;temperature;13.57;True
S0003;2026-01-02 02:30:30;humidity;69.375;False
S0010;2026-01-02 02:30:30;CO2_level;1249;True
S0009;2026-01-02 02:30:30;humidity;64.827;False
S0011;2026-01-02 02:30:30;ventilation;0.507;False
S0001;2026-01-02 02:30:30;temperature;17.222;False
S0004;2026-01-02 02:30:30;CO2_level;750;False
S0007;2026-01-02 02:30:30;temperature;26.124;False
S0005;2026-01-02 02:30:30;ventilation;0.956;False
S0010;2026-01-02 02:30:45;CO2_level;691;False
S0004;2026-01-02 02:30:45;CO2_level;818;False
S0011;2026-01-02 02:30:45;ventilation;0.803;False
S0007;2026-01-02 02:30:45;temperature;21.65;False
S0001;2026-01-02 02:30:45;temperature;16.762;False
S0005;2026-01-02 02:30:45;ventilation;0.589;False
S0010;2026-01-02 02:31:00;CO2_level;643;False
S0007;2026-01-02 02:31:00;temperature;18.021;False
S0004;2026-01-02 02:31:00;CO2_level;1290;True
S0011;2026-01-02 02:31:00;ventilation;0.628;False
S0001;2026-01-02 02:31:00;temperature;24.971;False
S0003;2026-01-02 02:31:00;humidity;64.434;False
S0005;2026-01-02 02:31:00;ventilation;0.506;False
S0009;2026-01-02 02:31:00;humidity;60.642;False
S0011;2026-01-02 02:31:15;ventilation;0.922;False
S0007;2026-01-02 02:31:15;temperature;22.301;False
S0001;2026-01-02 02:31:15;temperature;21.951;False
S0010;2026-01-02 02:31:15;CO2_level;1068;False
S0004;2026-01-02 02:31:15;CO2_level;972;False
S0005;2026-01-02 02:31:15;ventilation;0.925;False
S0011;2026-01-02 02:31:30;ventilation;0.669;False
S0003;2026-01-02 02:31:30;humidity;33.849;True
S0007;2026-01-02 02:31:30;temperature;22.852;False
S0001;2026-01-02 02:31:30;temperature;19.594;False
S0009;2026-01-02 02:31:30;humidity;60.566;False
S0005;2026-01-02 02:31:30;ventilation;0.741;False
S0010;2026-01-02 02:31:30;CO2_level;726;False
S0004;2026-01-02 02:31:30;CO2_level;860;False
S0010;2026-01-02 02:31:45;CO2_level;1182;False
S0001;2026-01-02 02:31:45;temperature;22.531;False
S0005;2026-01-02 02:31:45;ventilation;0.902;False
S0011;2026-01-02 02:31:45;ventilation;0.718;False
S0007;2026-01-02 02:31:45;temperature;18.403;False
S0004;2026-01-02 02:31:45;CO2_level;609;False
S0004;2026-01-02 02:32:00;CO2_level;620;False
S0003;2026-01-02 02:32:00;humidity;68.263;False
S0001;2026-01-02 02:32:00;temperature;14.635;True
S0010;2026-01-02 02:32:00;CO2_level;855;False
S0009;2026-01-02 02:32:00;humidity;61.707;False
S0005;2026-01-02 02:32:00;ventilation;0.767;False
S0007;2026-01-02 02:32:00;temperature;26.188;False
S0011;2026-01-02 02:32:00;ventilation;0.623;False
S0007;2026-01-02 02:32:15;temperature;21.632;False
S0005;2026-01-02 02:32:15;ventilation;0.517;False
S0004;2026-01-02 02:32:15;CO2_level;757;False
S0010;2026-01-02 02:32:15;CO2_level;937;False
S0001;2026-01-02 02:32:15;temperature;26.894;False
S0011;2026-01-02 02:32:15;ventilation;0.981;False
S0011;2026-01-02 02:32:30;ventilation;0.87;False
S0010;2026-01-02 02:32:30;CO2_level;1090;False
S0001;2026-01-02 02:32:30;temperature;17.954;False
S0009;2026-01-02 02:32:30;humidity;62.629;False
S0007;2026-01-02 02:32:30;temperature;24.475;False
S0004;2026-01-02 02:32:30;CO2_level;856;False
S0005;2026-01-02 02:32:30;ventilation;0.663;False
S0003;2026-01-02 02:32:30;humidity;65.771;False
S0011;2026-01-02 02:32:45;ventilation;0.636;False
S0007;2026-01-02 02:32:45;temperature;5.461;True
S0001;2026-01-02 02:32:45;temperature;26.57;False
S0005;2026-01-02 02:32:45;ventilation;0.634;False
S0010;2026-01-02 02:32:45;CO2_level;804;False
S0004;2026-01-02 02:32:45;CO2_level;1207;True
S0011;2026-01-02 02:33:00;ventilation;0.94;False
S0010;2026-01-02 02:33:00;CO2_level;1011;False
S0005;2026-01-02 02:33:00;ventilation;0.742;False
S0009;2026-01-02 02:33:00;humidity;67.303;False
S0007;2026-01-02 02:33:00;temperature;0.09;True
S0001;2026-01-02 02:33:00;temperature;22.701;False
S0003;2026-01-02 02:33:00;humidity;68.485;False
S0004;2026-01-02 02:33:00;CO2_level;1073;False
S0010;2026-01-02 02:33:15;CO2_level;620;False
S0011;2026-01-02 02:33:15;ventilation;0.814;False
S0005;2026-01-02 02:33:15;ventilation;0.818;False
S0007;2026-01-02 02:33:15;temperature;18.259;False
S0001;2026-01-02 02:33:15;temperature;15.384;False
S0004;2026-01-02 02:33:15;CO2_level;944;False
S0003;2026-01-02 02:33:30;humidity;12.327;True
S0009;2026-01-02 02:33:30;humidity;65.558;False
S0007;2026-01-02 02:33:30;temperature;17.55;False
S0004;2026-01-02 02:33:30;CO2_level;644;False
S0010;2026-01-02 02:33:30;CO2_level;724;False
S0005;2026-01-02 02:33:30;ventilation;0.935;False
S0001;2026-01-02 02:33:30;temperature;15.546;False
S0011;2026-01-02 02:33:30;ventilation;0.684;False
S0010;2026-01-02 02:33:45;CO2_level;1176;False
S0011;2026-01-02 02:33:45;ventilation;0.905;False
S0001;2026-01-02 02:33:45;temperature;13.493;True
S0004;2026-01-02 02:33:45;CO2_level;272;True
S0007;2026-01-02 02:33:45;temperature;21.502;False
S0005;2026-01-02 02:33:45;ventilation;0.978;False
S0005;2026-01-02 02:34:00;ventilation;0.91;False
S0010;2026-01-02 02:34:00;CO2_level;1194;False
S0003;2026-01-02 02:34:00;humidity;66.085;False
S0007;2026-01-02 02:34:00;temperature;20.375;False
S0004;2026-01-02 02:34:00;CO2_level;1129;False
S0011;2026-01-02 02:34:00;ventilation;0.507;False
S0001;2026-01-02 02:34:00;temperature;25.288;False
S0009;2026-01-02 02:34:00;humidity;33.004;True
S0004;2026-01-02 02:34:15;CO2_level;684;False
S0001;2026-01-02 02:34:15;temperature;17.728;False
S0005;2026-01-02 02:34:15;ventilation;0.777;False
S0011;2026-01-02 02:34:15;ventilation;0.985;False
S0010;2026-01-02 02:34:15;CO2_level;1042;False
S0007;2026-01-02 02:34:15;temperature;18.817;False
S0007;2026-01-02 02:34:30;temperature;16.029;False
S0004;2026-01-02 02:34:30;CO2_level;682;False
S0010;2026-01-02 02:34:30;CO2_level;848;False
S0003;2026-01-02 02:34:30;humidity;69.02;False
S0009;2026-01-02 02:34:30;humidity;65.758;False
S0011;2026-01-02 02:34:30;ventilation;0.674;False
S0005;2026-01-02 02:34:30;ventilation;0.856;False
S0001;2026-01-02 02:34:30;temperature;26.661;False
S0007;2026-01-02 02:34:45;temperature;26.75;False
S0001;2026-01-02 02:34:45;temperature;18.492;False
S0010;2026-01-02 02:34:45;CO2_level;1189;False
S0004;2026-01-02 02:34:45;CO2_level;870;False
S0011;2026-01-02 02:34:45;ventilation;0.671;False
S0005;2026-01-02 02:34:45;ventilation;0.983;False
S0009;2026-01-02 02:35:00;humidity;60.425;False
S0005;2026-01-02 02:35:00;ventilation;0.914;False
S0007;2026-01-02 02:35:00;temperature;14.194;True
S0010;2026-01-02 02:35:00;CO2_level;707;False
S0011;2026-01-02 02:35:00;ventilation;0.54;False
S0001;2026-01-02 02:35:00;temperature;22.326;False
S0003;2026-01-02 02:35:00;humidity;79.628;True
S0004;2026-01-02 02:35:00;CO2_level;794;False
S0007;2026-01-02 02:35:15;temperature;20.017;False
S0005;2026-01-02 02:35:15;ventilation;0.518;False
S0011;2026-01-02 02:35:15;ventilation;0.577;False
S0001;2026-01-02 02:35:15;temperature;10.84;True
S0010;2026-01-02 02:35:15;CO2_level;1070;False
S0004;2026-01-02 02:35:15;CO2_level;887;False
S0004;2026-01-02 02:35:30;CO2_level;1065;False
S0003;2026-01-02 02:35:30;humidity;68.164;False
S0007;2026-01-02 02:35:30;temperature;18.761;False
S0001;2026-01-02 02:35:30;temperature;22.102;False
S0010;2026-01-02 02:35:30;CO2_level;636;False
S0005;2026-01-02 02:35:30;ventilation;0.683;False
S0011;2026-01-02 02:35:30;ventilation;0.959;False
S0009;2026-01-02 02:35:30;humidity;65.897;False
S0004;2026-01-02 02:35:45;CO2_level;605;False
S0001;2026-01-02 02:35:45;temperature;28.94;True
S0010;2026-01-02 02:35:45;CO2_level;943;False
S0005;2026-01-02 02:35:45;ventilation;0.614;False
S0007;2026-01-02 02:35:45;temperature;12.275;True
S0011;2026-01-02 02:35:45;ventilation;0.968;False
S0011;2026-01-02 02:36:00;ventilation;0.669;False
S0009;2026-01-02 02:36:00;humidity;65.848;False
S0001;2026-01-02 02:36:00;temperature;25.44;False
S0005;2026-01-02 02:36:00;ventilation;0.669;False
S0004;2026-01-02 02:36:00;CO2_level;899;False
S0010;2026-01-02 02:36:00;CO2_level;1018;False
S0003;2026-01-02 02:36:00;humidity;65.715;False
S0007;2026-01-02 02:36:00;temperature;25.126;False
S0010;2026-01-02 02:36:15;CO2_level;null;True
S0001;2026-01-02 02:36:15;temperature;17.747;False
S0011;2026-01-02 02:36:15;ventilation;0.56;False
S0004;2026-01-02 02:36:15;CO2_level;1168;False
S0005;2026-01-02 02:36:15;ventilation;1.457;True
S0007;2026-01-02 02:36:15;temperature;20.253;False
S0011;2026-01-02 02:36:30;ventilation;0.947;False
S0009;2026-01-02 02:36:30;humidity;64.617;False
S0003;2026-01-02 02:36:30;humidity;62.463;False
S0010;2026-01-02 02:36:30;CO2_level;750;False
S0007;2026-01-02 02:36:30;temperature;19.825;False
S0004;2026-01-02 02:36:30;CO2_level;1071;False
S0001;2026-01-02 02:36:30;temperature;21.653;False
S0005;2026-01-02 02:36:30;ventilation;0.646;False
S0004;2026-01-02 02:36:45;CO2_level;963;False
S0001;2026-01-02 02:36:45;temperature;20.302;False
S0010;2026-01-02 02:36:45;CO2_level;1160;False
S0005;2026-01-02 02:36:45;ventilation;0.924;False
S0011;2026-01-02 02:36:45;ventilation;null;True
S0007;2026-01-02 02:36:45;temperature;26.218;False
S0004;2026-01-02 02:37:00;CO2_level;644;False
S0001;2026-01-02 02:37:00;temperature;26.494;False
S0005;2026-01-02 02:37:00;ventilation;0.762;False
S0011;2026-01-02 02:37:00;ventilation;0.927;False
S0003;2026-01-02 02:37:00;humidity;67.372;False
S0009;2026-01-02 02:37:00;humidity;65.3;False
S0007;2026-01-02 02:37:00;temperature;7.583;True
S0010;2026-01-02 02:37:00;CO2_level;757;False
S0007;2026-01-02 02:37:15;temperature;23.916;False
S0010;2026-01-02 02:37:15;CO2_level;1026;False
S0011;2026-01-02 02:37:15;ventilation;1.73;True
S0005;2026-01-02 02:37:15;ventilation;0.615;False
S0004;2026-01-02 02:37:15;CO2_level;766;False
S0001;2026-01-02 02:37:15;temperature;16.065;False
S0003;2026-01-02 02:37:30;humidity;64.536;False
S0011;2026-01-02 02:37:30;ventilation;0.677;False
S0001;2026-01-02 02:37:30;temperature;18.085;False
S0007;2026-01-02 02:37:30;temperature;21.728;False
S0009;2026-01-02 02:37:30;humidity;66.844;False
S0005;2026-01-02 02:37:30;ventilation;0.581;False
S0010;2026-01-02 02:37:30;CO2_level;784;False
S0004;2026-01-02 02:37:30;CO2_level;1128;False
S0011;2026-01-02 02:37:45;ventilation;0.974;False
S0007;2026-01-02 02:37:45;temperature;17.022;False
S0001;2026-01-02 02:37:45;temperature;24.369;False
S0004;2026-01-02 02:37:45;CO2_level;909;False
S0005;2026-01-02 02:37:45;ventilation;0.721;False
S0010;2026-01-02 02:37:45;CO2_level;788;False
S0011;2026-01-02 02:38:00;ventilation;0.738;False
S0007;2026-01-02 02:38:00;temperature;23.173;False
S0001;2026-01-02 02:38:00;temperature;20.157;False
S0003;2026-01-02 02:38:00;humidity;68.857;False
S0004;2026-01-02 02:38:00;CO2_level;724;False
S0005;2026-01-02 02:38:00;ventilation;0.63;False
S0010;2026-01-02 02:38:00;CO2_level;1182;False
S0009;2026-01-02 02:38:00;humidity;62.038;False
S0004;2026-01-02 02:38:15;CO2_level;1192;False
S0007;2026-01-02 02:38:15;temperature;11.489;True
S0005;2026-01-02 02:38:15;ventilation;1.447;True
S0001;2026-01-02 02:38:15;temperature;25.646;False
S0011;2026-01-02 02:38:15;ventilation;0.512;False
S0010;2026-01-02 02:38:15;CO2_level;962;False
S0004;2026-01-02 02:38:30;CO2_level;785;False
S0009;2026-01-02 02:38:30;humidity;62.145;False
S0005;2026-01-02 02:38:30;ventilation;0.736;False
S0010;2026-01-02 02:38:30;CO2_level;752;False
S0003;2026-01-02 02:38:30;humidity;68.188;False
S0007;2026-01-02 02:38:30;temperature;16.474;False
S0011;2026-01-02 02:38:30;ventilation;0.536;False
S0001;2026-01-02 02:38:30;temperature;18.078;False
S0011;2026-01-02 02:38:45;ventilation;0.515;False
S0010;2026-01-02 02:38:45;CO2_level;937;False
S0001;2026-01-02 02:38:45;temperature;19.069;False
S0005;2026-01-02 02:38:45;ventilation;1.836;True
S0007;2026-01-02 02:38:45;temperature;18.303;False
S0004;2026-01-02 02:38:45;CO2_level;550;True
S0001;2026-01-02 02:39:00;temperature;19.945;False
S0009;2026-01-02 02:39:00;humidity;67.667;False
S0004;2026-01-02 02:39:00;CO2_level;1049;False
S0007;2026-01-02 02:39:00;temperature;22.387;False
S0005;2026-01-02 02:39:00;ventilation;0.747;False
S0010;2026-01-02 02:39:00;CO2_level;745;False
S0011;2026-01-02 02:39:00;ventilation;0.629;False
S0003;2026-01-02 02:39:00;humidity;67.271;False
S0004;2026-01-02 02:39:15;CO2_level;1029;False
S0010;2026-01-02 02:39:15;CO2_level;729;False
S0005;2026-01-02 02:39:15;ventilation;0.8;False
S0001;2026-01-02 02:39:15;temperature;18.114;False
S0007;2026-01-02 02:39:15;temperature;18.779;False
S0011;2026-01-02 02:39:15;ventilation;0.886;False
S0007;2026-01-02 02:39:30;temperature;19.394;False
S0009;2026-01-02 02:39:30;humidity;13.516;True
S0010;2026-01-02 02:39:30;CO2_level;770;False
S0011;2026-01-02 02:39:30;ventilation;0.586;False
S0001;2026-01-02 02:39:30;temperature;17.185;False
S0005;2026-01-02 02:39:30;ventilation;null;True
S0003;2026-01-02 02:39:30;humidity;76.132;True
S0004;2026-01-02 02:39:30;CO2_level;643;False
S0010;2026-01-02 02:39:45;CO2_level;null;True
S0005;2026-01-02 02:39:45;ventilation;0.683;False
S0004;2026-01-02 02:39:45;CO2_level;953;False
S0001;2026-01-02 02:39:45;temperature;15.45;False
S0007;2026-01-02 02:39:45;temperature;16.809;False
S0011;2026-01-02 02:39:45;ventilation;0.629;False
S0011;2026-01-02 02:40:00;ventilation;0.638;False
S0003;2026-01-02 02:40:00;humidity;61.982;False
S0010;2026-01-02 02:40:00;CO2_level;984;False
S0009;2026-01-02 02:40:00;humidity;63.998;False
S0001;2026-01-02 02:40:00;temperature;20.291;False
S0004;2026-01-02 02:40:00;CO2_level;743;False
S0007;2026-01-02 02:40:00;temperature;16.744;False
S0005;2026-01-02 02:40:00;ventilation;0.771;False
S0004;2026-01-02 02:40:15;CO2_level;668;False
S0007;2026-01-02 02:40:15;temperature;23.678;False
S0005;2026-01-02 02:40:15;ventilation;0.522;False
S0001;2026-01-02 02:40:15;temperature;23.832;False
S0011;2026-01-02 02:40:15;ventilation;0.585;False
S0010;2026-01-02 02:40:15;CO2_level;748;False
S0009;2026-01-02 02:40:30;humidity;65.681;False
S0011;2026-01-02 02:40:30;ventilation;0.933;False
S0010;2026-01-02 02:40:30;CO2_level;602;False
S0001;2026-01-02 02:40:30;temperature;17.583;False
S0003;2026-01-02 02:40:30;humidity;60.87;False
S0004;2026-01-02 02:40:30;CO2_level;796;False
S0007;2026-01-02 02:40:30;temperature;17.09;False
S0005;2026-01-02 02:40:30;ventilation;0.639;False
S0005;2026-01-02 02:40:45;ventilation;0.956;False
S0001;2026-01-02 02:40:45;temperature;18.016;False
S0010;2026-01-02 02:40:45;CO2_level;1099;False
S0011;2026-01-02 02:40:45;ventilation;0.586;False
S0007;2026-01-02 02:40:45;temperature;18.904;False
S0004;2026-01-02 02:40:45;CO2_level;1028;False
S0004;2026-01-02 02:41:00;CO2_level;991;False
S0005;2026-01-02 02:41:00;ventilation;0.752;False
S0001;2026-01-02 02:41:00;temperature;23.229;False
S0009;2026-01-02 02:41:00;humidity;69.632;False
S0010;2026-01-02 02:41:00;CO2_level;636;False
S0011;2026-01-02 02:41:00;ventilation;0.738;False
S0003;2026-01-02 02:41:00;humidity;69.783;False
S0007;2026-01-02 02:41:00;temperature;24.606;False
S0001;2026-01-02 02:41:15;temperature;26.88;False
S0007;2026-01-02 02:41:15;temperature;15.559;False
S0010;2026-01-02 02:41:15;CO2_level;920;False
S0011;2026-01-02 02:41:15;ventilation;0.768;False
S0005;2026-01-02 02:41:15;ventilation;0.59;False
S0004;2026-01-02 02:41:15;CO2_level;856;False
S0001;2026-01-02 02:41:30;temperature;18.783;False
S0003;2026-01-02 02:41:30;humidity;67.967;False
S0004;2026-01-02 02:41:30;CO2_level;869;False
S0010;2026-01-02 02:41:30;CO2_level;959;False
S0005;2026-01-02 02:41:30;ventilation;0.552;False
S0009;2026-01-02 02:41:30;humidity;60.969;False
S0011;2026-01-02 02:41:30;ventilation;0.945;False
S0007;2026-01-02 02:41:30;temperature;null;True
S0011;2026-01-02 02:41:45;ventilation;0.785;False
S0001;2026-01-02 02:41:45;temperature;26.595;False
S0007;2026-01-02 02:41:45;temperature;18.333;False
S0010;2026-01-02 02:41:45;CO2_level;1151;False
S0005;2026-01-02 02:41:45;ventilation;0.716;False
S0004;2026-01-02 02:41:45;CO2_level;988;False
S0001;2026-01-02 02:42:00;temperature;19.985;False
S0009;2026-01-02 02:42:00;humidity;65.808;False
S0010;2026-01-02 02:42:00;CO2_level;789;False
S0005;2026-01-02 02:42:00;ventilation;0.501;False
S0011;2026-01-02 02:42:00;ventilation;0.597;False
S0007;2026-01-02 02:42:00;temperature;25.542;False
S0004;2026-01-02 02:42:00;CO2_level;665;False
S0003;2026-01-02 02:42:00;humidity;62.037;False
S0005;2026-01-02 02:42:15;ventilation;0.549;False
S0011;2026-01-02 02:42:15;ventilation;0.626;False
S0010;2026-01-02 02:42:15;CO2_level;930;False
S0004;2026-01-02 02:42:15;CO2_level;711;False
S0001;2026-01-02 02:42:15;temperature;15.378;False
S0007;2026-01-02 02:42:15;temperature;22.323;False
S0007;2026-01-02 02:42:30;temperature;23.224;False
S0011;2026-01-02 02:42:30;ventilation;0.721;False
S0003;2026-01-02 02:42:30;humidity;61.012;False
S0001;2026-01-02 02:42:30;temperature;20.887;False
S0005;2026-01-02 02:42:30;ventilation;null;True
S0004;2026-01-02 02:42:30;CO2_level;null;True
S0010;2026-01-02 02:42:30;CO2_level;870;False
S0009;2026-01-02 02:42:30;humidity;63.801;False
S0007;2026-01-02 02:42:45;temperature;16.289;False
S0001;2026-01-02 02:42:45;temperature;16.861;False
S0005;2026-01-02 02:42:45;ventilation;0.842;False
S0004;2026-01-02 02:42:45;CO2_level;608;False
S0011;2026-01-02 02:42:45;ventilation;0.947;False
S0010;2026-01-02 02:42:45;CO2_level;1027;False
S0009;2026-01-02 02:43:00;humidity;62.393;False
S0001;2026-01-02 02:43:00;temperature;17.244;False
S0011;2026-01-02 02:43:00;ventilation;null;True
S0007;2026-01-02 02:43:00;temperature;25.142;False
S0003;2026-01-02 02:43:00;humidity;68.797;False
S0004;2026-01-02 02:43:00;CO2_level;607;False
S0005;2026-01-02 02:43:00;ventilation;0.913;False
S0010;2026-01-02 02:43:00;CO2_level;1066;False
S0004;2026-01-02 02:43:15;CO2_level;758;False
S0005;2026-01-02 02:43:15;ventilation;0.556;False
S0011;2026-01-02 02:43:15;ventilation;0.783;False
S0007;2026-01-02 02:43:15;temperature;23.666;False
S0001;2026-01-02 02:43:15;temperature;16.077;False
S0010;2026-01-02 02:43:15;CO2_level;886;False
S0004;2026-01-02 02:43:30;CO2_level;609;False
S0005;2026-01-02 02:43:30;ventilation;0.982;False
S0009;2026-01-02 02:43:30;humidity;68.645;False
S0003;2026-01-02 02:43:30;humidity;61.15;False
S0007;2026-01-02 02:43:30;temperature;25.872;False
S0010;2026-01-02 02:43:30;CO2_level;1093;False
S0001;2026-01-02 02:43:30;temperature;19.283;False
S0011;2026-01-02 02:43:30;ventilation;0.611;False
S0005;2026-01-02 02:43:45;ventilation;0.79;False
S0001;2026-01-02 02:43:45;temperature;22.831;False
S0011;2026-01-02 02:43:45;ventilation;0.876;False
S0010;2026-01-02 02:43:45;CO2_level;1132;False
S0007;2026-01-02 02:43:45;temperature;24.263;False
S0004;2026-01-02 02:43:45;CO2_level;684;False
S0004;2026-01-02 02:44:00;CO2_level;927;False
S0011;2026-01-02 02:44:00;ventilation;0.872;False
S0009;2026-01-02 02:44:00;humidity;66.299;False
S0005;2026-01-02 02:44:00;ventilation;0.638;False
S0001;2026-01-02 02:44:00;temperature;18.503;False
S0003;2026-01-02 02:44:00;humidity;63.353;False
S0007;2026-01-02 02:44:00;temperature;24.398;False
S0010;2026-01-02 02:44:00;CO2_level;1020;False
S0007;2026-01-02 02:44:15;temperature;17.765;False
S0004;2026-01-02 02:44:15;CO2_level;1121;False
S0010;2026-01-02 02:44:15;CO2_level;1071;False
S0011;2026-01-02 02:44:15;ventilation;0.617;False
S0005;2026-01-02 02:44:15;ventilation;0.515;False
S0001;2026-01-02 02:44:15;temperature;26.301;False
S0004;2026-01-02 02:44:30;CO2_level;1097;False
S0010;2026-01-02 02:44:30;CO2_level;810;False
S0011;2026-01-02 02:44:30;ventilation;0.79;False
S0009;2026-01-02 02:44:30;humidity;65.057;False
S0005;2026-01-02 02:44:30;ventilation;0.306;True
S0007;2026-01-02 02:44:30;temperature;22.668;False
S0003;2026-01-02 02:44:30;humidity;64.727;False
S0001;2026-01-02 02:44:30;temperature;19.753;False
S0001;2026-01-02 02:44:45;temperature;23.848;False
S0011;2026-01-02 02:44:45;ventilation;0.766;False
S0005;2026-01-02 02:44:45;ventilation;null;True
S0007;2026-01-02 02:44:45;temperature;20.278;False
S0010;2026-01-02 02:44:45;CO2_level;862;False
S0004;2026-01-02 02:44:45;CO2_level;1122;False
S0003;2026-01-02 02:45:00;humidity;65.854;False
S0010;2026-01-02 02:45:00;CO2_level;1156;False
S0011;2026-01-02 02:45:00;ventilation;1.29;True
S0007;2026-01-02 02:45:00;temperature;21.938;False
S0005;2026-01-02 02:45:00;ventilation;0.823;False
S0009;2026-01-02 02:45:00;humidity;78.719;True
S0001;2026-01-02 02:45:00;temperature;23.018;False
S0004;2026-01-02 02:45:00;CO2_level;1120;False
S0010;2026-01-02 02:45:15;CO2_level;1179;False
S0005;2026-01-02 02:45:15;ventilation;0.978;False
S0004;2026-01-02 02:45:15;CO2_level;708;False
S0011;2026-01-02 02:45:15;ventilation;0.552;False
S0001;2026-01-02 02:45:15;temperature;17.751;False
S0007;2026-01-02 02:45:15;temperature;15.104;False
S0010;2026-01-02 02:45:30;CO2_level;1196;False
S0004;2026-01-02 02:45:30;CO2_level;1072;False
S0005;2026-01-02 02:45:30;ventilation;0.809;False
S0011;2026-01-02 02:45:30;ventilation;0.703;False
S0001;2026-01-02 02:45:30;temperature;22.791;False
S0009;2026-01-02 02:45:30;humidity;65.381;False
S0003;2026-01-02 02:45:30;humidity;64.176;False
S0007;2026-01-02 02:45:30;temperature;20.067;False
S0001;2026-01-02 02:45:45;temperature;19.417;False
S0005;2026-01-02 02:45:45;ventilation;0.951;False
S0010;2026-01-02 02:45:45;CO2_level;749;False
S0011;2026-01-02 02:45:45;ventilation;0.597;False
S0004;2026-01-02 02:45:45;CO2_level;1081;False
S0007;2026-01-02 02:45:45;temperature;20.516;False
S0009;2026-01-02 02:46:00;humidity;64.332;False
S0010;2026-01-02 02:46:00;CO2_level;1292;True
S0004;2026-01-02 02:46:00;CO2_level;674;False
S0011;2026-01-02 02:46:00;ventilation;1.72;True
S0003;2026-01-02 02:46:00;humidity;68.015;False
S0005;2026-01-02 02:46:00;ventilation;0.753;False
S0007;2026-01-02 02:46:00;temperature;26.693;False
S0001;2026-01-02 02:46:00;temperature;20.817;False
S0010;2026-01-02 02:46:15;CO2_level;609;False
S0011;2026-01-02 02:46:15;ventilation;0.575;False
S0001;2026-01-02 02:46:15;temperature;23.728;False
S0007;2026-01-02 02:46:15;temperature;null;True
S0004;2026-01-02 02:46:15;CO2_level;707;False
S0005;2026-01-02 02:46:15;ventilation;0.941;False
S0007;2026-01-02 02:46:30;temperature;15.638;False
S0009;2026-01-02 02:46:30;humidity;60.599;False
S0010;2026-01-02 02:46:30;CO2_level;781;False
S0005;2026-01-02 02:46:30;ventilation;0.979;False
S0001;2026-01-02 02:46:30;temperature;26.87;False
S0003;2026-01-02 02:46:30;humidity;68.252;False
S0004;2026-01-02 02:46:30;CO2_level;933;False
S0011;2026-01-02 02:46:30;ventilation;0.805;False
S0001;2026-01-02 02:46:45;temperature;15.725;False
S0007;2026-01-02 02:46:45;temperature;18.079;False
S0010;2026-01-02 02:46:45;CO2_level;661;False
S0005;2026-01-02 02:46:45;ventilation;0.601;False
S0004;2026-01-02 02:46:45;CO2_level;1008;False
S0011;2026-01-02 02:46:45;ventilation;0.6;False
S0011;2026-01-02 02:47:00;ventilation;0.873;False
S0003;2026-01-02 02:47:00;humidity;62.447;False
S0010;2026-01-02 02:47:00;CO2_level;1061;False
S0005;2026-01-02 02:47:00;ventilation;0.973;False
S0001;2026-01-02 02:47:00;temperature;25.396;False
S0004;2026-01-02 02:47:00;CO2_level;778;False
S0009;2026-01-02 02:47:00;humidity;64.971;False
S0007;2026-01-02 02:47:00;temperature;19.721;False
S0001;2026-01-02 02:47:15;temperature;25.581;False
S0004;2026-01-02 02:47:15;CO2_level;676;False
S0010;2026-01-02 02:47:15;CO2_level;968;False
S0011;2026-01-02 02:47:15;ventilation;0.642;False
S0007;2026-01-02 02:47:15;temperature;21.54;False
S0005;2026-01-02 02:47:15;ventilation;0.905;False
S0004;2026-01-02 02:47:30;CO2_level;995;False
S0009;2026-01-02 02:47:30;humidity;66.655;False
S0005;2026-01-02 02:47:30;ventilation;0.857;False
S0011;2026-01-02 02:47:30;ventilation;0.928;False
S0007;2026-01-02 02:47:30;temperature;16.535;False
S0003;2026-01-02 02:47:30;humidity;63.927;False
S0001;2026-01-02 02:47:30;temperature;17.163;False
S0010;2026-01-02 02:47:30;CO2_level;1212;True
S0011;2026-01-02 02:47:45;ventilation;0.545;False
S0007;2026-01-02 02:47:45;temperature;15.263;False
S0004;2026-01-02 02:47:45;CO2_level;877;False
S0001;2026-01-02 02:47:45;temperature;15.108;False
S0010;2026-01-02 02:47:45;CO2_level;959;False
S0005;2026-01-02 02:47:45;ventilation;0.917;False
S0005;2026-01-02 02:48:00;ventilation;0.556;False
S0011;2026-01-02 02:48:00;ventilation;0.532;False
S0004;2026-01-02 02:48:00;CO2_level;721;False
S0001;2026-01-02 02:48:00;temperature;23.109;False
S0007;2026-01-02 02:48:00;temperature;21.696;False
S0009;2026-01-02 02:48:00;humidity;62.56;False
S0003;2026-01-02 02:48:00;humidity;66.28;False
S0010;2026-01-02 02:48:00;CO2_level;217;True
S0005;2026-01-02 02:48:15;ventilation;0.651;False
S0001;2026-01-02 02:48:15;temperature;25.754;False
S0004;2026-01-02 02:48:15;CO2_level;873;False
S0007;2026-01-02 02:48:15;temperature;15.183;False
S0011;2026-01-02 02:48:15;ventilation;0.574;False
S0010;2026-01-02 02:48:15;CO2_level;713;False
S0004;2026-01-02 02:48:30;CO2_level;948;False
S0009;2026-01-02 02:48:30;humidity;72.174;True
S0003;2026-01-02 02:48:30;humidity;64.379;False
S0011;2026-01-02 02:48:30;ventilation;0.964;False
S0001;2026-01-02 02:48:30;temperature;18.5;False
S0010;2026-01-02 02:48:30;CO2_level;1122;False
S0007;2026-01-02 02:48:30;temperature;17.079;False
S0005;2026-01-02 02:48:30;ventilation;0.893;False
S0011;2026-01-02 02:48:45;ventilation;0.544;False
S0001;2026-01-02 02:48:45;temperature;21.751;False
S0010;2026-01-02 02:48:45;CO2_level;608;False
S0007;2026-01-02 02:48:45;temperature;20.848;False
S0005;2026-01-02 02:48:45;ventilation;0.589;False
S0004;2026-01-02 02:48:45;CO2_level;1129;False
S0009;2026-01-02 02:49:00;humidity;49.893;True
S0007;2026-01-02 02:49:00;temperature;24.791;False
S0004;2026-01-02 02:49:00;CO2_level;607;False
S0010;2026-01-02 02:49:00;CO2_level;859;False
S0003;2026-01-02 02:49:00;humidity;62.881;False
S0001;2026-01-02 02:49:00;temperature;18.793;False
S0011;2026-01-02 02:49:00;ventilation;0.975;False
S0005;2026-01-02 02:49:00;ventilation;0.802;False
S0001;2026-01-02 02:49:15;temperature;25.28;False
S0004;2026-01-02 02:49:15;CO2_level;777;False
S0005;2026-01-02 02:49:15;ventilation;0.731;False
S0007;2026-01-02 02:49:15;temperature;19.138;False
S0010;2026-01-02 02:49:15;CO2_level;1086;False
S0011;2026-01-02 02:49:15;ventilation;0.74;False
S0004;2026-01-02 02:49:30;CO2_level;760;False
S0005;2026-01-02 02:49:30;ventilation;1.242;True
S0011;2026-01-02 02:49:30;ventilation;0.756;False
S0003;2026-01-02 02:49:30;humidity;67.157;False
S0001;2026-01-02 02:49:30;temperature;16.745;False
S0010;2026-01-02 02:49:30;CO2_level;735;False
S0009;2026-01-02 02:49:30;humidity;60.147;False
S0007;2026-01-02 02:49:30;temperature;21.657;False
S0007;2026-01-02 02:49:45;temperature;19.074;False
S0005;2026-01-02 02:49:45;ventilation;0.662;False
S0011;2026-01-02 02:49:45;ventilation;0.826;False
S0010;2026-01-02 02:49:45;CO2_level;1120;False
S0004;2026-01-02 02:49:45;CO2_level;616;False
S0001;2026-01-02 02:49:45;temperature;23.266;False
S0010;2026-01-02 02:50:00;CO2_level;808;False
S0003;2026-01-02 02:50:00;humidity;63.486;False
S0001;2026-01-02 02:50:00;temperature;17.812;False
S0007;2026-01-02 02:50:00;temperature;22.982;False
S0009;2026-01-02 02:50:00;humidity;64.49;False
S0011;2026-01-02 02:50:00;ventilation;0.635;False
S0004;2026-01-02 02:50:00;CO2_level;903;False
S0005;2026-01-02 02:50:00;ventilation;1.538;True
S0007;2026-01-02 02:50:15;temperature;19.924;False
S0001;2026-01-02 02:50:15;temperature;21.445;False
S0004;2026-01-02 02:50:15;CO2_level;990;False
S0005;2026-01-02 02:50:15;ventilation;0.644;False
S0010;2026-01-02 02:50:15;CO2_level;975;False
S0011;2026-01-02 02:50:15;ventilation;null;True
S0011;2026-01-02 02:50:30;ventilation;0.861;False
S0003;2026-01-02 02:50:30;humidity;66.943;False
S0005;2026-01-02 02:50:30;ventilation;0.712;False
S0007;2026-01-02 02:50:30;temperature;15.983;False
S0009;2026-01-02 02:50:30;humidity;64.036;False
S0004;2026-01-02 02:50:30;CO2_level;969;False
S0001;2026-01-02 02:50:30;temperature;21.414;False
S0010;2026-01-02 02:50:30;CO2_level;1094;False
S0005;2026-01-02 02:50:45;ventilation;0.644;False
S0004;2026-01-02 02:50:45;CO2_level;1014;False
S0007;2026-01-02 02:50:45;temperature;23.735;False
S0010;2026-01-02 02:50:45;CO2_level;937;False
S0011;2026-01-02 02:50:45;ventilation;1.58;True
S0001;2026-01-02 02:50:45;temperature;20.341;False
S0010;2026-01-02 02:51:00;CO2_level;630;False
S0003;2026-01-02 02:51:00;humidity;63.382;False
S0005;2026-01-02 02:51:00;ventilation;0.933;False
S0011;2026-01-02 02:51:00;ventilation;0.983;False
S0001;2026-01-02 02:51:00;temperature;23.203;False
S0009;2026-01-02 02:51:00;humidity;61.32;False
S0004;2026-01-02 02:51:00;CO2_level;951;False
S0007;2026-01-02 02:51:00;temperature;22.383;False
S0004;2026-01-02 02:51:15;CO2_level;null;True
S0011;2026-01-02 02:51:15;ventilation;0.658;False
S0010;2026-01-02 02:51:15;CO2_level;1065;False
S0001;2026-01-02 02:51:15;temperature;24.962;False
S0005;2026-01-02 02:51:15;ventilation;0.712;False
S0007;2026-01-02 02:51:15;temperature;26.743;False
S0007;2026-01-02 02:51:30;temperature;16.39;False
S0004;2026-01-02 02:51:30;CO2_level;1161;False
S0011;2026-01-02 02:51:30;ventilation;0.646;False
S0009;2026-01-02 02:51:30;humidity;65.658;False
S0010;2026-01-02 02:51:30;CO2_level;1127;False
S0003;2026-01-02 02:51:30;humidity;71.918;True
S0001;2026-01-02 02:51:30;temperature;22.918;False
S0005;2026-01-02 02:51:30;ventilation;0.883;False
S0001;2026-01-02 02:51:45;temperature;18.55;False
S0010;2026-01-02 02:51:45;CO2_level;801;False
S0007;2026-01-02 02:51:45;temperature;17.921;False
S0004;2026-01-02 02:51:45;CO2_level;836;False
S0011;2026-01-02 02:51:45;ventilation;0.959;False
S0005;2026-01-02 02:51:45;ventilation;0.587;False
S0001;2026-01-02 02:52:00;temperature;22.47;False
S0007;2026-01-02 02:52:00;temperature;15.739;False
S0003;2026-01-02 02:52:00;humidity;66.671;False
S0005;2026-01-02 02:52:00;ventilation;0.671;False
S0004;2026-01-02 02:52:00;CO2_level;1196;False
S0010;2026-01-02 02:52:00;CO2_level;969;False
S0011;2026-01-02 02:52:00;ventilation;0.609;False
S0009;2026-01-02 02:52:00;humidity;67.676;False
S0001;2026-01-02 02:52:15;temperature;18.683;False
S0004;2026-01-02 02:52:15;CO2_level;919;False
S0011;2026-01-02 02:52:15;ventilation;0.626;False
S0010;2026-01-02 02:52:15;CO2_level;641;False
S0007;2026-01-02 02:52:15;temperature;26.891;False
S0005;2026-01-02 02:52:15;ventilation;0.802;False
S0003;2026-01-02 02:52:30;humidity;63.515;False
S0009;2026-01-02 02:52:30;humidity;60.448;False
S0005;2026-01-02 02:52:30;ventilation;0.706;False
S0001;2026-01-02 02:52:30;temperature;18.584;False
S0004;2026-01-02 02:52:30;CO2_level;862;False
S0010;2026-01-02 02:52:30;CO2_level;1036;False
S0007;2026-01-02 02:52:30;temperature;29.906;True
S0011;2026-01-02 02:52:30;ventilation;0.94;False
S0001;2026-01-02 02:52:45;temperature;22.337;False
S0005;2026-01-02 02:52:45;ventilation;0.553;False
S0010;2026-01-02 02:52:45;CO2_level;732;False
S0004;2026-01-02 02:52:45;CO2_level;1092;False
S0007;2026-01-02 02:52:45;temperature;24.679;False
S0011;2026-01-02 02:52:45;ventilation;0.873;False
S0003;2026-01-02 02:53:00;humidity;60.912;False
S0001;2026-01-02 02:53:00;temperature;19.561;False
S0009;2026-01-02 02:53:00;humidity;66.171;False
S0011;2026-01-02 02:53:00;ventilation;0.888;False
S0010;2026-01-02 02:53:00;CO2_level;724;False
S0007;2026-01-02 02:53:00;temperature;16.841;False
S0005;2026-01-02 02:53:00;ventilation;0.63;False
S0004;2026-01-02 02:53:00;CO2_level;1060;False
S0011;2026-01-02 02:53:15;ventilation;0.768;False
S0007;2026-01-02 02:53:15;temperature;25.348;False
S0010;2026-01-02 02:53:15;CO2_level;617;False
S0005;2026-01-02 02:53:15;ventilation;0.667;False
S0001;2026-01-02 02:53:15;temperature;15.027;False
S0004;2026-01-02 02:53:15;CO2_level;878;False
S0004;2026-01-02 02:53:30;CO2_level;869;False
S0001;2026-01-02 02:53:30;temperature;19.854;False
S0009;2026-01-02 02:53:30;humidity;61.462;False
S0003;2026-01-02 02:53:30;humidity;67.361;False
S0007;2026-01-02 02:53:30;temperature;25.451;False
S0011;2026-01-02 02:53:30;ventilation;0.745;False
S0010;2026-01-02 02:53:30;CO2_level;706;False
S0005;2026-01-02 02:53:30;ventilation;0.725;False
S0001;2026-01-02 02:53:45;temperature;22.887;False
S0004;2026-01-02 02:53:45;CO2_level;624;False
S0011;2026-01-02 02:53:45;ventilation;0.901;False
S0005;2026-01-02 02:53:45;ventilation;0.981;False
S0010;2026-01-02 02:53:45;CO2_level;1042;False
S0007;2026-01-02 02:53:45;temperature;25.224;False
S0005;2026-01-02 02:54:00;ventilation;0.513;False
S0011;2026-01-02 02:54:00;ventilation;0.868;False
S0010;2026-01-02 02:54:00;CO2_level;630;False
S0007;2026-01-02 02:54:00;temperature;24.75;False
S0004;2026-01-02 02:54:00;CO2_level;1155;False
S0009;2026-01-02 02:54:00;humidity;64.528;False
S0003;2026-01-02 02:54:00;humidity;63.352;False
S0001;2026-01-02 02:54:00;temperature;21.09;False
S0011;2026-01-02 02:54:15;ventilation;0.626;False
S0010;2026-01-02 02:54:15;CO2_level;1195;False
S0007;2026-01-02 02:54:15;temperature;2.754;True
S0005;2026-01-02 02:54:15;ventilation;0.739;False
S0001;2026-01-02 02:54:15;temperature;24.847;False
S0004;2026-01-02 02:54:15;CO2_level;994;False
S0001;2026-01-02 02:54:30;temperature;22.391;False
S0005;2026-01-02 02:54:30;ventilation;0.915;False
S0011;2026-01-02 02:54:30;ventilation;0.856;False
S0004;2026-01-02 02:54:30;CO2_level;692;False
S0010;2026-01-02 02:54:30;CO2_level;1163;False
S0007;2026-01-02 02:54:30;temperature;20.758;False
S0003;2026-01-02 02:54:30;humidity;61.435;False
S0009;2026-01-02 02:54:30;humidity;65.7;False
S0005;2026-01-02 02:54:45;ventilation;0.727;False
S0011;2026-01-02 02:54:45;ventilation;0.555;False
S0010;2026-01-02 02:54:45;CO2_level;961;False
S0007;2026-01-02 02:54:45;temperature;21.219;False
S0001;2026-01-02 02:54:45;temperature;16.905;False
S0004;2026-01-02 02:54:45;CO2_level;1008;False
S0011;2026-01-02 02:55:00;ventilation;0.787;False
S0005;2026-01-02 02:55:00;ventilation;1.821;True
S0010;2026-01-02 02:55:00;CO2_level;null;True
S0009;2026-01-02 02:55:00;humidity;64.118;False
S0003;2026-01-02 02:55:00;humidity;66.749;False
S0007;2026-01-02 02:55:00;temperature;16.363;False
S0001;2026-01-02 02:55:00;temperature;28.659;True
S0004;2026-01-02 02:55:00;CO2_level;779;False
S0004;2026-01-02 02:55:15;CO2_level;865;False
S0007;2026-01-02 02:55:15;temperature;null;True
S0010;2026-01-02 02:55:15;CO2_level;825;False
S0001;2026-01-02 02:55:15;temperature;18.006;False
S0011;2026-01-02 02:55:15;ventilation;0.595;False
S0005;2026-01-02 02:55:15;ventilation;0.982;False
S0001;2026-01-02 02:55:30;temperature;16.119;False
S0003;2026-01-02 02:55:30;humidity;38.174;True
S0009;2026-01-02 02:55:30;humidity;62.083;False
S0011;2026-01-02 02:55:30;ventilation;0.693;False
S0010;2026-01-02 02:55:30;CO2_level;550;True
S0007;2026-01-02 02:55:30;temperature;25.356;False
S0004;2026-01-02 02:55:30;CO2_level;621;False
S0005;2026-01-02 02:55:30;ventilation;0.871;False
S0011;2026-01-02 02:55:45;ventilation;0.757;False
S0005;2026-01-02 02:55:45;ventilation;0.918;False
S0010;2026-01-02 02:55:45;CO2_level;826;False
S0004;2026-01-02 02:55:45;CO2_level;693;False
S0001;2026-01-02 02:55:45;temperature;31.05;True
S0007;2026-01-02 02:55:45;temperature;26.782;False
S0005;2026-01-02 02:56:00;ventilation;0.869;False
S0007;2026-01-02 02:56:00;temperature;20.791;False
S0010;2026-01-02 02:56:00;CO2_level;945;False
S0009;2026-01-02 02:56:00;humidity;null;True
S0001;2026-01-02 02:56:00;temperature;17.5;False
S0004;2026-01-02 02:56:00;CO2_level;1162;False
S0003;2026-01-02 02:56:00;humidity;64.286;False
S0011;2026-01-02 02:56:00;ventilation;0.504;False
S0007;2026-01-02 02:56:15;temperature;23.229;False
S0001;2026-01-02 02:56:15;temperature;2.444;True
S0004;2026-01-02 02:56:15;CO2_level;852;False
S0010;2026-01-02 02:56:15;CO2_level;889;False
S0005;2026-01-02 02:56:15;ventilation;0.939;False
S0011;2026-01-02 02:56:15;ventilation;0.906;False
S0001;2026-01-02 02:56:30;temperature;25.869;False
S0009;2026-01-02 02:56:30;humidity;68.89;False
S0007;2026-01-02 02:56:30;temperature;26.533;False
S0003;2026-01-02 02:56:30;humidity;68.281;False
S0005;2026-01-02 02:56:30;ventilation;0.637;False
S0011;2026-01-02 02:56:30;ventilation;0.939;False
S0004;2026-01-02 02:56:30;CO2_level;957;False
S0010;2026-01-02 02:56:30;CO2_level;606;False
S0011;2026-01-02 02:56:45;ventilation;0.96;False
S0004;2026-01-02 02:56:45;CO2_level;609;False
S0007;2026-01-02 02:56:45;temperature;18.513;False
S0010;2026-01-02 02:56:45;CO2_level;996;False
S0001;2026-01-02 02:56:45;temperature;18.543;False
S0005;2026-01-02 02:56:45;ventilation;0.668;False
S0003;2026-01-02 02:57:00;humidity;68.585;False
S0009;2026-01-02 02:57:00;humidity;75.207;True
S0010;2026-01-02 02:57:00;CO2_level;1180;False
S0007;2026-01-02 02:57:00;temperature;25.636;False
S0004;2026-01-02 02:57:00;CO2_level;919;False
S0001;2026-01-02 02:57:00;temperature;24.06;False
S0005;2026-01-02 02:57:00;ventilation;0.653;False
S0011;2026-01-02 02:57:00;ventilation;0.904;False
S0005;2026-01-02 02:57:15;ventilation;0.733;False
S0001;2026-01-02 02:57:15;temperature;26.709;False
S0010;2026-01-02 02:57:15;CO2_level;618;False
S0007;2026-01-02 02:57:15;temperature;17.231;False
S0004;2026-01-02 02:57:15;CO2_level;1182;False
S0011;2026-01-02 02:57:15;ventilation;0.275;True
S0010;2026-01-02 02:57:30;CO2_level;734;False
S0005;2026-01-02 02:57:30;ventilation;0.705;False
S0009;2026-01-02 02:57:30;humidity;64.262;False
S0011;2026-01-02 02:57:30;ventilation;0.62;False
S0007;2026-01-02 02:57:30;temperature;25.008;False
S0003;2026-01-02 02:57:30;humidity;62.022;False
S0004;2026-01-02 02:57:30;CO2_level;940;False
S0001;2026-01-02 02:57:30;temperature;15.076;False
S0011;2026-01-02 02:57:45;ventilation;0.716;False
S0001;2026-01-02 02:57:45;temperature;22.377;False
S0007;2026-01-02 02:57:45;temperature;15.208;False
S0005;2026-01-02 02:57:45;ventilation;0.814;False
S0004;2026-01-02 02:57:45;CO2_level;724;False
S0010;2026-01-02 02:57:45;CO2_level;966;False
S0011;2026-01-02 02:58:00;ventilation;0.818;False
S0005;2026-01-02 02:58:00;ventilation;0.666;False
S0010;2026-01-02 02:58:00;CO2_level;null;True
S0004;2026-01-02 02:58:00;CO2_level;1171;False
S0007;2026-01-02 02:58:00;temperature;16.19;False
S0001;2026-01-02 02:58:00;temperature;26.331;False
S0009;2026-01-02 02:58:00;humidity;63.136;False
S0003;2026-01-02 02:58:00;humidity;68.504;False
S0011;2026-01-02 02:58:15;ventilation;0.899;False
S0007;2026-01-02 02:58:15;temperature;20.357;False
S0004;2026-01-02 02:58:15;CO2_level;817;False
S0005;2026-01-02 02:58:15;ventilation;0.917;False
S0010;2026-01-02 02:58:15;CO2_level;887;False
S0001;2026-01-02 02:58:15;temperature;15.7;False
S0005;2026-01-02 02:58:30;ventilation;0.827;False
S0003;2026-01-02 02:58:30;humidity;61.078;False
S0010;2026-01-02 02:58:30;CO2_level;1186;False
S0007;2026-01-02 02:58:30;temperature;24.474;False
S0009;2026-01-02 02:58:30;humidity;62.558;False
S0004;2026-01-02 02:58:30;CO2_level;654;False
S0011;2026-01-02 02:58:30;ventilation;0.533;False
S0001;2026-01-02 02:58:30;temperature;24.409;False
S0007;2026-01-02 02:58:45;temperature;23.93;False
S0004;2026-01-02 02:58:45;CO2_level;672;False
S0005;2026-01-02 02:58:45;ventilation;0.945;False
S0010;2026-01-02 02:58:45;CO2_level;934;False
S0001;2026-01-02 02:58:45;temperature;18.952;False
S0011;2026-01-02 02:58:45;ventilation;0.771;False
S0003;2026-01-02 02:59:00;humidity;63.313;False
S0010;2026-01-02 02:59:00;CO2_level;1137;False
S0001;2026-01-02 02:59:00;temperature;1.177;True
S0007;2026-01-02 02:59:00;temperature;23.033;False
S0005;2026-01-02 02:59:00;ventilation;0.545;False
S0009;2026-01-02 02:59:00;humidity;68.638;False
S0011;2026-01-02 02:59:00;ventilation;0.642;False
S0004;2026-01-02 02:59:00;CO2_level;541;True
S0001;2026-01-02 02:59:15;temperature;22.912;False
S0010;2026-01-02 02:59:15;CO2_level;892;False
S0004;2026-01-02 02:59:15;CO2_level;669;False
S0011;2026-01-02 02:59:15;ventilation;0.705;False
S0005;2026-01-02 02:59:15;ventilation;0.779;False
S0007;2026-01-02 02:59:15;temperature;23.715;False
S0004;2026-01-02 02:59:30;CO2_level;1073;False
S0003;2026-01-02 02:59:30;humidity;77.491;True
S0009;2026-01-02 02:59:30;humidity;67.692;False
S0011;2026-01-02 02:59:30;ventilation;0.932;False
S0001;2026-01-02 02:59:30;temperature;25.187;False
S0007;2026-01-02 02:59:30;temperature;16.3;False
S0005;2026-01-02 02:59:30;ventilation;0.587;False
S0010;2026-01-02 02:59:30;CO2_level;644;False
S0001;2026-01-02 02:59:45;temperature;15.104;False
S0005;2026-01-02 02:59:45;ventilation;0.532;False
S0010;2026-01-02 02:59:45;CO2_level;1107;False
S0007;2026-01-02 02:59:45;temperature;20.521;False
S0011;2026-01-02 02:59:45;ventilation;0.601;False
S0004;2026-01-02 02:59:45;CO2_level;936;False
S0009;2026-01-02 03:00:00;humidity;60.306;False
S0011;2026-01-02 03:00:00;ventilation;0.713;False
S0001;2026-01-02 03:00:00;temperature;26.108;False
S0003;2026-01-02 03:00:00;humidity;60.979;False
S0004;2026-01-02 03:00:00;CO2_level;716;False
S0010;2026-01-02 03:00:00;CO2_level;808;False
S0007;2026-01-02 03:00:00;temperature;22.309;False
S0005;2026-01-02 03:00:00;ventilation;0.991;False
S0005;2026-01-02 03:00:15;ventilation;0.559;False
S0011;2026-01-02 03:00:15;ventilation;0.651;False
S0010;2026-01-02 03:00:15;CO2_level;943;False
S0007;2026-01-02 03:00:15;temperature;15.125;False
S0004;2026-01-02 03:00:15;CO2_level;1100;False
S0001;2026-01-02 03:00:15;temperature;23.983;False
S0010;2026-01-02 03:00:30;CO2_level;942;False
S0011;2026-01-02 03:00:30;ventilation;0.689;False
S0004;2026-01-02 03:00:30;CO2_level;922;False
S0003;2026-01-02 03:00:30;humidity;66.303;False
S0001;2026-01-02 03:00:30;temperature;23.442;False
S0009;2026-01-02 03:00:30;humidity;61.713;False
S0005;2026-01-02 03:00:30;ventilation;0.83;False
S0007;2026-01-02 03:00:30;temperature;24.705;False
S0004;2026-01-02 03:00:45;CO2_level;271;True
S0005;2026-01-02 03:00:45;ventilation;0.853;False
S0011;2026-01-02 03:00:45;ventilation;0.72;False
S0010;2026-01-02 03:00:45;CO2_level;471;True
S0001;2026-01-02 03:00:45;temperature;24.548;False
S0007;2026-01-02 03:00:45;temperature;24.048;False
S0007;2026-01-02 03:01:00;temperature;19.036;False
S0010;2026-01-02 03:01:00;CO2_level;908;False
S0003;2026-01-02 03:01:00;humidity;69.259;False
S0004;2026-01-02 03:01:00;CO2_level;816;False
S0011;2026-01-02 03:01:00;ventilation;0.981;False
S0005;2026-01-02 03:01:00;ventilation;0.631;False
S0009;2026-01-02 03:01:00;humidity;68.574;False
S0001;2026-01-02 03:01:00;temperature;23.577;False
S0005;2026-01-02 03:01:15;ventilation;0.547;False
S0004;2026-01-02 03:01:15;CO2_level;1126;False
S0010;2026-01-02 03:01:15;CO2_level;789;False
S0007;2026-01-02 03:01:15;temperature;16.54;False
S0001;2026-01-02 03:01:15;temperature;16.461;False
S0011;2026-01-02 03:01:15;ventilation;0.862;False
S0010;2026-01-02 03:01:30;CO2_level;989;False
S0005;2026-01-02 03:01:30;ventilation;0.8;False
S0009;2026-01-02 03:01:30;humidity;65.854;False
S0001;2026-01-02 03:01:30;temperature;18.896;False
S0003;2026-01-02 03:01:30;humidity;60.356;False
S0007;2026-01-02 03:01:30;temperature;15.686;False
S0011;2026-01-02 03:01:30;ventilation;0.707;False
S0004;2026-01-02 03:01:30;CO2_level;751;False
S0010;2026-01-02 03:01:45;CO2_level;797;False
S0005;2026-01-02 03:01:45;ventilation;0.689;False
S0001;2026-01-02 03:01:45;temperature;18.212;False
S0011;2026-01-02 03:01:45;ventilation;0.806;False
S0007;2026-01-02 03:01:45;temperature;17.919;False
S0004;2026-01-02 03:01:45;CO2_level;936;False
S0010;2026-01-02 03:02:00;CO2_level;799;False
S0011;2026-01-02 03:02:00;ventilation;0.708;False
S0009;2026-01-02 03:02:00;humidity;66.106;False
S0003;2026-01-02 03:02:00;humidity;62.8;False
S0005;2026-01-02 03:02:00;ventilation;1.826;True
S0004;2026-01-02 03:02:00;CO2_level;1144;False
S0001;2026-01-02 03:02:00;temperature;16.236;False
S0007;2026-01-02 03:02:00;temperature;15.859;False
S0004;2026-01-02 03:02:15;CO2_level;809;False
S0001;2026-01-02 03:02:15;temperature;21.547;False
S0011;2026-01-02 03:02:15;ventilation;0.571;False
S0007;2026-01-02 03:02:15;temperature;21.227;False
S0010;2026-01-02 03:02:15;CO2_level;1192;False
S0005;2026-01-02 03:02:15;ventilation;0.659;False
S0005;2026-01-02 03:02:30;ventilation;0.692;False
S0003;2026-01-02 03:02:30;humidity;63.674;False
S0009;2026-01-02 03:02:30;humidity;60.982;False
S0001;2026-01-02 03:02:30;temperature;17.862;False
S0010;2026-01-02 03:02:30;CO2_level;1082;False
S0011;2026-01-02 03:02:30;ventilation;0.722;False
S0004;2026-01-02 03:02:30;CO2_level;783;False
S0007;2026-01-02 03:02:30;temperature;20.558;False
S0001;2026-01-02 03:02:45;temperature;21.444;False
S0011;2026-01-02 03:02:45;ventilation;0.937;False
S0004;2026-01-02 03:02:45;CO2_level;628;False
S0005;2026-01-02 03:02:45;ventilation;0.648;False
S0007;2026-01-02 03:02:45;temperature;23.937;False
S0010;2026-01-02 03:02:45;CO2_level;1036;False
S0009;2026-01-02 03:03:00;humidity;63.556;False
S0011;2026-01-02 03:03:00;ventilation;0.909;False
S0003;2026-01-02 03:03:00;humidity;63.961;False
S0004;2026-01-02 03:03:00;CO2_level;613;False
S0005;2026-01-02 03:03:00;ventilation;0.507;False
S0007;2026-01-02 03:03:00;temperature;15.629;False
S0001;2026-01-02 03:03:00;temperature;22.88;False
S0010;2026-01-02 03:03:00;CO2_level;1131;False
S0001;2026-01-02 03:03:15;temperature;16.359;False
S0004;2026-01-02 03:03:15;CO2_level;917;False
S0007;2026-01-02 03:03:15;temperature;25.354;False
S0011;2026-01-02 03:03:15;ventilation;0.991;False
S0010;2026-01-02 03:03:15;CO2_level;1022;False
S0005;2026-01-02 03:03:15;ventilation;0.532;False
S0003;2026-01-02 03:03:30;humidity;63.055;False
S0004;2026-01-02 03:03:30;CO2_level;920;False
S0001;2026-01-02 03:03:30;temperature;10.028;True
S0007;2026-01-02 03:03:30;temperature;23.643;False
S0011;2026-01-02 03:03:30;ventilation;0.927;False
S0009;2026-01-02 03:03:30;humidity;64.438;False
S0005;2026-01-02 03:03:30;ventilation;0.956;False
S0010;2026-01-02 03:03:30;CO2_level;720;False
S0011;2026-01-02 03:03:45;ventilation;0.565;False
S0005;2026-01-02 03:03:45;ventilation;0.704;False
S0010;2026-01-02 03:03:45;CO2_level;902;False
S0007;2026-01-02 03:03:45;temperature;18.369;False
S0001;2026-01-02 03:03:45;temperature;19.686;False
S0004;2026-01-02 03:03:45;CO2_level;1142;False
S0009;2026-01-02 03:04:00;humidity;69.549;False
S0011;2026-01-02 03:04:00;ventilation;0.719;False
S0010;2026-01-02 03:04:00;CO2_level;930;False
S0001;2026-01-02 03:04:00;temperature;17.282;False
S0003;2026-01-02 03:04:00;humidity;66.303;False
S0007;2026-01-02 03:04:00;temperature;-1.059;True
S0005;2026-01-02 03:04:00;ventilation;0.856;False
S0004;2026-01-02 03:04:00;CO2_level;1184;False
S0004;2026-01-02 03:04:15;CO2_level;1163;False
S0001;2026-01-02 03:04:15;temperature;25.82;False
S0010;2026-01-02 03:04:15;CO2_level;1121;False
S0011;2026-01-02 03:04:15;ventilation;0.837;False
S0007;2026-01-02 03:04:15;temperature;25.378;False
S0005;2026-01-02 03:04:15;ventilation;0.57;False
S0009;2026-01-02 03:04:30;humidity;65.175;False
S0007;2026-01-02 03:04:30;temperature;17.725;False
S0010;2026-01-02 03:04:30;CO2_level;982;False
S0005;2026-01-02 03:04:30;ventilation;0.861;False
S0011;2026-01-02 03:04:30;ventilation;0.698;False
S0003;2026-01-02 03:04:30;humidity;60.898;False
S0001;2026-01-02 03:04:30;temperature;16.481;False
S0004;2026-01-02 03:04:30;CO2_level;797;False
S0007;2026-01-02 03:04:45;temperature;18.542;False
S0011;2026-01-02 03:04:45;ventilation;0.832;False
S0004;2026-01-02 03:04:45;CO2_level;875;False
S0010;2026-01-02 03:04:45;CO2_level;1079;False
S0005;2026-01-02 03:04:45;ventilation;0.585;False
S0001;2026-01-02 03:04:45;temperature;15.918;False
S0003;2026-01-02 03:05:00;humidity;65.868;False
S0001;2026-01-02 03:05:00;temperature;16.343;False
S0005;2026-01-02 03:05:00;ventilation;0.779;False
S0010;2026-01-02 03:05:00;CO2_level;624;False
S0011;2026-01-02 03:05:00;ventilation;0.855;False
S0007;2026-01-02 03:05:00;temperature;25.292;False
S0004;2026-01-02 03:05:00;CO2_level;1092;False
S0009;2026-01-02 03:05:00;humidity;62.487;False
S0011;2026-01-02 03:05:15;ventilation;0.521;False
S0007;2026-01-02 03:05:15;temperature;15.245;False
S0005;2026-01-02 03:05:15;ventilation;0.565;False
S0004;2026-01-02 03:05:15;CO2_level;891;False
S0001;2026-01-02 03:05:15;temperature;15.562;False
S0010;2026-01-02 03:05:15;CO2_level;1024;False
S0009;2026-01-02 03:05:30;humidity;68.952;False
S0004;2026-01-02 03:05:30;CO2_level;778;False
S0010;2026-01-02 03:05:30;CO2_level;1173;False
S0003;2026-01-02 03:05:30;humidity;69.517;False
S0007;2026-01-02 03:05:30;temperature;22.516;False
S0011;2026-01-02 03:05:30;ventilation;0.553;False
S0001;2026-01-02 03:05:30;temperature;17.377;False
S0005;2026-01-02 03:05:30;ventilation;0.622;False
S0001;2026-01-02 03:05:45;temperature;15.686;False
S0004;2026-01-02 03:05:45;CO2_level;853;False
S0011;2026-01-02 03:05:45;ventilation;0.981;False
S0007;2026-01-02 03:05:45;temperature;24.696;False
S0010;2026-01-02 03:05:45;CO2_level;974;False
S0005;2026-01-02 03:05:45;ventilation;0.637;False
S0001;2026-01-02 03:06:00;temperature;24.976;False
S0007;2026-01-02 03:06:00;temperature;21.097;False
S0004;2026-01-02 03:06:00;CO2_level;1135;False
S0003;2026-01-02 03:06:00;humidity;67.226;False
S0009;2026-01-02 03:06:00;humidity;64.636;False
S0005;2026-01-02 03:06:00;ventilation;0.648;False
S0010;2026-01-02 03:06:00;CO2_level;1191;False
S0011;2026-01-02 03:06:00;ventilation;0.905;False
S0001;2026-01-02 03:06:15;temperature;21.989;False
S0004;2026-01-02 03:06:15;CO2_level;1024;False
S0010;2026-01-02 03:06:15;CO2_level;1087;False
S0007;2026-01-02 03:06:15;temperature;25.182;False
S0005;2026-01-02 03:06:15;ventilation;0.749;False
S0011;2026-01-02 03:06:15;ventilation;0.927;False
S0009;2026-01-02 03:06:30;humidity;63.668;False
S0003;2026-01-02 03:06:30;humidity;63.362;False
S0011;2026-01-02 03:06:30;ventilation;0.707;False
S0007;2026-01-02 03:06:30;temperature;19.486;False
S0004;2026-01-02 03:06:30;CO2_level;945;False
S0001;2026-01-02 03:06:30;temperature;16.123;False
S0005;2026-01-02 03:06:30;ventilation;0.885;False
S0010;2026-01-02 03:06:30;CO2_level;787;False
S0007;2026-01-02 03:06:45;temperature;17.865;False
S0005;2026-01-02 03:06:45;ventilation;0.716;False
S0011;2026-01-02 03:06:45;ventilation;0.904;False
S0001;2026-01-02 03:06:45;temperature;26.143;False
S0010;2026-01-02 03:06:45;CO2_level;454;True
S0004;2026-01-02 03:06:45;CO2_level;729;False
S0004;2026-01-02 03:07:00;CO2_level;765;False
S0007;2026-01-02 03:07:00;temperature;19.023;False
S0005;2026-01-02 03:07:00;ventilation;0.983;False
S0009;2026-01-02 03:07:00;humidity;69.177;False
S0003;2026-01-02 03:07:00;humidity;62.708;False
S0001;2026-01-02 03:07:00;temperature;21.614;False
S0011;2026-01-02 03:07:00;ventilation;0.76;False
S0010;2026-01-02 03:07:00;CO2_level;909;False
S0011;2026-01-02 03:07:15;ventilation;0.553;False
S0001;2026-01-02 03:07:15;temperature;19.353;False
S0005;2026-01-02 03:07:15;ventilation;0.954;False
S0004;2026-01-02 03:07:15;CO2_level;1130;False
S0010;2026-01-02 03:07:15;CO2_level;949;False
S0007;2026-01-02 03:07:15;temperature;19.027;False
S0003;2026-01-02 03:07:30;humidity;64.961;False
S0004;2026-01-02 03:07:30;CO2_level;879;False
S0005;2026-01-02 03:07:30;ventilation;0.681;False
S0007;2026-01-02 03:07:30;temperature;25.825;False
S0001;2026-01-02 03:07:30;temperature;21.795;False
S0010;2026-01-02 03:07:30;CO2_level;941;False
S0011;2026-01-02 03:07:30;ventilation;0.734;False
S0009;2026-01-02 03:07:30;humidity;68.312;False
S0011;2026-01-02 03:07:45;ventilation;0.574;False
S0001;2026-01-02 03:07:45;temperature;24.087;False
S0005;2026-01-02 03:07:45;ventilation;0.594;False
S0004;2026-01-02 03:07:45;CO2_level;null;True
S0007;2026-01-02 03:07:45;temperature;16.777;False
S0010;2026-01-02 03:07:45;CO2_level;987;False
S0004;2026-01-02 03:08:00;CO2_level;1006;False
S0003;2026-01-02 03:08:00;humidity;65.649;False
S0009;2026-01-02 03:08:00;humidity;67.346;False
S0011;2026-01-02 03:08:00;ventilation;0.62;False
S0007;2026-01-02 03:08:00;temperature;25.841;False
S0001;2026-01-02 03:08:00;temperature;5.026;True
S0010;2026-01-02 03:08:00;CO2_level;1055;False
S0005;2026-01-02 03:08:00;ventilation;0.924;False
S0005;2026-01-02 03:08:15;ventilation;0.759;False
S0007;2026-01-02 03:08:15;temperature;15.148;False
S0010;2026-01-02 03:08:15;CO2_level;null;True
S0011;2026-01-02 03:08:15;ventilation;0.676;False
S0001;2026-01-02 03:08:15;temperature;15.579;False
S0004;2026-01-02 03:08:15;CO2_level;1098;False
S0004;2026-01-02 03:08:30;CO2_level;743;False
S0001;2026-01-02 03:08:30;temperature;21.636;False
S0007;2026-01-02 03:08:30;temperature;15.698;False
S0010;2026-01-02 03:08:30;CO2_level;798;False
S0005;2026-01-02 03:08:30;ventilation;0.946;False
S0003;2026-01-02 03:08:30;humidity;67.603;False
S0009;2026-01-02 03:08:30;humidity;67.948;False
S0011;2026-01-02 03:08:30;ventilation;0.748;False
S0010;2026-01-02 03:08:45;CO2_level;962;False
S0001;2026-01-02 03:08:45;temperature;17.876;False
S0004;2026-01-02 03:08:45;CO2_level;1003;False
S0005;2026-01-02 03:08:45;ventilation;0.507;False
S0007;2026-01-02 03:08:45;temperature;26.246;False
S0011;2026-01-02 03:08:45;ventilation;0.764;False
S0004;2026-01-02 03:09:00;CO2_level;1098;False
S0005;2026-01-02 03:09:00;ventilation;0.843;False
S0007;2026-01-02 03:09:00;temperature;15.971;False
S0003;2026-01-02 03:09:00;humidity;62.245;False
S0009;2026-01-02 03:09:00;humidity;69.63;False
S0001;2026-01-02 03:09:00;temperature;18.876;False
S0011;2026-01-02 03:09:00;ventilation;0.681;False
S0010;2026-01-02 03:09:00;CO2_level;1145;False
S0005;2026-01-02 03:09:15;ventilation;0.977;False
S0007;2026-01-02 03:09:15;temperature;25.469;False
S0011;2026-01-02 03:09:15;ventilation;0.839;False
S0001;2026-01-02 03:09:15;temperature;22.561;False
S0010;2026-01-02 03:09:15;CO2_level;1107;False
S0004;2026-01-02 03:09:15;CO2_level;681;False
S0010;2026-01-02 03:09:30;CO2_level;698;False
S0003;2026-01-02 03:09:30;humidity;62.868;False
S0005;2026-01-02 03:09:30;ventilation;0.001;True
S0007;2026-01-02 03:09:30;temperature;20.156;False
S0004;2026-01-02 03:09:30;CO2_level;701;False
S0011;2026-01-02 03:09:30;ventilation;0.958;False
S0009;2026-01-02 03:09:30;humidity;61.879;False
S0001;2026-01-02 03:09:30;temperature;26.537;False
S0011;2026-01-02 03:09:45;ventilation;0.747;False
S0004;2026-01-02 03:09:45;CO2_level;624;False
S0010;2026-01-02 03:09:45;CO2_level;1128;False
S0005;2026-01-02 03:09:45;ventilation;0.707;False
S0001;2026-01-02 03:09:45;temperature;18.59;False
S0007;2026-01-02 03:09:45;temperature;25.4;False
S0005;2026-01-02 03:10:00;ventilation;0.859;False
S0011;2026-01-02 03:10:00;ventilation;0.687;False
S0009;2026-01-02 03:10:00;humidity;67.416;False
S0007;2026-01-02 03:10:00;temperature;16.665;False
S0001;2026-01-02 03:10:00;temperature;19.191;False
S0004;2026-01-02 03:10:00;CO2_level;973;False
S0003;2026-01-02 03:10:00;humidity;60.14;False
S0010;2026-01-02 03:10:00;CO2_level;801;False
S0004;2026-01-02 03:10:15;CO2_level;1134;False
S0007;2026-01-02 03:10:15;temperature;16.6;False
S0001;2026-01-02 03:10:15;temperature;17.22;False
S0005;2026-01-02 03:10:15;ventilation;1.553;True
S0010;2026-01-02 03:10:15;CO2_level;1084;False
S0011;2026-01-02 03:10:15;ventilation;0.625;False
S0003;2026-01-02 03:10:30;humidity;68.254;False
S0005;2026-01-02 03:10:30;ventilation;0.908;False
S0007;2026-01-02 03:10:30;temperature;22.206;False
S0010;2026-01-02 03:10:30;CO2_level;669;False
S0009;2026-01-02 03:10:30;humidity;69.917;False
S0001;2026-01-02 03:10:30;temperature;18.628;False
S0004;2026-01-02 03:10:30;CO2_level;1102;False
S0011;2026-01-02 03:10:30;ventilation;0.869;False
S0007;2026-01-02 03:10:45;temperature;18.042;False
S0011;2026-01-02 03:10:45;ventilation;0.889;False
S0005;2026-01-02 03:10:45;ventilation;1.348;True
S0010;2026-01-02 03:10:45;CO2_level;644;False
S0004;2026-01-02 03:10:45;CO2_level;243;True
S0001;2026-01-02 03:10:45;temperature;20.209;False
S0010;2026-01-02 03:11:00;CO2_level;785;False
S0007;2026-01-02 03:11:00;temperature;23.135;False
S0011;2026-01-02 03:11:00;ventilation;0.566;False
S0009;2026-01-02 03:11:00;humidity;62.102;False
S0003;2026-01-02 03:11:00;humidity;62.394;False
S0004;2026-01-02 03:11:00;CO2_level;1146;False
S0001;2026-01-02 03:11:00;temperature;23.924;False
S0005;2026-01-02 03:11:00;ventilation;0.569;False
S0005;2026-01-02 03:11:15;ventilation;0.853;False
S0011;2026-01-02 03:11:15;ventilation;0.716;False
S0001;2026-01-02 03:11:15;temperature;21.65;False
S0010;2026-01-02 03:11:15;CO2_level;1118;False
S0004;2026-01-02 03:11:15;CO2_level;834;False
S0007;2026-01-02 03:11:15;temperature;21.463;False
S0011;2026-01-02 03:11:30;ventilation;0.681;False
S0005;2026-01-02 03:11:30;ventilation;0.998;False
S0004;2026-01-02 03:11:30;CO2_level;null;True
S0010;2026-01-02 03:11:30;CO2_level;888;False
S0009;2026-01-02 03:11:30;humidity;63.309;False
S0001;2026-01-02 03:11:30;temperature;17.531;False
S0003;2026-01-02 03:11:30;humidity;64.869;False
S0007;2026-01-02 03:11:30;temperature;24.227;False
S0010;2026-01-02 03:11:45;CO2_level;763;False
S0001;2026-01-02 03:11:45;temperature;24.536;False
S0005;2026-01-02 03:11:45;ventilation;0.967;False
S0011;2026-01-02 03:11:45;ventilation;0.847;False
S0004;2026-01-02 03:11:45;CO2_level;805;False
S0007;2026-01-02 03:11:45;temperature;16.997;False
S0004;2026-01-02 03:12:00;CO2_level;1010;False
S0009;2026-01-02 03:12:00;humidity;60.26;False
S0001;2026-01-02 03:12:00;temperature;1.939;True
S0010;2026-01-02 03:12:00;CO2_level;684;False
S0005;2026-01-02 03:12:00;ventilation;null;True
S0003;2026-01-02 03:12:00;humidity;61.072;False
S0007;2026-01-02 03:12:00;temperature;25.809;False
S0011;2026-01-02 03:12:00;ventilation;0.877;False
S0011;2026-01-02 03:12:15;ventilation;0.526;False
S0004;2026-01-02 03:12:15;CO2_level;1006;False
S0005;2026-01-02 03:12:15;ventilation;0.836;False
S0001;2026-01-02 03:12:15;temperature;20.833;False
S0007;2026-01-02 03:12:15;temperature;18.27;False
S0010;2026-01-02 03:12:15;CO2_level;1120;False
S0005;2026-01-02 03:12:30;ventilation;0.811;False
S0004;2026-01-02 03:12:30;CO2_level;691;False
S0010;2026-01-02 03:12:30;CO2_level;834;False
S0003;2026-01-02 03:12:30;humidity;67.443;False
S0007;2026-01-02 03:12:30;temperature;21.577;False
S0009;2026-01-02 03:12:30;humidity;61.623;False
S0011;2026-01-02 03:12:30;ventilation;0.653;False
S0001;2026-01-02 03:12:30;temperature;16.054;False
S0007;2026-01-02 03:12:45;temperature;15.444;False
S0010;2026-01-02 03:12:45;CO2_level;718;False
S0004;2026-01-02 03:12:45;CO2_level;870;False
S0011;2026-01-02 03:12:45;ventilation;1.706;True
S0001;2026-01-02 03:12:45;temperature;19.904;False
S0005;2026-01-02 03:12:45;ventilation;0.74;False
S0001;2026-01-02 03:13:00;temperature;22.528;False
S0005;2026-01-02 03:13:00;ventilation;0.556;False
S0010;2026-01-02 03:13:00;CO2_level;1182;False
S0003;2026-01-02 03:13:00;humidity;63.335;False
S0009;2026-01-02 03:13:00;humidity;63.662;False
S0011;2026-01-02 03:13:00;ventilation;0.821;False
S0004;2026-01-02 03:13:00;CO2_level;1159;False
S0007;2026-01-02 03:13:00;temperature;26.679;False
S0005;2026-01-02 03:13:15;ventilation;0.753;False
S0007;2026-01-02 03:13:15;temperature;25.751;False
S0010;2026-01-02 03:13:15;CO2_level;1198;False
S0004;2026-01-02 03:13:15;CO2_level;741;False
S0011;2026-01-02 03:13:15;ventilation;0.782;False
S0001;2026-01-02 03:13:15;temperature;22.053;False
S0005;2026-01-02 03:13:30;ventilation;0.977;False
S0009;2026-01-02 03:13:30;humidity;49.994;True
S0010;2026-01-02 03:13:30;CO2_level;683;False
S0007;2026-01-02 03:13:30;temperature;26.657;False
S0011;2026-01-02 03:13:30;ventilation;0.923;False
S0003;2026-01-02 03:13:30;humidity;61.532;False
S0001;2026-01-02 03:13:30;temperature;24.5;False
S0004;2026-01-02 03:13:30;CO2_level;1008;False
S0005;2026-01-02 03:13:45;ventilation;0.985;False
S0007;2026-01-02 03:13:45;temperature;25.663;False
S0010;2026-01-02 03:13:45;CO2_level;826;False
S0011;2026-01-02 03:13:45;ventilation;0.572;False
S0004;2026-01-02 03:13:45;CO2_level;799;False
S0001;2026-01-02 03:13:45;temperature;26.839;False
S0011;2026-01-02 03:14:00;ventilation;0.595;False
S0009;2026-01-02 03:14:00;humidity;60.963;False
S0010;2026-01-02 03:14:00;CO2_level;982;False
S0005;2026-01-02 03:14:00;ventilation;0.698;False
S0003;2026-01-02 03:14:00;humidity;69.352;False
S0007;2026-01-02 03:14:00;temperature;18.392;False
S0004;2026-01-02 03:14:00;CO2_level;1082;False
S0001;2026-01-02 03:14:00;temperature;22.584;False
S0010;2026-01-02 03:14:15;CO2_level;941;False
S0005;2026-01-02 03:14:15;ventilation;0.651;False
S0007;2026-01-02 03:14:15;temperature;18.605;False
S0004;2026-01-02 03:14:15;CO2_level;815;False
S0011;2026-01-02 03:14:15;ventilation;0.738;False
S0001;2026-01-02 03:14:15;temperature;24.314;False
S0010;2026-01-02 03:14:30;CO2_level;1148;False
S0005;2026-01-02 03:14:30;ventilation;0.929;False
S0011;2026-01-02 03:14:30;ventilation;0.838;False
S0001;2026-01-02 03:14:30;temperature;23.953;False
S0009;2026-01-02 03:14:30;humidity;66.537;False
S0004;2026-01-02 03:14:30;CO2_level;658;False
S0003;2026-01-02 03:14:30;humidity;61.978;False
S0007;2026-01-02 03:14:30;temperature;19.812;False
S0004;2026-01-02 03:14:45;CO2_level;886;False
S0001;2026-01-02 03:14:45;temperature;25.638;False
S0010;2026-01-02 03:14:45;CO2_level;1283;True
S0005;2026-01-02 03:14:45;ventilation;0.652;False
S0011;2026-01-02 03:14:45;ventilation;0.984;False
S0007;2026-01-02 03:14:45;temperature;24.703;False
S0009;2026-01-02 03:15:00;humidity;64.336;False
S0004;2026-01-02 03:15:00;CO2_level;927;False
S0003;2026-01-02 03:15:00;humidity;67.726;False
S0005;2026-01-02 03:15:00;ventilation;0.581;False
S0001;2026-01-02 03:15:00;temperature;18.453;False
S0010;2026-01-02 03:15:00;CO2_level;918;False
S0007;2026-01-02 03:15:00;temperature;18.589;False
S0011;2026-01-02 03:15:00;ventilation;0.804;False
S0007;2026-01-02 03:15:15;temperature;23.833;False
S0001;2026-01-02 03:15:15;temperature;23.375;False
S0011;2026-01-02 03:15:15;ventilation;0.58;False
S0010;2026-01-02 03:15:15;CO2_level;898;False
S0005;2026-01-02 03:15:15;ventilation;0.907;False
S0004;2026-01-02 03:15:15;CO2_level;736;False
S0004;2026-01-02 03:15:30;CO2_level;603;False
S0007;2026-01-02 03:15:30;temperature;18.861;False
S0009;2026-01-02 03:15:30;humidity;60.827;False
S0011;2026-01-02 03:15:30;ventilation;0.932;False
S0001;2026-01-02 03:15:30;temperature;21.737;False
S0010;2026-01-02 03:15:30;CO2_level;1138;False
S0003;2026-01-02 03:15:30;humidity;68.223;False
S0005;2026-01-02 03:15:30;ventilation;0.743;False
S0001;2026-01-02 03:15:45;temperature;null;True
S0010;2026-01-02 03:15:45;CO2_level;605;False
S0007;2026-01-02 03:15:45;temperature;25.654;False
S0005;2026-01-02 03:15:45;ventilation;0.806;False
S0004;2026-01-02 03:15:45;CO2_level;1115;False
S0011;2026-01-02 03:15:45;ventilation;0.67;False
S0003;2026-01-02 03:16:00;humidity;61.528;False
S0004;2026-01-02 03:16:00;CO2_level;1199;False
S0001;2026-01-02 03:16:00;temperature;15.316;False
S0011;2026-01-02 03:16:00;ventilation;0.548;False
S0010;2026-01-02 03:16:00;CO2_level;779;False
S0007;2026-01-02 03:16:00;temperature;24.306;False
S0005;2026-01-02 03:16:00;ventilation;0.955;False
S0009;2026-01-02 03:16:00;humidity;null;True
S0010;2026-01-02 03:16:15;CO2_level;929;False
S0011;2026-01-02 03:16:15;ventilation;0.673;False
S0001;2026-01-02 03:16:15;temperature;22.989;False
S0005;2026-01-02 03:16:15;ventilation;0.767;False
S0007;2026-01-02 03:16:15;temperature;22.387;False
S0004;2026-01-02 03:16:15;CO2_level;819;False
S0001;2026-01-02 03:16:30;temperature;21.892;False
S0009;2026-01-02 03:16:30;humidity;69.949;False
S0003;2026-01-02 03:16:30;humidity;64.783;False
S0011;2026-01-02 03:16:30;ventilation;0.914;False
S0007;2026-01-02 03:16:30;temperature;22.634;False
S0010;2026-01-02 03:16:30;CO2_level;1118;False
S0004;2026-01-02 03:16:30;CO2_level;870;False
S0005;2026-01-02 03:16:30;ventilation;0.94;False
S0010;2026-01-02 03:16:45;CO2_level;892;False
S0007;2026-01-02 03:16:45;temperature;21.55;False
S0001;2026-01-02 03:16:45;temperature;17.725;False
S0005;2026-01-02 03:16:45;ventilation;0.543;False
S0004;2026-01-02 03:16:45;CO2_level;1158;False
S0011;2026-01-02 03:16:45;ventilation;0.934;False
S0011;2026-01-02 03:17:00;ventilation;0.77;False
S0003;2026-01-02 03:17:00;humidity;69.618;False
S0010;2026-01-02 03:17:00;CO2_level;766;False
S0007;2026-01-02 03:17:00;temperature;23.669;False
S0004;2026-01-02 03:17:00;CO2_level;1012;False
S0009;2026-01-02 03:17:00;humidity;68.489;False
S0005;2026-01-02 03:17:00;ventilation;0.621;False
S0001;2026-01-02 03:17:00;temperature;24.977;False
S0010;2026-01-02 03:17:15;CO2_level;646;False
S0005;2026-01-02 03:17:15;ventilation;0.977;False
S0007;2026-01-02 03:17:15;temperature;19.882;False
S0001;2026-01-02 03:17:15;temperature;26.325;False
S0004;2026-01-02 03:17:15;CO2_level;687;False
S0011;2026-01-02 03:17:15;ventilation;0.994;False
S0007;2026-01-02 03:17:30;temperature;26.054;False
S0001;2026-01-02 03:17:30;temperature;18.61;False
S0011;2026-01-02 03:17:30;ventilation;0.841;False
S0004;2026-01-02 03:17:30;CO2_level;715;False
S0010;2026-01-02 03:17:30;CO2_level;1057;False
S0003;2026-01-02 03:17:30;humidity;69.725;False
S0009;2026-01-02 03:17:30;humidity;68.039;False
S0005;2026-01-02 03:17:30;ventilation;0.555;False
S0005;2026-01-02 03:17:45;ventilation;0.716;False
S0011;2026-01-02 03:17:45;ventilation;0.632;False
S0001;2026-01-02 03:17:45;temperature;21.289;False
S0004;2026-01-02 03:17:45;CO2_level;817;False
S0010;2026-01-02 03:17:45;CO2_level;768;False
S0007;2026-01-02 03:17:45;temperature;24.964;False
S0011;2026-01-02 03:18:00;ventilation;0.601;False
S0001;2026-01-02 03:18:00;temperature;16.966;False
S0003;2026-01-02 03:18:00;humidity;62.242;False
S0009;2026-01-02 03:18:00;humidity;69.204;False
S0007;2026-01-02 03:18:00;temperature;16.573;False
S0005;2026-01-02 03:18:00;ventilation;0.82;False
S0010;2026-01-02 03:18:00;CO2_level;1156;False
S0004;2026-01-02 03:18:00;CO2_level;1107;False
S0005;2026-01-02 03:18:15;ventilation;0.821;False
S0007;2026-01-02 03:18:15;temperature;23.117;False
S0010;2026-01-02 03:18:15;CO2_level;781;False
S0011;2026-01-02 03:18:15;ventilation;0.78;False
S0001;2026-01-02 03:18:15;temperature;24.041;False
S0004;2026-01-02 03:18:15;CO2_level;795;False
S0003;2026-01-02 03:18:30;humidity;68.345;False
S0005;2026-01-02 03:18:30;ventilation;0.781;False
S0001;2026-01-02 03:18:30;temperature;18.736;False
S0004;2026-01-02 03:18:30;CO2_level;837;False
S0009;2026-01-02 03:18:30;humidity;66.998;False
S0011;2026-01-02 03:18:30;ventilation;0.579;False
S0010;2026-01-02 03:18:30;CO2_level;915;False
S0007;2026-01-02 03:18:30;temperature;18.938;False
S0004;2026-01-02 03:18:45;CO2_level;702;False
S0001;2026-01-02 03:18:45;temperature;20.911;False
S0005;2026-01-02 03:18:45;ventilation;0.527;False
S0010;2026-01-02 03:18:45;CO2_level;711;False
S0007;2026-01-02 03:18:45;temperature;25.567;False
S0011;2026-01-02 03:18:45;ventilation;0.682;False
S0007;2026-01-02 03:19:00;temperature;30.733;True
S0011;2026-01-02 03:19:00;ventilation;0.552;False
S0003;2026-01-02 03:19:00;humidity;64.184;False
S0005;2026-01-02 03:19:00;ventilation;0.849;False
S0004;2026-01-02 03:19:00;CO2_level;1077;False
S0001;2026-01-02 03:19:00;temperature;26.871;False
S0009;2026-01-02 03:19:00;humidity;23.929;True
S0010;2026-01-02 03:19:00;CO2_level;801;False
S0005;2026-01-02 03:19:15;ventilation;0.856;False
S0001;2026-01-02 03:19:15;temperature;24.303;False
S0011;2026-01-02 03:19:15;ventilation;0.558;False
S0007;2026-01-02 03:19:15;temperature;23.869;False
S0004;2026-01-02 03:19:15;CO2_level;1035;False
S0010;2026-01-02 03:19:15;CO2_level;1071;False
S0005;2026-01-02 03:19:30;ventilation;0.986;False
S0003;2026-01-02 03:19:30;humidity;62.407;False
S0004;2026-01-02 03:19:30;CO2_level;1097;False
S0011;2026-01-02 03:19:30;ventilation;0.848;False
S0009;2026-01-02 03:19:30;humidity;61.282;False
S0001;2026-01-02 03:19:30;temperature;23.147;False
S0010;2026-01-02 03:19:30;CO2_level;657;False
S0007;2026-01-02 03:19:30;temperature;19.35;False
S0007;2026-01-02 03:19:45;temperature;28.362;True
S0005;2026-01-02 03:19:45;ventilation;0.928;False
S0001;2026-01-02 03:19:45;temperature;22.278;False
S0004;2026-01-02 03:19:45;CO2_level;797;False
S0010;2026-01-02 03:19:45;CO2_level;749;False
S0011;2026-01-02 03:19:45;ventilation;0.882;False
S0011;2026-01-02 03:20:00;ventilation;0.823;False
S0001;2026-01-02 03:20:00;temperature;1.91;True
S0005;2026-01-02 03:20:00;ventilation;1.801;True
S0007;2026-01-02 03:20:00;temperature;26.44;False
S0003;2026-01-02 03:20:00;humidity;60.408;False
S0004;2026-01-02 03:20:00;CO2_level;678;False
S0010;2026-01-02 03:20:00;CO2_level;662;False
S0009;2026-01-02 03:20:00;humidity;64.458;False
S0005;2026-01-02 03:20:15;ventilation;0.637;False
S0004;2026-01-02 03:20:15;CO2_level;613;False
S0001;2026-01-02 03:20:15;temperature;16.281;False
S0010;2026-01-02 03:20:15;CO2_level;1176;False
S0007;2026-01-02 03:20:15;temperature;20.344;False
S0011;2026-01-02 03:20:15;ventilation;null;True
S0001;2026-01-02 03:20:30;temperature;23.147;False
S0009;2026-01-02 03:20:30;humidity;61.536;False
S0010;2026-01-02 03:20:30;CO2_level;690;False
S0004;2026-01-02 03:20:30;CO2_level;762;False
S0005;2026-01-02 03:20:30;ventilation;0.827;False
S0003;2026-01-02 03:20:30;humidity;69.598;False
S0007;2026-01-02 03:20:30;temperature;23.05;False
S0011;2026-01-02 03:20:30;ventilation;0.927;False
S0010;2026-01-02 03:20:45;CO2_level;576;True
S0004;2026-01-02 03:20:45;CO2_level;662;False
S0005;2026-01-02 03:20:45;ventilation;0.84;False
S0007;2026-01-02 03:20:45;temperature;20.51;False
S0001;2026-01-02 03:20:45;temperature;18.723;False
S0011;2026-01-02 03:20:45;ventilation;0.863;False
S0004;2026-01-02 03:21:00;CO2_level;978;False
S0007;2026-01-02 03:21:00;temperature;19.667;False
S0001;2026-01-02 03:21:00;temperature;20.276;False
S0003;2026-01-02 03:21:00;humidity;60.979;False
S0009;2026-01-02 03:21:00;humidity;68.294;False
S0005;2026-01-02 03:21:00;ventilation;0.972;False
S0010;2026-01-02 03:21:00;CO2_level;910;False
S0011;2026-01-02 03:21:00;ventilation;0.779;False
S0001;2026-01-02 03:21:15;temperature;17.732;False
S0004;2026-01-02 03:21:15;CO2_level;950;False
S0010;2026-01-02 03:21:15;CO2_level;1003;False
S0005;2026-01-02 03:21:15;ventilation;0.942;False
S0007;2026-01-02 03:21:15;temperature;17.897;False
S0011;2026-01-02 03:21:15;ventilation;0.964;False
S0011;2026-01-02 03:21:30;ventilation;0.676;False
S0001;2026-01-02 03:21:30;temperature;23.232;False
S0009;2026-01-02 03:21:30;humidity;61.319;False
S0007;2026-01-02 03:21:30;temperature;20.281;False
S0003;2026-01-02 03:21:30;humidity;66.824;False
S0010;2026-01-02 03:21:30;CO2_level;1210;True
S0005;2026-01-02 03:21:30;ventilation;0.563;False
S0004;2026-01-02 03:21:30;CO2_level;669;False
S0005;2026-01-02 03:21:45;ventilation;0.648;False
S0007;2026-01-02 03:21:45;temperature;19.186;False
S0011;2026-01-02 03:21:45;ventilation;1.0;False
S0001;2026-01-02 03:21:45;temperature;25.301;False
S0004;2026-01-02 03:21:45;CO2_level;618;False
S0010;2026-01-02 03:21:45;CO2_level;1030;False
S0010;2026-01-02 03:22:00;CO2_level;1106;False
S0003;2026-01-02 03:22:00;humidity;65.645;False
S0001;2026-01-02 03:22:00;temperature;24.173;False
S0009;2026-01-02 03:22:00;humidity;63.919;False
S0011;2026-01-02 03:22:00;ventilation;0.965;False
S0004;2026-01-02 03:22:00;CO2_level;1078;False
S0005;2026-01-02 03:22:00;ventilation;0.611;False
S0007;2026-01-02 03:22:00;temperature;15.049;False
S0005;2026-01-02 03:22:15;ventilation;0.512;False
S0001;2026-01-02 03:22:15;temperature;24.374;False
S0004;2026-01-02 03:22:15;CO2_level;1160;False
S0010;2026-01-02 03:22:15;CO2_level;902;False
S0011;2026-01-02 03:22:15;ventilation;0.954;False
S0007;2026-01-02 03:22:15;temperature;15.144;False
S0005;2026-01-02 03:22:30;ventilation;0.989;False
S0010;2026-01-02 03:22:30;CO2_level;809;False
S0007;2026-01-02 03:22:30;temperature;16.752;False
S0003;2026-01-02 03:22:30;humidity;66.245;False
S0009;2026-01-02 03:22:30;humidity;67.329;False
S0001;2026-01-02 03:22:30;temperature;23.175;False
S0004;2026-01-02 03:22:30;CO2_level;600;False
S0011;2026-01-02 03:22:30;ventilation;0.95;False
S0005;2026-01-02 03:22:45;ventilation;0.525;False
S0010;2026-01-02 03:22:45;CO2_level;1180;False
S0001;2026-01-02 03:22:45;temperature;18.016;False
S0007;2026-01-02 03:22:45;temperature;18.664;False
S0011;2026-01-02 03:22:45;ventilation;0.775;False
S0004;2026-01-02 03:22:45;CO2_level;875;False
S0009;2026-01-02 03:23:00;humidity;null;True
S0001;2026-01-02 03:23:00;temperature;1.855;True
S0011;2026-01-02 03:23:00;ventilation;0.063;True
S0007;2026-01-02 03:23:00;temperature;22.913;False
S0004;2026-01-02 03:23:00;CO2_level;615;False
S0003;2026-01-02 03:23:00;humidity;63.523;False
S0010;2026-01-02 03:23:00;CO2_level;1146;False
S0005;2026-01-02 03:23:00;ventilation;0.783;False
S0007;2026-01-02 03:23:15;temperature;24.032;False
S0011;2026-01-02 03:23:15;ventilation;0.996;False
S0010;2026-01-02 03:23:15;CO2_level;1195;False
S0004;2026-01-02 03:23:15;CO2_level;836;False
S0005;2026-01-02 03:23:15;ventilation;1.806;True
S0001;2026-01-02 03:23:15;temperature;26.099;False
S0001;2026-01-02 03:23:30;temperature;24.749;False
S0011;2026-01-02 03:23:30;ventilation;0.868;False
S0005;2026-01-02 03:23:30;ventilation;0.889;False
S0009;2026-01-02 03:23:30;humidity;64.563;False
S0007;2026-01-02 03:23:30;temperature;15.488;False
S0010;2026-01-02 03:23:30;CO2_level;637;False
S0004;2026-01-02 03:23:30;CO2_level;1178;False
S0003;2026-01-02 03:23:30;humidity;65.524;False
S0001;2026-01-02 03:23:45;temperature;15.003;False
S0005;2026-01-02 03:23:45;ventilation;0.968;False
S0011;2026-01-02 03:23:45;ventilation;0.585;False
S0007;2026-01-02 03:23:45;temperature;16.036;False
S0010;2026-01-02 03:23:45;CO2_level;996;False
S0004;2026-01-02 03:23:45;CO2_level;975;False
S0005;2026-01-02 03:24:00;ventilation;0.502;False
S0010;2026-01-02 03:24:00;CO2_level;740;False
S0011;2026-01-02 03:24:00;ventilation;0.946;False
S0001;2026-01-02 03:24:00;temperature;18.631;False
S0004;2026-01-02 03:24:00;CO2_level;1196;False
S0003;2026-01-02 03:24:00;humidity;64.311;False
S0009;2026-01-02 03:24:00;humidity;61.81;False
S0007;2026-01-02 03:24:00;temperature;23.803;False
S0011;2026-01-02 03:24:15;ventilation;0.993;False
S0005;2026-01-02 03:24:15;ventilation;0.852;False
S0004;2026-01-02 03:24:15;CO2_level;1046;False
S0010;2026-01-02 03:24:15;CO2_level;800;False
S0007;2026-01-02 03:24:15;temperature;null;True
S0001;2026-01-02 03:24:15;temperature;19.629;False
S0004;2026-01-02 03:24:30;CO2_level;828;False
S0003;2026-01-02 03:24:30;humidity;63.134;False
S0005;2026-01-02 03:24:30;ventilation;0.34;True
S0011;2026-01-02 03:24:30;ventilation;1.651;True
S0007;2026-01-02 03:24:30;temperature;18.429;False
S0010;2026-01-02 03:24:30;CO2_level;854;False
S0001;2026-01-02 03:24:30;temperature;19.848;False
S0009;2026-01-02 03:24:30;humidity;64.326;False
S0001;2026-01-02 03:24:45;temperature;17.418;False
S0004;2026-01-02 03:24:45;CO2_level;670;False
S0011;2026-01-02 03:24:45;ventilation;0.542;False
S0005;2026-01-02 03:24:45;ventilation;0.883;False
S0007;2026-01-02 03:24:45;temperature;21.659;False
S0010;2026-01-02 03:24:45;CO2_level;1176;False
S0003;2026-01-02 03:25:00;humidity;66.772;False
S0004;2026-01-02 03:25:00;CO2_level;null;True
S0011;2026-01-02 03:25:00;ventilation;0.686;False
S0007;2026-01-02 03:25:00;temperature;23.05;False
S0009;2026-01-02 03:25:00;humidity;60.493;False
S0005;2026-01-02 03:25:00;ventilation;0.311;True
S0010;2026-01-02 03:25:00;CO2_level;1046;False
S0001;2026-01-02 03:25:00;temperature;17.765;False
S0005;2026-01-02 03:25:15;ventilation;0.935;False
S0010;2026-01-02 03:25:15;CO2_level;879;False
S0007;2026-01-02 03:25:15;temperature;17.025;False
S0001;2026-01-02 03:25:15;temperature;24.333;False
S0004;2026-01-02 03:25:15;CO2_level;1123;False
S0011;2026-01-02 03:25:15;ventilation;0.993;False
S0011;2026-01-02 03:25:30;ventilation;0.671;False
S0009;2026-01-02 03:25:30;humidity;63.073;False
S0004;2026-01-02 03:25:30;CO2_level;932;False
S0010;2026-01-02 03:25:30;CO2_level;1053;False
S0007;2026-01-02 03:25:30;temperature;18.736;False
S0003;2026-01-02 03:25:30;humidity;60.433;False
S0005;2026-01-02 03:25:30;ventilation;0.947;False
S0001;2026-01-02 03:25:30;temperature;2.021;True
S0010;2026-01-02 03:25:45;CO2_level;629;False
S0005;2026-01-02 03:25:45;ventilation;0.68;False
S0011;2026-01-02 03:25:45;ventilation;0.69;False
S0001;2026-01-02 03:25:45;temperature;24.767;False
S0004;2026-01-02 03:25:45;CO2_level;765;False
S0007;2026-01-02 03:25:45;temperature;26.199;False
S0010;2026-01-02 03:26:00;CO2_level;1165;False
S0005;2026-01-02 03:26:00;ventilation;0.505;False
S0011;2026-01-02 03:26:00;ventilation;0.873;False
S0004;2026-01-02 03:26:00;CO2_level;1133;False
S0007;2026-01-02 03:26:00;temperature;31.633;True
S0003;2026-01-02 03:26:00;humidity;69.629;False
S0001;2026-01-02 03:26:00;temperature;20.075;False
S0009;2026-01-02 03:26:00;humidity;62.884;False
S0001;2026-01-02 03:26:15;temperature;24.516;False
S0005;2026-01-02 03:26:15;ventilation;0.813;False
S0007;2026-01-02 03:26:15;temperature;18.425;False
S0011;2026-01-02 03:26:15;ventilation;0.504;False
S0010;2026-01-02 03:26:15;CO2_level;1088;False
S0004;2026-01-02 03:26:15;CO2_level;675;False
S0004;2026-01-02 03:26:30;CO2_level;919;False
S0003;2026-01-02 03:26:30;humidity;60.9;False
S0009;2026-01-02 03:26:30;humidity;64.33;False
S0005;2026-01-02 03:26:30;ventilation;0.64;False
S0010;2026-01-02 03:26:30;CO2_level;982;False
S0007;2026-01-02 03:26:30;temperature;20.219;False
S0001;2026-01-02 03:26:30;temperature;21.978;False
S0011;2026-01-02 03:26:30;ventilation;0.676;False
S0011;2026-01-02 03:26:45;ventilation;0.852;False
S0007;2026-01-02 03:26:45;temperature;16.425;False
S0001;2026-01-02 03:26:45;temperature;15.688;False
S0010;2026-01-02 03:26:45;CO2_level;605;False
S0005;2026-01-02 03:26:45;ventilation;0.852;False
S0004;2026-01-02 03:26:45;CO2_level;752;False
S0007;2026-01-02 03:27:00;temperature;22.241;False
S0005;2026-01-02 03:27:00;ventilation;0.972;False
S0011;2026-01-02 03:27:00;ventilation;0.602;False
S0009;2026-01-02 03:27:00;humidity;66.188;False
S0004;2026-01-02 03:27:00;CO2_level;1087;False
S0001;2026-01-02 03:27:00;temperature;22.586;False
S0003;2026-01-02 03:27:00;humidity;67.247;False
S0010;2026-01-02 03:27:00;CO2_level;665;False
S0005;2026-01-02 03:27:15;ventilation;0.515;False
S0004;2026-01-02 03:27:15;CO2_level;741;False
S0011;2026-01-02 03:27:15;ventilation;0.626;False
S0001;2026-01-02 03:27:15;temperature;23.919;False
S0010;2026-01-02 03:27:15;CO2_level;1129;False
S0007;2026-01-02 03:27:15;temperature;23.073;False
S0011;2026-01-02 03:27:30;ventilation;1.62;True
S0003;2026-01-02 03:27:30;humidity;66.31;False
S0001;2026-01-02 03:27:30;temperature;17.145;False
S0005;2026-01-02 03:27:30;ventilation;0.807;False
S0009;2026-01-02 03:27:30;humidity;64.758;False
S0007;2026-01-02 03:27:30;temperature;4.734;True
S0010;2026-01-02 03:27:30;CO2_level;1018;False
S0004;2026-01-02 03:27:30;CO2_level;1016;False
S0005;2026-01-02 03:27:45;ventilation;0.885;False
S0001;2026-01-02 03:27:45;temperature;23.974;False
S0011;2026-01-02 03:27:45;ventilation;0.268;True
S0010;2026-01-02 03:27:45;CO2_level;1131;False
S0007;2026-01-02 03:27:45;temperature;21.101;False
S0004;2026-01-02 03:27:45;CO2_level;687;False
S0011;2026-01-02 03:28:00;ventilation;0.773;False
S0005;2026-01-02 03:28:00;ventilation;0.936;False
S0003;2026-01-02 03:28:00;humidity;66.405;False
S0010;2026-01-02 03:28:00;CO2_level;816;False
S0009;2026-01-02 03:28:00;humidity;60.562;False
S0001;2026-01-02 03:28:00;temperature;22.564;False
S0004;2026-01-02 03:28:00;CO2_level;855;False
S0007;2026-01-02 03:28:00;temperature;20.395;False
S0011;2026-01-02 03:28:15;ventilation;0.963;False
S0005;2026-01-02 03:28:15;ventilation;0.984;False
S0007;2026-01-02 03:28:15;temperature;23.909;False
S0004;2026-01-02 03:28:15;CO2_level;630;False
S0010;2026-01-02 03:28:15;CO2_level;734;False
S0001;2026-01-02 03:28:15;temperature;15.034;False
S0005;2026-01-02 03:28:30;ventilation;0.85;False
S0007;2026-01-02 03:28:30;temperature;8.951;True
S0004;2026-01-02 03:28:30;CO2_level;1172;False
S0003;2026-01-02 03:28:30;humidity;61.243;False
S0009;2026-01-02 03:28:30;humidity;75.452;True
S0010;2026-01-02 03:28:30;CO2_level;1090;False
S0001;2026-01-02 03:28:30;temperature;21.548;False
S0011;2026-01-02 03:28:30;ventilation;0.567;False
S0007;2026-01-02 03:28:45;temperature;22.606;False
S0010;2026-01-02 03:28:45;CO2_level;923;False
S0001;2026-01-02 03:28:45;temperature;26.046;False
S0011;2026-01-02 03:28:45;ventilation;0.544;False
S0005;2026-01-02 03:28:45;ventilation;0.65;False
S0004;2026-01-02 03:28:45;CO2_level;1196;False
S0009;2026-01-02 03:29:00;humidity;61.6;False
S0011;2026-01-02 03:29:00;ventilation;0.759;False
S0001;2026-01-02 03:29:00;temperature;24.39;False
S0003;2026-01-02 03:29:00;humidity;69.357;False
S0005;2026-01-02 03:29:00;ventilation;0.552;False
S0007;2026-01-02 03:29:00;temperature;20.506;False
S0004;2026-01-02 03:29:00;CO2_level;939;False
S0010;2026-01-02 03:29:00;CO2_level;1142;False
S0001;2026-01-02 03:29:15;temperature;21.65;False
S0004;2026-01-02 03:29:15;CO2_level;678;False
S0005;2026-01-02 03:29:15;ventilation;0.649;False
S0010;2026-01-02 03:29:15;CO2_level;709;False
S0011;2026-01-02 03:29:15;ventilation;0.512;False
S0007;2026-01-02 03:29:15;temperature;26.199;False
S0009;2026-01-02 03:29:30;humidity;66.137;False
S0004;2026-01-02 03:29:30;CO2_level;786;False
S0003;2026-01-02 03:29:30;humidity;65.053;False
S0007;2026-01-02 03:29:30;temperature;16.594;False
S0005;2026-01-02 03:29:30;ventilation;0.702;False
S0010;2026-01-02 03:29:30;CO2_level;914;False
S0011;2026-01-02 03:29:30;ventilation;0.838;False
S0001;2026-01-02 03:29:30;temperature;26.6;False
S0007;2026-01-02 03:29:45;temperature;26.231;False
S0011;2026-01-02 03:29:45;ventilation;0.594;False
S0010;2026-01-02 03:29:45;CO2_level;847;False
S0005;2026-01-02 03:29:45;ventilation;0.829;False
S0001;2026-01-02 03:29:45;temperature;22.188;False
S0004;2026-01-02 03:29:45;CO2_level;961;False
S0003;2026-01-02 03:30:00;humidity;69.443;False
S0011;2026-01-02 03:30:00;ventilation;0.833;False
S0009;2026-01-02 03:30:00;humidity;61.654;False
S0007;2026-01-02 03:30:00;temperature;15.487;False
S0001;2026-01-02 03:30:00;temperature;22.817;False
S0005;2026-01-02 03:30:00;ventilation;0.849;False
S0010;2026-01-02 03:30:00;CO2_level;1041;False
S0004;2026-01-02 03:30:00;CO2_level;770;False
S0011;2026-01-02 03:30:15;ventilation;0.602;False
S0005;2026-01-02 03:30:15;ventilation;0.636;False
S0001;2026-01-02 03:30:15;temperature;19.942;False
S0010;2026-01-02 03:30:15;CO2_level;965;False
S0007;2026-01-02 03:30:15;temperature;18.9;False
S0004;2026-01-02 03:30:15;CO2_level;606;False
S0007;2026-01-02 03:30:30;temperature;15.395;False
S0010;2026-01-02 03:30:30;CO2_level;932;False
S0004;2026-01-02 03:30:30;CO2_level;617;False
S0011;2026-01-02 03:30:30;ventilation;null;True
S0001;2026-01-02 03:30:30;temperature;23.762;False
S0009;2026-01-02 03:30:30;humidity;69.056;False
S0003;2026-01-02 03:30:30;humidity;66.388;False
S0005;2026-01-02 03:30:30;ventilation;0.725;False
S0010;2026-01-02 03:30:45;CO2_level;857;False
S0004;2026-01-02 03:30:45;CO2_level;643;False
S0005;2026-01-02 03:30:45;ventilation;0.68;False
S0007;2026-01-02 03:30:45;temperature;18.261;False
S0011;2026-01-02 03:30:45;ventilation;0.842;False
S0001;2026-01-02 03:30:45;temperature;22.737;False
S0009;2026-01-02 03:31:00;humidity;66.09;False
S0010;2026-01-02 03:31:00;CO2_level;370;True
S0003;2026-01-02 03:31:00;humidity;65.179;False
S0011;2026-01-02 03:31:00;ventilation;0.932;False
S0007;2026-01-02 03:31:00;temperature;18.817;False
S0004;2026-01-02 03:31:00;CO2_level;911;False
S0005;2026-01-02 03:31:00;ventilation;0.935;False
S0001;2026-01-02 03:31:00;temperature;19.886;False
S0004;2026-01-02 03:31:15;CO2_level;777;False
S0007;2026-01-02 03:31:15;temperature;21.182;False
S0010;2026-01-02 03:31:15;CO2_level;790;False
S0005;2026-01-02 03:31:15;ventilation;0.985;False
S0001;2026-01-02 03:31:15;temperature;23.931;False
S0011;2026-01-02 03:31:15;ventilation;0.896;False
S0007;2026-01-02 03:31:30;temperature;24.562;False
S0004;2026-01-02 03:31:30;CO2_level;1051;False
S0005;2026-01-02 03:31:30;ventilation;1.756;True
S0003;2026-01-02 03:31:30;humidity;63.983;False
S0009;2026-01-02 03:31:30;humidity;63.05;False
S0001;2026-01-02 03:31:30;temperature;25.308;False
S0010;2026-01-02 03:31:30;CO2_level;1176;False
S0011;2026-01-02 03:31:30;ventilation;0.546;False
S0001;2026-01-02 03:31:45;temperature;25.323;False
S0005;2026-01-02 03:31:45;ventilation;0.731;False
S0010;2026-01-02 03:31:45;CO2_level;1146;False
S0004;2026-01-02 03:31:45;CO2_level;752;False
S0007;2026-01-02 03:31:45;temperature;23.039;False
S0011;2026-01-02 03:31:45;ventilation;0.71;False
S0011;2026-01-02 03:32:00;ventilation;0.622;False
S0007;2026-01-02 03:32:00;temperature;17.588;False
S0001;2026-01-02 03:32:00;temperature;21.038;False
S0009;2026-01-02 03:32:00;humidity;61.93;False
S0005;2026-01-02 03:32:00;ventilation;0.821;False
S0010;2026-01-02 03:32:00;CO2_level;1084;False
S0004;2026-01-02 03:32:00;CO2_level;1065;False
S0003;2026-01-02 03:32:00;humidity;62.133;False
S0001;2026-01-02 03:32:15;temperature;25.012;False
S0011;2026-01-02 03:32:15;ventilation;0.699;False
S0004;2026-01-02 03:32:15;CO2_level;1197;False
S0005;2026-01-02 03:32:15;ventilation;0.794;False
S0007;2026-01-02 03:32:15;temperature;19.872;False
S0010;2026-01-02 03:32:15;CO2_level;780;False
S0004;2026-01-02 03:32:30;CO2_level;824;False
S0003;2026-01-02 03:32:30;humidity;61.693;False
S0009;2026-01-02 03:32:30;humidity;68.694;False
S0001;2026-01-02 03:32:30;temperature;25.212;False
S0005;2026-01-02 03:32:30;ventilation;0.813;False
S0011;2026-01-02 03:32:30;ventilation;0.949;False
S0010;2026-01-02 03:32:30;CO2_level;735;False
S0007;2026-01-02 03:32:30;temperature;16.27;False
S0007;2026-01-02 03:32:45;temperature;22.973;False
S0004;2026-01-02 03:32:45;CO2_level;1182;False
S0010;2026-01-02 03:32:45;CO2_level;1094;False
S0005;2026-01-02 03:32:45;ventilation;0.823;False
S0001;2026-01-02 03:32:45;temperature;24.346;False
S0011;2026-01-02 03:32:45;ventilation;0.758;False
S0001;2026-01-02 03:33:00;temperature;17.573;False
S0010;2026-01-02 03:33:00;CO2_level;1016;False
S0003;2026-01-02 03:33:00;humidity;66.519;False
S0011;2026-01-02 03:33:00;ventilation;0.687;False
S0007;2026-01-02 03:33:00;temperature;22.548;False
S0004;2026-01-02 03:33:00;CO2_level;939;False
S0009;2026-01-02 03:33:00;humidity;65.219;False
S0005;2026-01-02 03:33:00;ventilation;0.629;False
S0004;2026-01-02 03:33:15;CO2_level;816;False
S0007;2026-01-02 03:33:15;temperature;26.376;False
S0001;2026-01-02 03:33:15;temperature;12.809;True
S0005;2026-01-02 03:33:15;ventilation;0.726;False
S0010;2026-01-02 03:33:15;CO2_level;817;False
S0011;2026-01-02 03:33:15;ventilation;0.625;False
S0005;2026-01-02 03:33:30;ventilation;0.61;False
S0001;2026-01-02 03:33:30;temperature;19.747;False
S0011;2026-01-02 03:33:30;ventilation;0.921;False
S0010;2026-01-02 03:33:30;CO2_level;1290;True
S0003;2026-01-02 03:33:30;humidity;67.822;False
S0007;2026-01-02 03:33:30;temperature;19.079;False
S0004;2026-01-02 03:33:30;CO2_level;620;False
S0009;2026-01-02 03:33:30;humidity;67.198;False
S0004;2026-01-02 03:33:45;CO2_level;728;False
S0001;2026-01-02 03:33:45;temperature;18.549;False
S0010;2026-01-02 03:33:45;CO2_level;1011;False
S0011;2026-01-02 03:33:45;ventilation;1.289;True
S0007;2026-01-02 03:33:45;temperature;19.61;False
S0005;2026-01-02 03:33:45;ventilation;0.823;False
S0011;2026-01-02 03:34:00;ventilation;0.583;False
S0007;2026-01-02 03:34:00;temperature;25.798;False
S0001;2026-01-02 03:34:00;temperature;5.463;True
S0009;2026-01-02 03:34:00;humidity;64.419;False
S0010;2026-01-02 03:34:00;CO2_level;803;False
S0004;2026-01-02 03:34:00;CO2_level;1187;False
S0003;2026-01-02 03:34:00;humidity;67.271;False
S0005;2026-01-02 03:34:00;ventilation;0.761;False
S0010;2026-01-02 03:34:15;CO2_level;909;False
S0004;2026-01-02 03:34:15;CO2_level;659;False
S0005;2026-01-02 03:34:15;ventilation;null;True
S0007;2026-01-02 03:34:15;temperature;15.038;False
S0011;2026-01-02 03:34:15;ventilation;0.915;False
S0001;2026-01-02 03:34:15;temperature;19.744;False
S0001;2026-01-02 03:34:30;temperature;20.098;False
S0010;2026-01-02 03:34:30;CO2_level;663;False
S0009;2026-01-02 03:34:30;humidity;61.088;False
S0005;2026-01-02 03:34:30;ventilation;0.685;False
S0011;2026-01-02 03:34:30;ventilation;0.622;False
S0007;2026-01-02 03:34:30;temperature;32.567;True
S0004;2026-01-02 03:34:30;CO2_level;1266;True
S0003;2026-01-02 03:34:30;humidity;60.992;False
S0005;2026-01-02 03:34:45;ventilation;0.957;False
S0007;2026-01-02 03:34:45;temperature;-0.885;True
S0010;2026-01-02 03:34:45;CO2_level;1048;False
S0001;2026-01-02 03:34:45;temperature;17.982;False
S0011;2026-01-02 03:34:45;ventilation;0.758;False
S0004;2026-01-02 03:34:45;CO2_level;1168;False
S0010;2026-01-02 03:35:00;CO2_level;1086;False
S0001;2026-01-02 03:35:00;temperature;18.539;False
S0007;2026-01-02 03:35:00;temperature;25.722;False
S0005;2026-01-02 03:35:00;ventilation;null;True
S0011;2026-01-02 03:35:00;ventilation;0.921;False
S0009;2026-01-02 03:35:00;humidity;69.657;False
S0003;2026-01-02 03:35:00;humidity;67.526;False
S0004;2026-01-02 03:35:00;CO2_level;null;True
S0001;2026-01-02 03:35:15;temperature;21.399;False
S0010;2026-01-02 03:35:15;CO2_level;1169;False
S0005;2026-01-02 03:35:15;ventilation;0.888;False
S0004;2026-01-02 03:35:15;CO2_level;1049;False
S0007;2026-01-02 03:35:15;temperature;22.54;False
S0011;2026-01-02 03:35:15;ventilation;0.813;False
S0003;2026-01-02 03:35:30;humidity;64.979;False
S0004;2026-01-02 03:35:30;CO2_level;637;False
S0007;2026-01-02 03:35:30;temperature;26.523;False
S0010;2026-01-02 03:35:30;CO2_level;999;False
S0005;2026-01-02 03:35:30;ventilation;0.896;False
S0001;2026-01-02 03:35:30;temperature;15.202;False
S0011;2026-01-02 03:35:30;ventilation;0.599;False
S0009;2026-01-02 03:35:30;humidity;68.2;False
S0004;2026-01-02 03:35:45;CO2_level;627;False
S0001;2026-01-02 03:35:45;temperature;17.442;False
S0007;2026-01-02 03:35:45;temperature;20.842;False
S0011;2026-01-02 03:35:45;ventilation;0.879;False
S0005;2026-01-02 03:35:45;ventilation;0.853;False
S0010;2026-01-02 03:35:45;CO2_level;835;False
S0011;2026-01-02 03:36:00;ventilation;null;True
S0001;2026-01-02 03:36:00;temperature;18.273;False
S0010;2026-01-02 03:36:00;CO2_level;799;False
S0004;2026-01-02 03:36:00;CO2_level;1102;False
S0003;2026-01-02 03:36:00;humidity;62.087;False
S0005;2026-01-02 03:36:00;ventilation;null;True
S0009;2026-01-02 03:36:00;humidity;60.321;False
S0007;2026-01-02 03:36:00;temperature;15.317;False
S0010;2026-01-02 03:36:15;CO2_level;668;False
S0005;2026-01-02 03:36:15;ventilation;0.781;False
S0004;2026-01-02 03:36:15;CO2_level;1218;True
S0001;2026-01-02 03:36:15;temperature;25.862;False
S0007;2026-01-02 03:36:15;temperature;20.504;False
S0011;2026-01-02 03:36:15;ventilation;0.879;False
S0009;2026-01-02 03:36:30;humidity;66.378;False
S0011;2026-01-02 03:36:30;ventilation;0.895;False
S0004;2026-01-02 03:36:30;CO2_level;1030;False
S0003;2026-01-02 03:36:30;humidity;66.899;False
S0001;2026-01-02 03:36:30;temperature;22.079;False
S0007;2026-01-02 03:36:30;temperature;26.335;False
S0005;2026-01-02 03:36:30;ventilation;0.727;False
S0010;2026-01-02 03:36:30;CO2_level;816;False
S0010;2026-01-02 03:36:45;CO2_level;613;False
S0005;2026-01-02 03:36:45;ventilation;0.997;False
S0001;2026-01-02 03:36:45;temperature;15.564;False
S0007;2026-01-02 03:36:45;temperature;25.528;False
S0004;2026-01-02 03:36:45;CO2_level;1008;False
S0011;2026-01-02 03:36:45;ventilation;0.678;False
S0007;2026-01-02 03:37:00;temperature;32.132;True
S0009;2026-01-02 03:37:00;humidity;72.384;True
S0011;2026-01-02 03:37:00;ventilation;0.859;False
S0005;2026-01-02 03:37:00;ventilation;0.566;False
S0001;2026-01-02 03:37:00;temperature;20.114;False
S0004;2026-01-02 03:37:00;CO2_level;1077;False
S0003;2026-01-02 03:37:00;humidity;67.551;False
S0010;2026-01-02 03:37:00;CO2_level;1074;False
S0004;2026-01-02 03:37:15;CO2_level;831;False
S0011;2026-01-02 03:37:15;ventilation;0.617;False
S0005;2026-01-02 03:37:15;ventilation;0.691;False
S0007;2026-01-02 03:37:15;temperature;22.416;False
S0010;2026-01-02 03:37:15;CO2_level;905;False
S0001;2026-01-02 03:37:15;temperature;25.394;False
S0004;2026-01-02 03:37:30;CO2_level;693;False
S0011;2026-01-02 03:37:30;ventilation;0.542;False
S0003;2026-01-02 03:37:30;humidity;66.171;False
S0010;2026-01-02 03:37:30;CO2_level;239;True
S0009;2026-01-02 03:37:30;humidity;61.964;False
S0005;2026-01-02 03:37:30;ventilation;0.993;False
S0007;2026-01-02 03:37:30;temperature;17.326;False
S0001;2026-01-02 03:37:30;temperature;19.232;False
S0011;2026-01-02 03:37:45;ventilation;0.946;False
S0001;2026-01-02 03:37:45;temperature;26.073;False
S0007;2026-01-02 03:37:45;temperature;25.068;False
S0010;2026-01-02 03:37:45;CO2_level;827;False
S0005;2026-01-02 03:37:45;ventilation;0.563;False
S0004;2026-01-02 03:37:45;CO2_level;1148;False
S0009;2026-01-02 03:38:00;humidity;60.763;False
S0003;2026-01-02 03:38:00;humidity;68.563;False
S0001;2026-01-02 03:38:00;temperature;21.225;False
S0004;2026-01-02 03:38:00;CO2_level;411;True
S0011;2026-01-02 03:38:00;ventilation;0.619;False
S0010;2026-01-02 03:38:00;CO2_level;853;False
S0005;2026-01-02 03:38:00;ventilation;0.773;False
S0007;2026-01-02 03:38:00;temperature;26.103;False
S0004;2026-01-02 03:38:15;CO2_level;null;True
S0010;2026-01-02 03:38:15;CO2_level;818;False
S0007;2026-01-02 03:38:15;temperature;26.607;False
S0001;2026-01-02 03:38:15;temperature;25.617;False
S0005;2026-01-02 03:38:15;ventilation;0.71;False
S0011;2026-01-02 03:38:15;ventilation;0.635;False
S0007;2026-01-02 03:38:30;temperature;21.273;False
S0010;2026-01-02 03:38:30;CO2_level;1185;False
S0011;2026-01-02 03:38:30;ventilation;0.593;False
S0005;2026-01-02 03:38:30;ventilation;0.925;False
S0001;2026-01-02 03:38:30;temperature;null;True
S0004;2026-01-02 03:38:30;CO2_level;942;False
S0003;2026-01-02 03:38:30;humidity;63.313;False
S0009;2026-01-02 03:38:30;humidity;61.353;False
S0004;2026-01-02 03:38:45;CO2_level;700;False
S0001;2026-01-02 03:38:45;temperature;16.179;False
S0011;2026-01-02 03:38:45;ventilation;0.53;False
S0007;2026-01-02 03:38:45;temperature;21.644;False
S0010;2026-01-02 03:38:45;CO2_level;941;False
S0005;2026-01-02 03:38:45;ventilation;0.504;False
S0007;2026-01-02 03:39:00;temperature;26.351;False
S0003;2026-01-02 03:39:00;humidity;66.055;False
S0010;2026-01-02 03:39:00;CO2_level;1145;False
S0009;2026-01-02 03:39:00;humidity;68.385;False
S0005;2026-01-02 03:39:00;ventilation;0.332;True
S0001;2026-01-02 03:39:00;temperature;23.736;False
S0004;2026-01-02 03:39:00;CO2_level;1057;False
S0011;2026-01-02 03:39:00;ventilation;0.544;False
S0010;2026-01-02 03:39:15;CO2_level;650;False
S0001;2026-01-02 03:39:15;temperature;26.849;False
S0004;2026-01-02 03:39:15;CO2_level;1074;False
S0011;2026-01-02 03:39:15;ventilation;0.545;False
S0007;2026-01-02 03:39:15;temperature;16.757;False
S0005;2026-01-02 03:39:15;ventilation;0.826;False
S0007;2026-01-02 03:39:30;temperature;24.956;False
S0010;2026-01-02 03:39:30;CO2_level;1040;False
S0011;2026-01-02 03:39:30;ventilation;0.899;False
S0001;2026-01-02 03:39:30;temperature;null;True
S0003;2026-01-02 03:39:30;humidity;61.011;False
S0009;2026-01-02 03:39:30;humidity;63.285;False
S0005;2026-01-02 03:39:30;ventilation;0.885;False
S0004;2026-01-02 03:39:30;CO2_level;990;False
S0005;2026-01-02 03:39:45;ventilation;0.832;False
S0007;2026-01-02 03:39:45;temperature;null;True
S0001;2026-01-02 03:39:45;temperature;23.048;False
S0010;2026-01-02 03:39:45;CO2_level;670;False
S0004;2026-01-02 03:39:45;CO2_level;659;False
S0011;2026-01-02 03:39:45;ventilation;0.528;False
S0007;2026-01-02 03:40:00;temperature;16.931;False
S0001;2026-01-02 03:40:00;temperature;18.051;False
S0003;2026-01-02 03:40:00;humidity;67.459;False
S0004;2026-01-02 03:40:00;CO2_level;942;False
S0009;2026-01-02 03:40:00;humidity;68.742;False
S0011;2026-01-02 03:40:00;ventilation;0.552;False
S0005;2026-01-02 03:40:00;ventilation;0.725;False
S0010;2026-01-02 03:40:00;CO2_level;804;False
S0011;2026-01-02 03:40:15;ventilation;0.833;False
S0004;2026-01-02 03:40:15;CO2_level;707;False
S0007;2026-01-02 03:40:15;temperature;21.344;False
S0005;2026-01-02 03:40:15;ventilation;0.555;False
S0001;2026-01-02 03:40:15;temperature;18.031;False
S0010;2026-01-02 03:40:15;CO2_level;1085;False
S0007;2026-01-02 03:40:30;temperature;25.062;False
S0001;2026-01-02 03:40:30;temperature;20.781;False
S0003;2026-01-02 03:40:30;humidity;62.91;False
S0005;2026-01-02 03:40:30;ventilation;0.145;True
S0009;2026-01-02 03:40:30;humidity;65.494;False
S0011;2026-01-02 03:40:30;ventilation;0.572;False
S0004;2026-01-02 03:40:30;CO2_level;755;False
S0010;2026-01-02 03:40:30;CO2_level;314;True
S0007;2026-01-02 03:40:45;temperature;22.411;False
S0005;2026-01-02 03:40:45;ventilation;0.761;False
S0010;2026-01-02 03:40:45;CO2_level;688;False
S0011;2026-01-02 03:40:45;ventilation;0.846;False
S0001;2026-01-02 03:40:45;temperature;16.854;False
S0004;2026-01-02 03:40:45;CO2_level;1062;False
S0003;2026-01-02 03:41:00;humidity;62.311;False
S0005;2026-01-02 03:41:00;ventilation;0.636;False
S0011;2026-01-02 03:41:00;ventilation;0.86;False
S0009;2026-01-02 03:41:00;humidity;60.183;False
S0004;2026-01-02 03:41:00;CO2_level;689;False
S0007;2026-01-02 03:41:00;temperature;21.887;False
S0001;2026-01-02 03:41:00;temperature;15.462;False
S0010;2026-01-02 03:41:00;CO2_level;673;False
S0004;2026-01-02 03:41:15;CO2_level;769;False
S0001;2026-01-02 03:41:15;temperature;17.484;False
S0007;2026-01-02 03:41:15;temperature;23.441;False
S0011;2026-01-02 03:41:15;ventilation;0.841;False
S0005;2026-01-02 03:41:15;ventilation;0.957;False
S0010;2026-01-02 03:41:15;CO2_level;792;False
S0009;2026-01-02 03:41:30;humidity;60.308;False
S0007;2026-01-02 03:41:30;temperature;26.376;False
S0011;2026-01-02 03:41:30;ventilation;0.815;False
S0004;2026-01-02 03:41:30;CO2_level;876;False
S0010;2026-01-02 03:41:30;CO2_level;655;False
S0001;2026-01-02 03:41:30;temperature;15.09;False
S0005;2026-01-02 03:41:30;ventilation;0.527;False
S0003;2026-01-02 03:41:30;humidity;64.6;False
S0011;2026-01-02 03:41:45;ventilation;0.825;False
S0001;2026-01-02 03:41:45;temperature;16.458;False
S0010;2026-01-02 03:41:45;CO2_level;1030;False
S0004;2026-01-02 03:41:45;CO2_level;1099;False
S0007;2026-01-02 03:41:45;temperature;15.373;False
S0005;2026-01-02 03:41:45;ventilation;0.596;False
S0009;2026-01-02 03:42:00;humidity;66.255;False
S0003;2026-01-02 03:42:00;humidity;61.62;False
S0007;2026-01-02 03:42:00;temperature;19.967;False
S0005;2026-01-02 03:42:00;ventilation;0.599;False
S0004;2026-01-02 03:42:00;CO2_level;961;False
S0010;2026-01-02 03:42:00;CO2_level;530;True
S0001;2026-01-02 03:42:00;temperature;null;True
S0011;2026-01-02 03:42:00;ventilation;0.258;True
S0004;2026-01-02 03:42:15;CO2_level;751;False
S0010;2026-01-02 03:42:15;CO2_level;798;False
S0005;2026-01-02 03:42:15;ventilation;0.639;False
S0001;2026-01-02 03:42:15;temperature;23.378;False
S0011;2026-01-02 03:42:15;ventilation;0.67;False
S0007;2026-01-02 03:42:15;temperature;4.166;True
S0011;2026-01-02 03:42:30;ventilation;0.909;False
S0009;2026-01-02 03:42:30;humidity;62.009;False
S0004;2026-01-02 03:42:30;CO2_level;968;False
S0005;2026-01-02 03:42:30;ventilation;0.795;False
S0003;2026-01-02 03:42:30;humidity;63.862;False
S0001;2026-01-02 03:42:30;temperature;26.277;False
S0010;2026-01-02 03:42:30;CO2_level;1029;False
S0007;2026-01-02 03:42:30;temperature;23.064;False
S0005;2026-01-02 03:42:45;ventilation;0.734;False
S0004;2026-01-02 03:42:45;CO2_level;971;False
S0007;2026-01-02 03:42:45;temperature;16.757;False
S0001;2026-01-02 03:42:45;temperature;17.463;False
S0010;2026-01-02 03:42:45;CO2_level;914;False
S0011;2026-01-02 03:42:45;ventilation;0.785;False
S0009;2026-01-02 03:43:00;humidity;77.445;True
S0007;2026-01-02 03:43:00;temperature;18.847;False
S0010;2026-01-02 03:43:00;CO2_level;650;False
S0004;2026-01-02 03:43:00;CO2_level;1167;False
S0001;2026-01-02 03:43:00;temperature;22.802;False
S0003;2026-01-02 03:43:00;humidity;66.837;False
S0005;2026-01-02 03:43:00;ventilation;0.53;False
S0011;2026-01-02 03:43:00;ventilation;0.529;False
S0010;2026-01-02 03:43:15;CO2_level;1117;False
S0011;2026-01-02 03:43:15;ventilation;0.831;False
S0005;2026-01-02 03:43:15;ventilation;0.555;False
S0004;2026-01-02 03:43:15;CO2_level;746;False
S0001;2026-01-02 03:43:15;temperature;24.445;False
S0007;2026-01-02 03:43:15;temperature;17.971;False
S0010;2026-01-02 03:43:30;CO2_level;617;False
S0005;2026-01-02 03:43:30;ventilation;0.661;False
S0009;2026-01-02 03:43:30;humidity;69.182;False
S0004;2026-01-02 03:43:30;CO2_level;957;False
S0011;2026-01-02 03:43:30;ventilation;0.584;False
S0003;2026-01-02 03:43:30;humidity;62.306;False
S0001;2026-01-02 03:43:30;temperature;15.913;False
S0007;2026-01-02 03:43:30;temperature;25.35;False
S0010;2026-01-02 03:43:45;CO2_level;226;True
S0007;2026-01-02 03:43:45;temperature;23.149;False
S0004;2026-01-02 03:43:45;CO2_level;873;False
S0001;2026-01-02 03:43:45;temperature;20.832;False
S0011;2026-01-02 03:43:45;ventilation;0.764;False
S0005;2026-01-02 03:43:45;ventilation;1.447;True
S0005;2026-01-02 03:44:00;ventilation;0.659;False
S0009;2026-01-02 03:44:00;humidity;67.58;False
S0001;2026-01-02 03:44:00;temperature;16.556;False
S0003;2026-01-02 03:44:00;humidity;63.398;False
S0007;2026-01-02 03:44:00;temperature;24.165;False
S0010;2026-01-02 03:44:00;CO2_level;859;False
S0004;2026-01-02 03:44:00;CO2_level;1048;False
S0011;2026-01-02 03:44:00;ventilation;0.659;False
S0001;2026-01-02 03:44:15;temperature;18.583;False
S0011;2026-01-02 03:44:15;ventilation;1.748;True
S0004;2026-01-02 03:44:15;CO2_level;955;False
S0007;2026-01-02 03:44:15;temperature;25.543;False
S0005;2026-01-02 03:44:15;ventilation;0.515;False
S0010;2026-01-02 03:44:15;CO2_level;1147;False
S0001;2026-01-02 03:44:30;temperature;18.885;False
S0005;2026-01-02 03:44:30;ventilation;0.679;False
S0010;2026-01-02 03:44:30;CO2_level;1138;False
S0003;2026-01-02 03:44:30;humidity;62.363;False
S0004;2026-01-02 03:44:30;CO2_level;1046;False
S0007;2026-01-02 03:44:30;temperature;23.385;False
S0009;2026-01-02 03:44:30;humidity;67.095;False
S0011;2026-01-02 03:44:30;ventilation;0.917;False
S0011;2026-01-02 03:44:45;ventilation;0.78;False
S0004;2026-01-02 03:44:45;CO2_level;905;False
S0010;2026-01-02 03:44:45;CO2_level;952;False
S0001;2026-01-02 03:44:45;temperature;26.657;False
S0005;2026-01-02 03:44:45;ventilation;0.591;False
S0007;2026-01-02 03:44:45;temperature;15.671;False
S0004;2026-01-02 03:45:00;CO2_level;326;True
S0007;2026-01-02 03:45:00;temperature;21.167;False
S0003;2026-01-02 03:45:00;humidity;68.011;False
S0009;2026-01-02 03:45:00;humidity;61.5;False
S0010;2026-01-02 03:45:00;CO2_level;984;False
S0001;2026-01-02 03:45:00;temperature;16.382;False
S0005;2026-01-02 03:45:00;ventilation;0.84;False
S0011;2026-01-02 03:45:00;ventilation;0.929;False
S0001;2026-01-02 03:45:15;temperature;18.421;False
S0005;2026-01-02 03:45:15;ventilation;0.702;False
S0010;2026-01-02 03:45:15;CO2_level;814;False
S0011;2026-01-02 03:45:15;ventilation;0.916;False
S0007;2026-01-02 03:45:15;temperature;26.47;False
S0004;2026-01-02 03:45:15;CO2_level;606;False
S0007;2026-01-02 03:45:30;temperature;21.861;False
S0004;2026-01-02 03:45:30;CO2_level;763;False
S0003;2026-01-02 03:45:30;humidity;65.171;False
S0005;2026-01-02 03:45:30;ventilation;0.801;False
S0009;2026-01-02 03:45:30;humidity;64.897;False
S0001;2026-01-02 03:45:30;temperature;26.775;False
S0011;2026-01-02 03:45:30;ventilation;0.647;False
S0010;2026-01-02 03:45:30;CO2_level;634;False
S0005;2026-01-02 03:45:45;ventilation;0.982;False
S0010;2026-01-02 03:45:45;CO2_level;1152;False
S0007;2026-01-02 03:45:45;temperature;23.363;False
S0001;2026-01-02 03:45:45;temperature;-1.325;True
S0004;2026-01-02 03:45:45;CO2_level;1013;False
S0011;2026-01-02 03:45:45;ventilation;0.71;False
S0007;2026-01-02 03:46:00;temperature;18.889;False
S0011;2026-01-02 03:46:00;ventilation;0.107;True
S0004;2026-01-02 03:46:00;CO2_level;759;False
S0009;2026-01-02 03:46:00;humidity;65.91;False
S0003;2026-01-02 03:46:00;humidity;65.134;False
S0005;2026-01-02 03:46:00;ventilation;0.581;False
S0010;2026-01-02 03:46:00;CO2_level;900;False
S0001;2026-01-02 03:46:00;temperature;19.982;False
S0001;2026-01-02 03:46:15;temperature;15.604;False
S0010;2026-01-02 03:46:15;CO2_level;864;False
S0011;2026-01-02 03:46:15;ventilation;0.617;False
S0004;2026-01-02 03:46:15;CO2_level;873;False
S0005;2026-01-02 03:46:15;ventilation;0.799;False
S0007;2026-01-02 03:46:15;temperature;18.276;False
S0004;2026-01-02 03:46:30;CO2_level;1106;False
S0001;2026-01-02 03:46:30;temperature;21.463;False
S0007;2026-01-02 03:46:30;temperature;26.813;False
S0009;2026-01-02 03:46:30;humidity;65.843;False
S0003;2026-01-02 03:46:30;humidity;69.663;False
S0005;2026-01-02 03:46:30;ventilation;0.098;True
S0011;2026-01-02 03:46:30;ventilation;0.8;False
S0010;2026-01-02 03:46:30;CO2_level;799;False
S0005;2026-01-02 03:46:45;ventilation;0.903;False
S0004;2026-01-02 03:46:45;CO2_level;697;False
S0007;2026-01-02 03:46:45;temperature;15.128;False
S0001;2026-01-02 03:46:45;temperature;26.088;False
S0010;2026-01-02 03:46:45;CO2_level;831;False
S0011;2026-01-02 03:46:45;ventilation;0.737;False
S0003;2026-01-02 03:47:00;humidity;68.639;False
S0005;2026-01-02 03:47:00;ventilation;0.584;False
S0009;2026-01-02 03:47:00;humidity;61.222;False
S0004;2026-01-02 03:47:00;CO2_level;504;True
S0010;2026-01-02 03:47:00;CO2_level;1034;False
S0007;2026-01-02 03:47:00;temperature;24.637;False
S0011;2026-01-02 03:47:00;ventilation;0.659;False
S0001;2026-01-02 03:47:00;temperature;16.363;False
S0010;2026-01-02 03:47:15;CO2_level;786;False
S0011;2026-01-02 03:47:15;ventilation;0.604;False
S0004;2026-01-02 03:47:15;CO2_level;668;False
S0007;2026-01-02 03:47:15;temperature;18.99;False
S0001;2026-01-02 03:47:15;temperature;null;True
S0005;2026-01-02 03:47:15;ventilation;0.892;False
S0010;2026-01-02 03:47:30;CO2_level;868;False
S0011;2026-01-02 03:47:30;ventilation;0.709;False
S0003;2026-01-02 03:47:30;humidity;67.498;False
S0004;2026-01-02 03:47:30;CO2_level;888;False
S0007;2026-01-02 03:47:30;temperature;21.011;False
S0009;2026-01-02 03:47:30;humidity;61.432;False
S0005;2026-01-02 03:47:30;ventilation;0.663;False
S0001;2026-01-02 03:47:30;temperature;18.453;False
S0005;2026-01-02 03:47:45;ventilation;0.688;False
S0011;2026-01-02 03:47:45;ventilation;null;True
S0004;2026-01-02 03:47:45;CO2_level;732;False
S0007;2026-01-02 03:47:45;temperature;22.857;False
S0001;2026-01-02 03:47:45;temperature;22.534;False
S0010;2026-01-02 03:47:45;CO2_level;994;False
S0005;2026-01-02 03:48:00;ventilation;1.276;True
S0009;2026-01-02 03:48:00;humidity;68.657;False
S0011;2026-01-02 03:48:00;ventilation;0.928;False
S0001;2026-01-02 03:48:00;temperature;23.957;False
S0004;2026-01-02 03:48:00;CO2_level;1131;False
S0007;2026-01-02 03:48:00;temperature;23.532;False
S0003;2026-01-02 03:48:00;humidity;10.068;True
S0010;2026-01-02 03:48:00;CO2_level;946;False
S0005;2026-01-02 03:48:15;ventilation;0.94;False
S0011;2026-01-02 03:48:15;ventilation;0.593;False
S0001;2026-01-02 03:48:15;temperature;24.198;False
S0010;2026-01-02 03:48:15;CO2_level;949;False
S0007;2026-01-02 03:48:15;temperature;21.778;False
S0004;2026-01-02 03:48:15;CO2_level;797;False
S0005;2026-01-02 03:48:30;ventilation;0.968;False
S0004;2026-01-02 03:48:30;CO2_level;665;False
S0001;2026-01-02 03:48:30;temperature;20.196;False
S0011;2026-01-02 03:48:30;ventilation;0.982;False
S0010;2026-01-02 03:48:30;CO2_level;923;False
S0009;2026-01-02 03:48:30;humidity;64.108;False
S0007;2026-01-02 03:48:30;temperature;19.425;False
S0003;2026-01-02 03:48:30;humidity;64.138;False
S0001;2026-01-02 03:48:45;temperature;20.079;False
S0010;2026-01-02 03:48:45;CO2_level;391;True
S0011;2026-01-02 03:48:45;ventilation;0.776;False
S0005;2026-01-02 03:48:45;ventilation;0.906;False
S0004;2026-01-02 03:48:45;CO2_level;786;False
S0007;2026-01-02 03:48:45;temperature;20.226;False
S0004;2026-01-02 03:49:00;CO2_level;1079;False
S0009;2026-01-02 03:49:00;humidity;61.516;False
S0005;2026-01-02 03:49:00;ventilation;0.648;False
S0003;2026-01-02 03:49:00;humidity;69.202;False
S0001;2026-01-02 03:49:00;temperature;31.768;True
S0011;2026-01-02 03:49:00;ventilation;0.716;False
S0007;2026-01-02 03:49:00;temperature;18.178;False
S0010;2026-01-02 03:49:00;CO2_level;998;False
S0001;2026-01-02 03:49:15;temperature;25.367;False
S0005;2026-01-02 03:49:15;ventilation;0.694;False
S0011;2026-01-02 03:49:15;ventilation;0.679;False
S0004;2026-01-02 03:49:15;CO2_level;793;False
S0010;2026-01-02 03:49:15;CO2_level;1046;False
S0007;2026-01-02 03:49:15;temperature;0.329;True
S0010;2026-01-02 03:49:30;CO2_level;null;True
S0004;2026-01-02 03:49:30;CO2_level;953;False
S0003;2026-01-02 03:49:30;humidity;66.424;False
S0001;2026-01-02 03:49:30;temperature;19.067;False
S0011;2026-01-02 03:49:30;ventilation;0.646;False
S0005;2026-01-02 03:49:30;ventilation;0.899;False
S0009;2026-01-02 03:49:30;humidity;69.377;False
S0007;2026-01-02 03:49:30;temperature;20.838;False
S0007;2026-01-02 03:49:45;temperature;23.743;False
S0001;2026-01-02 03:49:45;temperature;25.789;False
S0005;2026-01-02 03:49:45;ventilation;0.616;False
S0011;2026-01-02 03:49:45;ventilation;0.97;False
S0010;2026-01-02 03:49:45;CO2_level;896;False
S0004;2026-01-02 03:49:45;CO2_level;873;False
S0005;2026-01-02 03:50:00;ventilation;0.98;False
S0010;2026-01-02 03:50:00;CO2_level;991;False
S0004;2026-01-02 03:50:00;CO2_level;661;False
S0007;2026-01-02 03:50:00;temperature;25.875;False
S0001;2026-01-02 03:50:00;temperature;21.102;False
S0003;2026-01-02 03:50:00;humidity;65.674;False
S0011;2026-01-02 03:50:00;ventilation;0.978;False
S0009;2026-01-02 03:50:00;humidity;60.214;False
S0007;2026-01-02 03:50:15;temperature;24.46;False
S0005;2026-01-02 03:50:15;ventilation;0.941;False
S0001;2026-01-02 03:50:15;temperature;15.421;False
S0011;2026-01-02 03:50:15;ventilation;0.564;False
S0010;2026-01-02 03:50:15;CO2_level;1068;False
S0004;2026-01-02 03:50:15;CO2_level;886;False
S0005;2026-01-02 03:50:30;ventilation;0.99;False
S0009;2026-01-02 03:50:30;humidity;60.527;False
S0003;2026-01-02 03:50:30;humidity;64.978;False
S0010;2026-01-02 03:50:30;CO2_level;679;False
S0004;2026-01-02 03:50:30;CO2_level;987;False
S0007;2026-01-02 03:50:30;temperature;24.189;False
S0001;2026-01-02 03:50:30;temperature;26.149;False
S0011;2026-01-02 03:50:30;ventilation;0.896;False
S0007;2026-01-02 03:50:45;temperature;21.625;False
S0004;2026-01-02 03:50:45;CO2_level;1033;False
S0010;2026-01-02 03:50:45;CO2_level;1170;False
S0005;2026-01-02 03:50:45;ventilation;0.767;False
S0001;2026-01-02 03:50:45;temperature;22.967;False
S0011;2026-01-02 03:50:45;ventilation;0.623;False
S0010;2026-01-02 03:51:00;CO2_level;607;False
S0005;2026-01-02 03:51:00;ventilation;1.76;True
S0011;2026-01-02 03:51:00;ventilation;0.635;False
S0001;2026-01-02 03:51:00;temperature;22.872;False
S0003;2026-01-02 03:51:00;humidity;61.862;False
S0004;2026-01-02 03:51:00;CO2_level;663;False
S0007;2026-01-02 03:51:00;temperature;22.504;False
S0009;2026-01-02 03:51:00;humidity;67.122;False
S0011;2026-01-02 03:51:15;ventilation;0.871;False
S0005;2026-01-02 03:51:15;ventilation;0.7;False
S0010;2026-01-02 03:51:15;CO2_level;1028;False
S0001;2026-01-02 03:51:15;temperature;23.337;False
S0004;2026-01-02 03:51:15;CO2_level;1090;False
S0007;2026-01-02 03:51:15;temperature;22.497;False
S0005;2026-01-02 03:51:30;ventilation;0.557;False
S0003;2026-01-02 03:51:30;humidity;67.994;False
S0009;2026-01-02 03:51:30;humidity;33.641;True
S0004;2026-01-02 03:51:30;CO2_level;631;False
S0010;2026-01-02 03:51:30;CO2_level;739;False
S0011;2026-01-02 03:51:30;ventilation;0.675;False
S0001;2026-01-02 03:51:30;temperature;26.793;False
S0007;2026-01-02 03:51:30;temperature;15.898;False
S0007;2026-01-02 03:51:45;temperature;15.364;False
S0004;2026-01-02 03:51:45;CO2_level;744;False
S0010;2026-01-02 03:51:45;CO2_level;1049;False
S0005;2026-01-02 03:51:45;ventilation;0.696;False
S0011;2026-01-02 03:51:45;ventilation;0.409;True
S0001;2026-01-02 03:51:45;temperature;26.214;False
S0010;2026-01-02 03:52:00;CO2_level;752;False
S0005;2026-01-02 03:52:00;ventilation;1.554;True
S0004;2026-01-02 03:52:00;CO2_level;778;False
S0011;2026-01-02 03:52:00;ventilation;0.609;False
S0001;2026-01-02 03:52:00;temperature;27.975;True
S0003;2026-01-02 03:52:00;humidity;65.352;False
S0007;2026-01-02 03:52:00;temperature;25.984;False
S0009;2026-01-02 03:52:00;humidity;64.736;False
S0001;2026-01-02 03:52:15;temperature;22.538;False
S0007;2026-01-02 03:52:15;temperature;27.433;True
S0010;2026-01-02 03:52:15;CO2_level;799;False
S0004;2026-01-02 03:52:15;CO2_level;956;False
S0011;2026-01-02 03:52:15;ventilation;0.575;False
S0005;2026-01-02 03:52:15;ventilation;0.801;False
S0009;2026-01-02 03:52:30;humidity;63.516;False
S0010;2026-01-02 03:52:30;CO2_level;1092;False
S0005;2026-01-02 03:52:30;ventilation;0.595;False
S0001;2026-01-02 03:52:30;temperature;15.222;False
S0003;2026-01-02 03:52:30;humidity;68.217;False
S0004;2026-01-02 03:52:30;CO2_level;613;False
S0011;2026-01-02 03:52:30;ventilation;0.935;False
S0007;2026-01-02 03:52:30;temperature;25.134;False
S0004;2026-01-02 03:52:45;CO2_level;790;False
S0001;2026-01-02 03:52:45;temperature;24.485;False
S0011;2026-01-02 03:52:45;ventilation;0.832;False
S0007;2026-01-02 03:52:45;temperature;20.471;False
S0010;2026-01-02 03:52:45;CO2_level;680;False
S0005;2026-01-02 03:52:45;ventilation;null;True
S0001;2026-01-02 03:53:00;temperature;null;True
S0009;2026-01-02 03:53:00;humidity;68.265;False
S0010;2026-01-02 03:53:00;CO2_level;381;True
S0005;2026-01-02 03:53:00;ventilation;1.146;True
S0007;2026-01-02 03:53:00;temperature;2.23;True
S0011;2026-01-02 03:53:00;ventilation;0.837;False
S0004;2026-01-02 03:53:00;CO2_level;781;False
S0003;2026-01-02 03:53:00;humidity;62.78;False
S0007;2026-01-02 03:53:15;temperature;24.373;False
S0010;2026-01-02 03:53:15;CO2_level;602;False
S0011;2026-01-02 03:53:15;ventilation;1.965;True
S0001;2026-01-02 03:53:15;temperature;18.637;False
S0004;2026-01-02 03:53:15;CO2_level;1122;False
S0005;2026-01-02 03:53:15;ventilation;0.602;False
S0009;2026-01-02 03:53:30;humidity;71.84;True
S0001;2026-01-02 03:53:30;temperature;17.485;False
S0005;2026-01-02 03:53:30;ventilation;0.804;False
S0011;2026-01-02 03:53:30;ventilation;0.992;False
S0004;2026-01-02 03:53:30;CO2_level;1083;False
S0010;2026-01-02 03:53:30;CO2_level;1004;False
S0003;2026-01-02 03:53:30;humidity;65.88;False
S0007;2026-01-02 03:53:30;temperature;26.483;False
S0010;2026-01-02 03:53:45;CO2_level;924;False
S0011;2026-01-02 03:53:45;ventilation;0.861;False
S0005;2026-01-02 03:53:45;ventilation;0.662;False
S0007;2026-01-02 03:53:45;temperature;16.505;False
S0001;2026-01-02 03:53:45;temperature;21.186;False
S0004;2026-01-02 03:53:45;CO2_level;904;False
S0004;2026-01-02 03:54:00;CO2_level;400;True
S0003;2026-01-02 03:54:00;humidity;60.66;False
S0010;2026-01-02 03:54:00;CO2_level;828;False
S0001;2026-01-02 03:54:00;temperature;17.612;False
S0007;2026-01-02 03:54:00;temperature;25.522;False
S0005;2026-01-02 03:54:00;ventilation;0.694;False
S0011;2026-01-02 03:54:00;ventilation;0.729;False
S0009;2026-01-02 03:54:00;humidity;63.338;False
S0004;2026-01-02 03:54:15;CO2_level;514;True
S0010;2026-01-02 03:54:15;CO2_level;601;False
S0011;2026-01-02 03:54:15;ventilation;0.569;False
S0005;2026-01-02 03:54:15;ventilation;0.696;False
S0001;2026-01-02 03:54:15;temperature;25.227;False
S0007;2026-01-02 03:54:15;temperature;15.654;False
S0001;2026-01-02 03:54:30;temperature;30.652;True
S0009;2026-01-02 03:54:30;humidity;68.713;False
S0011;2026-01-02 03:54:30;ventilation;0.916;False
S0010;2026-01-02 03:54:30;CO2_level;1289;True
S0003;2026-01-02 03:54:30;humidity;69.623;False
S0005;2026-01-02 03:54:30;ventilation;0.744;False
S0007;2026-01-02 03:54:30;temperature;17.397;False
S0004;2026-01-02 03:54:30;CO2_level;937;False
S0005;2026-01-02 03:54:45;ventilation;0.567;False
S0001;2026-01-02 03:54:45;temperature;17.428;False
S0011;2026-01-02 03:54:45;ventilation;0.783;False
S0004;2026-01-02 03:54:45;CO2_level;955;False
S0010;2026-01-02 03:54:45;CO2_level;1021;False
S0007;2026-01-02 03:54:45;temperature;25.414;False
S0009;2026-01-02 03:55:00;humidity;63.43;False
S0011;2026-01-02 03:55:00;ventilation;0.524;False
S0001;2026-01-02 03:55:00;temperature;17.749;False
S0004;2026-01-02 03:55:00;CO2_level;994;False
S0010;2026-01-02 03:55:00;CO2_level;1113;False
S0005;2026-01-02 03:55:00;ventilation;0.839;False
S0007;2026-01-02 03:55:00;temperature;29.147;True
S0003;2026-01-02 03:55:00;humidity;null;True
S0007;2026-01-02 03:55:15;temperature;18.003;False
S0001;2026-01-02 03:55:15;temperature;21.704;False
S0010;2026-01-02 03:55:15;CO2_level;1186;False
S0004;2026-01-02 03:55:15;CO2_level;1145;False
S0005;2026-01-02 03:55:15;ventilation;0.582;False
S0011;2026-01-02 03:55:15;ventilation;0.5;False
S0007;2026-01-02 03:55:30;temperature;18.69;False
S0010;2026-01-02 03:55:30;CO2_level;691;False
S0011;2026-01-02 03:55:30;ventilation;1.294;True
S0004;2026-01-02 03:55:30;CO2_level;567;True
S0001;2026-01-02 03:55:30;temperature;20.812;False
S0003;2026-01-02 03:55:30;humidity;69.648;False
S0009;2026-01-02 03:55:30;humidity;61.54;False
S0005;2026-01-02 03:55:30;ventilation;0.955;False
S0007;2026-01-02 03:55:45;temperature;15.118;False
S0011;2026-01-02 03:55:45;ventilation;0.919;False
S0001;2026-01-02 03:55:45;temperature;24.832;False
S0005;2026-01-02 03:55:45;ventilation;0.651;False
S0010;2026-01-02 03:55:45;CO2_level;727;False
S0004;2026-01-02 03:55:45;CO2_level;1103;False
S0007;2026-01-02 03:56:00;temperature;26.532;False
S0011;2026-01-02 03:56:00;ventilation;0.686;False
S0004;2026-01-02 03:56:00;CO2_level;696;False
S0009;2026-01-02 03:56:00;humidity;67.319;False
S0010;2026-01-02 03:56:00;CO2_level;1018;False
S0001;2026-01-02 03:56:00;temperature;26.095;False
S0003;2026-01-02 03:56:00;humidity;63.082;False
S0005;2026-01-02 03:56:00;ventilation;0.731;False
S0004;2026-01-02 03:56:15;CO2_level;1036;False
S0010;2026-01-02 03:56:15;CO2_level;1061;False
S0005;2026-01-02 03:56:15;ventilation;0.511;False
S0007;2026-01-02 03:56:15;temperature;15.712;False
S0011;2026-01-02 03:56:15;ventilation;0.79;False
S0001;2026-01-02 03:56:15;temperature;18.412;False
S0001;2026-01-02 03:56:30;temperature;22.7;False
S0005;2026-01-02 03:56:30;ventilation;0.874;False
S0009;2026-01-02 03:56:30;humidity;60.763;False
S0010;2026-01-02 03:56:30;CO2_level;1083;False
S0011;2026-01-02 03:56:30;ventilation;0.719;False
S0004;2026-01-02 03:56:30;CO2_level;1049;False
S0003;2026-01-02 03:56:30;humidity;64.061;False
S0007;2026-01-02 03:56:30;temperature;15.142;False
S0011;2026-01-02 03:56:45;ventilation;0.731;False
S0004;2026-01-02 03:56:45;CO2_level;202;True
S0001;2026-01-02 03:56:45;temperature;23.711;False
S0005;2026-01-02 03:56:45;ventilation;0.267;True
S0010;2026-01-02 03:56:45;CO2_level;1064;False
S0007;2026-01-02 03:56:45;temperature;16.871;False
S0005;2026-01-02 03:57:00;ventilation;0.502;False
S0001;2026-01-02 03:57:00;temperature;22.51;False
S0011;2026-01-02 03:57:00;ventilation;0.752;False
S0009;2026-01-02 03:57:00;humidity;69.309;False
S0004;2026-01-02 03:57:00;CO2_level;1086;False
S0007;2026-01-02 03:57:00;temperature;24.187;False
S0010;2026-01-02 03:57:00;CO2_level;796;False
S0003;2026-01-02 03:57:00;humidity;67.811;False
S0004;2026-01-02 03:57:15;CO2_level;781;False
S0011;2026-01-02 03:57:15;ventilation;0.502;False
S0001;2026-01-02 03:57:15;temperature;26.686;False
S0005;2026-01-02 03:57:15;ventilation;0.776;False
S0010;2026-01-02 03:57:15;CO2_level;966;False
S0007;2026-01-02 03:57:15;temperature;1.577;True
S0004;2026-01-02 03:57:30;CO2_level;725;False
S0009;2026-01-02 03:57:30;humidity;61.196;False
S0003;2026-01-02 03:57:30;humidity;68.164;False
S0007;2026-01-02 03:57:30;temperature;19.553;False
S0011;2026-01-02 03:57:30;ventilation;0.958;False
S0001;2026-01-02 03:57:30;temperature;22.719;False
S0005;2026-01-02 03:57:30;ventilation;0.656;False
S0010;2026-01-02 03:57:30;CO2_level;759;False
S0005;2026-01-02 03:57:45;ventilation;0.906;False
S0004;2026-01-02 03:57:45;CO2_level;875;False
S0011;2026-01-02 03:57:45;ventilation;0.91;False
S0007;2026-01-02 03:57:45;temperature;24.766;False
S0010;2026-01-02 03:57:45;CO2_level;1187;False
S0001;2026-01-02 03:57:45;temperature;24.609;False
S0003;2026-01-02 03:58:00;humidity;62.233;False
S0001;2026-01-02 03:58:00;temperature;24.672;False
S0011;2026-01-02 03:58:00;ventilation;0.126;True
S0009;2026-01-02 03:58:00;humidity;null;True
S0007;2026-01-02 03:58:00;temperature;24.401;False
S0005;2026-01-02 03:58:00;ventilation;0.836;False
S0004;2026-01-02 03:58:00;CO2_level;812;False
S0010;2026-01-02 03:58:00;CO2_level;665;False
S0004;2026-01-02 03:58:15;CO2_level;730;False
S0001;2026-01-02 03:58:15;temperature;24.161;False
S0007;2026-01-02 03:58:15;temperature;22.665;False
S0005;2026-01-02 03:58:15;ventilation;1.226;True
S0011;2026-01-02 03:58:15;ventilation;0.724;False
S0010;2026-01-02 03:58:15;CO2_level;1199;False
S0005;2026-01-02 03:58:30;ventilation;1.824;True
S0004;2026-01-02 03:58:30;CO2_level;672;False
S0010;2026-01-02 03:58:30;CO2_level;1116;False
S0007;2026-01-02 03:58:30;temperature;15.074;False
S0001;2026-01-02 03:58:30;temperature;21.465;False
S0009;2026-01-02 03:58:30;humidity;70.255;True
S0011;2026-01-02 03:58:30;ventilation;0.76;False
S0003;2026-01-02 03:58:30;humidity;65.098;False
S0007;2026-01-02 03:58:45;temperature;18.272;False
S0004;2026-01-02 03:58:45;CO2_level;1120;False
S0011;2026-01-02 03:58:45;ventilation;0.569;False
S0010;2026-01-02 03:58:45;CO2_level;792;False
S0001;2026-01-02 03:58:45;temperature;15.297;False
S0005;2026-01-02 03:58:45;ventilation;0.544;False
S0003;2026-01-02 03:59:00;humidity;63.588;False
S0007;2026-01-02 03:59:00;temperature;21.018;False
S0005;2026-01-02 03:59:00;ventilation;0.919;False
S0011;2026-01-02 03:59:00;ventilation;0.807;False
S0004;2026-01-02 03:59:00;CO2_level;938;False
S0009;2026-01-02 03:59:00;humidity;68.627;False
S0001;2026-01-02 03:59:00;temperature;24.426;False
S0010;2026-01-02 03:59:00;CO2_level;971;False
S0001;2026-01-02 03:59:15;temperature;18.583;False
S0005;2026-01-02 03:59:15;ventilation;0.953;False
S0004;2026-01-02 03:59:15;CO2_level;1177;False
S0007;2026-01-02 03:59:15;temperature;26.443;False
S0010;2026-01-02 03:59:15;CO2_level;1031;False
S0011;2026-01-02 03:59:15;ventilation;0.652;False
S0009;2026-01-02 03:59:30;humidity;64.071;False
S0005;2026-01-02 03:59:30;ventilation;0.713;False
S0003;2026-01-02 03:59:30;humidity;null;True
S0001;2026-01-02 03:59:30;temperature;17.726;False
S0010;2026-01-02 03:59:30;CO2_level;968;False
S0007;2026-01-02 03:59:30;temperature;23.373;False
S0011;2026-01-02 03:59:30;ventilation;0.845;False
S0004;2026-01-02 03:59:30;CO2_level;399;True
S0010;2026-01-02 03:59:45;CO2_level;1140;False
S0007;2026-01-02 03:59:45;temperature;23.029;False
S0005;2026-01-02 03:59:45;ventilation;0.621;False
S0011;2026-01-02 03:59:45;ventilation;0.76;False
S0001;2026-01-02 03:59:45;temperature;22.018;False
S0004;2026-01-02 03:59:45;CO2_level;785;False
S0009;2026-01-02 04:00:00;humidity;63.506;False
S0005;2026-01-02 04:00:00;ventilation;0.919;False
S0011;2026-01-02 04:00:00;ventilation;0.798;False
S0010;2026-01-02 04:00:00;CO2_level;1192;False
S0003;2026-01-02 04:00:00;humidity;66.656;False
S0001;2026-01-02 04:00:00;temperature;23.092;False
S0007;2026-01-02 04:00:00;temperature;21.561;False
S0004;2026-01-02 04:00:00;CO2_level;835;False
S0011;2026-01-02 04:00:15;ventilation;0.719;False
S0010;2026-01-02 04:00:15;CO2_level;648;False
S0007;2026-01-02 04:00:15;temperature;19.297;False
S0001;2026-01-02 04:00:15;temperature;15.995;False
S0005;2026-01-02 04:00:15;ventilation;null;True
S0004;2026-01-02 04:00:15;CO2_level;723;False
S0009;2026-01-02 04:00:30;humidity;65.592;False
S0007;2026-01-02 04:00:30;temperature;22.936;False
S0005;2026-01-02 04:00:30;ventilation;0.593;False
S0010;2026-01-02 04:00:30;CO2_level;858;False
S0004;2026-01-02 04:00:30;CO2_level;850;False
S0003;2026-01-02 04:00:30;humidity;null;True
S0001;2026-01-02 04:00:30;temperature;22.249;False
S0011;2026-01-02 04:00:30;ventilation;0.942;False
S0007;2026-01-02 04:00:45;temperature;22.565;False
S0005;2026-01-02 04:00:45;ventilation;0.605;False
S0001;2026-01-02 04:00:45;temperature;16.29;False
S0011;2026-01-02 04:00:45;ventilation;1.599;True
S0010;2026-01-02 04:00:45;CO2_level;674;False
S0004;2026-01-02 04:00:45;CO2_level;948;False
S0011;2026-01-02 04:01:00;ventilation;0.927;False
S0010;2026-01-02 04:01:00;CO2_level;891;False
S0001;2026-01-02 04:01:00;temperature;17.618;False
S0007;2026-01-02 04:01:00;temperature;23.976;False
S0003;2026-01-02 04:01:00;humidity;64.473;False
S0009;2026-01-02 04:01:00;humidity;66.773;False
S0004;2026-01-02 04:01:00;CO2_level;850;False
S0005;2026-01-02 04:01:00;ventilation;0.66;False
S0001;2026-01-02 04:01:15;temperature;21.114;False
S0004;2026-01-02 04:01:15;CO2_level;999;False
S0011;2026-01-02 04:01:15;ventilation;0.596;False
S0005;2026-01-02 04:01:15;ventilation;0.799;False
S0007;2026-01-02 04:01:15;temperature;25.016;False
S0010;2026-01-02 04:01:15;CO2_level;793;False
S0005;2026-01-02 04:01:30;ventilation;0.859;False
S0007;2026-01-02 04:01:30;temperature;17.343;False
S0001;2026-01-02 04:01:30;temperature;21.724;False
S0009;2026-01-02 04:01:30;humidity;62.237;False
S0004;2026-01-02 04:01:30;CO2_level;1183;False
S0010;2026-01-02 04:01:30;CO2_level;666;False
S0003;2026-01-02 04:01:30;humidity;66.997;False
S0011;2026-01-02 04:01:30;ventilation;0.866;False
S0005;2026-01-02 04:01:45;ventilation;0.983;False
S0011;2026-01-02 04:01:45;ventilation;0.874;False
S0004;2026-01-02 04:01:45;CO2_level;991;False
S0001;2026-01-02 04:01:45;temperature;17.233;False
S0010;2026-01-02 04:01:45;CO2_level;1175;False
S0007;2026-01-02 04:01:45;temperature;18.801;False
S0007;2026-01-02 04:02:00;temperature;18.486;False
S0010;2026-01-02 04:02:00;CO2_level;826;False
S0003;2026-01-02 04:02:00;humidity;68.893;False
S0004;2026-01-02 04:02:00;CO2_level;1112;False
S0009;2026-01-02 04:02:00;humidity;65.547;False
S0011;2026-01-02 04:02:00;ventilation;0.785;False
S0005;2026-01-02 04:02:00;ventilation;0.732;False
S0001;2026-01-02 04:02:00;temperature;16.291;False
S0010;2026-01-02 04:02:15;CO2_level;1221;True
S0011;2026-01-02 04:02:15;ventilation;0.589;False
S0004;2026-01-02 04:02:15;CO2_level;898;False
S0005;2026-01-02 04:02:15;ventilation;0.97;False
S0007;2026-01-02 04:02:15;temperature;19.369;False
S0001;2026-01-02 04:02:15;temperature;18.623;False
S0007;2026-01-02 04:02:30;temperature;29.727;True
S0003;2026-01-02 04:02:30;humidity;63.275;False
S0009;2026-01-02 04:02:30;humidity;69.715;False
S0005;2026-01-02 04:02:30;ventilation;0.902;False
S0011;2026-01-02 04:02:30;ventilation;0.559;False
S0010;2026-01-02 04:02:30;CO2_level;787;False
S0001;2026-01-02 04:02:30;temperature;26.342;False
S0004;2026-01-02 04:02:30;CO2_level;1119;False
S0001;2026-01-02 04:02:45;temperature;26.843;False
S0007;2026-01-02 04:02:45;temperature;17.612;False
S0011;2026-01-02 04:02:45;ventilation;0.937;False
S0005;2026-01-02 04:02:45;ventilation;0.994;False
S0010;2026-01-02 04:02:45;CO2_level;1100;False
S0004;2026-01-02 04:02:45;CO2_level;810;False
S0005;2026-01-02 04:03:00;ventilation;0.624;False
S0009;2026-01-02 04:03:00;humidity;64.362;False
S0003;2026-01-02 04:03:00;humidity;60.796;False
S0004;2026-01-02 04:03:00;CO2_level;936;False
S0007;2026-01-02 04:03:00;temperature;22.292;False
S0011;2026-01-02 04:03:00;ventilation;0.64;False
S0001;2026-01-02 04:03:00;temperature;16.305;False
S0010;2026-01-02 04:03:00;CO2_level;1122;False
S0010;2026-01-02 04:03:15;CO2_level;1193;False
S0005;2026-01-02 04:03:15;ventilation;0.88;False
S0001;2026-01-02 04:03:15;temperature;16.318;False
S0011;2026-01-02 04:03:15;ventilation;0.9;False
S0004;2026-01-02 04:03:15;CO2_level;null;True
S0007;2026-01-02 04:03:15;temperature;23.932;False
S0001;2026-01-02 04:03:30;temperature;25.544;False
S0005;2026-01-02 04:03:30;ventilation;0.809;False
S0009;2026-01-02 04:03:30;humidity;66.132;False
S0011;2026-01-02 04:03:30;ventilation;0.918;False
S0007;2026-01-02 04:03:30;temperature;22.548;False
S0010;2026-01-02 04:03:30;CO2_level;609;False
S0003;2026-01-02 04:03:30;humidity;61.542;False
S0004;2026-01-02 04:03:30;CO2_level;852;False
S0001;2026-01-02 04:03:45;temperature;null;True
S0007;2026-01-02 04:03:45;temperature;26.32;False
S0010;2026-01-02 04:03:45;CO2_level;740;False
S0004;2026-01-02 04:03:45;CO2_level;1143;False
S0011;2026-01-02 04:03:45;ventilation;null;True
S0005;2026-01-02 04:03:45;ventilation;0.663;False
S0005;2026-01-02 04:04:00;ventilation;0.791;False
S0007;2026-01-02 04:04:00;temperature;23.542;False
S0003;2026-01-02 04:04:00;humidity;62.787;False
S0010;2026-01-02 04:04:00;CO2_level;1198;False
S0001;2026-01-02 04:04:00;temperature;22.013;False
S0009;2026-01-02 04:04:00;humidity;66.749;False
S0004;2026-01-02 04:04:00;CO2_level;1064;False
S0011;2026-01-02 04:04:00;ventilation;0.575;False
S0010;2026-01-02 04:04:15;CO2_level;669;False
S0011;2026-01-02 04:04:15;ventilation;0.917;False
S0007;2026-01-02 04:04:15;temperature;16.572;False
S0004;2026-01-02 04:04:15;CO2_level;1039;False
S0005;2026-01-02 04:04:15;ventilation;0.536;False
S0001;2026-01-02 04:04:15;temperature;26.012;False
S0011;2026-01-02 04:04:30;ventilation;0.943;False
S0007;2026-01-02 04:04:30;temperature;25.24;False
S0003;2026-01-02 04:04:30;humidity;66.705;False
S0009;2026-01-02 04:04:30;humidity;60.072;False
S0001;2026-01-02 04:04:30;temperature;23.655;False
S0005;2026-01-02 04:04:30;ventilation;0.535;False
S0010;2026-01-02 04:04:30;CO2_level;1075;False
S0004;2026-01-02 04:04:30;CO2_level;958;False
S0007;2026-01-02 04:04:45;temperature;15.998;False
S0011;2026-01-02 04:04:45;ventilation;0.706;False
S0001;2026-01-02 04:04:45;temperature;19.242;False
S0010;2026-01-02 04:04:45;CO2_level;959;False
S0004;2026-01-02 04:04:45;CO2_level;1063;False
S0005;2026-01-02 04:04:45;ventilation;0.662;False
S0001;2026-01-02 04:05:00;temperature;21.882;False
S0004;2026-01-02 04:05:00;CO2_level;826;False
S0007;2026-01-02 04:05:00;temperature;17.647;False
S0011;2026-01-02 04:05:00;ventilation;0.861;False
S0005;2026-01-02 04:05:00;ventilation;0.937;False
S0009;2026-01-02 04:05:00;humidity;64.919;False
S0003;2026-01-02 04:05:00;humidity;62.118;False
S0010;2026-01-02 04:05:00;CO2_level;863;False
S0010;2026-01-02 04:05:15;CO2_level;1163;False
S0007;2026-01-02 04:05:15;temperature;21.202;False
S0004;2026-01-02 04:05:15;CO2_level;874;False
S0005;2026-01-02 04:05:15;ventilation;0.62;False
S0001;2026-01-02 04:05:15;temperature;24.2;False
S0011;2026-01-02 04:05:15;ventilation;0.86;False
S0010;2026-01-02 04:05:30;CO2_level;1173;False
S0007;2026-01-02 04:05:30;temperature;17.402;False
S0011;2026-01-02 04:05:30;ventilation;0.937;False
S0004;2026-01-02 04:05:30;CO2_level;1114;False
S0003;2026-01-02 04:05:30;humidity;63.146;False
S0001;2026-01-02 04:05:30;temperature;17.64;False
S0005;2026-01-02 04:05:30;ventilation;0.929;False
S0009;2026-01-02 04:05:30;humidity;60.803;False
S0001;2026-01-02 04:05:45;temperature;27.98;True
S0010;2026-01-02 04:05:45;CO2_level;762;False
S0007;2026-01-02 04:05:45;temperature;22.259;False
S0005;2026-01-02 04:05:45;ventilation;0.741;False
S0011;2026-01-02 04:05:45;ventilation;0.515;False
S0004;2026-01-02 04:05:45;CO2_level;973;False
S0004;2026-01-02 04:06:00;CO2_level;1009;False
S0001;2026-01-02 04:06:00;temperature;null;True
S0005;2026-01-02 04:06:00;ventilation;0.722;False
S0007;2026-01-02 04:06:00;temperature;21.165;False
S0010;2026-01-02 04:06:00;CO2_level;1229;True
S0003;2026-01-02 04:06:00;humidity;67.806;False
S0011;2026-01-02 04:06:00;ventilation;0.62;False
S0009;2026-01-02 04:06:00;humidity;60.82;False
S0004;2026-01-02 04:06:15;CO2_level;969;False
S0011;2026-01-02 04:06:15;ventilation;0.67;False
S0005;2026-01-02 04:06:15;ventilation;0.796;False
S0010;2026-01-02 04:06:15;CO2_level;1041;False
S0001;2026-01-02 04:06:15;temperature;18.983;False
S0007;2026-01-02 04:06:15;temperature;16.253;False
S0011;2026-01-02 04:06:30;ventilation;0.83;False
S0003;2026-01-02 04:06:30;humidity;69.177;False
S0007;2026-01-02 04:06:30;temperature;19.673;False
S0001;2026-01-02 04:06:30;temperature;18.558;False
S0010;2026-01-02 04:06:30;CO2_level;895;False
S0005;2026-01-02 04:06:30;ventilation;0.716;False
S0004;2026-01-02 04:06:30;CO2_level;613;False
S0009;2026-01-02 04:06:30;humidity;63.458;False
S0007;2026-01-02 04:06:45;temperature;20.953;False
S0001;2026-01-02 04:06:45;temperature;18.056;False
S0010;2026-01-02 04:06:45;CO2_level;1083;False
S0011;2026-01-02 04:06:45;ventilation;0.726;False
S0005;2026-01-02 04:06:45;ventilation;0.904;False
S0004;2026-01-02 04:06:45;CO2_level;665;False
S0007;2026-01-02 04:07:00;temperature;15.454;False
S0005;2026-01-02 04:07:00;ventilation;0.667;False
S0004;2026-01-02 04:07:00;CO2_level;878;False
S0009;2026-01-02 04:07:00;humidity;61.997;False
S0003;2026-01-02 04:07:00;humidity;63.957;False
S0010;2026-01-02 04:07:00;CO2_level;1154;False
S0011;2026-01-02 04:07:00;ventilation;0.846;False
S0001;2026-01-02 04:07:00;temperature;25.503;False
S0004;2026-01-02 04:07:15;CO2_level;811;False
S0007;2026-01-02 04:07:15;temperature;16.22;False
S0001;2026-01-02 04:07:15;temperature;18.546;False
S0005;2026-01-02 04:07:15;ventilation;0.683;False
S0010;2026-01-02 04:07:15;CO2_level;699;False
S0011;2026-01-02 04:07:15;ventilation;0.603;False
S0004;2026-01-02 04:07:30;CO2_level;626;False
S0010;2026-01-02 04:07:30;CO2_level;978;False
S0009;2026-01-02 04:07:30;humidity;65.613;False
S0001;2026-01-02 04:07:30;temperature;19.18;False
S0011;2026-01-02 04:07:30;ventilation;0.683;False
S0007;2026-01-02 04:07:30;temperature;18.281;False
S0005;2026-01-02 04:07:30;ventilation;0.627;False
S0003;2026-01-02 04:07:30;humidity;67.597;False
S0004;2026-01-02 04:07:45;CO2_level;1148;False
S0011;2026-01-02 04:07:45;ventilation;0.945;False
S0007;2026-01-02 04:07:45;temperature;23.943;False
S0010;2026-01-02 04:07:45;CO2_level;926;False
S0001;2026-01-02 04:07:45;temperature;21.885;False
S0005;2026-01-02 04:07:45;ventilation;0.775;False
S0004;2026-01-02 04:08:00;CO2_level;906;False
S0011;2026-01-02 04:08:00;ventilation;0.809;False
S0001;2026-01-02 04:08:00;temperature;25.065;False
S0010;2026-01-02 04:08:00;CO2_level;992;False
S0007;2026-01-02 04:08:00;temperature;23.945;False
S0005;2026-01-02 04:08:00;ventilation;0.122;True
S0009;2026-01-02 04:08:00;humidity;68.2;False
S0003;2026-01-02 04:08:00;humidity;60.921;False
S0004;2026-01-02 04:08:15;CO2_level;1190;False
S0001;2026-01-02 04:08:15;temperature;19.923;False
S0011;2026-01-02 04:08:15;ventilation;1.402;True
S0010;2026-01-02 04:08:15;CO2_level;812;False
S0005;2026-01-02 04:08:15;ventilation;0.572;False
S0007;2026-01-02 04:08:15;temperature;16.365;False
S0001;2026-01-02 04:08:30;temperature;16.316;False
S0010;2026-01-02 04:08:30;CO2_level;647;False
S0003;2026-01-02 04:08:30;humidity;64.881;False
S0011;2026-01-02 04:08:30;ventilation;0.881;False
S0009;2026-01-02 04:08:30;humidity;68.893;False
S0007;2026-01-02 04:08:30;temperature;25.292;False
S0005;2026-01-02 04:08:30;ventilation;0.386;True
S0004;2026-01-02 04:08:30;CO2_level;844;False
S0011;2026-01-02 04:08:45;ventilation;0.536;False
S0007;2026-01-02 04:08:45;temperature;21.87;False
S0010;2026-01-02 04:08:45;CO2_level;812;False
S0005;2026-01-02 04:08:45;ventilation;0.958;False
S0001;2026-01-02 04:08:45;temperature;26.596;False
S0004;2026-01-02 04:08:45;CO2_level;774;False
S0005;2026-01-02 04:09:00;ventilation;0.936;False
S0010;2026-01-02 04:09:00;CO2_level;850;False
S0003;2026-01-02 04:09:00;humidity;65.844;False
S0001;2026-01-02 04:09:00;temperature;22.789;False
S0011;2026-01-02 04:09:00;ventilation;0.881;False
S0007;2026-01-02 04:09:00;temperature;21.954;False
S0004;2026-01-02 04:09:00;CO2_level;780;False
S0009;2026-01-02 04:09:00;humidity;60.543;False
S0001;2026-01-02 04:09:15;temperature;24.176;False
S0011;2026-01-02 04:09:15;ventilation;0.528;False
S0010;2026-01-02 04:09:15;CO2_level;802;False
S0007;2026-01-02 04:09:15;temperature;13.671;True
S0004;2026-01-02 04:09:15;CO2_level;null;True
S0005;2026-01-02 04:09:15;ventilation;0.894;False
S0005;2026-01-02 04:09:30;ventilation;0.961;False
S0004;2026-01-02 04:09:30;CO2_level;659;False
S0010;2026-01-02 04:09:30;CO2_level;769;False
S0009;2026-01-02 04:09:30;humidity;62.041;False
S0007;2026-01-02 04:09:30;temperature;25.551;False
S0011;2026-01-02 04:09:30;ventilation;0.946;False
S0001;2026-01-02 04:09:30;temperature;22.567;False
S0003;2026-01-02 04:09:30;humidity;65.893;False
S0005;2026-01-02 04:09:45;ventilation;0.656;False
S0001;2026-01-02 04:09:45;temperature;null;True
S0011;2026-01-02 04:09:45;ventilation;0.785;False
S0004;2026-01-02 04:09:45;CO2_level;659;False
S0010;2026-01-02 04:09:45;CO2_level;658;False
S0007;2026-01-02 04:09:45;temperature;19.365;False
S0011;2026-01-02 04:10:00;ventilation;0.547;False
S0004;2026-01-02 04:10:00;CO2_level;763;False
S0005;2026-01-02 04:10:00;ventilation;0.982;False
S0007;2026-01-02 04:10:00;temperature;16.933;False
S0010;2026-01-02 04:10:00;CO2_level;954;False
S0001;2026-01-02 04:10:00;temperature;2.248;True
S0003;2026-01-02 04:10:00;humidity;64.581;False
S0009;2026-01-02 04:10:00;humidity;69.322;False
S0005;2026-01-02 04:10:15;ventilation;1.78;True
S0010;2026-01-02 04:10:15;CO2_level;1079;False
S0004;2026-01-02 04:10:15;CO2_level;1076;False
S0001;2026-01-02 04:10:15;temperature;20.964;False
S0007;2026-01-02 04:10:15;temperature;15.526;False
S0011;2026-01-02 04:10:15;ventilation;0.508;False
S0004;2026-01-02 04:10:30;CO2_level;817;False
S0007;2026-01-02 04:10:30;temperature;20.28;False
S0001;2026-01-02 04:10:30;temperature;24.817;False
S0009;2026-01-02 04:10:30;humidity;65.16;False
S0005;2026-01-02 04:10:30;ventilation;0.846;False
S0010;2026-01-02 04:10:30;CO2_level;767;False
S0003;2026-01-02 04:10:30;humidity;68.864;False
S0011;2026-01-02 04:10:30;ventilation;0.662;False
S0005;2026-01-02 04:10:45;ventilation;0.855;False
S0010;2026-01-02 04:10:45;CO2_level;857;False
S0004;2026-01-02 04:10:45;CO2_level;988;False
S0007;2026-01-02 04:10:45;temperature;25.91;False
S0001;2026-01-02 04:10:45;temperature;15.766;False
S0011;2026-01-02 04:10:45;ventilation;0.747;False
S0010;2026-01-02 04:11:00;CO2_level;904;False
S0004;2026-01-02 04:11:00;CO2_level;null;True
S0005;2026-01-02 04:11:00;ventilation;0.618;False
S0001;2026-01-02 04:11:00;temperature;19.773;False
S0011;2026-01-02 04:11:00;ventilation;0.996;False
S0007;2026-01-02 04:11:00;temperature;17.01;False
S0009;2026-01-02 04:11:00;humidity;61.483;False
S0003;2026-01-02 04:11:00;humidity;69.569;False
S0004;2026-01-02 04:11:15;CO2_level;785;False
S0005;2026-01-02 04:11:15;ventilation;0.688;False
S0001;2026-01-02 04:11:15;temperature;18.503;False
S0007;2026-01-02 04:11:15;temperature;21.876;False
S0011;2026-01-02 04:11:15;ventilation;0.825;False
S0010;2026-01-02 04:11:15;CO2_level;685;False
S0001;2026-01-02 04:11:30;temperature;15.312;False
S0003;2026-01-02 04:11:30;humidity;67.283;False
S0004;2026-01-02 04:11:30;CO2_level;755;False
S0010;2026-01-02 04:11:30;CO2_level;1050;False
S0009;2026-01-02 04:11:30;humidity;61.783;False
S0011;2026-01-02 04:11:30;ventilation;0.827;False
S0007;2026-01-02 04:11:30;temperature;null;True
S0005;2026-01-02 04:11:30;ventilation;0.928;False
S0005;2026-01-02 04:11:45;ventilation;0.818;False
S0010;2026-01-02 04:11:45;CO2_level;1073;False
S0007;2026-01-02 04:11:45;temperature;26.548;False
S0004;2026-01-02 04:11:45;CO2_level;653;False
S0001;2026-01-02 04:11:45;temperature;19.876;False
S0011;2026-01-02 04:11:45;ventilation;0.529;False
S0009;2026-01-02 04:12:00;humidity;68.49;False
S0005;2026-01-02 04:12:00;ventilation;0.078;True
S0003;2026-01-02 04:12:00;humidity;60.301;False
S0001;2026-01-02 04:12:00;temperature;26.497;False
S0004;2026-01-02 04:12:00;CO2_level;1112;False
S0010;2026-01-02 04:12:00;CO2_level;954;False
S0011;2026-01-02 04:12:00;ventilation;0.649;False
S0007;2026-01-02 04:12:00;temperature;24.508;False
S0005;2026-01-02 04:12:15;ventilation;0.503;False
S0010;2026-01-02 04:12:15;CO2_level;637;False
S0011;2026-01-02 04:12:15;ventilation;0.581;False
S0001;2026-01-02 04:12:15;temperature;19.819;False
S0004;2026-01-02 04:12:15;CO2_level;1071;False
S0007;2026-01-02 04:12:15;temperature;15.488;False
S0005;2026-01-02 04:12:30;ventilation;0.773;False
S0003;2026-01-02 04:12:30;humidity;66.515;False
S0007;2026-01-02 04:12:30;temperature;null;True
S0011;2026-01-02 04:12:30;ventilation;0.662;False
S0009;2026-01-02 04:12:30;humidity;67.495;False
S0010;2026-01-02 04:12:30;CO2_level;674;False
S0004;2026-01-02 04:12:30;CO2_level;876;False
S0001;2026-01-02 04:12:30;temperature;24.515;False
S0007;2026-01-02 04:12:45;temperature;22.898;False
S0004;2026-01-02 04:12:45;CO2_level;1177;False
S0005;2026-01-02 04:12:45;ventilation;0.837;False
S0001;2026-01-02 04:12:45;temperature;20.026;False
S0011;2026-01-02 04:12:45;ventilation;0.808;False
S0010;2026-01-02 04:12:45;CO2_level;848;False
S0004;2026-01-02 04:13:00;CO2_level;926;False
S0010;2026-01-02 04:13:00;CO2_level;null;True
S0009;2026-01-02 04:13:00;humidity;67.189;False
S0007;2026-01-02 04:13:00;temperature;21.806;False
S0005;2026-01-02 04:13:00;ventilation;0.635;False
S0001;2026-01-02 04:13:00;temperature;19.524;False
S0003;2026-01-02 04:13:00;humidity;68.033;False
S0011;2026-01-02 04:13:00;ventilation;0.778;False
S0004;2026-01-02 04:13:15;CO2_level;927;False
S0011;2026-01-02 04:13:15;ventilation;0.555;False
S0007;2026-01-02 04:13:15;temperature;20.439;False
S0010;2026-01-02 04:13:15;CO2_level;290;True
S0005;2026-01-02 04:13:15;ventilation;0.96;False
S0001;2026-01-02 04:13:15;temperature;21.563;False
S0011;2026-01-02 04:13:30;ventilation;0.507;False
S0009;2026-01-02 04:13:30;humidity;63.374;False
S0007;2026-01-02 04:13:30;temperature;23.874;False
S0005;2026-01-02 04:13:30;ventilation;0.905;False
S0004;2026-01-02 04:13:30;CO2_level;1018;False
S0010;2026-01-02 04:13:30;CO2_level;1225;True
S0003;2026-01-02 04:13:30;humidity;63.501;False
S0001;2026-01-02 04:13:30;temperature;15.067;False
S0007;2026-01-02 04:13:45;temperature;21.694;False
S0010;2026-01-02 04:13:45;CO2_level;542;True
S0011;2026-01-02 04:13:45;ventilation;0.948;False
S0005;2026-01-02 04:13:45;ventilation;0.765;False
S0001;2026-01-02 04:13:45;temperature;26.396;False
S0004;2026-01-02 04:13:45;CO2_level;null;True
S0004;2026-01-02 04:14:00;CO2_level;1034;False
S0007;2026-01-02 04:14:00;temperature;21.312;False
S0009;2026-01-02 04:14:00;humidity;76.533;True
S0001;2026-01-02 04:14:00;temperature;15.855;False
S0003;2026-01-02 04:14:00;humidity;65.809;False
S0010;2026-01-02 04:14:00;CO2_level;925;False
S0005;2026-01-02 04:14:00;ventilation;0.64;False
S0011;2026-01-02 04:14:00;ventilation;0.687;False
S0010;2026-01-02 04:14:15;CO2_level;840;False
S0011;2026-01-02 04:14:15;ventilation;0.751;False
S0007;2026-01-02 04:14:15;temperature;18.753;False
S0001;2026-01-02 04:14:15;temperature;21.994;False
S0004;2026-01-02 04:14:15;CO2_level;814;False
S0005;2026-01-02 04:14:15;ventilation;0.96;False
S0005;2026-01-02 04:14:30;ventilation;null;True
S0011;2026-01-02 04:14:30;ventilation;0.887;False
S0003;2026-01-02 04:14:30;humidity;67.329;False
S0010;2026-01-02 04:14:30;CO2_level;793;False
S0009;2026-01-02 04:14:30;humidity;67.399;False
S0004;2026-01-02 04:14:30;CO2_level;662;False
S0001;2026-01-02 04:14:30;temperature;15.267;False
S0007;2026-01-02 04:14:30;temperature;26.826;False
S0001;2026-01-02 04:14:45;temperature;2.898;True
S0011;2026-01-02 04:14:45;ventilation;0.691;False
S0004;2026-01-02 04:14:45;CO2_level;1183;False
S0010;2026-01-02 04:14:45;CO2_level;994;False
S0007;2026-01-02 04:14:45;temperature;18.346;False
S0005;2026-01-02 04:14:45;ventilation;0.602;False
S0011;2026-01-02 04:15:00;ventilation;0.847;False
S0001;2026-01-02 04:15:00;temperature;25.213;False
S0010;2026-01-02 04:15:00;CO2_level;872;False
S0003;2026-01-02 04:15:00;humidity;65.732;False
S0005;2026-01-02 04:15:00;ventilation;0.769;False
S0007;2026-01-02 04:15:00;temperature;17.353;False
S0009;2026-01-02 04:15:00;humidity;63.282;False
S0004;2026-01-02 04:15:00;CO2_level;731;False
S0004;2026-01-02 04:15:15;CO2_level;738;False
S0005;2026-01-02 04:15:15;ventilation;0.865;False
S0001;2026-01-02 04:15:15;temperature;24.364;False
S0010;2026-01-02 04:15:15;CO2_level;990;False
S0011;2026-01-02 04:15:15;ventilation;0.912;False
S0007;2026-01-02 04:15:15;temperature;26.84;False
S0005;2026-01-02 04:15:30;ventilation;0.51;False
S0011;2026-01-02 04:15:30;ventilation;0.818;False
S0010;2026-01-02 04:15:30;CO2_level;947;False
S0009;2026-01-02 04:15:30;humidity;64.812;False
S0003;2026-01-02 04:15:30;humidity;69.678;False
S0001;2026-01-02 04:15:30;temperature;24.961;False
S0007;2026-01-02 04:15:30;temperature;20.249;False
S0004;2026-01-02 04:15:30;CO2_level;860;False
S0001;2026-01-02 04:15:45;temperature;25.839;False
S0005;2026-01-02 04:15:45;ventilation;0.613;False
S0011;2026-01-02 04:15:45;ventilation;0.78;False
S0004;2026-01-02 04:15:45;CO2_level;813;False
S0010;2026-01-02 04:15:45;CO2_level;null;True
S0007;2026-01-02 04:15:45;temperature;26.798;False
S0004;2026-01-02 04:16:00;CO2_level;1029;False
S0005;2026-01-02 04:16:00;ventilation;0.874;False
S0003;2026-01-02 04:16:00;humidity;62.483;False
S0007;2026-01-02 04:16:00;temperature;21.737;False
S0010;2026-01-02 04:16:00;CO2_level;1035;False
S0001;2026-01-02 04:16:00;temperature;24.735;False
S0011;2026-01-02 04:16:00;ventilation;0.702;False
S0009;2026-01-02 04:16:00;humidity;66.916;False
S0005;2026-01-02 04:16:15;ventilation;0.088;True
S0007;2026-01-02 04:16:15;temperature;18.033;False
S0001;2026-01-02 04:16:15;temperature;22.767;False
S0011;2026-01-02 04:16:15;ventilation;0.996;False
S0004;2026-01-02 04:16:15;CO2_level;776;False
S0010;2026-01-02 04:16:15;CO2_level;1189;False
S0009;2026-01-02 04:16:30;humidity;61.279;False
S0001;2026-01-02 04:16:30;temperature;11.351;True
S0010;2026-01-02 04:16:30;CO2_level;1056;False
S0003;2026-01-02 04:16:30;humidity;64.232;False
S0004;2026-01-02 04:16:30;CO2_level;649;False
S0007;2026-01-02 04:16:30;temperature;14.668;True
S0005;2026-01-02 04:16:30;ventilation;0.65;False
S0011;2026-01-02 04:16:30;ventilation;0.645;False
S0007;2026-01-02 04:16:45;temperature;23.52;False
S0001;2026-01-02 04:16:45;temperature;22.823;False
S0010;2026-01-02 04:16:45;CO2_level;797;False
S0011;2026-01-02 04:16:45;ventilation;0.966;False
S0004;2026-01-02 04:16:45;CO2_level;923;False
S0005;2026-01-02 04:16:45;ventilation;0.91;False
S0003;2026-01-02 04:17:00;humidity;62.822;False
S0004;2026-01-02 04:17:00;CO2_level;766;False
S0011;2026-01-02 04:17:00;ventilation;0.791;False
S0010;2026-01-02 04:17:00;CO2_level;991;False
S0007;2026-01-02 04:17:00;temperature;22.683;False
S0001;2026-01-02 04:17:00;temperature;18.45;False
S0009;2026-01-02 04:17:00;humidity;39.395;True
S0005;2026-01-02 04:17:00;ventilation;0.761;False
S0005;2026-01-02 04:17:15;ventilation;0.997;False
S0011;2026-01-02 04:17:15;ventilation;0.626;False
S0004;2026-01-02 04:17:15;CO2_level;964;False
S0001;2026-01-02 04:17:15;temperature;19.034;False
S0007;2026-01-02 04:17:15;temperature;19.148;False
S0010;2026-01-02 04:17:15;CO2_level;706;False
S0004;2026-01-02 04:17:30;CO2_level;710;False
S0001;2026-01-02 04:17:30;temperature;19.752;False
S0003;2026-01-02 04:17:30;humidity;64.781;False
S0010;2026-01-02 04:17:30;CO2_level;927;False
S0011;2026-01-02 04:17:30;ventilation;1.314;True
S0005;2026-01-02 04:17:30;ventilation;0.725;False
S0007;2026-01-02 04:17:30;temperature;15.89;False
S0009;2026-01-02 04:17:30;humidity;51.589;True
S0010;2026-01-02 04:17:45;CO2_level;800;False
S0011;2026-01-02 04:17:45;ventilation;0.721;False
S0004;2026-01-02 04:17:45;CO2_level;708;False
S0005;2026-01-02 04:17:45;ventilation;0.633;False
S0007;2026-01-02 04:17:45;temperature;25.881;False
S0001;2026-01-02 04:17:45;temperature;31.048;True
S0010;2026-01-02 04:18:00;CO2_level;1105;False
S0011;2026-01-02 04:18:00;ventilation;0.903;False
S0004;2026-01-02 04:18:00;CO2_level;1008;False
S0005;2026-01-02 04:18:00;ventilation;0.825;False
S0001;2026-01-02 04:18:00;temperature;22.3;False
S0009;2026-01-02 04:18:00;humidity;65.688;False
S0003;2026-01-02 04:18:00;humidity;66.28;False
S0007;2026-01-02 04:18:00;temperature;24.879;False
S0004;2026-01-02 04:18:15;CO2_level;null;True
S0005;2026-01-02 04:18:15;ventilation;0.716;False
S0007;2026-01-02 04:18:15;temperature;24.099;False
S0011;2026-01-02 04:18:15;ventilation;0.86;False
S0001;2026-01-02 04:18:15;temperature;19.993;False
S0010;2026-01-02 04:18:15;CO2_level;1167;False
S0003;2026-01-02 04:18:30;humidity;69.052;False
S0005;2026-01-02 04:18:30;ventilation;0.777;False
S0001;2026-01-02 04:18:30;temperature;24.781;False
S0009;2026-01-02 04:18:30;humidity;60.179;False
S0007;2026-01-02 04:18:30;temperature;15.144;False
S0010;2026-01-02 04:18:30;CO2_level;831;False
S0004;2026-01-02 04:18:30;CO2_level;734;False
S0011;2026-01-02 04:18:30;ventilation;0.697;False
S0005;2026-01-02 04:18:45;ventilation;0.813;False
S0004;2026-01-02 04:18:45;CO2_level;1195;False
S0001;2026-01-02 04:18:45;temperature;16.617;False
S0007;2026-01-02 04:18:45;temperature;16.134;False
S0010;2026-01-02 04:18:45;CO2_level;652;False
S0011;2026-01-02 04:18:45;ventilation;0.84;False
S0009;2026-01-02 04:19:00;humidity;22.559;True
S0007;2026-01-02 04:19:00;temperature;19.853;False
S0004;2026-01-02 04:19:00;CO2_level;785;False
S0003;2026-01-02 04:19:00;humidity;64.186;False
S0005;2026-01-02 04:19:00;ventilation;0.684;False
S0010;2026-01-02 04:19:00;CO2_level;1231;True
S0001;2026-01-02 04:19:00;temperature;23.747;False
S0011;2026-01-02 04:19:00;ventilation;0.814;False
S0011;2026-01-02 04:19:15;ventilation;1.636;True
S0007;2026-01-02 04:19:15;temperature;17.595;False
S0001;2026-01-02 04:19:15;temperature;26.284;False
S0010;2026-01-02 04:19:15;CO2_level;882;False
S0005;2026-01-02 04:19:15;ventilation;0.701;False
S0004;2026-01-02 04:19:15;CO2_level;967;False
S0011;2026-01-02 04:19:30;ventilation;0.691;False
S0007;2026-01-02 04:19:30;temperature;26.438;False
S0009;2026-01-02 04:19:30;humidity;64.493;False
S0010;2026-01-02 04:19:30;CO2_level;820;False
S0004;2026-01-02 04:19:30;CO2_level;1215;True
S0003;2026-01-02 04:19:30;humidity;62.471;False
S0005;2026-01-02 04:19:30;ventilation;0.676;False
S0001;2026-01-02 04:19:30;temperature;25.759;False
S0005;2026-01-02 04:19:45;ventilation;0.944;False
S0004;2026-01-02 04:19:45;CO2_level;1149;False
S0001;2026-01-02 04:19:45;temperature;18.542;False
S0011;2026-01-02 04:19:45;ventilation;0.773;False
S0007;2026-01-02 04:19:45;temperature;17.838;False
S0010;2026-01-02 04:19:45;CO2_level;667;False
S0007;2026-01-02 04:20:00;temperature;23.164;False
S0005;2026-01-02 04:20:00;ventilation;0.974;False
S0009;2026-01-02 04:20:00;humidity;66.177;False
S0003;2026-01-02 04:20:00;humidity;77.243;True
S0004;2026-01-02 04:20:00;CO2_level;619;False
S0010;2026-01-02 04:20:00;CO2_level;907;False
S0001;2026-01-02 04:20:00;temperature;19.017;False
S0011;2026-01-02 04:20:00;ventilation;0.657;False
S0001;2026-01-02 04:20:15;temperature;22.224;False
S0007;2026-01-02 04:20:15;temperature;20.377;False
S0011;2026-01-02 04:20:15;ventilation;0.534;False
S0005;2026-01-02 04:20:15;ventilation;0.859;False
S0004;2026-01-02 04:20:15;CO2_level;832;False
S0010;2026-01-02 04:20:15;CO2_level;1057;False
S0001;2026-01-02 04:20:30;temperature;26.013;False
S0009;2026-01-02 04:20:30;humidity;69.108;False
S0011;2026-01-02 04:20:30;ventilation;1.662;True
S0007;2026-01-02 04:20:30;temperature;25.484;False
S0003;2026-01-02 04:20:30;humidity;62.95;False
S0010;2026-01-02 04:20:30;CO2_level;890;False
S0005;2026-01-02 04:20:30;ventilation;0.663;False
S0004;2026-01-02 04:20:30;CO2_level;1192;False
S0004;2026-01-02 04:20:45;CO2_level;675;False
S0001;2026-01-02 04:20:45;temperature;15.695;False
S0005;2026-01-02 04:20:45;ventilation;0.691;False
S0007;2026-01-02 04:20:45;temperature;18.648;False
S0010;2026-01-02 04:20:45;CO2_level;1258;True
S0011;2026-01-02 04:20:45;ventilation;0.986;False
S0005;2026-01-02 04:21:00;ventilation;0.968;False
S0004;2026-01-02 04:21:00;CO2_level;618;False
S0011;2026-01-02 04:21:00;ventilation;0.91;False
S0007;2026-01-02 04:21:00;temperature;20.689;False
S0009;2026-01-02 04:21:00;humidity;62.511;False
S0001;2026-01-02 04:21:00;temperature;22.973;False
S0003;2026-01-02 04:21:00;humidity;66.004;False
S0010;2026-01-02 04:21:00;CO2_level;614;False
S0011;2026-01-02 04:21:15;ventilation;0.573;False
S0001;2026-01-02 04:21:15;temperature;26.161;False
S0010;2026-01-02 04:21:15;CO2_level;792;False
S0005;2026-01-02 04:21:15;ventilation;0.802;False
S0007;2026-01-02 04:21:15;temperature;26.554;False
S0004;2026-01-02 04:21:15;CO2_level;940;False
S0010;2026-01-02 04:21:30;CO2_level;1136;False
S0005;2026-01-02 04:21:30;ventilation;0.645;False
S0003;2026-01-02 04:21:30;humidity;62.863;False
S0009;2026-01-02 04:21:30;humidity;65.353;False
S0001;2026-01-02 04:21:30;temperature;24.857;False
S0011;2026-01-02 04:21:30;ventilation;0.906;False
S0007;2026-01-02 04:21:30;temperature;17.521;False
S0004;2026-01-02 04:21:30;CO2_level;889;False
S0001;2026-01-02 04:21:45;temperature;25.595;False
S0010;2026-01-02 04:21:45;CO2_level;1083;False
S0011;2026-01-02 04:21:45;ventilation;0.549;False
S0007;2026-01-02 04:21:45;temperature;19.95;False
S0005;2026-01-02 04:21:45;ventilation;0.651;False
S0004;2026-01-02 04:21:45;CO2_level;1155;False
S0007;2026-01-02 04:22:00;temperature;26.77;False
S0009;2026-01-02 04:22:00;humidity;62.734;False
S0005;2026-01-02 04:22:00;ventilation;0.877;False
S0003;2026-01-02 04:22:00;humidity;67.527;False
S0011;2026-01-02 04:22:00;ventilation;0.636;False
S0004;2026-01-02 04:22:00;CO2_level;356;True
S0010;2026-01-02 04:22:00;CO2_level;993;False
S0001;2026-01-02 04:22:00;temperature;17.21;False
S0010;2026-01-02 04:22:15;CO2_level;1007;False
S0011;2026-01-02 04:22:15;ventilation;0.789;False
S0001;2026-01-02 04:22:15;temperature;25.158;False
S0004;2026-01-02 04:22:15;CO2_level;1237;True
S0007;2026-01-02 04:22:15;temperature;24.431;False
S0005;2026-01-02 04:22:15;ventilation;0.971;False
S0010;2026-01-02 04:22:30;CO2_level;602;False
S0004;2026-01-02 04:22:30;CO2_level;1231;True
S0009;2026-01-02 04:22:30;humidity;68.403;False
S0003;2026-01-02 04:22:30;humidity;60.695;False
S0007;2026-01-02 04:22:30;temperature;21.197;False
S0001;2026-01-02 04:22:30;temperature;15.734;False
S0005;2026-01-02 04:22:30;ventilation;1.791;True
S0011;2026-01-02 04:22:30;ventilation;0.673;False
S0007;2026-01-02 04:22:45;temperature;16.558;False
S0001;2026-01-02 04:22:45;temperature;18.869;False
S0010;2026-01-02 04:22:45;CO2_level;991;False
S0004;2026-01-02 04:22:45;CO2_level;660;False
S0005;2026-01-02 04:22:45;ventilation;0.589;False
S0011;2026-01-02 04:22:45;ventilation;0.894;False
S0001;2026-01-02 04:23:00;temperature;21.995;False
S0003;2026-01-02 04:23:00;humidity;68.486;False
S0007;2026-01-02 04:23:00;temperature;18.776;False
S0009;2026-01-02 04:23:00;humidity;62.253;False
S0004;2026-01-02 04:23:00;CO2_level;765;False
S0010;2026-01-02 04:23:00;CO2_level;667;False
S0005;2026-01-02 04:23:00;ventilation;0.591;False
S0011;2026-01-02 04:23:00;ventilation;0.91;False
S0001;2026-01-02 04:23:15;temperature;29.526;True
S0005;2026-01-02 04:23:15;ventilation;0.661;False
S0004;2026-01-02 04:23:15;CO2_level;859;False
S0011;2026-01-02 04:23:15;ventilation;0.96;False
S0007;2026-01-02 04:23:15;temperature;23.74;False
S0010;2026-01-02 04:23:15;CO2_level;1148;False
S0010;2026-01-02 04:23:30;CO2_level;1115;False
S0009;2026-01-02 04:23:30;humidity;60.67;False
S0003;2026-01-02 04:23:30;humidity;69.622;False
S0007;2026-01-02 04:23:30;temperature;26.7;False
S0005;2026-01-02 04:23:30;ventilation;0.862;False
S0004;2026-01-02 04:23:30;CO2_level;1275;True
S0001;2026-01-02 04:23:30;temperature;24.89;False
S0011;2026-01-02 04:23:30;ventilation;0.942;False
S0004;2026-01-02 04:23:45;CO2_level;782;False
S0010;2026-01-02 04:23:45;CO2_level;1154;False
S0011;2026-01-02 04:23:45;ventilation;0.607;False
S0007;2026-01-02 04:23:45;temperature;24.01;False
S0005;2026-01-02 04:23:45;ventilation;1.194;True
S0001;2026-01-02 04:23:45;temperature;21.833;False
S0011;2026-01-02 04:24:00;ventilation;0.546;False
S0003;2026-01-02 04:24:00;humidity;1.651;True
S0005;2026-01-02 04:24:00;ventilation;0.907;False
S0010;2026-01-02 04:24:00;CO2_level;675;False
S0007;2026-01-02 04:24:00;temperature;25.415;False
S0009;2026-01-02 04:24:00;humidity;69.727;False
S0004;2026-01-02 04:24:00;CO2_level;1054;False
S0001;2026-01-02 04:24:00;temperature;17.584;False
S0001;2026-01-02 04:24:15;temperature;21.852;False
S0010;2026-01-02 04:24:15;CO2_level;657;False
S0011;2026-01-02 04:24:15;ventilation;0.693;False
S0004;2026-01-02 04:24:15;CO2_level;735;False
S0007;2026-01-02 04:24:15;temperature;24.104;False
S0005;2026-01-02 04:24:15;ventilation;0.737;False
S0001;2026-01-02 04:24:30;temperature;23.258;False
S0007;2026-01-02 04:24:30;temperature;18.477;False
S0010;2026-01-02 04:24:30;CO2_level;1167;False
S0004;2026-01-02 04:24:30;CO2_level;953;False
S0009;2026-01-02 04:24:30;humidity;61.68;False
S0005;2026-01-02 04:24:30;ventilation;0.737;False
S0003;2026-01-02 04:24:30;humidity;67.483;False
S0011;2026-01-02 04:24:30;ventilation;0.934;False
S0011;2026-01-02 04:24:45;ventilation;1.672;True
S0007;2026-01-02 04:24:45;temperature;15.05;False
S0004;2026-01-02 04:24:45;CO2_level;574;True
S0001;2026-01-02 04:24:45;temperature;30.073;True
S0010;2026-01-02 04:24:45;CO2_level;908;False
S0005;2026-01-02 04:24:45;ventilation;0.542;False
S0009;2026-01-02 04:25:00;humidity;null;True
S0003;2026-01-02 04:25:00;humidity;69.065;False
S0010;2026-01-02 04:25:00;CO2_level;754;False
S0011;2026-01-02 04:25:00;ventilation;0.98;False
S0005;2026-01-02 04:25:00;ventilation;0.678;False
S0007;2026-01-02 04:25:00;temperature;16.939;False
S0004;2026-01-02 04:25:00;CO2_level;736;False
S0001;2026-01-02 04:25:00;temperature;15.267;False
S0011;2026-01-02 04:25:15;ventilation;0.935;False
S0004;2026-01-02 04:25:15;CO2_level;480;True
S0010;2026-01-02 04:25:15;CO2_level;1047;False
S0007;2026-01-02 04:25:15;temperature;22.996;False
S0001;2026-01-02 04:25:15;temperature;null;True
S0005;2026-01-02 04:25:15;ventilation;0.211;True
S0010;2026-01-02 04:25:30;CO2_level;715;False
S0004;2026-01-02 04:25:30;CO2_level;784;False
S0003;2026-01-02 04:25:30;humidity;66.953;False
S0007;2026-01-02 04:25:30;temperature;31.44;True
S0011;2026-01-02 04:25:30;ventilation;0.617;False
S0009;2026-01-02 04:25:30;humidity;66.738;False
S0001;2026-01-02 04:25:30;temperature;20.871;False
S0005;2026-01-02 04:25:30;ventilation;0.509;False
S0007;2026-01-02 04:25:45;temperature;19.479;False
S0011;2026-01-02 04:25:45;ventilation;0.92;False
S0001;2026-01-02 04:25:45;temperature;15.667;False
S0010;2026-01-02 04:25:45;CO2_level;606;False
S0005;2026-01-02 04:25:45;ventilation;0.645;False
S0004;2026-01-02 04:25:45;CO2_level;921;False
S0003;2026-01-02 04:26:00;humidity;68.276;False
S0005;2026-01-02 04:26:00;ventilation;0.688;False
S0004;2026-01-02 04:26:00;CO2_level;772;False
S0009;2026-01-02 04:26:00;humidity;66.398;False
S0011;2026-01-02 04:26:00;ventilation;0.713;False
S0010;2026-01-02 04:26:00;CO2_level;926;False
S0001;2026-01-02 04:26:00;temperature;24.299;False
S0007;2026-01-02 04:26:00;temperature;24.522;False
S0005;2026-01-02 04:26:15;ventilation;0.582;False
S0010;2026-01-02 04:26:15;CO2_level;707;False
S0011;2026-01-02 04:26:15;ventilation;0.888;False
S0007;2026-01-02 04:26:15;temperature;20.425;False
S0001;2026-01-02 04:26:15;temperature;22.034;False
S0004;2026-01-02 04:26:15;CO2_level;937;False
S0009;2026-01-02 04:26:30;humidity;67.841;False
S0007;2026-01-02 04:26:30;temperature;22.063;False
S0001;2026-01-02 04:26:30;temperature;16.774;False
S0010;2026-01-02 04:26:30;CO2_level;1030;False
S0004;2026-01-02 04:26:30;CO2_level;1064;False
S0005;2026-01-02 04:26:30;ventilation;0.807;False
S0003;2026-01-02 04:26:30;humidity;67.579;False
S0011;2026-01-02 04:26:30;ventilation;0.815;False
S0007;2026-01-02 04:26:45;temperature;20.711;False
S0011;2026-01-02 04:26:45;ventilation;0.907;False
S0004;2026-01-02 04:26:45;CO2_level;1198;False
S0010;2026-01-02 04:26:45;CO2_level;934;False
S0005;2026-01-02 04:26:45;ventilation;1.425;True
S0001;2026-01-02 04:26:45;temperature;20.096;False
S0007;2026-01-02 04:27:00;temperature;25.671;False
S0005;2026-01-02 04:27:00;ventilation;0.762;False
S0001;2026-01-02 04:27:00;temperature;25.393;False
S0003;2026-01-02 04:27:00;humidity;66.113;False
S0009;2026-01-02 04:27:00;humidity;68.462;False
S0010;2026-01-02 04:27:00;CO2_level;1065;False
S0004;2026-01-02 04:27:00;CO2_level;756;False
S0011;2026-01-02 04:27:00;ventilation;0.776;False
S0011;2026-01-02 04:27:15;ventilation;0.705;False
S0001;2026-01-02 04:27:15;temperature;21.496;False
S0010;2026-01-02 04:27:15;CO2_level;1156;False
S0005;2026-01-02 04:27:15;ventilation;0.579;False
S0007;2026-01-02 04:27:15;temperature;17.87;False
S0004;2026-01-02 04:27:15;CO2_level;772;False
S0011;2026-01-02 04:27:30;ventilation;0.79;False
S0010;2026-01-02 04:27:30;CO2_level;658;False
S0005;2026-01-02 04:27:30;ventilation;0.742;False
S0003;2026-01-02 04:27:30;humidity;61.153;False
S0007;2026-01-02 04:27:30;temperature;15.523;False
S0009;2026-01-02 04:27:30;humidity;64.244;False
S0001;2026-01-02 04:27:30;temperature;15.216;False
S0004;2026-01-02 04:27:30;CO2_level;1014;False
S0001;2026-01-02 04:27:45;temperature;18.225;False
S0011;2026-01-02 04:27:45;ventilation;0.722;False
S0007;2026-01-02 04:27:45;temperature;15.209;False
S0004;2026-01-02 04:27:45;CO2_level;416;True
S0005;2026-01-02 04:27:45;ventilation;0.911;False
S0010;2026-01-02 04:27:45;CO2_level;1259;True
S0004;2026-01-02 04:28:00;CO2_level;908;False
S0009;2026-01-02 04:28:00;humidity;65.045;False
S0001;2026-01-02 04:28:00;temperature;19.846;False
S0011;2026-01-02 04:28:00;ventilation;0.655;False
S0005;2026-01-02 04:28:00;ventilation;0.531;False
S0007;2026-01-02 04:28:00;temperature;17.861;False
S0003;2026-01-02 04:28:00;humidity;60.56;False
S0010;2026-01-02 04:28:00;CO2_level;632;False
S0011;2026-01-02 04:28:15;ventilation;0.709;False
S0004;2026-01-02 04:28:15;CO2_level;722;False
S0001;2026-01-02 04:28:15;temperature;null;True
S0010;2026-01-02 04:28:15;CO2_level;928;False
S0005;2026-01-02 04:28:15;ventilation;0.544;False
S0007;2026-01-02 04:28:15;temperature;16.193;False
S0011;2026-01-02 04:28:30;ventilation;0.67;False
S0004;2026-01-02 04:28:30;CO2_level;776;False
S0009;2026-01-02 04:28:30;humidity;62.208;False
S0001;2026-01-02 04:28:30;temperature;26.87;False
S0007;2026-01-02 04:28:30;temperature;19.773;False
S0003;2026-01-02 04:28:30;humidity;39.656;True
S0010;2026-01-02 04:28:30;CO2_level;776;False
S0005;2026-01-02 04:28:30;ventilation;0.68;False
S0010;2026-01-02 04:28:45;CO2_level;1067;False
S0004;2026-01-02 04:28:45;CO2_level;1108;False
S0007;2026-01-02 04:28:45;temperature;18.379;False
S0011;2026-01-02 04:28:45;ventilation;0.675;False
S0001;2026-01-02 04:28:45;temperature;25.946;False
S0005;2026-01-02 04:28:45;ventilation;0.987;False
S0004;2026-01-02 04:29:00;CO2_level;665;False
S0001;2026-01-02 04:29:00;temperature;23.905;False
S0009;2026-01-02 04:29:00;humidity;null;True
S0003;2026-01-02 04:29:00;humidity;63.469;False
S0010;2026-01-02 04:29:00;CO2_level;792;False
S0011;2026-01-02 04:29:00;ventilation;0.796;False
S0005;2026-01-02 04:29:00;ventilation;0.826;False
S0007;2026-01-02 04:29:00;temperature;25.118;False
S0007;2026-01-02 04:29:15;temperature;23.465;False
S0011;2026-01-02 04:29:15;ventilation;0.614;False
S0010;2026-01-02 04:29:15;CO2_level;891;False
S0004;2026-01-02 04:29:15;CO2_level;676;False
S0001;2026-01-02 04:29:15;temperature;16.172;False
S0005;2026-01-02 04:29:15;ventilation;0.076;True
S0009;2026-01-02 04:29:30;humidity;61.804;False
S0005;2026-01-02 04:29:30;ventilation;0.863;False
S0010;2026-01-02 04:29:30;CO2_level;996;False
S0004;2026-01-02 04:29:30;CO2_level;1192;False
S0003;2026-01-02 04:29:30;humidity;61.451;False
S0001;2026-01-02 04:29:30;temperature;23.968;False
S0011;2026-01-02 04:29:30;ventilation;1.344;True
S0007;2026-01-02 04:29:30;temperature;21.036;False
S0010;2026-01-02 04:29:45;CO2_level;689;False
S0011;2026-01-02 04:29:45;ventilation;0.832;False
S0001;2026-01-02 04:29:45;temperature;24.616;False
S0007;2026-01-02 04:29:45;temperature;null;True
S0005;2026-01-02 04:29:45;ventilation;0.961;False
S0004;2026-01-02 04:29:45;CO2_level;709;False
S0004;2026-01-02 04:30:00;CO2_level;1051;False
S0011;2026-01-02 04:30:00;ventilation;0.766;False
S0001;2026-01-02 04:30:00;temperature;23.451;False
S0003;2026-01-02 04:30:00;humidity;67.146;False
S0010;2026-01-02 04:30:00;CO2_level;1074;False
S0007;2026-01-02 04:30:00;temperature;24.193;False
S0009;2026-01-02 04:30:00;humidity;65.911;False
S0005;2026-01-02 04:30:00;ventilation;0.529;False
S0005;2026-01-02 04:30:15;ventilation;0.963;False
S0010;2026-01-02 04:30:15;CO2_level;885;False
S0004;2026-01-02 04:30:15;CO2_level;626;False
S0011;2026-01-02 04:30:15;ventilation;0.993;False
S0001;2026-01-02 04:30:15;temperature;20.197;False
S0007;2026-01-02 04:30:15;temperature;18.846;False
S0010;2026-01-02 04:30:30;CO2_level;933;False
S0009;2026-01-02 04:30:30;humidity;65.58;False
S0004;2026-01-02 04:30:30;CO2_level;625;False
S0001;2026-01-02 04:30:30;temperature;12.815;True
S0003;2026-01-02 04:30:30;humidity;67.746;False
S0005;2026-01-02 04:30:30;ventilation;0.55;False
S0011;2026-01-02 04:30:30;ventilation;0.827;False
S0007;2026-01-02 04:30:30;temperature;19.938;False
S0001;2026-01-02 04:30:45;temperature;19.61;False
S0011;2026-01-02 04:30:45;ventilation;0.867;False
S0005;2026-01-02 04:30:45;ventilation;0.61;False
S0010;2026-01-02 04:30:45;CO2_level;806;False
S0007;2026-01-02 04:30:45;temperature;24.873;False
S0004;2026-01-02 04:30:45;CO2_level;1100;False
S0010;2026-01-02 04:31:00;CO2_level;839;False
S0005;2026-01-02 04:31:00;ventilation;0.603;False
S0001;2026-01-02 04:31:00;temperature;22.875;False
S0007;2026-01-02 04:31:00;temperature;16.388;False
S0011;2026-01-02 04:31:00;ventilation;0.031;True
S0004;2026-01-02 04:31:00;CO2_level;1186;False
S0003;2026-01-02 04:31:00;humidity;69.008;False
S0009;2026-01-02 04:31:00;humidity;15.712;True
S0005;2026-01-02 04:31:15;ventilation;0.604;False
S0001;2026-01-02 04:31:15;temperature;26.166;False
S0011;2026-01-02 04:31:15;ventilation;0.603;False
S0010;2026-01-02 04:31:15;CO2_level;736;False
S0004;2026-01-02 04:31:15;CO2_level;490;True
S0007;2026-01-02 04:31:15;temperature;26.09;False
S0009;2026-01-02 04:31:30;humidity;68.259;False
S0010;2026-01-02 04:31:30;CO2_level;655;False
S0001;2026-01-02 04:31:30;temperature;27.306;True
S0005;2026-01-02 04:31:30;ventilation;0.762;False
S0011;2026-01-02 04:31:30;ventilation;0.628;False
S0007;2026-01-02 04:31:30;temperature;20.956;False
S0004;2026-01-02 04:31:30;CO2_level;null;True
S0003;2026-01-02 04:31:30;humidity;74.974;True
S0005;2026-01-02 04:31:45;ventilation;0.802;False
S0011;2026-01-02 04:31:45;ventilation;0.808;False
S0004;2026-01-02 04:31:45;CO2_level;1172;False
S0010;2026-01-02 04:31:45;CO2_level;1159;False
S0001;2026-01-02 04:31:45;temperature;15.375;False
S0007;2026-01-02 04:31:45;temperature;15.323;False
S0003;2026-01-02 04:32:00;humidity;69.266;False
S0010;2026-01-02 04:32:00;CO2_level;965;False
S0009;2026-01-02 04:32:00;humidity;69.654;False
S0001;2026-01-02 04:32:00;temperature;16.533;False
S0005;2026-01-02 04:32:00;ventilation;0.837;False
S0007;2026-01-02 04:32:00;temperature;26.708;False
S0004;2026-01-02 04:32:00;CO2_level;1165;False
S0011;2026-01-02 04:32:00;ventilation;0.996;False
S0001;2026-01-02 04:32:15;temperature;25.815;False
S0005;2026-01-02 04:32:15;ventilation;0.57;False
S0007;2026-01-02 04:32:15;temperature;20.051;False
S0011;2026-01-02 04:32:15;ventilation;0.973;False
S0010;2026-01-02 04:32:15;CO2_level;815;False
S0004;2026-01-02 04:32:15;CO2_level;1104;False
S0011;2026-01-02 04:32:30;ventilation;0.939;False
S0007;2026-01-02 04:32:30;temperature;null;True
S0001;2026-01-02 04:32:30;temperature;18.254;False
S0010;2026-01-02 04:32:30;CO2_level;644;False
S0009;2026-01-02 04:32:30;humidity;63.27;False
S0004;2026-01-02 04:32:30;CO2_level;563;True
S0003;2026-01-02 04:32:30;humidity;60.487;False
S0005;2026-01-02 04:32:30;ventilation;0.59;False
S0007;2026-01-02 04:32:45;temperature;null;True
S0001;2026-01-02 04:32:45;temperature;23.224;False
S0010;2026-01-02 04:32:45;CO2_level;651;False
S0005;2026-01-02 04:32:45;ventilation;0.881;False
S0004;2026-01-02 04:32:45;CO2_level;1091;False
S0011;2026-01-02 04:32:45;ventilation;0.615;False
S0010;2026-01-02 04:33:00;CO2_level;704;False
S0007;2026-01-02 04:33:00;temperature;21.614;False
S0003;2026-01-02 04:33:00;humidity;65.883;False
S0011;2026-01-02 04:33:00;ventilation;0.893;False
S0001;2026-01-02 04:33:00;temperature;22.23;False
S0005;2026-01-02 04:33:00;ventilation;0.683;False
S0009;2026-01-02 04:33:00;humidity;69.334;False
S0004;2026-01-02 04:33:00;CO2_level;735;False
S0007;2026-01-02 04:33:15;temperature;25.304;False
S0010;2026-01-02 04:33:15;CO2_level;754;False
S0001;2026-01-02 04:33:15;temperature;15.607;False
S0011;2026-01-02 04:33:15;ventilation;0.639;False
S0004;2026-01-02 04:33:15;CO2_level;1144;False
S0005;2026-01-02 04:33:15;ventilation;0.644;False
S0004;2026-01-02 04:33:30;CO2_level;1157;False
S0010;2026-01-02 04:33:30;CO2_level;1020;False
S0003;2026-01-02 04:33:30;humidity;60.116;False
S0005;2026-01-02 04:33:30;ventilation;0.995;False
S0001;2026-01-02 04:33:30;temperature;25.54;False
S0009;2026-01-02 04:33:30;humidity;70.504;True
S0007;2026-01-02 04:33:30;temperature;15.533;False
S0011;2026-01-02 04:33:30;ventilation;0.83;False
S0004;2026-01-02 04:33:45;CO2_level;1106;False
S0001;2026-01-02 04:33:45;temperature;26.666;False
S0011;2026-01-02 04:33:45;ventilation;0.56;False
S0007;2026-01-02 04:33:45;temperature;24.68;False
S0005;2026-01-02 04:33:45;ventilation;0.806;False
S0010;2026-01-02 04:33:45;CO2_level;null;True
S0001;2026-01-02 04:34:00;temperature;18.757;False
S0003;2026-01-02 04:34:00;humidity;63.399;False
S0010;2026-01-02 04:34:00;CO2_level;1161;False
S0007;2026-01-02 04:34:00;temperature;null;True
S0011;2026-01-02 04:34:00;ventilation;0.999;False
S0005;2026-01-02 04:34:00;ventilation;0.634;False
S0004;2026-01-02 04:34:00;CO2_level;1091;False
S0009;2026-01-02 04:34:00;humidity;65.392;False
S0005;2026-01-02 04:34:15;ventilation;0.771;False
S0004;2026-01-02 04:34:15;CO2_level;1143;False
S0011;2026-01-02 04:34:15;ventilation;0.577;False
S0007;2026-01-02 04:34:15;temperature;15.599;False
S0001;2026-01-02 04:34:15;temperature;21.02;False
S0010;2026-01-02 04:34:15;CO2_level;1099;False
S0007;2026-01-02 04:34:30;temperature;24.013;False
S0003;2026-01-02 04:34:30;humidity;62.474;False
S0001;2026-01-02 04:34:30;temperature;16.608;False
S0010;2026-01-02 04:34:30;CO2_level;912;False
S0004;2026-01-02 04:34:30;CO2_level;874;False
S0011;2026-01-02 04:34:30;ventilation;0.641;False
S0009;2026-01-02 04:34:30;humidity;60.182;False
S0005;2026-01-02 04:34:30;ventilation;0.875;False
S0004;2026-01-02 04:34:45;CO2_level;935;False
S0007;2026-01-02 04:34:45;temperature;21.359;False
S0005;2026-01-02 04:34:45;ventilation;0.827;False
S0011;2026-01-02 04:34:45;ventilation;0.627;False
S0010;2026-01-02 04:34:45;CO2_level;1123;False
S0001;2026-01-02 04:34:45;temperature;23.397;False
S0005;2026-01-02 04:35:00;ventilation;0.893;False
S0003;2026-01-02 04:35:00;humidity;63.411;False
S0009;2026-01-02 04:35:00;humidity;66.47;False
S0010;2026-01-02 04:35:00;CO2_level;1288;True
S0001;2026-01-02 04:35:00;temperature;17.171;False
S0004;2026-01-02 04:35:00;CO2_level;1100;False
S0011;2026-01-02 04:35:00;ventilation;0.54;False
S0007;2026-01-02 04:35:00;temperature;26.681;False
S0001;2026-01-02 04:35:15;temperature;22.487;False
S0011;2026-01-02 04:35:15;ventilation;0.887;False
S0004;2026-01-02 04:35:15;CO2_level;631;False
S0010;2026-01-02 04:35:15;CO2_level;1108;False
S0007;2026-01-02 04:35:15;temperature;22.088;False
S0005;2026-01-02 04:35:15;ventilation;0.803;False
S0003;2026-01-02 04:35:30;humidity;63.46;False
S0009;2026-01-02 04:35:30;humidity;68.032;False
S0004;2026-01-02 04:35:30;CO2_level;665;False
S0010;2026-01-02 04:35:30;CO2_level;726;False
S0005;2026-01-02 04:35:30;ventilation;0.78;False
S0001;2026-01-02 04:35:30;temperature;24.266;False
S0011;2026-01-02 04:35:30;ventilation;null;True
S0007;2026-01-02 04:35:30;temperature;25.46;False
S0010;2026-01-02 04:35:45;CO2_level;980;False
S0004;2026-01-02 04:35:45;CO2_level;1057;False
S0001;2026-01-02 04:35:45;temperature;25.034;False
S0011;2026-01-02 04:35:45;ventilation;0.766;False
S0005;2026-01-02 04:35:45;ventilation;0.586;False
S0007;2026-01-02 04:35:45;temperature;15.813;False
S0003;2026-01-02 04:36:00;humidity;63.149;False
S0004;2026-01-02 04:36:00;CO2_level;709;False
S0011;2026-01-02 04:36:00;ventilation;0.89;False
S0009;2026-01-02 04:36:00;humidity;64.744;False
S0005;2026-01-02 04:36:00;ventilation;0.887;False
S0010;2026-01-02 04:36:00;CO2_level;758;False
S0007;2026-01-02 04:36:00;temperature;24.903;False
S0001;2026-01-02 04:36:00;temperature;25.825;False
S0007;2026-01-02 04:36:15;temperature;20.495;False
S0001;2026-01-02 04:36:15;temperature;21.563;False
S0005;2026-01-02 04:36:15;ventilation;0.527;False
S0011;2026-01-02 04:36:15;ventilation;0.69;False
S0004;2026-01-02 04:36:15;CO2_level;1124;False
S0010;2026-01-02 04:36:15;CO2_level;1123;False
S0007;2026-01-02 04:36:30;temperature;25.577;False
S0001;2026-01-02 04:36:30;temperature;26.625;False
S0004;2026-01-02 04:36:30;CO2_level;1141;False
S0010;2026-01-02 04:36:30;CO2_level;978;False
S0009;2026-01-02 04:36:30;humidity;69.398;False
S0003;2026-01-02 04:36:30;humidity;68.133;False
S0011;2026-01-02 04:36:30;ventilation;0.762;False
S0005;2026-01-02 04:36:30;ventilation;0.909;False
S0011;2026-01-02 04:36:45;ventilation;0.782;False
S0001;2026-01-02 04:36:45;temperature;-0.291;True
S0007;2026-01-02 04:36:45;temperature;18.081;False
S0005;2026-01-02 04:36:45;ventilation;0.576;False
S0010;2026-01-02 04:36:45;CO2_level;1037;False
S0004;2026-01-02 04:36:45;CO2_level;1035;False
S0004;2026-01-02 04:37:00;CO2_level;1009;False
S0010;2026-01-02 04:37:00;CO2_level;942;False
S0009;2026-01-02 04:37:00;humidity;60.667;False
S0001;2026-01-02 04:37:00;temperature;22.232;False
S0003;2026-01-02 04:37:00;humidity;66.955;False
S0005;2026-01-02 04:37:00;ventilation;0.894;False
S0011;2026-01-02 04:37:00;ventilation;0.859;False
S0007;2026-01-02 04:37:00;temperature;18.699;False
S0004;2026-01-02 04:37:15;CO2_level;null;True
S0001;2026-01-02 04:37:15;temperature;18.757;False
S0005;2026-01-02 04:37:15;ventilation;0.712;False
S0011;2026-01-02 04:37:15;ventilation;0.535;False
S0010;2026-01-02 04:37:15;CO2_level;1099;False
S0007;2026-01-02 04:37:15;temperature;5.997;True
S0001;2026-01-02 04:37:30;temperature;19.458;False
S0011;2026-01-02 04:37:30;ventilation;0.579;False
S0010;2026-01-02 04:37:30;CO2_level;978;False
S0003;2026-01-02 04:37:30;humidity;67.732;False
S0005;2026-01-02 04:37:30;ventilation;0.685;False
S0007;2026-01-02 04:37:30;temperature;20.869;False
S0004;2026-01-02 04:37:30;CO2_level;1142;False
S0009;2026-01-02 04:37:30;humidity;66.885;False
S0007;2026-01-02 04:37:45;temperature;32.26;True
S0001;2026-01-02 04:37:45;temperature;24.086;False
S0004;2026-01-02 04:37:45;CO2_level;665;False
S0005;2026-01-02 04:37:45;ventilation;0.923;False
S0010;2026-01-02 04:37:45;CO2_level;714;False
S0011;2026-01-02 04:37:45;ventilation;0.568;False
S0001;2026-01-02 04:38:00;temperature;16.93;False
S0003;2026-01-02 04:38:00;humidity;67.664;False
S0004;2026-01-02 04:38:00;CO2_level;950;False
S0009;2026-01-02 04:38:00;humidity;67.995;False
S0010;2026-01-02 04:38:00;CO2_level;326;True
S0007;2026-01-02 04:38:00;temperature;20.443;False
S0005;2026-01-02 04:38:00;ventilation;null;True
S0011;2026-01-02 04:38:00;ventilation;0.73;False
S0011;2026-01-02 04:38:15;ventilation;0.685;False
S0010;2026-01-02 04:38:15;CO2_level;734;False
S0005;2026-01-02 04:38:15;ventilation;0.685;False
S0004;2026-01-02 04:38:15;CO2_level;643;False
S0007;2026-01-02 04:38:15;temperature;17.03;False
S0001;2026-01-02 04:38:15;temperature;18.879;False
S0009;2026-01-02 04:38:30;humidity;67.434;False
S0001;2026-01-02 04:38:30;temperature;15.306;False
S0010;2026-01-02 04:38:30;CO2_level;941;False
S0003;2026-01-02 04:38:30;humidity;62.239;False
S0007;2026-01-02 04:38:30;temperature;24.353;False
S0005;2026-01-02 04:38:30;ventilation;0.512;False
S0004;2026-01-02 04:38:30;CO2_level;899;False
S0011;2026-01-02 04:38:30;ventilation;0.944;False
S0011;2026-01-02 04:38:45;ventilation;0.575;False
S0010;2026-01-02 04:38:45;CO2_level;992;False
S0004;2026-01-02 04:38:45;CO2_level;698;False
S0005;2026-01-02 04:38:45;ventilation;0.916;False
S0001;2026-01-02 04:38:45;temperature;18.867;False
S0007;2026-01-02 04:38:45;temperature;19.452;False
S0007;2026-01-02 04:39:00;temperature;26.506;False
S0005;2026-01-02 04:39:00;ventilation;0.772;False
S0011;2026-01-02 04:39:00;ventilation;0.648;False
S0009;2026-01-02 04:39:00;humidity;63.578;False
S0004;2026-01-02 04:39:00;CO2_level;1096;False
S0010;2026-01-02 04:39:00;CO2_level;979;False
S0001;2026-01-02 04:39:00;temperature;23.459;False
S0003;2026-01-02 04:39:00;humidity;63.103;False
S0004;2026-01-02 04:39:15;CO2_level;687;False
S0011;2026-01-02 04:39:15;ventilation;0.714;False
S0001;2026-01-02 04:39:15;temperature;24.799;False
S0005;2026-01-02 04:39:15;ventilation;0.631;False
S0010;2026-01-02 04:39:15;CO2_level;868;False
S0007;2026-01-02 04:39:15;temperature;17.783;False
S0011;2026-01-02 04:39:30;ventilation;0.779;False
S0009;2026-01-02 04:39:30;humidity;69.843;False
S0004;2026-01-02 04:39:30;CO2_level;1245;True
S0001;2026-01-02 04:39:30;temperature;15.263;False
S0003;2026-01-02 04:39:30;humidity;68.028;False
S0005;2026-01-02 04:39:30;ventilation;1.918;True
S0007;2026-01-02 04:39:30;temperature;17.16;False
S0010;2026-01-02 04:39:30;CO2_level;1098;False
S0010;2026-01-02 04:39:45;CO2_level;865;False
S0005;2026-01-02 04:39:45;ventilation;0.772;False
S0011;2026-01-02 04:39:45;ventilation;1.876;True
S0007;2026-01-02 04:39:45;temperature;23.429;False
S0004;2026-01-02 04:39:45;CO2_level;642;False
S0001;2026-01-02 04:39:45;temperature;17.215;False
S0001;2026-01-02 04:40:00;temperature;23.451;False
S0010;2026-01-02 04:40:00;CO2_level;1085;False
S0005;2026-01-02 04:40:00;ventilation;0.011;True
S0007;2026-01-02 04:40:00;temperature;16.79;False
S0009;2026-01-02 04:40:00;humidity;63.192;False
S0004;2026-01-02 04:40:00;CO2_level;777;False
S0011;2026-01-02 04:40:00;ventilation;0.592;False
S0003;2026-01-02 04:40:00;humidity;65.472;False
S0011;2026-01-02 04:40:15;ventilation;1.223;True
S0010;2026-01-02 04:40:15;CO2_level;793;False
S0001;2026-01-02 04:40:15;temperature;22.739;False
S0007;2026-01-02 04:40:15;temperature;22.335;False
S0004;2026-01-02 04:40:15;CO2_level;828;False
S0005;2026-01-02 04:40:15;ventilation;0.792;False
S0005;2026-01-02 04:40:30;ventilation;0.857;False
S0003;2026-01-02 04:40:30;humidity;60.428;False
S0009;2026-01-02 04:40:30;humidity;61.315;False
S0010;2026-01-02 04:40:30;CO2_level;752;False
S0004;2026-01-02 04:40:30;CO2_level;976;False
S0001;2026-01-02 04:40:30;temperature;26.177;False
S0007;2026-01-02 04:40:30;temperature;25.98;False
S0011;2026-01-02 04:40:30;ventilation;0.986;False
S0001;2026-01-02 04:40:45;temperature;18.778;False
S0010;2026-01-02 04:40:45;CO2_level;987;False
S0011;2026-01-02 04:40:45;ventilation;0.614;False
S0005;2026-01-02 04:40:45;ventilation;0.553;False
S0004;2026-01-02 04:40:45;CO2_level;679;False
S0007;2026-01-02 04:40:45;temperature;21.628;False
S0003;2026-01-02 04:41:00;humidity;69.188;False
S0009;2026-01-02 04:41:00;humidity;66.28;False
S0005;2026-01-02 04:41:00;ventilation;0.839;False
S0010;2026-01-02 04:41:00;CO2_level;null;True
S0004;2026-01-02 04:41:00;CO2_level;821;False
S0011;2026-01-02 04:41:00;ventilation;0.523;False
S0007;2026-01-02 04:41:00;temperature;15.841;False
S0001;2026-01-02 04:41:00;temperature;22.354;False
S0007;2026-01-02 04:41:15;temperature;15.986;False
S0010;2026-01-02 04:41:15;CO2_level;994;False
S0001;2026-01-02 04:41:15;temperature;16.692;False
S0005;2026-01-02 04:41:15;ventilation;0.932;False
S0011;2026-01-02 04:41:15;ventilation;0.928;False
S0004;2026-01-02 04:41:15;CO2_level;1013;False
S0004;2026-01-02 04:41:30;CO2_level;1194;False
S0005;2026-01-02 04:41:30;ventilation;1.328;True
S0003;2026-01-02 04:41:30;humidity;69.645;False
S0010;2026-01-02 04:41:30;CO2_level;1077;False
S0007;2026-01-02 04:41:30;temperature;15.952;False
S0001;2026-01-02 04:41:30;temperature;15.393;False
S0011;2026-01-02 04:41:30;ventilation;0.681;False
S0009;2026-01-02 04:41:30;humidity;67.553;False
S0007;2026-01-02 04:41:45;temperature;22.526;False
S0001;2026-01-02 04:41:45;temperature;null;True
S0004;2026-01-02 04:41:45;CO2_level;1112;False
S0011;2026-01-02 04:41:45;ventilation;0.534;False
S0005;2026-01-02 04:41:45;ventilation;0.749;False
S0010;2026-01-02 04:41:45;CO2_level;826;False
S0001;2026-01-02 04:42:00;temperature;18.828;False
S0005;2026-01-02 04:42:00;ventilation;0.595;False
S0011;2026-01-02 04:42:00;ventilation;0.569;False
S0010;2026-01-02 04:42:00;CO2_level;607;False
S0007;2026-01-02 04:42:00;temperature;20.402;False
S0009;2026-01-02 04:42:00;humidity;18.283;True
S0003;2026-01-02 04:42:00;humidity;67.486;False
S0004;2026-01-02 04:42:00;CO2_level;782;False
S0001;2026-01-02 04:42:15;temperature;21.323;False
S0011;2026-01-02 04:42:15;ventilation;0.689;False
S0010;2026-01-02 04:42:15;CO2_level;729;False
S0005;2026-01-02 04:42:15;ventilation;0.592;False
S0004;2026-01-02 04:42:15;CO2_level;728;False
S0007;2026-01-02 04:42:15;temperature;21.575;False
S0011;2026-01-02 04:42:30;ventilation;0.652;False
S0003;2026-01-02 04:42:30;humidity;66.831;False
S0005;2026-01-02 04:42:30;ventilation;0.863;False
S0004;2026-01-02 04:42:30;CO2_level;1132;False
S0001;2026-01-02 04:42:30;temperature;16.714;False
S0009;2026-01-02 04:42:30;humidity;67.537;False
S0010;2026-01-02 04:42:30;CO2_level;1229;True
S0007;2026-01-02 04:42:30;temperature;21.339;False
S0004;2026-01-02 04:42:45;CO2_level;819;False
S0007;2026-01-02 04:42:45;temperature;32.791;True
S0001;2026-01-02 04:42:45;temperature;16.805;False
S0011;2026-01-02 04:42:45;ventilation;0.798;False
S0005;2026-01-02 04:42:45;ventilation;0.864;False
S0010;2026-01-02 04:42:45;CO2_level;689;False
S0004;2026-01-02 04:43:00;CO2_level;1109;False
S0007;2026-01-02 04:43:00;temperature;23.167;False
S0001;2026-01-02 04:43:00;temperature;21.505;False
S0005;2026-01-02 04:43:00;ventilation;0.851;False
S0009;2026-01-02 04:43:00;humidity;63.606;False
S0011;2026-01-02 04:43:00;ventilation;0.849;False
S0010;2026-01-02 04:43:00;CO2_level;null;True
S0003;2026-01-02 04:43:00;humidity;61.976;False
S0004;2026-01-02 04:43:15;CO2_level;1119;False
S0005;2026-01-02 04:43:15;ventilation;0.682;False
S0001;2026-01-02 04:43:15;temperature;15.017;False
S0011;2026-01-02 04:43:15;ventilation;0.651;False
S0007;2026-01-02 04:43:15;temperature;24.861;False
S0010;2026-01-02 04:43:15;CO2_level;843;False
S0011;2026-01-02 04:43:30;ventilation;0.777;False
S0010;2026-01-02 04:43:30;CO2_level;817;False
S0005;2026-01-02 04:43:30;ventilation;null;True
S0009;2026-01-02 04:43:30;humidity;61.55;False
S0004;2026-01-02 04:43:30;CO2_level;549;True
S0001;2026-01-02 04:43:30;temperature;26.462;False
S0003;2026-01-02 04:43:30;humidity;68.098;False
S0007;2026-01-02 04:43:30;temperature;20.52;False
S0005;2026-01-02 04:43:45;ventilation;0.508;False
S0007;2026-01-02 04:43:45;temperature;22.286;False
S0011;2026-01-02 04:43:45;ventilation;0.547;False
S0010;2026-01-02 04:43:45;CO2_level;841;False
S0001;2026-01-02 04:43:45;temperature;19.504;False
S0004;2026-01-02 04:43:45;CO2_level;985;False
S0007;2026-01-02 04:44:00;temperature;17.139;False
S0004;2026-01-02 04:44:00;CO2_level;910;False
S0001;2026-01-02 04:44:00;temperature;21.621;False
S0003;2026-01-02 04:44:00;humidity;68.954;False
S0005;2026-01-02 04:44:00;ventilation;0.812;False
S0010;2026-01-02 04:44:00;CO2_level;769;False
S0011;2026-01-02 04:44:00;ventilation;0.699;False
S0009;2026-01-02 04:44:00;humidity;68.896;False
S0001;2026-01-02 04:44:15;temperature;17.411;False
S0004;2026-01-02 04:44:15;CO2_level;1128;False
S0005;2026-01-02 04:44:15;ventilation;0.712;False
S0010;2026-01-02 04:44:15;CO2_level;678;False
S0007;2026-01-02 04:44:15;temperature;24.084;False
S0011;2026-01-02 04:44:15;ventilation;0.687;False
S0001;2026-01-02 04:44:30;temperature;18.151;False
S0010;2026-01-02 04:44:30;CO2_level;449;True
S0009;2026-01-02 04:44:30;humidity;69.977;False
S0011;2026-01-02 04:44:30;ventilation;0.574;False
S0005;2026-01-02 04:44:30;ventilation;0.59;False
S0003;2026-01-02 04:44:30;humidity;65.313;False
S0007;2026-01-02 04:44:30;temperature;22.651;False
S0004;2026-01-02 04:44:30;CO2_level;896;False
S0001;2026-01-02 04:44:45;temperature;26.591;False
S0010;2026-01-02 04:44:45;CO2_level;1124;False
S0005;2026-01-02 04:44:45;ventilation;0.887;False
S0011;2026-01-02 04:44:45;ventilation;0.69;False
S0007;2026-01-02 04:44:45;temperature;15.68;False
S0004;2026-01-02 04:44:45;CO2_level;898;False
S0010;2026-01-02 04:45:00;CO2_level;929;False
S0004;2026-01-02 04:45:00;CO2_level;655;False
S0001;2026-01-02 04:45:00;temperature;21.259;False
S0009;2026-01-02 04:45:00;humidity;65.704;False
S0003;2026-01-02 04:45:00;humidity;63.237;False
S0005;2026-01-02 04:45:00;ventilation;0.877;False
S0007;2026-01-02 04:45:00;temperature;15.369;False
S0011;2026-01-02 04:45:00;ventilation;0.851;False
S0001;2026-01-02 04:45:15;temperature;20.872;False
S0004;2026-01-02 04:45:15;CO2_level;705;False
S0011;2026-01-02 04:45:15;ventilation;0.599;False
S0010;2026-01-02 04:45:15;CO2_level;1075;False
S0007;2026-01-02 04:45:15;temperature;23.062;False
S0005;2026-01-02 04:45:15;ventilation;0.898;False
S0011;2026-01-02 04:45:30;ventilation;0.633;False
S0005;2026-01-02 04:45:30;ventilation;0.763;False
S0003;2026-01-02 04:45:30;humidity;60.14;False
S0007;2026-01-02 04:45:30;temperature;22.475;False
S0001;2026-01-02 04:45:30;temperature;26.827;False
S0004;2026-01-02 04:45:30;CO2_level;853;False
S0009;2026-01-02 04:45:30;humidity;69.376;False
S0010;2026-01-02 04:45:30;CO2_level;1054;False
S0005;2026-01-02 04:45:45;ventilation;0.594;False
S0007;2026-01-02 04:45:45;temperature;18.069;False
S0004;2026-01-02 04:45:45;CO2_level;1127;False
S0011;2026-01-02 04:45:45;ventilation;0.571;False
S0001;2026-01-02 04:45:45;temperature;22.884;False
S0010;2026-01-02 04:45:45;CO2_level;862;False
S0005;2026-01-02 04:46:00;ventilation;0.784;False
S0010;2026-01-02 04:46:00;CO2_level;855;False
S0003;2026-01-02 04:46:00;humidity;67.535;False
S0004;2026-01-02 04:46:00;CO2_level;1007;False
S0011;2026-01-02 04:46:00;ventilation;0.888;False
S0007;2026-01-02 04:46:00;temperature;27.653;True
S0009;2026-01-02 04:46:00;humidity;61.832;False
S0001;2026-01-02 04:46:00;temperature;30.02;True
S0011;2026-01-02 04:46:15;ventilation;0.927;False
S0004;2026-01-02 04:46:15;CO2_level;822;False
S0010;2026-01-02 04:46:15;CO2_level;1071;False
S0007;2026-01-02 04:46:15;temperature;15.178;False
S0005;2026-01-02 04:46:15;ventilation;0.922;False
S0001;2026-01-02 04:46:15;temperature;23.669;False
S0009;2026-01-02 04:46:30;humidity;67.49;False
S0010;2026-01-02 04:46:30;CO2_level;736;False
S0007;2026-01-02 04:46:30;temperature;18.876;False
S0004;2026-01-02 04:46:30;CO2_level;1118;False
S0001;2026-01-02 04:46:30;temperature;25.898;False
S0003;2026-01-02 04:46:30;humidity;60.584;False
S0011;2026-01-02 04:46:30;ventilation;0.908;False
S0005;2026-01-02 04:46:30;ventilation;0.718;False
S0010;2026-01-02 04:46:45;CO2_level;929;False
S0007;2026-01-02 04:46:45;temperature;21.556;False
S0004;2026-01-02 04:46:45;CO2_level;695;False
S0005;2026-01-02 04:46:45;ventilation;0.567;False
S0001;2026-01-02 04:46:45;temperature;22.231;False
S0011;2026-01-02 04:46:45;ventilation;0.674;False
S0001;2026-01-02 04:47:00;temperature;20.587;False
S0007;2026-01-02 04:47:00;temperature;23.485;False
S0004;2026-01-02 04:47:00;CO2_level;1267;True
S0003;2026-01-02 04:47:00;humidity;62.9;False
S0005;2026-01-02 04:47:00;ventilation;0.712;False
S0009;2026-01-02 04:47:00;humidity;60.803;False
S0010;2026-01-02 04:47:00;CO2_level;942;False
S0011;2026-01-02 04:47:00;ventilation;0.617;False
S0007;2026-01-02 04:47:15;temperature;26.796;False
S0010;2026-01-02 04:47:15;CO2_level;794;False
S0001;2026-01-02 04:47:15;temperature;26.738;False
S0005;2026-01-02 04:47:15;ventilation;0.78;False
S0004;2026-01-02 04:47:15;CO2_level;888;False
S0011;2026-01-02 04:47:15;ventilation;0.948;False
S0004;2026-01-02 04:47:30;CO2_level;653;False
S0003;2026-01-02 04:47:30;humidity;68.125;False
S0011;2026-01-02 04:47:30;ventilation;0.905;False
S0007;2026-01-02 04:47:30;temperature;19.926;False
S0001;2026-01-02 04:47:30;temperature;20.012;False
S0009;2026-01-02 04:47:30;humidity;69.351;False
S0005;2026-01-02 04:47:30;ventilation;0.535;False
S0010;2026-01-02 04:47:30;CO2_level;931;False
S0007;2026-01-02 04:47:45;temperature;19.229;False
S0010;2026-01-02 04:47:45;CO2_level;809;False
S0011;2026-01-02 04:47:45;ventilation;0.771;False
S0001;2026-01-02 04:47:45;temperature;15.137;False
S0005;2026-01-02 04:47:45;ventilation;0.613;False
S0004;2026-01-02 04:47:45;CO2_level;1157;False
S0004;2026-01-02 04:48:00;CO2_level;867;False
S0007;2026-01-02 04:48:00;temperature;16.413;False
S0011;2026-01-02 04:48:00;ventilation;0.834;False
S0005;2026-01-02 04:48:00;ventilation;0.556;False
S0003;2026-01-02 04:48:00;humidity;63.421;False
S0001;2026-01-02 04:48:00;temperature;26.185;False
S0010;2026-01-02 04:48:00;CO2_level;1027;False
S0009;2026-01-02 04:48:00;humidity;72.818;True
S0011;2026-01-02 04:48:15;ventilation;0.998;False
S0010;2026-01-02 04:48:15;CO2_level;1175;False
S0005;2026-01-02 04:48:15;ventilation;0.579;False
S0007;2026-01-02 04:48:15;temperature;19.891;False
S0001;2026-01-02 04:48:15;temperature;22.871;False
S0004;2026-01-02 04:48:15;CO2_level;1118;False
S0011;2026-01-02 04:48:30;ventilation;0.709;False
S0010;2026-01-02 04:48:30;CO2_level;681;False
S0009;2026-01-02 04:48:30;humidity;61.883;False
S0005;2026-01-02 04:48:30;ventilation;0.584;False
S0007;2026-01-02 04:48:30;temperature;23.617;False
S0001;2026-01-02 04:48:30;temperature;21.136;False
S0003;2026-01-02 04:48:30;humidity;66.097;False
S0004;2026-01-02 04:48:30;CO2_level;1083;False
S0011;2026-01-02 04:48:45;ventilation;0.939;False
S0007;2026-01-02 04:48:45;temperature;17.709;False
S0001;2026-01-02 04:48:45;temperature;25.804;False
S0005;2026-01-02 04:48:45;ventilation;0.775;False
S0010;2026-01-02 04:48:45;CO2_level;984;False
S0004;2026-01-02 04:48:45;CO2_level;795;False
S0003;2026-01-02 04:49:00;humidity;62.738;False
S0005;2026-01-02 04:49:00;ventilation;0.92;False
S0009;2026-01-02 04:49:00;humidity;61.251;False
S0001;2026-01-02 04:49:00;temperature;20.251;False
S0004;2026-01-02 04:49:00;CO2_level;1151;False
S0011;2026-01-02 04:49:00;ventilation;0.759;False
S0010;2026-01-02 04:49:00;CO2_level;860;False
S0007;2026-01-02 04:49:00;temperature;19.875;False
S0001;2026-01-02 04:49:15;temperature;15.711;False
S0010;2026-01-02 04:49:15;CO2_level;1157;False
S0005;2026-01-02 04:49:15;ventilation;0.522;False
S0011;2026-01-02 04:49:15;ventilation;0.747;False
S0004;2026-01-02 04:49:15;CO2_level;1179;False
S0007;2026-01-02 04:49:15;temperature;15.048;False
S0004;2026-01-02 04:49:30;CO2_level;690;False
S0001;2026-01-02 04:49:30;temperature;19.122;False
S0010;2026-01-02 04:49:30;CO2_level;923;False
S0011;2026-01-02 04:49:30;ventilation;0.667;False
S0009;2026-01-02 04:49:30;humidity;63.617;False
S0003;2026-01-02 04:49:30;humidity;62.278;False
S0005;2026-01-02 04:49:30;ventilation;0.84;False
S0007;2026-01-02 04:49:30;temperature;26.231;False
S0005;2026-01-02 04:49:45;ventilation;0.852;False
S0011;2026-01-02 04:49:45;ventilation;0.524;False
S0004;2026-01-02 04:49:45;CO2_level;1102;False
S0007;2026-01-02 04:49:45;temperature;25.553;False
S0010;2026-01-02 04:49:45;CO2_level;684;False
S0001;2026-01-02 04:49:45;temperature;19.973;False
S0003;2026-01-02 04:50:00;humidity;68.632;False
S0007;2026-01-02 04:50:00;temperature;22.375;False
S0011;2026-01-02 04:50:00;ventilation;0.933;False
S0004;2026-01-02 04:50:00;CO2_level;692;False
S0010;2026-01-02 04:50:00;CO2_level;384;True
S0005;2026-01-02 04:50:00;ventilation;0.868;False
S0009;2026-01-02 04:50:00;humidity;66.169;False
S0001;2026-01-02 04:50:00;temperature;20.59;False
S0001;2026-01-02 04:50:15;temperature;17.823;False
S0007;2026-01-02 04:50:15;temperature;22.25;False
S0011;2026-01-02 04:50:15;ventilation;0.674;False
S0005;2026-01-02 04:50:15;ventilation;0.898;False
S0004;2026-01-02 04:50:15;CO2_level;787;False
S0010;2026-01-02 04:50:15;CO2_level;841;False
S0009;2026-01-02 04:50:30;humidity;61.974;False
S0004;2026-01-02 04:50:30;CO2_level;null;True
S0003;2026-01-02 04:50:30;humidity;65.086;False
S0005;2026-01-02 04:50:30;ventilation;null;True
S0001;2026-01-02 04:50:30;temperature;null;True
S0007;2026-01-02 04:50:30;temperature;23.018;False
S0010;2026-01-02 04:50:30;CO2_level;1133;False
S0011;2026-01-02 04:50:30;ventilation;0.548;False
S0001;2026-01-02 04:50:45;temperature;25.714;False
S0011;2026-01-02 04:50:45;ventilation;0.545;False
S0004;2026-01-02 04:50:45;CO2_level;775;False
S0007;2026-01-02 04:50:45;temperature;15.129;False
S0005;2026-01-02 04:50:45;ventilation;0.735;False
S0010;2026-01-02 04:50:45;CO2_level;1044;False
S0004;2026-01-02 04:51:00;CO2_level;1007;False
S0007;2026-01-02 04:51:00;temperature;18.727;False
S0005;2026-01-02 04:51:00;ventilation;0.637;False
S0001;2026-01-02 04:51:00;temperature;18.53;False
S0010;2026-01-02 04:51:00;CO2_level;751;False
S0009;2026-01-02 04:51:00;humidity;65.493;False
S0003;2026-01-02 04:51:00;humidity;20.694;True
S0011;2026-01-02 04:51:00;ventilation;0.984;False
S0001;2026-01-02 04:51:15;temperature;19.131;False
S0004;2026-01-02 04:51:15;CO2_level;1042;False
S0010;2026-01-02 04:51:15;CO2_level;970;False
S0011;2026-01-02 04:51:15;ventilation;0.598;False
S0005;2026-01-02 04:51:15;ventilation;null;True
S0007;2026-01-02 04:51:15;temperature;26.554;False
S0004;2026-01-02 04:51:30;CO2_level;387;True
S0010;2026-01-02 04:51:30;CO2_level;659;False
S0001;2026-01-02 04:51:30;temperature;18.498;False
S0009;2026-01-02 04:51:30;humidity;69.944;False
S0011;2026-01-02 04:51:30;ventilation;0.792;False
S0007;2026-01-02 04:51:30;temperature;26.345;False
S0003;2026-01-02 04:51:30;humidity;67.382;False
S0005;2026-01-02 04:51:30;ventilation;1.869;True
S0010;2026-01-02 04:51:45;CO2_level;634;False
S0005;2026-01-02 04:51:45;ventilation;0.815;False
S0001;2026-01-02 04:51:45;temperature;null;True
S0004;2026-01-02 04:51:45;CO2_level;830;False
S0011;2026-01-02 04:51:45;ventilation;0.502;False
S0007;2026-01-02 04:51:45;temperature;18.319;False
S0011;2026-01-02 04:52:00;ventilation;0.755;False
S0003;2026-01-02 04:52:00;humidity;60.218;False
S0007;2026-01-02 04:52:00;temperature;17.375;False
S0010;2026-01-02 04:52:00;CO2_level;781;False
S0009;2026-01-02 04:52:00;humidity;60.211;False
S0001;2026-01-02 04:52:00;temperature;24.488;False
S0004;2026-01-02 04:52:00;CO2_level;788;False
S0005;2026-01-02 04:52:00;ventilation;0.69;False
S0004;2026-01-02 04:52:15;CO2_level;767;False
S0001;2026-01-02 04:52:15;temperature;23.911;False
S0011;2026-01-02 04:52:15;ventilation;0.566;False
S0007;2026-01-02 04:52:15;temperature;23.325;False
S0010;2026-01-02 04:52:15;CO2_level;1040;False
S0005;2026-01-02 04:52:15;ventilation;0.924;False
S0010;2026-01-02 04:52:30;CO2_level;702;False
S0004;2026-01-02 04:52:30;CO2_level;703;False
S0001;2026-01-02 04:52:30;temperature;15.881;False
S0003;2026-01-02 04:52:30;humidity;66.758;False
S0009;2026-01-02 04:52:30;humidity;63.77;False
S0005;2026-01-02 04:52:30;ventilation;0.829;False
S0011;2026-01-02 04:52:30;ventilation;0.527;False
S0007;2026-01-02 04:52:30;temperature;22.454;False
S0011;2026-01-02 04:52:45;ventilation;0.574;False
S0007;2026-01-02 04:52:45;temperature;22.6;False
S0001;2026-01-02 04:52:45;temperature;22.013;False
S0005;2026-01-02 04:52:45;ventilation;0.701;False
S0010;2026-01-02 04:52:45;CO2_level;694;False
S0004;2026-01-02 04:52:45;CO2_level;729;False
S0007;2026-01-02 04:53:00;temperature;28.873;True
S0009;2026-01-02 04:53:00;humidity;69.888;False
S0001;2026-01-02 04:53:00;temperature;21.113;False
S0011;2026-01-02 04:53:00;ventilation;0.611;False
S0005;2026-01-02 04:53:00;ventilation;0.913;False
S0010;2026-01-02 04:53:00;CO2_level;795;False
S0004;2026-01-02 04:53:00;CO2_level;1154;False
S0003;2026-01-02 04:53:00;humidity;48.922;True
S0004;2026-01-02 04:53:15;CO2_level;1145;False
S0007;2026-01-02 04:53:15;temperature;15.856;False
S0005;2026-01-02 04:53:15;ventilation;0.836;False
S0010;2026-01-02 04:53:15;CO2_level;991;False
S0001;2026-01-02 04:53:15;temperature;22.633;False
S0011;2026-01-02 04:53:15;ventilation;0.708;False
S0005;2026-01-02 04:53:30;ventilation;0.725;False
S0003;2026-01-02 04:53:30;humidity;61.473;False
S0004;2026-01-02 04:53:30;CO2_level;970;False
S0010;2026-01-02 04:53:30;CO2_level;null;True
S0009;2026-01-02 04:53:30;humidity;63.745;False
S0007;2026-01-02 04:53:30;temperature;21.904;False
S0001;2026-01-02 04:53:30;temperature;25.787;False
S0011;2026-01-02 04:53:30;ventilation;1.292;True
S0011;2026-01-02 04:53:45;ventilation;0.579;False
S0005;2026-01-02 04:53:45;ventilation;0.98;False
S0007;2026-01-02 04:53:45;temperature;26.427;False
S0001;2026-01-02 04:53:45;temperature;17.143;False
S0004;2026-01-02 04:53:45;CO2_level;1107;False
S0010;2026-01-02 04:53:45;CO2_level;1126;False
S0003;2026-01-02 04:54:00;humidity;68.417;False
S0010;2026-01-02 04:54:00;CO2_level;813;False
S0011;2026-01-02 04:54:00;ventilation;0.553;False
S0009;2026-01-02 04:54:00;humidity;61.476;False
S0005;2026-01-02 04:54:00;ventilation;0.774;False
S0004;2026-01-02 04:54:00;CO2_level;1172;False
S0001;2026-01-02 04:54:00;temperature;23.519;False
S0007;2026-01-02 04:54:00;temperature;26.425;False
S0001;2026-01-02 04:54:15;temperature;26.0;False
S0010;2026-01-02 04:54:15;CO2_level;749;False
S0007;2026-01-02 04:54:15;temperature;22.29;False
S0011;2026-01-02 04:54:15;ventilation;null;True
S0005;2026-01-02 04:54:15;ventilation;1.451;True
S0004;2026-01-02 04:54:15;CO2_level;783;False
S0007;2026-01-02 04:54:30;temperature;19.008;False
S0005;2026-01-02 04:54:30;ventilation;0.77;False
S0009;2026-01-02 04:54:30;humidity;null;True
S0011;2026-01-02 04:54:30;ventilation;0.683;False
S0003;2026-01-02 04:54:30;humidity;68.232;False
S0001;2026-01-02 04:54:30;temperature;25.073;False
S0004;2026-01-02 04:54:30;CO2_level;1145;False
S0010;2026-01-02 04:54:30;CO2_level;1074;False
S0001;2026-01-02 04:54:45;temperature;26.228;False
S0007;2026-01-02 04:54:45;temperature;20.414;False
S0004;2026-01-02 04:54:45;CO2_level;416;True
S0010;2026-01-02 04:54:45;CO2_level;959;False
S0005;2026-01-02 04:54:45;ventilation;0.215;True
S0011;2026-01-02 04:54:45;ventilation;0.625;False
S0005;2026-01-02 04:55:00;ventilation;0.684;False
S0009;2026-01-02 04:55:00;humidity;12.661;True
S0001;2026-01-02 04:55:00;temperature;19.87;False
S0010;2026-01-02 04:55:00;CO2_level;887;False
S0011;2026-01-02 04:55:00;ventilation;0.725;False
S0007;2026-01-02 04:55:00;temperature;26.557;False
S0003;2026-01-02 04:55:00;humidity;77.501;True
S0004;2026-01-02 04:55:00;CO2_level;1043;False
S0007;2026-01-02 04:55:15;temperature;17.135;False
S0001;2026-01-02 04:55:15;temperature;16.952;False
S0011;2026-01-02 04:55:15;ventilation;0.09;True
S0005;2026-01-02 04:55:15;ventilation;0.65;False
S0010;2026-01-02 04:55:15;CO2_level;1034;False
S0004;2026-01-02 04:55:15;CO2_level;631;False
S0004;2026-01-02 04:55:30;CO2_level;1212;True
S0005;2026-01-02 04:55:30;ventilation;0.861;False
S0001;2026-01-02 04:55:30;temperature;21.099;False
S0010;2026-01-02 04:55:30;CO2_level;1075;False
S0003;2026-01-02 04:55:30;humidity;63.43;False
S0007;2026-01-02 04:55:30;temperature;18.738;False
S0011;2026-01-02 04:55:30;ventilation;0.703;False
S0009;2026-01-02 04:55:30;humidity;64.106;False
S0001;2026-01-02 04:55:45;temperature;24.001;False
S0010;2026-01-02 04:55:45;CO2_level;685;False
S0011;2026-01-02 04:55:45;ventilation;0.534;False
S0004;2026-01-02 04:55:45;CO2_level;750;False
S0005;2026-01-02 04:55:45;ventilation;1.558;True
S0007;2026-01-02 04:55:45;temperature;17.09;False
S0003;2026-01-02 04:56:00;humidity;61.033;False
S0011;2026-01-02 04:56:00;ventilation;0.904;False
S0005;2026-01-02 04:56:00;ventilation;0.505;False
S0007;2026-01-02 04:56:00;temperature;22.313;False
S0004;2026-01-02 04:56:00;CO2_level;626;False
S0010;2026-01-02 04:56:00;CO2_level;513;True
S0009;2026-01-02 04:56:00;humidity;68.88;False
S0001;2026-01-02 04:56:00;temperature;16.995;False
S0011;2026-01-02 04:56:15;ventilation;0.524;False
S0005;2026-01-02 04:56:15;ventilation;0.721;False
S0004;2026-01-02 04:56:15;CO2_level;820;False
S0007;2026-01-02 04:56:15;temperature;19.967;False
S0001;2026-01-02 04:56:15;temperature;19.989;False
S0010;2026-01-02 04:56:15;CO2_level;828;False
S0009;2026-01-02 04:56:30;humidity;66.281;False
S0011;2026-01-02 04:56:30;ventilation;0.501;False
S0005;2026-01-02 04:56:30;ventilation;0.656;False
S0003;2026-01-02 04:56:30;humidity;66.219;False
S0004;2026-01-02 04:56:30;CO2_level;838;False
S0001;2026-01-02 04:56:30;temperature;21.726;False
S0010;2026-01-02 04:56:30;CO2_level;null;True
S0007;2026-01-02 04:56:30;temperature;15.958;False
S0010;2026-01-02 04:56:45;CO2_level;770;False
S0007;2026-01-02 04:56:45;temperature;19.761;False
S0011;2026-01-02 04:56:45;ventilation;0.865;False
S0001;2026-01-02 04:56:45;temperature;18.747;False
S0004;2026-01-02 04:56:45;CO2_level;1141;False
S0005;2026-01-02 04:56:45;ventilation;0.856;False
S0004;2026-01-02 04:57:00;CO2_level;1003;False
S0005;2026-01-02 04:57:00;ventilation;0.981;False
S0001;2026-01-02 04:57:00;temperature;25.12;False
S0003;2026-01-02 04:57:00;humidity;62.392;False
S0010;2026-01-02 04:57:00;CO2_level;621;False
S0009;2026-01-02 04:57:00;humidity;66.145;False
S0007;2026-01-02 04:57:00;temperature;16.697;False
S0011;2026-01-02 04:57:00;ventilation;0.89;False
S0011;2026-01-02 04:57:15;ventilation;0.863;False
S0007;2026-01-02 04:57:15;temperature;24.275;False
S0001;2026-01-02 04:57:15;temperature;23.782;False
S0004;2026-01-02 04:57:15;CO2_level;812;False
S0010;2026-01-02 04:57:15;CO2_level;1020;False
S0005;2026-01-02 04:57:15;ventilation;0.713;False
S0011;2026-01-02 04:57:30;ventilation;0.805;False
S0005;2026-01-02 04:57:30;ventilation;0.965;False
S0003;2026-01-02 04:57:30;humidity;60.332;False
S0009;2026-01-02 04:57:30;humidity;66.803;False
S0004;2026-01-02 04:57:30;CO2_level;916;False
S0010;2026-01-02 04:57:30;CO2_level;1182;False
S0007;2026-01-02 04:57:30;temperature;20.275;False
S0001;2026-01-02 04:57:30;temperature;24.582;False
S0001;2026-01-02 04:57:45;temperature;19.853;False
S0007;2026-01-02 04:57:45;temperature;18.867;False
S0010;2026-01-02 04:57:45;CO2_level;823;False
S0011;2026-01-02 04:57:45;ventilation;0.711;False
S0005;2026-01-02 04:57:45;ventilation;0.585;False
S0004;2026-01-02 04:57:45;CO2_level;883;False
S0009;2026-01-02 04:58:00;humidity;68.909;False
S0004;2026-01-02 04:58:00;CO2_level;876;False
S0005;2026-01-02 04:58:00;ventilation;0.553;False
S0007;2026-01-02 04:58:00;temperature;17.414;False
S0011;2026-01-02 04:58:00;ventilation;0.697;False
S0010;2026-01-02 04:58:00;CO2_level;1061;False
S0003;2026-01-02 04:58:00;humidity;65.846;False
S0001;2026-01-02 04:58:00;temperature;20.383;False
S0004;2026-01-02 04:58:15;CO2_level;909;False
S0007;2026-01-02 04:58:15;temperature;20.086;False
S0010;2026-01-02 04:58:15;CO2_level;905;False
S0005;2026-01-02 04:58:15;ventilation;0.07;True
S0011;2026-01-02 04:58:15;ventilation;0.598;False
S0001;2026-01-02 04:58:15;temperature;20.214;False
S0001;2026-01-02 04:58:30;temperature;19.771;False
S0009;2026-01-02 04:58:30;humidity;69.509;False
S0003;2026-01-02 04:58:30;humidity;67.759;False
S0005;2026-01-02 04:58:30;ventilation;0.145;True
S0011;2026-01-02 04:58:30;ventilation;0.713;False
S0007;2026-01-02 04:58:30;temperature;14.498;True
S0004;2026-01-02 04:58:30;CO2_level;1000;False
S0010;2026-01-02 04:58:30;CO2_level;623;False
S0010;2026-01-02 04:58:45;CO2_level;699;False
S0007;2026-01-02 04:58:45;temperature;29.183;True
S0005;2026-01-02 04:58:45;ventilation;0.736;False
S0011;2026-01-02 04:58:45;ventilation;0.916;False
S0004;2026-01-02 04:58:45;CO2_level;1057;False
S0001;2026-01-02 04:58:45;temperature;26.598;False
S0010;2026-01-02 04:59:00;CO2_level;868;False
S0005;2026-01-02 04:59:00;ventilation;0.869;False
S0007;2026-01-02 04:59:00;temperature;25.248;False
S0003;2026-01-02 04:59:00;humidity;61.777;False
S0001;2026-01-02 04:59:00;temperature;18.832;False
S0011;2026-01-02 04:59:00;ventilation;0.956;False
S0004;2026-01-02 04:59:00;CO2_level;970;False
S0009;2026-01-02 04:59:00;humidity;69.934;False
S0005;2026-01-02 04:59:15;ventilation;0.512;False
S0007;2026-01-02 04:59:15;temperature;24.669;False
S0001;2026-01-02 04:59:15;temperature;18.329;False
S0011;2026-01-02 04:59:15;ventilation;0.937;False
S0010;2026-01-02 04:59:15;CO2_level;815;False
S0004;2026-01-02 04:59:15;CO2_level;924;False
S0009;2026-01-02 04:59:30;humidity;63.651;False
S0003;2026-01-02 04:59:30;humidity;62.052;False
S0007;2026-01-02 04:59:30;temperature;17.316;False
S0001;2026-01-02 04:59:30;temperature;8.582;True
S0004;2026-01-02 04:59:30;CO2_level;986;False
S0011;2026-01-02 04:59:30;ventilation;0.836;False
S0010;2026-01-02 04:59:30;CO2_level;1255;True
S0005;2026-01-02 04:59:30;ventilation;0.83;False
S0005;2026-01-02 04:59:45;ventilation;0.588;False
S0011;2026-01-02 04:59:45;ventilation;0.908;False
S0004;2026-01-02 04:59:45;CO2_level;622;False
S0010;2026-01-02 04:59:45;CO2_level;1150;False
S0001;2026-01-02 04:59:45;temperature;18.047;False
S0007;2026-01-02 04:59:45;temperature;18.521;False
S0011;2026-01-02 05:00:00;ventilation;0.827;False
S0010;2026-01-02 05:00:00;CO2_level;1181;False
S0007;2026-01-02 05:00:00;temperature;20.866;False
S0005;2026-01-02 05:00:00;ventilation;0.784;False
S0001;2026-01-02 05:00:00;temperature;23.374;False
S0009;2026-01-02 05:00:00;humidity;65.12;False
S0003;2026-01-02 05:00:00;humidity;61.384;False
S0004;2026-01-02 05:00:00;CO2_level;781;False
S0005;2026-01-02 05:00:15;ventilation;0.853;False
S0007;2026-01-02 05:00:15;temperature;15.705;False
S0004;2026-01-02 05:00:15;CO2_level;829;False
S0010;2026-01-02 05:00:15;CO2_level;798;False
S0001;2026-01-02 05:00:15;temperature;22.419;False
S0011;2026-01-02 05:00:15;ventilation;0.253;True
S0009;2026-01-02 05:00:30;humidity;68.697;False
S0010;2026-01-02 05:00:30;CO2_level;1193;False
S0011;2026-01-02 05:00:30;ventilation;0.998;False
S0003;2026-01-02 05:00:30;humidity;70.438;True
S0004;2026-01-02 05:00:30;CO2_level;1133;False
S0005;2026-01-02 05:00:30;ventilation;0.556;False
S0007;2026-01-02 05:00:30;temperature;20.89;False
S0001;2026-01-02 05:00:30;temperature;15.655;False
S0011;2026-01-02 05:00:45;ventilation;0.828;False
S0004;2026-01-02 05:00:45;CO2_level;788;False
S0005;2026-01-02 05:00:45;ventilation;0.809;False
S0007;2026-01-02 05:00:45;temperature;26.818;False
S0001;2026-01-02 05:00:45;temperature;19.65;False
S0010;2026-01-02 05:00:45;CO2_level;1143;False
S0007;2026-01-02 05:01:00;temperature;26.104;False
S0011;2026-01-02 05:01:00;ventilation;0.99;False
S0010;2026-01-02 05:01:00;CO2_level;779;False
S0003;2026-01-02 05:01:00;humidity;61.936;False
S0005;2026-01-02 05:01:00;ventilation;0.879;False
S0004;2026-01-02 05:01:00;CO2_level;924;False
S0009;2026-01-02 05:01:00;humidity;64.569;False
S0001;2026-01-02 05:01:00;temperature;17.604;False
S0007;2026-01-02 05:01:15;temperature;18.937;False
S0001;2026-01-02 05:01:15;temperature;17.844;False
S0011;2026-01-02 05:01:15;ventilation;0.904;False
S0005;2026-01-02 05:01:15;ventilation;0.732;False
S0004;2026-01-02 05:01:15;CO2_level;748;False
S0010;2026-01-02 05:01:15;CO2_level;1051;False
S0009;2026-01-02 05:01:30;humidity;65.206;False
S0011;2026-01-02 05:01:30;ventilation;0.875;False
S0001;2026-01-02 05:01:30;temperature;22.284;False
S0010;2026-01-02 05:01:30;CO2_level;923;False
S0005;2026-01-02 05:01:30;ventilation;0.591;False
S0003;2026-01-02 05:01:30;humidity;60.549;False
S0007;2026-01-02 05:01:30;temperature;18.613;False
S0004;2026-01-02 05:01:30;CO2_level;730;False
S0010;2026-01-02 05:01:45;CO2_level;836;False
S0011;2026-01-02 05:01:45;ventilation;0.93;False
S0005;2026-01-02 05:01:45;ventilation;1.75;True
S0001;2026-01-02 05:01:45;temperature;19.433;False
S0004;2026-01-02 05:01:45;CO2_level;612;False
S0007;2026-01-02 05:01:45;temperature;21.25;False
S0011;2026-01-02 05:02:00;ventilation;0.945;False
S0001;2026-01-02 05:02:00;temperature;20.341;False
S0007;2026-01-02 05:02:00;temperature;25.799;False
S0004;2026-01-02 05:02:00;CO2_level;1142;False
S0009;2026-01-02 05:02:00;humidity;65.159;False
S0005;2026-01-02 05:02:00;ventilation;0.682;False
S0010;2026-01-02 05:02:00;CO2_level;862;False
S0003;2026-01-02 05:02:00;humidity;68.631;False
S0004;2026-01-02 05:02:15;CO2_level;918;False
S0001;2026-01-02 05:02:15;temperature;21.026;False
S0007;2026-01-02 05:02:15;temperature;21.057;False
S0005;2026-01-02 05:02:15;ventilation;0.922;False
S0011;2026-01-02 05:02:15;ventilation;0.593;False
S0010;2026-01-02 05:02:15;CO2_level;1008;False
S0003;2026-01-02 05:02:30;humidity;69.83;False
S0005;2026-01-02 05:02:30;ventilation;0.97;False
S0004;2026-01-02 05:02:30;CO2_level;1193;False
S0011;2026-01-02 05:02:30;ventilation;0.609;False
S0009;2026-01-02 05:02:30;humidity;68.119;False
S0001;2026-01-02 05:02:30;temperature;15.879;False
S0007;2026-01-02 05:02:30;temperature;26.631;False
S0010;2026-01-02 05:02:30;CO2_level;852;False
S0007;2026-01-02 05:02:45;temperature;26.367;False
S0005;2026-01-02 05:02:45;ventilation;0.658;False
S0010;2026-01-02 05:02:45;CO2_level;654;False
S0001;2026-01-02 05:02:45;temperature;21.963;False
S0004;2026-01-02 05:02:45;CO2_level;994;False
S0011;2026-01-02 05:02:45;ventilation;0.959;False
S0009;2026-01-02 05:03:00;humidity;69.645;False
S0005;2026-01-02 05:03:00;ventilation;null;True
S0003;2026-01-02 05:03:00;humidity;65.718;False
S0004;2026-01-02 05:03:00;CO2_level;1185;False
S0011;2026-01-02 05:03:00;ventilation;0.923;False
S0001;2026-01-02 05:03:00;temperature;15.566;False
S0007;2026-01-02 05:03:00;temperature;20.199;False
S0010;2026-01-02 05:03:00;CO2_level;773;False
S0011;2026-01-02 05:03:15;ventilation;0.998;False
S0005;2026-01-02 05:03:15;ventilation;0.833;False
S0004;2026-01-02 05:03:15;CO2_level;808;False
S0001;2026-01-02 05:03:15;temperature;17.743;False
S0010;2026-01-02 05:03:15;CO2_level;1125;False
S0007;2026-01-02 05:03:15;temperature;18.02;False
S0009;2026-01-02 05:03:30;humidity;60.687;False
S0010;2026-01-02 05:03:30;CO2_level;1117;False
S0001;2026-01-02 05:03:30;temperature;26.708;False
S0007;2026-01-02 05:03:30;temperature;18.841;False
S0005;2026-01-02 05:03:30;ventilation;0.577;False
S0011;2026-01-02 05:03:30;ventilation;0.614;False
S0004;2026-01-02 05:03:30;CO2_level;1089;False
S0003;2026-01-02 05:03:30;humidity;63.985;False
S0011;2026-01-02 05:03:45;ventilation;1.32;True
S0005;2026-01-02 05:03:45;ventilation;0.605;False
S0004;2026-01-02 05:03:45;CO2_level;1126;False
S0007;2026-01-02 05:03:45;temperature;5.502;True
S0010;2026-01-02 05:03:45;CO2_level;1053;False
S0001;2026-01-02 05:03:45;temperature;4.853;True
S0010;2026-01-02 05:04:00;CO2_level;925;False
S0009;2026-01-02 05:04:00;humidity;60.567;False
S0005;2026-01-02 05:04:00;ventilation;0.565;False
S0007;2026-01-02 05:04:00;temperature;21.629;False
S0004;2026-01-02 05:04:00;CO2_level;901;False
S0001;2026-01-02 05:04:00;temperature;19.608;False
S0011;2026-01-02 05:04:00;ventilation;null;True
S0003;2026-01-02 05:04:00;humidity;60.043;False
S0011;2026-01-02 05:04:15;ventilation;0.723;False
S0010;2026-01-02 05:04:15;CO2_level;647;False
S0005;2026-01-02 05:04:15;ventilation;0.626;False
S0001;2026-01-02 05:04:15;temperature;22.131;False
S0007;2026-01-02 05:04:15;temperature;19.04;False
S0004;2026-01-02 05:04:15;CO2_level;1130;False
S0009;2026-01-02 05:04:30;humidity;69.979;False
S0011;2026-01-02 05:04:30;ventilation;0.77;False
S0007;2026-01-02 05:04:30;temperature;16.436;False
S0003;2026-01-02 05:04:30;humidity;68.948;False
S0004;2026-01-02 05:04:30;CO2_level;1071;False
S0005;2026-01-02 05:04:30;ventilation;0.542;False
S0010;2026-01-02 05:04:30;CO2_level;683;False
S0001;2026-01-02 05:04:30;temperature;18.664;False
S0001;2026-01-02 05:04:45;temperature;22.161;False
S0005;2026-01-02 05:04:45;ventilation;0.673;False
S0007;2026-01-02 05:04:45;temperature;15.876;False
S0010;2026-01-02 05:04:45;CO2_level;607;False
S0004;2026-01-02 05:04:45;CO2_level;904;False
S0011;2026-01-02 05:04:45;ventilation;0.519;False
S0001;2026-01-02 05:05:00;temperature;24.681;False
S0010;2026-01-02 05:05:00;CO2_level;704;False
S0011;2026-01-02 05:05:00;ventilation;1.832;True
S0007;2026-01-02 05:05:00;temperature;21.524;False
S0005;2026-01-02 05:05:00;ventilation;0.526;False
S0003;2026-01-02 05:05:00;humidity;68.463;False
S0004;2026-01-02 05:05:00;CO2_level;1158;False
S0009;2026-01-02 05:05:00;humidity;68.406;False
S0010;2026-01-02 05:05:15;CO2_level;962;False
S0005;2026-01-02 05:05:15;ventilation;0.993;False
S0007;2026-01-02 05:05:15;temperature;17.25;False
S0011;2026-01-02 05:05:15;ventilation;0.559;False
S0004;2026-01-02 05:05:15;CO2_level;915;False
S0001;2026-01-02 05:05:15;temperature;21.825;False
S0004;2026-01-02 05:05:30;CO2_level;812;False
S0011;2026-01-02 05:05:30;ventilation;0.772;False
S0003;2026-01-02 05:05:30;humidity;60.188;False
S0007;2026-01-02 05:05:30;temperature;24.202;False
S0005;2026-01-02 05:05:30;ventilation;0.608;False
S0010;2026-01-02 05:05:30;CO2_level;1186;False
S0001;2026-01-02 05:05:30;temperature;24.942;False
S0009;2026-01-02 05:05:30;humidity;62.463;False
S0004;2026-01-02 05:05:45;CO2_level;1107;False
S0001;2026-01-02 05:05:45;temperature;21.288;False
S0005;2026-01-02 05:05:45;ventilation;0.917;False
S0007;2026-01-02 05:05:45;temperature;20.835;False
S0010;2026-01-02 05:05:45;CO2_level;798;False
S0011;2026-01-02 05:05:45;ventilation;0.776;False
S0004;2026-01-02 05:06:00;CO2_level;1158;False
S0010;2026-01-02 05:06:00;CO2_level;1020;False
S0003;2026-01-02 05:06:00;humidity;64.814;False
S0005;2026-01-02 05:06:00;ventilation;0.701;False
S0011;2026-01-02 05:06:00;ventilation;0.994;False
S0001;2026-01-02 05:06:00;temperature;22.177;False
S0009;2026-01-02 05:06:00;humidity;32.968;True
S0007;2026-01-02 05:06:00;temperature;17.646;False
S0007;2026-01-02 05:06:15;temperature;21.117;False
S0011;2026-01-02 05:06:15;ventilation;1.646;True
S0005;2026-01-02 05:06:15;ventilation;0.582;False
S0010;2026-01-02 05:06:15;CO2_level;660;False
S0004;2026-01-02 05:06:15;CO2_level;954;False
S0001;2026-01-02 05:06:15;temperature;17.306;False
S0011;2026-01-02 05:06:30;ventilation;0.975;False
S0009;2026-01-02 05:06:30;humidity;61.008;False
S0001;2026-01-02 05:06:30;temperature;23.07;False
S0005;2026-01-02 05:06:30;ventilation;0.807;False
S0007;2026-01-02 05:06:30;temperature;17.132;False
S0004;2026-01-02 05:06:30;CO2_level;849;False
S0010;2026-01-02 05:06:30;CO2_level;822;False
S0003;2026-01-02 05:06:30;humidity;69.447;False
S0010;2026-01-02 05:06:45;CO2_level;784;False
S0001;2026-01-02 05:06:45;temperature;22.684;False
S0007;2026-01-02 05:06:45;temperature;22.54;False
S0004;2026-01-02 05:06:45;CO2_level;628;False
S0005;2026-01-02 05:06:45;ventilation;0.921;False
S0011;2026-01-02 05:06:45;ventilation;0.743;False
S0003;2026-01-02 05:07:00;humidity;64.582;False
S0010;2026-01-02 05:07:00;CO2_level;1165;False
S0011;2026-01-02 05:07:00;ventilation;0.944;False
S0007;2026-01-02 05:07:00;temperature;19.349;False
S0005;2026-01-02 05:07:00;ventilation;0.821;False
S0001;2026-01-02 05:07:00;temperature;22.367;False
S0009;2026-01-02 05:07:00;humidity;69.725;False
S0004;2026-01-02 05:07:00;CO2_level;834;False
S0004;2026-01-02 05:07:15;CO2_level;676;False
S0007;2026-01-02 05:07:15;temperature;20.363;False
S0010;2026-01-02 05:07:15;CO2_level;635;False
S0005;2026-01-02 05:07:15;ventilation;0.849;False
S0011;2026-01-02 05:07:15;ventilation;0.615;False
S0001;2026-01-02 05:07:15;temperature;22.714;False
S0007;2026-01-02 05:07:30;temperature;18.087;False
S0005;2026-01-02 05:07:30;ventilation;0.675;False
S0003;2026-01-02 05:07:30;humidity;62.283;False
S0009;2026-01-02 05:07:30;humidity;null;True
S0010;2026-01-02 05:07:30;CO2_level;1179;False
S0004;2026-01-02 05:07:30;CO2_level;946;False
S0001;2026-01-02 05:07:30;temperature;26.689;False
S0011;2026-01-02 05:07:30;ventilation;0.698;False
S0005;2026-01-02 05:07:45;ventilation;0.87;False
S0007;2026-01-02 05:07:45;temperature;22.018;False
S0004;2026-01-02 05:07:45;CO2_level;1162;False
S0001;2026-01-02 05:07:45;temperature;21.181;False
S0010;2026-01-02 05:07:45;CO2_level;682;False
S0011;2026-01-02 05:07:45;ventilation;0.667;False
S0005;2026-01-02 05:08:00;ventilation;0.587;False
S0007;2026-01-02 05:08:00;temperature;21.601;False
S0001;2026-01-02 05:08:00;temperature;24.342;False
S0004;2026-01-02 05:08:00;CO2_level;1227;True
S0003;2026-01-02 05:08:00;humidity;64.517;False
S0009;2026-01-02 05:08:00;humidity;62.114;False
S0011;2026-01-02 05:08:00;ventilation;0.768;False
S0010;2026-01-02 05:08:00;CO2_level;927;False
S0010;2026-01-02 05:08:15;CO2_level;1028;False
S0011;2026-01-02 05:08:15;ventilation;0.77;False
S0005;2026-01-02 05:08:15;ventilation;0.627;False
S0004;2026-01-02 05:08:15;CO2_level;1089;False
S0007;2026-01-02 05:08:15;temperature;21.59;False
S0001;2026-01-02 05:08:15;temperature;21.933;False
S0010;2026-01-02 05:08:30;CO2_level;774;False
S0005;2026-01-02 05:08:30;ventilation;0.505;False
S0001;2026-01-02 05:08:30;temperature;22.333;False
S0004;2026-01-02 05:08:30;CO2_level;1239;True
S0011;2026-01-02 05:08:30;ventilation;0.777;False
S0007;2026-01-02 05:08:30;temperature;18.838;False
S0009;2026-01-02 05:08:30;humidity;67.865;False
S0003;2026-01-02 05:08:30;humidity;65.517;False
S0001;2026-01-02 05:08:45;temperature;21.863;False
S0011;2026-01-02 05:08:45;ventilation;0.977;False
S0010;2026-01-02 05:08:45;CO2_level;1171;False
S0007;2026-01-02 05:08:45;temperature;26.086;False
S0005;2026-01-02 05:08:45;ventilation;0.681;False
S0004;2026-01-02 05:08:45;CO2_level;1058;False
S0010;2026-01-02 05:09:00;CO2_level;705;False
S0005;2026-01-02 05:09:00;ventilation;0.86;False
S0011;2026-01-02 05:09:00;ventilation;0.504;False
S0003;2026-01-02 05:09:00;humidity;61.233;False
S0009;2026-01-02 05:09:00;humidity;63.439;False
S0001;2026-01-02 05:09:00;temperature;19.877;False
S0007;2026-01-02 05:09:00;temperature;25.509;False
S0004;2026-01-02 05:09:00;CO2_level;404;True
S0005;2026-01-02 05:09:15;ventilation;0.845;False
S0011;2026-01-02 05:09:15;ventilation;0.946;False
S0010;2026-01-02 05:09:15;CO2_level;681;False
S0007;2026-01-02 05:09:15;temperature;23.843;False
S0004;2026-01-02 05:09:15;CO2_level;733;False
S0001;2026-01-02 05:09:15;temperature;32.239;True
S0003;2026-01-02 05:09:30;humidity;61.495;False
S0005;2026-01-02 05:09:30;ventilation;0.921;False
S0001;2026-01-02 05:09:30;temperature;23.475;False
S0009;2026-01-02 05:09:30;humidity;63.441;False
S0007;2026-01-02 05:09:30;temperature;4.709;True
S0011;2026-01-02 05:09:30;ventilation;0.562;False
S0010;2026-01-02 05:09:30;CO2_level;1083;False
S0004;2026-01-02 05:09:30;CO2_level;450;True
S0010;2026-01-02 05:09:45;CO2_level;679;False
S0011;2026-01-02 05:09:45;ventilation;0.417;True
S0001;2026-01-02 05:09:45;temperature;24.245;False
S0004;2026-01-02 05:09:45;CO2_level;737;False
S0005;2026-01-02 05:09:45;ventilation;0.74;False
S0007;2026-01-02 05:09:45;temperature;22.383;False
S0007;2026-01-02 05:10:00;temperature;19.073;False
S0003;2026-01-02 05:10:00;humidity;68.008;False
S0010;2026-01-02 05:10:00;CO2_level;717;False
S0001;2026-01-02 05:10:00;temperature;17.617;False
S0011;2026-01-02 05:10:00;ventilation;0.277;True
S0005;2026-01-02 05:10:00;ventilation;0.889;False
S0009;2026-01-02 05:10:00;humidity;69.471;False
S0004;2026-01-02 05:10:00;CO2_level;731;False
S0011;2026-01-02 05:10:15;ventilation;0.778;False
S0005;2026-01-02 05:10:15;ventilation;0.695;False
S0007;2026-01-02 05:10:15;temperature;16.312;False
S0004;2026-01-02 05:10:15;CO2_level;862;False
S0001;2026-01-02 05:10:15;temperature;15.477;False
S0010;2026-01-02 05:10:15;CO2_level;null;True
S0007;2026-01-02 05:10:30;temperature;18.018;False
S0004;2026-01-02 05:10:30;CO2_level;738;False
S0011;2026-01-02 05:10:30;ventilation;0.733;False
S0010;2026-01-02 05:10:30;CO2_level;831;False
S0009;2026-01-02 05:10:30;humidity;65.17;False
S0003;2026-01-02 05:10:30;humidity;62.314;False
S0001;2026-01-02 05:10:30;temperature;25.98;False
S0005;2026-01-02 05:10:30;ventilation;0.656;False
S0005;2026-01-02 05:10:45;ventilation;0.62;False
S0004;2026-01-02 05:10:45;CO2_level;754;False
S0001;2026-01-02 05:10:45;temperature;16.561;False
S0011;2026-01-02 05:10:45;ventilation;0.716;False
S0010;2026-01-02 05:10:45;CO2_level;1253;True
S0007;2026-01-02 05:10:45;temperature;15.068;False
S0005;2026-01-02 05:11:00;ventilation;0.518;False
S0001;2026-01-02 05:11:00;temperature;21.006;False
S0007;2026-01-02 05:11:00;temperature;21.393;False
S0004;2026-01-02 05:11:00;CO2_level;255;True
S0010;2026-01-02 05:11:00;CO2_level;898;False
S0009;2026-01-02 05:11:00;humidity;63.247;False
S0011;2026-01-02 05:11:00;ventilation;0.799;False
S0003;2026-01-02 05:11:00;humidity;60.739;False
S0004;2026-01-02 05:11:15;CO2_level;1062;False
S0001;2026-01-02 05:11:15;temperature;23.186;False
S0010;2026-01-02 05:11:15;CO2_level;809;False
S0011;2026-01-02 05:11:15;ventilation;0.752;False
S0005;2026-01-02 05:11:15;ventilation;0.669;False
S0007;2026-01-02 05:11:15;temperature;17.241;False
S0011;2026-01-02 05:11:30;ventilation;0.914;False
S0005;2026-01-02 05:11:30;ventilation;0.716;False
S0004;2026-01-02 05:11:30;CO2_level;967;False
S0007;2026-01-02 05:11:30;temperature;null;True
S0009;2026-01-02 05:11:30;humidity;65.588;False
S0010;2026-01-02 05:11:30;CO2_level;1088;False
S0001;2026-01-02 05:11:30;temperature;23.016;False
S0003;2026-01-02 05:11:30;humidity;62.141;False
S0011;2026-01-02 05:11:45;ventilation;0.769;False
S0005;2026-01-02 05:11:45;ventilation;0.82;False
S0010;2026-01-02 05:11:45;CO2_level;645;False
S0001;2026-01-02 05:11:45;temperature;26.61;False
S0004;2026-01-02 05:11:45;CO2_level;866;False
S0007;2026-01-02 05:11:45;temperature;19.92;False
S0007;2026-01-02 05:12:00;temperature;23.196;False
S0009;2026-01-02 05:12:00;humidity;69.249;False
S0001;2026-01-02 05:12:00;temperature;4.399;True
S0003;2026-01-02 05:12:00;humidity;66.127;False
S0010;2026-01-02 05:12:00;CO2_level;913;False
S0004;2026-01-02 05:12:00;CO2_level;1145;False
S0011;2026-01-02 05:12:00;ventilation;0.8;False
S0005;2026-01-02 05:12:00;ventilation;0.82;False
S0010;2026-01-02 05:12:15;CO2_level;1004;False
S0001;2026-01-02 05:12:15;temperature;17.145;False
S0005;2026-01-02 05:12:15;ventilation;0.755;False
S0007;2026-01-02 05:12:15;temperature;14.229;True
S0011;2026-01-02 05:12:15;ventilation;0.858;False
S0004;2026-01-02 05:12:15;CO2_level;806;False
S0004;2026-01-02 05:12:30;CO2_level;818;False
S0005;2026-01-02 05:12:30;ventilation;0.768;False
S0010;2026-01-02 05:12:30;CO2_level;635;False
S0007;2026-01-02 05:12:30;temperature;23.576;False
S0001;2026-01-02 05:12:30;temperature;23.494;False
S0003;2026-01-02 05:12:30;humidity;68.78;False
S0009;2026-01-02 05:12:30;humidity;66.89;False
S0011;2026-01-02 05:12:30;ventilation;1.706;True
S0007;2026-01-02 05:12:45;temperature;25.427;False
S0004;2026-01-02 05:12:45;CO2_level;879;False
S0005;2026-01-02 05:12:45;ventilation;0.857;False
S0001;2026-01-02 05:12:45;temperature;26.379;False
S0010;2026-01-02 05:12:45;CO2_level;915;False
S0011;2026-01-02 05:12:45;ventilation;0.582;False
S0009;2026-01-02 05:13:00;humidity;63.327;False
S0001;2026-01-02 05:13:00;temperature;20.485;False
S0005;2026-01-02 05:13:00;ventilation;0.713;False
S0010;2026-01-02 05:13:00;CO2_level;667;False
S0003;2026-01-02 05:13:00;humidity;60.269;False
S0004;2026-01-02 05:13:00;CO2_level;615;False
S0007;2026-01-02 05:13:00;temperature;23.164;False
S0011;2026-01-02 05:13:00;ventilation;0.705;False
S0010;2026-01-02 05:13:15;CO2_level;1090;False
S0001;2026-01-02 05:13:15;temperature;23.056;False
S0004;2026-01-02 05:13:15;CO2_level;606;False
S0005;2026-01-02 05:13:15;ventilation;0.827;False
S0011;2026-01-02 05:13:15;ventilation;0.728;False
S0007;2026-01-02 05:13:15;temperature;26.552;False
S0010;2026-01-02 05:13:30;CO2_level;978;False
S0001;2026-01-02 05:13:30;temperature;17.444;False
S0011;2026-01-02 05:13:30;ventilation;0.922;False
S0007;2026-01-02 05:13:30;temperature;21.233;False
S0005;2026-01-02 05:13:30;ventilation;0.754;False
S0004;2026-01-02 05:13:30;CO2_level;1189;False
S0009;2026-01-02 05:13:30;humidity;63.234;False
S0003;2026-01-02 05:13:30;humidity;60.629;False
S0001;2026-01-02 05:13:45;temperature;22.193;False
S0007;2026-01-02 05:13:45;temperature;25.553;False
S0010;2026-01-02 05:13:45;CO2_level;943;False
S0005;2026-01-02 05:13:45;ventilation;0.722;False
S0011;2026-01-02 05:13:45;ventilation;0.646;False
S0004;2026-01-02 05:13:45;CO2_level;1240;True
S0005;2026-01-02 05:14:00;ventilation;0.664;False
S0007;2026-01-02 05:14:00;temperature;17.86;False
S0009;2026-01-02 05:14:00;humidity;62.681;False
S0001;2026-01-02 05:14:00;temperature;23.14;False
S0010;2026-01-02 05:14:00;CO2_level;712;False
S0003;2026-01-02 05:14:00;humidity;62.857;False
S0004;2026-01-02 05:14:00;CO2_level;970;False
S0011;2026-01-02 05:14:00;ventilation;0.519;False
S0005;2026-01-02 05:14:15;ventilation;0.832;False
S0010;2026-01-02 05:14:15;CO2_level;1101;False
S0011;2026-01-02 05:14:15;ventilation;0.917;False
S0004;2026-01-02 05:14:15;CO2_level;612;False
S0001;2026-01-02 05:14:15;temperature;22.815;False
S0007;2026-01-02 05:14:15;temperature;20.944;False
S0011;2026-01-02 05:14:30;ventilation;0.643;False
S0005;2026-01-02 05:14:30;ventilation;0.747;False
S0007;2026-01-02 05:14:30;temperature;22.993;False
S0004;2026-01-02 05:14:30;CO2_level;1003;False
S0003;2026-01-02 05:14:30;humidity;65.959;False
S0010;2026-01-02 05:14:30;CO2_level;741;False
S0009;2026-01-02 05:14:30;humidity;69.103;False
S0001;2026-01-02 05:14:30;temperature;15.021;False
S0007;2026-01-02 05:14:45;temperature;18.942;False
S0005;2026-01-02 05:14:45;ventilation;1.829;True
S0010;2026-01-02 05:14:45;CO2_level;854;False
S0004;2026-01-02 05:14:45;CO2_level;963;False
S0001;2026-01-02 05:14:45;temperature;26.321;False
S0011;2026-01-02 05:14:45;ventilation;0.675;False
S0001;2026-01-02 05:15:00;temperature;21.569;False
S0007;2026-01-02 05:15:00;temperature;25.53;False
S0004;2026-01-02 05:15:00;CO2_level;796;False
S0010;2026-01-02 05:15:00;CO2_level;1105;False
S0005;2026-01-02 05:15:00;ventilation;0.784;False
S0009;2026-01-02 05:15:00;humidity;63.911;False
S0011;2026-01-02 05:15:00;ventilation;0.761;False
S0003;2026-01-02 05:15:00;humidity;66.913;False
S0001;2026-01-02 05:15:15;temperature;22.684;False
S0010;2026-01-02 05:15:15;CO2_level;610;False
S0011;2026-01-02 05:15:15;ventilation;0.566;False
S0005;2026-01-02 05:15:15;ventilation;0.631;False
S0004;2026-01-02 05:15:15;CO2_level;1003;False
S0007;2026-01-02 05:15:15;temperature;29.894;True
S0005;2026-01-02 05:15:30;ventilation;0.992;False
S0007;2026-01-02 05:15:30;temperature;26.849;False
S0010;2026-01-02 05:15:30;CO2_level;726;False
S0004;2026-01-02 05:15:30;CO2_level;656;False
S0009;2026-01-02 05:15:30;humidity;62.35;False
S0011;2026-01-02 05:15:30;ventilation;0.786;False
S0001;2026-01-02 05:15:30;temperature;20.37;False
S0003;2026-01-02 05:15:30;humidity;69.93;False
S0005;2026-01-02 05:15:45;ventilation;0.624;False
S0010;2026-01-02 05:15:45;CO2_level;946;False
S0004;2026-01-02 05:15:45;CO2_level;725;False
S0007;2026-01-02 05:15:45;temperature;21.886;False
S0001;2026-01-02 05:15:45;temperature;24.667;False
S0011;2026-01-02 05:15:45;ventilation;0.955;False
S0004;2026-01-02 05:16:00;CO2_level;649;False
S0010;2026-01-02 05:16:00;CO2_level;805;False
S0009;2026-01-02 05:16:00;humidity;66.502;False
S0005;2026-01-02 05:16:00;ventilation;0.843;False
S0007;2026-01-02 05:16:00;temperature;5.414;True
S0003;2026-01-02 05:16:00;humidity;66.194;False
S0001;2026-01-02 05:16:00;temperature;21.648;False
S0011;2026-01-02 05:16:00;ventilation;0.983;False
S0010;2026-01-02 05:16:15;CO2_level;661;False
S0005;2026-01-02 05:16:15;ventilation;0.539;False
S0011;2026-01-02 05:16:15;ventilation;0.82;False
S0007;2026-01-02 05:16:15;temperature;26.72;False
S0004;2026-01-02 05:16:15;CO2_level;648;False
S0001;2026-01-02 05:16:15;temperature;17.048;False
S0003;2026-01-02 05:16:30;humidity;66.281;False
S0007;2026-01-02 05:16:30;temperature;16.052;False
S0010;2026-01-02 05:16:30;CO2_level;617;False
S0004;2026-01-02 05:16:30;CO2_level;885;False
S0009;2026-01-02 05:16:30;humidity;62.637;False
S0005;2026-01-02 05:16:30;ventilation;0.923;False
S0001;2026-01-02 05:16:30;temperature;15.448;False
S0011;2026-01-02 05:16:30;ventilation;0.931;False
S0005;2026-01-02 05:16:45;ventilation;0.829;False
S0010;2026-01-02 05:16:45;CO2_level;1067;False
S0004;2026-01-02 05:16:45;CO2_level;1008;False
S0001;2026-01-02 05:16:45;temperature;25.856;False
S0011;2026-01-02 05:16:45;ventilation;1.6;True
S0007;2026-01-02 05:16:45;temperature;16.577;False
S0009;2026-01-02 05:17:00;humidity;65.155;False
S0010;2026-01-02 05:17:00;CO2_level;1020;False
S0011;2026-01-02 05:17:00;ventilation;0.809;False
S0004;2026-01-02 05:17:00;CO2_level;956;False
S0003;2026-01-02 05:17:00;humidity;65.553;False
S0001;2026-01-02 05:17:00;temperature;25.021;False
S0007;2026-01-02 05:17:00;temperature;18.317;False
S0005;2026-01-02 05:17:00;ventilation;0.73;False
S0007;2026-01-02 05:17:15;temperature;17.818;False
S0011;2026-01-02 05:17:15;ventilation;0.735;False
S0001;2026-01-02 05:17:15;temperature;28.769;True
S0005;2026-01-02 05:17:15;ventilation;0.601;False
S0004;2026-01-02 05:17:15;CO2_level;1226;True
S0010;2026-01-02 05:17:15;CO2_level;967;False
S0011;2026-01-02 05:17:30;ventilation;0.581;False
S0007;2026-01-02 05:17:30;temperature;14.345;True
S0009;2026-01-02 05:17:30;humidity;61.027;False
S0004;2026-01-02 05:17:30;CO2_level;824;False
S0005;2026-01-02 05:17:30;ventilation;0.673;False
S0003;2026-01-02 05:17:30;humidity;64.684;False
S0001;2026-01-02 05:17:30;temperature;21.541;False
S0010;2026-01-02 05:17:30;CO2_level;973;False
S0010;2026-01-02 05:17:45;CO2_level;1112;False
S0004;2026-01-02 05:17:45;CO2_level;928;False
S0007;2026-01-02 05:17:45;temperature;30.977;True
S0001;2026-01-02 05:17:45;temperature;25.31;False
S0011;2026-01-02 05:17:45;ventilation;0.824;False
S0005;2026-01-02 05:17:45;ventilation;0.907;False
S0007;2026-01-02 05:18:00;temperature;20.291;False
S0003;2026-01-02 05:18:00;humidity;66.788;False
S0004;2026-01-02 05:18:00;CO2_level;654;False
S0005;2026-01-02 05:18:00;ventilation;0.777;False
S0009;2026-01-02 05:18:00;humidity;64.082;False
S0010;2026-01-02 05:18:00;CO2_level;608;False
S0001;2026-01-02 05:18:00;temperature;22.966;False
S0011;2026-01-02 05:18:00;ventilation;0.641;False
S0001;2026-01-02 05:18:15;temperature;22.216;False
S0011;2026-01-02 05:18:15;ventilation;0.568;False
S0007;2026-01-02 05:18:15;temperature;21.07;False
S0005;2026-01-02 05:18:15;ventilation;0.642;False
S0004;2026-01-02 05:18:15;CO2_level;790;False
S0010;2026-01-02 05:18:15;CO2_level;646;False
S0001;2026-01-02 05:18:30;temperature;23.657;False
S0004;2026-01-02 05:18:30;CO2_level;618;False
S0011;2026-01-02 05:18:30;ventilation;0.924;False
S0007;2026-01-02 05:18:30;temperature;20.16;False
S0003;2026-01-02 05:18:30;humidity;66.605;False
S0010;2026-01-02 05:18:30;CO2_level;1181;False
S0005;2026-01-02 05:18:30;ventilation;0.663;False
S0009;2026-01-02 05:18:30;humidity;63.527;False
S0007;2026-01-02 05:18:45;temperature;17.698;False
S0001;2026-01-02 05:18:45;temperature;24.765;False
S0004;2026-01-02 05:18:45;CO2_level;669;False
S0011;2026-01-02 05:18:45;ventilation;0.545;False
S0010;2026-01-02 05:18:45;CO2_level;898;False
S0005;2026-01-02 05:18:45;ventilation;0.713;False
S0010;2026-01-02 05:19:00;CO2_level;907;False
S0003;2026-01-02 05:19:00;humidity;73.327;True
S0001;2026-01-02 05:19:00;temperature;23.782;False
S0009;2026-01-02 05:19:00;humidity;69.736;False
S0011;2026-01-02 05:19:00;ventilation;0.892;False
S0007;2026-01-02 05:19:00;temperature;22.943;False
S0004;2026-01-02 05:19:00;CO2_level;1122;False
S0005;2026-01-02 05:19:00;ventilation;0.511;False
S0005;2026-01-02 05:19:15;ventilation;0.611;False
S0011;2026-01-02 05:19:15;ventilation;0.86;False
S0004;2026-01-02 05:19:15;CO2_level;856;False
S0007;2026-01-02 05:19:15;temperature;19.959;False
S0010;2026-01-02 05:19:15;CO2_level;936;False
S0001;2026-01-02 05:19:15;temperature;23.927;False
S0004;2026-01-02 05:19:30;CO2_level;617;False
S0001;2026-01-02 05:19:30;temperature;24.748;False
S0009;2026-01-02 05:19:30;humidity;63.108;False
S0005;2026-01-02 05:19:30;ventilation;0.552;False
S0003;2026-01-02 05:19:30;humidity;63.92;False
S0011;2026-01-02 05:19:30;ventilation;0.664;False
S0007;2026-01-02 05:19:30;temperature;18.457;False
S0010;2026-01-02 05:19:30;CO2_level;1287;True
S0007;2026-01-02 05:19:45;temperature;16.228;False
S0011;2026-01-02 05:19:45;ventilation;0.79;False
S0005;2026-01-02 05:19:45;ventilation;0.942;False
S0004;2026-01-02 05:19:45;CO2_level;720;False
S0010;2026-01-02 05:19:45;CO2_level;737;False
S0001;2026-01-02 05:19:45;temperature;15.542;False
S0009;2026-01-02 05:20:00;humidity;61.811;False
S0001;2026-01-02 05:20:00;temperature;15.772;False
S0003;2026-01-02 05:20:00;humidity;64.449;False
S0007;2026-01-02 05:20:00;temperature;15.561;False
S0010;2026-01-02 05:20:00;CO2_level;816;False
S0005;2026-01-02 05:20:00;ventilation;null;True
S0011;2026-01-02 05:20:00;ventilation;0.918;False
S0004;2026-01-02 05:20:00;CO2_level;728;False
S0004;2026-01-02 05:20:15;CO2_level;1150;False
S0010;2026-01-02 05:20:15;CO2_level;890;False
S0001;2026-01-02 05:20:15;temperature;18.488;False
S0011;2026-01-02 05:20:15;ventilation;0.872;False
S0007;2026-01-02 05:20:15;temperature;26.426;False
S0005;2026-01-02 05:20:15;ventilation;0.796;False
S0007;2026-01-02 05:20:30;temperature;15.06;False
S0011;2026-01-02 05:20:30;ventilation;0.734;False
S0009;2026-01-02 05:20:30;humidity;69.365;False
S0004;2026-01-02 05:20:30;CO2_level;784;False
S0010;2026-01-02 05:20:30;CO2_level;1031;False
S0001;2026-01-02 05:20:30;temperature;16.569;False
S0003;2026-01-02 05:20:30;humidity;68.963;False
S0005;2026-01-02 05:20:30;ventilation;0.653;False
S0011;2026-01-02 05:20:45;ventilation;0.7;False
S0007;2026-01-02 05:20:45;temperature;26.563;False
S0004;2026-01-02 05:20:45;CO2_level;647;False
S0001;2026-01-02 05:20:45;temperature;15.032;False
S0010;2026-01-02 05:20:45;CO2_level;1051;False
S0005;2026-01-02 05:20:45;ventilation;0.801;False
S0011;2026-01-02 05:21:00;ventilation;0.864;False
S0004;2026-01-02 05:21:00;CO2_level;1094;False
S0001;2026-01-02 05:21:00;temperature;21.619;False
S0010;2026-01-02 05:21:00;CO2_level;1197;False
S0009;2026-01-02 05:21:00;humidity;61.001;False
S0007;2026-01-02 05:21:00;temperature;23.179;False
S0005;2026-01-02 05:21:00;ventilation;0.921;False
S0003;2026-01-02 05:21:00;humidity;60.791;False
S0007;2026-01-02 05:21:15;temperature;21.238;False
S0004;2026-01-02 05:21:15;CO2_level;698;False
S0001;2026-01-02 05:21:15;temperature;24.579;False
S0010;2026-01-02 05:21:15;CO2_level;740;False
S0011;2026-01-02 05:21:15;ventilation;0.534;False
S0005;2026-01-02 05:21:15;ventilation;0.606;False
S0005;2026-01-02 05:21:30;ventilation;0.801;False
S0010;2026-01-02 05:21:30;CO2_level;1071;False
S0011;2026-01-02 05:21:30;ventilation;0.712;False
S0004;2026-01-02 05:21:30;CO2_level;1239;True
S0009;2026-01-02 05:21:30;humidity;61.886;False
S0001;2026-01-02 05:21:30;temperature;10.706;True
S0007;2026-01-02 05:21:30;temperature;20.867;False
S0003;2026-01-02 05:21:30;humidity;68.873;False
S0011;2026-01-02 05:21:45;ventilation;0.555;False
S0004;2026-01-02 05:21:45;CO2_level;1124;False
S0001;2026-01-02 05:21:45;temperature;15.858;False
S0010;2026-01-02 05:21:45;CO2_level;770;False
S0005;2026-01-02 05:21:45;ventilation;0.608;False
S0007;2026-01-02 05:21:45;temperature;21.386;False
S0005;2026-01-02 05:22:00;ventilation;0.537;False
S0010;2026-01-02 05:22:00;CO2_level;782;False
S0007;2026-01-02 05:22:00;temperature;28.173;True
S0001;2026-01-02 05:22:00;temperature;16.136;False
S0004;2026-01-02 05:22:00;CO2_level;1028;False
S0003;2026-01-02 05:22:00;humidity;65.949;False
S0009;2026-01-02 05:22:00;humidity;67.971;False
S0011;2026-01-02 05:22:00;ventilation;0.545;False
S0005;2026-01-02 05:22:15;ventilation;0.732;False
S0010;2026-01-02 05:22:15;CO2_level;null;True
S0001;2026-01-02 05:22:15;temperature;18.987;False
S0004;2026-01-02 05:22:15;CO2_level;1168;False
S0007;2026-01-02 05:22:15;temperature;25.932;False
S0011;2026-01-02 05:22:15;ventilation;0.553;False
S0003;2026-01-02 05:22:30;humidity;63.567;False
S0009;2026-01-02 05:22:30;humidity;60.18;False
S0011;2026-01-02 05:22:30;ventilation;0.905;False
S0010;2026-01-02 05:22:30;CO2_level;952;False
S0004;2026-01-02 05:22:30;CO2_level;907;False
S0007;2026-01-02 05:22:30;temperature;15.924;False
S0001;2026-01-02 05:22:30;temperature;23.721;False
S0005;2026-01-02 05:22:30;ventilation;0.988;False
S0011;2026-01-02 05:22:45;ventilation;0.835;False
S0001;2026-01-02 05:22:45;temperature;26.379;False
S0007;2026-01-02 05:22:45;temperature;29.479;True
S0004;2026-01-02 05:22:45;CO2_level;780;False
S0010;2026-01-02 05:22:45;CO2_level;null;True
S0005;2026-01-02 05:22:45;ventilation;0.629;False
S0001;2026-01-02 05:23:00;temperature;22.718;False
S0004;2026-01-02 05:23:00;CO2_level;950;False
S0011;2026-01-02 05:23:00;ventilation;0.97;False
S0005;2026-01-02 05:23:00;ventilation;0.838;False
S0009;2026-01-02 05:23:00;humidity;65.394;False
S0003;2026-01-02 05:23:00;humidity;68.017;False
S0007;2026-01-02 05:23:00;temperature;16.168;False
S0010;2026-01-02 05:23:00;CO2_level;1090;False
S0010;2026-01-02 05:23:15;CO2_level;787;False
S0011;2026-01-02 05:23:15;ventilation;0.732;False
S0004;2026-01-02 05:23:15;CO2_level;821;False
S0007;2026-01-02 05:23:15;temperature;16.047;False
S0001;2026-01-02 05:23:15;temperature;26.551;False
S0005;2026-01-02 05:23:15;ventilation;0.987;False
S0011;2026-01-02 05:23:30;ventilation;0.584;False
S0003;2026-01-02 05:23:30;humidity;69.508;False
S0001;2026-01-02 05:23:30;temperature;17.275;False
S0009;2026-01-02 05:23:30;humidity;68.879;False
S0004;2026-01-02 05:23:30;CO2_level;214;True
S0010;2026-01-02 05:23:30;CO2_level;1162;False
S0005;2026-01-02 05:23:30;ventilation;0.868;False
S0007;2026-01-02 05:23:30;temperature;22.982;False
S0007;2026-01-02 05:23:45;temperature;16.987;False
S0001;2026-01-02 05:23:45;temperature;19.282;False
S0011;2026-01-02 05:23:45;ventilation;0.578;False
S0010;2026-01-02 05:23:45;CO2_level;931;False
S0005;2026-01-02 05:23:45;ventilation;1.189;True
S0004;2026-01-02 05:23:45;CO2_level;741;False
S0003;2026-01-02 05:24:00;humidity;62.874;False
S0010;2026-01-02 05:24:00;CO2_level;840;False
S0005;2026-01-02 05:24:00;ventilation;0.637;False
S0007;2026-01-02 05:24:00;temperature;16.305;False
S0011;2026-01-02 05:24:00;ventilation;0.854;False
S0009;2026-01-02 05:24:00;humidity;62.644;False
S0004;2026-01-02 05:24:00;CO2_level;650;False
S0001;2026-01-02 05:24:00;temperature;20.198;False
S0005;2026-01-02 05:24:15;ventilation;0.469;True
S0004;2026-01-02 05:24:15;CO2_level;808;False
S0001;2026-01-02 05:24:15;temperature;19.553;False
S0010;2026-01-02 05:24:15;CO2_level;819;False
S0011;2026-01-02 05:24:15;ventilation;0.736;False
S0007;2026-01-02 05:24:15;temperature;15.27;False
S0004;2026-01-02 05:24:30;CO2_level;1104;False
S0001;2026-01-02 05:24:30;temperature;18.887;False
S0005;2026-01-02 05:24:30;ventilation;1.737;True
S0009;2026-01-02 05:24:30;humidity;67.989;False
S0010;2026-01-02 05:24:30;CO2_level;779;False
S0011;2026-01-02 05:24:30;ventilation;null;True
S0003;2026-01-02 05:24:30;humidity;67.94;False
S0007;2026-01-02 05:24:30;temperature;16.876;False
S0005;2026-01-02 05:24:45;ventilation;null;True
S0011;2026-01-02 05:24:45;ventilation;0.679;False
S0001;2026-01-02 05:24:45;temperature;15.713;False
S0007;2026-01-02 05:24:45;temperature;29.918;True
S0010;2026-01-02 05:24:45;CO2_level;686;False
S0004;2026-01-02 05:24:45;CO2_level;1094;False
S0010;2026-01-02 05:25:00;CO2_level;1114;False
S0009;2026-01-02 05:25:00;humidity;66.223;False
S0005;2026-01-02 05:25:00;ventilation;0.896;False
S0003;2026-01-02 05:25:00;humidity;null;True
S0001;2026-01-02 05:25:00;temperature;25.215;False
S0011;2026-01-02 05:25:00;ventilation;0.853;False
S0007;2026-01-02 05:25:00;temperature;22.437;False
S0004;2026-01-02 05:25:00;CO2_level;631;False
S0011;2026-01-02 05:25:15;ventilation;0.552;False
S0010;2026-01-02 05:25:15;CO2_level;915;False
S0004;2026-01-02 05:25:15;CO2_level;636;False
S0007;2026-01-02 05:25:15;temperature;26.392;False
S0001;2026-01-02 05:25:15;temperature;22.973;False
S0005;2026-01-02 05:25:15;ventilation;0.552;False
S0010;2026-01-02 05:25:30;CO2_level;865;False
S0004;2026-01-02 05:25:30;CO2_level;1158;False
S0011;2026-01-02 05:25:30;ventilation;0.975;False
S0007;2026-01-02 05:25:30;temperature;21.617;False
S0009;2026-01-02 05:25:30;humidity;67.878;False
S0005;2026-01-02 05:25:30;ventilation;0.671;False
S0003;2026-01-02 05:25:30;humidity;62.419;False
S0001;2026-01-02 05:25:30;temperature;null;True
S0004;2026-01-02 05:25:45;CO2_level;861;False
S0011;2026-01-02 05:25:45;ventilation;0.731;False
S0001;2026-01-02 05:25:45;temperature;16.723;False
S0005;2026-01-02 05:25:45;ventilation;0.538;False
S0010;2026-01-02 05:25:45;CO2_level;1171;False
S0007;2026-01-02 05:25:45;temperature;20.691;False
S0011;2026-01-02 05:26:00;ventilation;0.863;False
S0005;2026-01-02 05:26:00;ventilation;0.859;False
S0003;2026-01-02 05:26:00;humidity;67.381;False
S0004;2026-01-02 05:26:00;CO2_level;869;False
S0009;2026-01-02 05:26:00;humidity;67.323;False
S0010;2026-01-02 05:26:00;CO2_level;847;False
S0007;2026-01-02 05:26:00;temperature;23.659;False
S0001;2026-01-02 05:26:00;temperature;19.706;False
S0011;2026-01-02 05:26:15;ventilation;0.952;False
S0005;2026-01-02 05:26:15;ventilation;0.621;False
S0010;2026-01-02 05:26:15;CO2_level;1013;False
S0004;2026-01-02 05:26:15;CO2_level;1004;False
S0001;2026-01-02 05:26:15;temperature;24.273;False
S0007;2026-01-02 05:26:15;temperature;15.438;False
S0004;2026-01-02 05:26:30;CO2_level;1158;False
S0003;2026-01-02 05:26:30;humidity;69.514;False
S0005;2026-01-02 05:26:30;ventilation;0.824;False
S0010;2026-01-02 05:26:30;CO2_level;691;False
S0007;2026-01-02 05:26:30;temperature;23.854;False
S0009;2026-01-02 05:26:30;humidity;63.155;False
S0011;2026-01-02 05:26:30;ventilation;0.906;False
S0001;2026-01-02 05:26:30;temperature;9.607;True
S0011;2026-01-02 05:26:45;ventilation;0.91;False
S0005;2026-01-02 05:26:45;ventilation;0.774;False
S0001;2026-01-02 05:26:45;temperature;24.71;False
S0004;2026-01-02 05:26:45;CO2_level;964;False
S0007;2026-01-02 05:26:45;temperature;19.544;False
S0010;2026-01-02 05:26:45;CO2_level;933;False
S0004;2026-01-02 05:27:00;CO2_level;720;False
S0009;2026-01-02 05:27:00;humidity;61.635;False
S0011;2026-01-02 05:27:00;ventilation;0.537;False
S0001;2026-01-02 05:27:00;temperature;25.896;False
S0005;2026-01-02 05:27:00;ventilation;0.559;False
S0003;2026-01-02 05:27:00;humidity;69.415;False
S0010;2026-01-02 05:27:00;CO2_level;735;False
S0007;2026-01-02 05:27:00;temperature;17.282;False
S0011;2026-01-02 05:27:15;ventilation;0.918;False
S0005;2026-01-02 05:27:15;ventilation;0.824;False
S0004;2026-01-02 05:27:15;CO2_level;617;False
S0007;2026-01-02 05:27:15;temperature;16.257;False
S0010;2026-01-02 05:27:15;CO2_level;893;False
S0001;2026-01-02 05:27:15;temperature;15.39;False
S0004;2026-01-02 05:27:30;CO2_level;972;False
S0005;2026-01-02 05:27:30;ventilation;0.704;False
S0001;2026-01-02 05:27:30;temperature;18.6;False
S0007;2026-01-02 05:27:30;temperature;24.036;False
S0003;2026-01-02 05:27:30;humidity;69.694;False
S0009;2026-01-02 05:27:30;humidity;66.311;False
S0010;2026-01-02 05:27:30;CO2_level;637;False
S0011;2026-01-02 05:27:30;ventilation;0.861;False
S0004;2026-01-02 05:27:45;CO2_level;1072;False
S0010;2026-01-02 05:27:45;CO2_level;1058;False
S0005;2026-01-02 05:27:45;ventilation;0.966;False
S0011;2026-01-02 05:27:45;ventilation;0.633;False
S0007;2026-01-02 05:27:45;temperature;16.34;False
S0001;2026-01-02 05:27:45;temperature;22.641;False
S0005;2026-01-02 05:28:00;ventilation;0.756;False
S0011;2026-01-02 05:28:00;ventilation;0.851;False
S0003;2026-01-02 05:28:00;humidity;61.41;False
S0009;2026-01-02 05:28:00;humidity;69.531;False
S0004;2026-01-02 05:28:00;CO2_level;1111;False
S0001;2026-01-02 05:28:00;temperature;23.607;False
S0007;2026-01-02 05:28:00;temperature;19.428;False
S0010;2026-01-02 05:28:00;CO2_level;626;False
S0007;2026-01-02 05:28:15;temperature;18.809;False
S0011;2026-01-02 05:28:15;ventilation;0.841;False
S0001;2026-01-02 05:28:15;temperature;25.442;False
S0010;2026-01-02 05:28:15;CO2_level;1048;False
S0005;2026-01-02 05:28:15;ventilation;0.836;False
S0004;2026-01-02 05:28:15;CO2_level;1268;True
S0001;2026-01-02 05:28:30;temperature;18.402;False
S0003;2026-01-02 05:28:30;humidity;60.323;False
S0009;2026-01-02 05:28:30;humidity;62.486;False
S0007;2026-01-02 05:28:30;temperature;31.312;True
S0004;2026-01-02 05:28:30;CO2_level;1167;False
S0005;2026-01-02 05:28:30;ventilation;0.95;False
S0010;2026-01-02 05:28:30;CO2_level;760;False
S0011;2026-01-02 05:28:30;ventilation;0.995;False
S0005;2026-01-02 05:28:45;ventilation;0.634;False
S0007;2026-01-02 05:28:45;temperature;23.848;False
S0001;2026-01-02 05:28:45;temperature;22.803;False
S0010;2026-01-02 05:28:45;CO2_level;935;False
S0011;2026-01-02 05:28:45;ventilation;0.785;False
S0004;2026-01-02 05:28:45;CO2_level;721;False
S0005;2026-01-02 05:29:00;ventilation;0.868;False
S0001;2026-01-02 05:29:00;temperature;21.416;False
S0007;2026-01-02 05:29:00;temperature;21.176;False
S0011;2026-01-02 05:29:00;ventilation;0.95;False
S0003;2026-01-02 05:29:00;humidity;61.923;False
S0009;2026-01-02 05:29:00;humidity;67.48;False
S0010;2026-01-02 05:29:00;CO2_level;910;False
S0004;2026-01-02 05:29:00;CO2_level;1069;False
S0001;2026-01-02 05:29:15;temperature;16.789;False
S0005;2026-01-02 05:29:15;ventilation;0.894;False
S0004;2026-01-02 05:29:15;CO2_level;977;False
S0010;2026-01-02 05:29:15;CO2_level;1123;False
S0011;2026-01-02 05:29:15;ventilation;0.8;False
S0007;2026-01-02 05:29:15;temperature;18.027;False
S0009;2026-01-02 05:29:30;humidity;64.673;False
S0011;2026-01-02 05:29:30;ventilation;0.733;False
S0010;2026-01-02 05:29:30;CO2_level;965;False
S0007;2026-01-02 05:29:30;temperature;26.012;False
S0001;2026-01-02 05:29:30;temperature;18.472;False
S0005;2026-01-02 05:29:30;ventilation;0.883;False
S0003;2026-01-02 05:29:30;humidity;68.175;False
S0004;2026-01-02 05:29:30;CO2_level;935;False
S0004;2026-01-02 05:29:45;CO2_level;844;False
S0005;2026-01-02 05:29:45;ventilation;1.306;True
S0011;2026-01-02 05:29:45;ventilation;0.913;False
S0007;2026-01-02 05:29:45;temperature;21.098;False
S0001;2026-01-02 05:29:45;temperature;17.028;False
S0010;2026-01-02 05:29:45;CO2_level;1173;False
S0003;2026-01-02 05:30:00;humidity;65.161;False
S0004;2026-01-02 05:30:00;CO2_level;744;False
S0001;2026-01-02 05:30:00;temperature;25.608;False
S0009;2026-01-02 05:30:00;humidity;60.655;False
S0005;2026-01-02 05:30:00;ventilation;0.643;False
S0010;2026-01-02 05:30:00;CO2_level;931;False
S0007;2026-01-02 05:30:00;temperature;18.439;False
S0011;2026-01-02 05:30:00;ventilation;0.658;False
S0007;2026-01-02 05:30:15;temperature;23.807;False
S0010;2026-01-02 05:30:15;CO2_level;608;False
S0001;2026-01-02 05:30:15;temperature;15.013;False
S0011;2026-01-02 05:30:15;ventilation;1.987;True
S0004;2026-01-02 05:30:15;CO2_level;613;False
S0005;2026-01-02 05:30:15;ventilation;0.502;False
S0005;2026-01-02 05:30:30;ventilation;1.518;True
S0011;2026-01-02 05:30:30;ventilation;0.784;False
S0010;2026-01-02 05:30:30;CO2_level;710;False
S0007;2026-01-02 05:30:30;temperature;19.769;False
S0003;2026-01-02 05:30:30;humidity;69.736;False
S0001;2026-01-02 05:30:30;temperature;20.616;False
S0009;2026-01-02 05:30:30;humidity;62.181;False
S0004;2026-01-02 05:30:30;CO2_level;1157;False
S0004;2026-01-02 05:30:45;CO2_level;1113;False
S0005;2026-01-02 05:30:45;ventilation;0.957;False
S0001;2026-01-02 05:30:45;temperature;18.061;False
S0007;2026-01-02 05:30:45;temperature;22.216;False
S0010;2026-01-02 05:30:45;CO2_level;701;False
S0011;2026-01-02 05:30:45;ventilation;0.759;False
S0007;2026-01-02 05:31:00;temperature;15.293;False
S0011;2026-01-02 05:31:00;ventilation;0.627;False
S0001;2026-01-02 05:31:00;temperature;27.316;True
S0004;2026-01-02 05:31:00;CO2_level;1092;False
S0003;2026-01-02 05:31:00;humidity;68.146;False
S0010;2026-01-02 05:31:00;CO2_level;1160;False
S0009;2026-01-02 05:31:00;humidity;69.809;False
S0005;2026-01-02 05:31:00;ventilation;0.949;False
S0011;2026-01-02 05:31:15;ventilation;0.662;False
S0005;2026-01-02 05:31:15;ventilation;0.74;False
S0001;2026-01-02 05:31:15;temperature;22.819;False
S0004;2026-01-02 05:31:15;CO2_level;729;False
S0010;2026-01-02 05:31:15;CO2_level;1029;False
S0007;2026-01-02 05:31:15;temperature;19.788;False
S0009;2026-01-02 05:31:30;humidity;66.295;False
S0004;2026-01-02 05:31:30;CO2_level;620;False
S0001;2026-01-02 05:31:30;temperature;25.373;False
S0010;2026-01-02 05:31:30;CO2_level;723;False
S0011;2026-01-02 05:31:30;ventilation;0.91;False
S0005;2026-01-02 05:31:30;ventilation;0.95;False
S0007;2026-01-02 05:31:30;temperature;16.017;False
S0003;2026-01-02 05:31:30;humidity;64.351;False
S0011;2026-01-02 05:31:45;ventilation;0.709;False
S0004;2026-01-02 05:31:45;CO2_level;753;False
S0005;2026-01-02 05:31:45;ventilation;0.911;False
S0001;2026-01-02 05:31:45;temperature;20.543;False
S0010;2026-01-02 05:31:45;CO2_level;1290;True
S0007;2026-01-02 05:31:45;temperature;16.4;False
S0005;2026-01-02 05:32:00;ventilation;0.684;False
S0011;2026-01-02 05:32:00;ventilation;0.616;False
S0010;2026-01-02 05:32:00;CO2_level;796;False
S0004;2026-01-02 05:32:00;CO2_level;808;False
S0009;2026-01-02 05:32:00;humidity;65.682;False
S0007;2026-01-02 05:32:00;temperature;15.01;False
S0001;2026-01-02 05:32:00;temperature;15.604;False
S0003;2026-01-02 05:32:00;humidity;68.027;False
S0010;2026-01-02 05:32:15;CO2_level;381;True
S0011;2026-01-02 05:32:15;ventilation;0.904;False
S0007;2026-01-02 05:32:15;temperature;18.99;False
S0005;2026-01-02 05:32:15;ventilation;0.655;False
S0001;2026-01-02 05:32:15;temperature;13.347;True
S0004;2026-01-02 05:32:15;CO2_level;567;True
S0011;2026-01-02 05:32:30;ventilation;0.977;False
S0004;2026-01-02 05:32:30;CO2_level;747;False
S0001;2026-01-02 05:32:30;temperature;16.938;False
S0007;2026-01-02 05:32:30;temperature;19.036;False
S0003;2026-01-02 05:32:30;humidity;65.336;False
S0009;2026-01-02 05:32:30;humidity;61.234;False
S0010;2026-01-02 05:32:30;CO2_level;255;True
S0005;2026-01-02 05:32:30;ventilation;0.975;False
S0004;2026-01-02 05:32:45;CO2_level;1209;True
S0010;2026-01-02 05:32:45;CO2_level;793;False
S0011;2026-01-02 05:32:45;ventilation;0.789;False
S0007;2026-01-02 05:32:45;temperature;24.354;False
S0005;2026-01-02 05:32:45;ventilation;0.67;False
S0001;2026-01-02 05:32:45;temperature;24.291;False
S0003;2026-01-02 05:33:00;humidity;61.038;False
S0010;2026-01-02 05:33:00;CO2_level;742;False
S0011;2026-01-02 05:33:00;ventilation;0.56;False
S0007;2026-01-02 05:33:00;temperature;25.29;False
S0005;2026-01-02 05:33:00;ventilation;0.573;False
S0009;2026-01-02 05:33:00;humidity;61.132;False
S0004;2026-01-02 05:33:00;CO2_level;1056;False
S0001;2026-01-02 05:33:00;temperature;23.098;False
S0005;2026-01-02 05:33:15;ventilation;0.835;False
S0004;2026-01-02 05:33:15;CO2_level;1118;False
S0001;2026-01-02 05:33:15;temperature;22.859;False
S0011;2026-01-02 05:33:15;ventilation;0.611;False
S0010;2026-01-02 05:33:15;CO2_level;726;False
S0007;2026-01-02 05:33:15;temperature;16.579;False
S0011;2026-01-02 05:33:30;ventilation;0.915;False
S0004;2026-01-02 05:33:30;CO2_level;922;False
S0009;2026-01-02 05:33:30;humidity;65.619;False
S0003;2026-01-02 05:33:30;humidity;64.316;False
S0007;2026-01-02 05:33:30;temperature;22.492;False
S0005;2026-01-02 05:33:30;ventilation;0.777;False
S0010;2026-01-02 05:33:30;CO2_level;248;True
S0001;2026-01-02 05:33:30;temperature;25.283;False
S0001;2026-01-02 05:33:45;temperature;15.48;False
S0010;2026-01-02 05:33:45;CO2_level;null;True
S0005;2026-01-02 05:33:45;ventilation;0.508;False
S0004;2026-01-02 05:33:45;CO2_level;697;False
S0011;2026-01-02 05:33:45;ventilation;0.892;False
S0007;2026-01-02 05:33:45;temperature;15.195;False
S0003;2026-01-02 05:34:00;humidity;66.881;False
S0004;2026-01-02 05:34:00;CO2_level;1098;False
S0001;2026-01-02 05:34:00;temperature;24.187;False
S0007;2026-01-02 05:34:00;temperature;26.148;False
S0009;2026-01-02 05:34:00;humidity;60.751;False
S0011;2026-01-02 05:34:00;ventilation;0.821;False
S0010;2026-01-02 05:34:00;CO2_level;1041;False
S0005;2026-01-02 05:34:00;ventilation;0.651;False
S0004;2026-01-02 05:34:15;CO2_level;921;False
S0010;2026-01-02 05:34:15;CO2_level;1041;False
S0005;2026-01-02 05:34:15;ventilation;0.66;False
S0007;2026-01-02 05:34:15;temperature;25.941;False
S0011;2026-01-02 05:34:15;ventilation;0.557;False
S0001;2026-01-02 05:34:15;temperature;25.307;False
S0003;2026-01-02 05:34:30;humidity;68.73;False
S0009;2026-01-02 05:34:30;humidity;60.062;False
S0001;2026-01-02 05:34:30;temperature;23.041;False
S0010;2026-01-02 05:34:30;CO2_level;774;False
S0011;2026-01-02 05:34:30;ventilation;0.628;False
S0005;2026-01-02 05:34:30;ventilation;0.631;False
S0007;2026-01-02 05:34:30;temperature;17.922;False
S0004;2026-01-02 05:34:30;CO2_level;1195;False
S0004;2026-01-02 05:34:45;CO2_level;1032;False
S0010;2026-01-02 05:34:45;CO2_level;1080;False
S0005;2026-01-02 05:34:45;ventilation;0.737;False
S0011;2026-01-02 05:34:45;ventilation;0.761;False
S0001;2026-01-02 05:34:45;temperature;19.976;False
S0007;2026-01-02 05:34:45;temperature;17.091;False
S0005;2026-01-02 05:35:00;ventilation;0.656;False
S0011;2026-01-02 05:35:00;ventilation;0.887;False
S0007;2026-01-02 05:35:00;temperature;17.924;False
S0001;2026-01-02 05:35:00;temperature;16.889;False
S0009;2026-01-02 05:35:00;humidity;60.024;False
S0004;2026-01-02 05:35:00;CO2_level;1187;False
S0010;2026-01-02 05:35:00;CO2_level;852;False
S0003;2026-01-02 05:35:00;humidity;63.052;False
S0010;2026-01-02 05:35:15;CO2_level;1008;False
S0005;2026-01-02 05:35:15;ventilation;1.492;True
S0004;2026-01-02 05:35:15;CO2_level;819;False
S0001;2026-01-02 05:35:15;temperature;null;True
S0011;2026-01-02 05:35:15;ventilation;0.677;False
S0007;2026-01-02 05:35:15;temperature;16.302;False
S0005;2026-01-02 05:35:30;ventilation;0.632;False
S0004;2026-01-02 05:35:30;CO2_level;1123;False
S0011;2026-01-02 05:35:30;ventilation;0.695;False
S0007;2026-01-02 05:35:30;temperature;22.289;False
S0009;2026-01-02 05:35:30;humidity;28.759;True
S0003;2026-01-02 05:35:30;humidity;64.371;False
S0001;2026-01-02 05:35:30;temperature;26.65;False
S0010;2026-01-02 05:35:30;CO2_level;1179;False
S0011;2026-01-02 05:35:45;ventilation;0.521;False
S0001;2026-01-02 05:35:45;temperature;24.303;False
S0010;2026-01-02 05:35:45;CO2_level;949;False
S0004;2026-01-02 05:35:45;CO2_level;1068;False
S0007;2026-01-02 05:35:45;temperature;23.209;False
S0005;2026-01-02 05:35:45;ventilation;0.556;False
S0011;2026-01-02 05:36:00;ventilation;0.977;False
S0001;2026-01-02 05:36:00;temperature;21.279;False
S0003;2026-01-02 05:36:00;humidity;69.514;False
S0009;2026-01-02 05:36:00;humidity;67.119;False
S0010;2026-01-02 05:36:00;CO2_level;647;False
S0005;2026-01-02 05:36:00;ventilation;0.321;True
S0004;2026-01-02 05:36:00;CO2_level;1120;False
S0007;2026-01-02 05:36:00;temperature;12.423;True
S0010;2026-01-02 05:36:15;CO2_level;638;False
S0005;2026-01-02 05:36:15;ventilation;0.867;False
S0001;2026-01-02 05:36:15;temperature;null;True
S0011;2026-01-02 05:36:15;ventilation;0.73;False
S0004;2026-01-02 05:36:15;CO2_level;768;False
S0007;2026-01-02 05:36:15;temperature;23.875;False
S0010;2026-01-02 05:36:30;CO2_level;1093;False
S0005;2026-01-02 05:36:30;ventilation;0.724;False
S0004;2026-01-02 05:36:30;CO2_level;1241;True
S0009;2026-01-02 05:36:30;humidity;62.549;False
S0001;2026-01-02 05:36:30;temperature;21.407;False
S0011;2026-01-02 05:36:30;ventilation;0.776;False
S0003;2026-01-02 05:36:30;humidity;60.285;False
S0007;2026-01-02 05:36:30;temperature;20.624;False
S0007;2026-01-02 05:36:45;temperature;17.829;False
S0010;2026-01-02 05:36:45;CO2_level;1218;True
S0001;2026-01-02 05:36:45;temperature;25.209;False
S0004;2026-01-02 05:36:45;CO2_level;640;False
S0005;2026-01-02 05:36:45;ventilation;0.566;False
S0011;2026-01-02 05:36:45;ventilation;0.564;False
S0007;2026-01-02 05:37:00;temperature;25.714;False
S0009;2026-01-02 05:37:00;humidity;60.913;False
S0001;2026-01-02 05:37:00;temperature;26.675;False
S0004;2026-01-02 05:37:00;CO2_level;937;False
S0010;2026-01-02 05:37:00;CO2_level;984;False
S0003;2026-01-02 05:37:00;humidity;65.294;False
S0005;2026-01-02 05:37:00;ventilation;0.737;False
S0011;2026-01-02 05:37:00;ventilation;0.958;False
S0011;2026-01-02 05:37:15;ventilation;0.796;False
S0005;2026-01-02 05:37:15;ventilation;0.851;False
S0004;2026-01-02 05:37:15;CO2_level;662;False
S0010;2026-01-02 05:37:15;CO2_level;1063;False
S0001;2026-01-02 05:37:15;temperature;20.93;False
S0007;2026-01-02 05:37:15;temperature;25.124;False
S0009;2026-01-02 05:37:30;humidity;62.579;False
S0011;2026-01-02 05:37:30;ventilation;null;True
S0003;2026-01-02 05:37:30;humidity;63.095;False
S0005;2026-01-02 05:37:30;ventilation;0.584;False
S0007;2026-01-02 05:37:30;temperature;16.725;False
S0001;2026-01-02 05:37:30;temperature;18.207;False
S0010;2026-01-02 05:37:30;CO2_level;868;False
S0004;2026-01-02 05:37:30;CO2_level;1122;False
S0007;2026-01-02 05:37:45;temperature;24.339;False
S0011;2026-01-02 05:37:45;ventilation;0.812;False
S0010;2026-01-02 05:37:45;CO2_level;949;False
S0004;2026-01-02 05:37:45;CO2_level;764;False
S0001;2026-01-02 05:37:45;temperature;21.887;False
S0005;2026-01-02 05:37:45;ventilation;0.784;False
S0007;2026-01-02 05:38:00;temperature;26.662;False
S0011;2026-01-02 05:38:00;ventilation;0.641;False
S0009;2026-01-02 05:38:00;humidity;64.843;False
S0004;2026-01-02 05:38:00;CO2_level;1014;False
S0003;2026-01-02 05:38:00;humidity;63.81;False
S0010;2026-01-02 05:38:00;CO2_level;215;True
S0001;2026-01-02 05:38:00;temperature;20.354;False
S0005;2026-01-02 05:38:00;ventilation;0.62;False
S0005;2026-01-02 05:38:15;ventilation;0.621;False
S0010;2026-01-02 05:38:15;CO2_level;688;False
S0001;2026-01-02 05:38:15;temperature;20.152;False
S0007;2026-01-02 05:38:15;temperature;25.544;False
S0011;2026-01-02 05:38:15;ventilation;0.76;False
S0004;2026-01-02 05:38:15;CO2_level;760;False
S0004;2026-01-02 05:38:30;CO2_level;1089;False
S0010;2026-01-02 05:38:30;CO2_level;1021;False
S0005;2026-01-02 05:38:30;ventilation;0.411;True
S0009;2026-01-02 05:38:30;humidity;65.228;False
S0001;2026-01-02 05:38:30;temperature;24.258;False
S0011;2026-01-02 05:38:30;ventilation;0.511;False
S0007;2026-01-02 05:38:30;temperature;25.772;False
S0003;2026-01-02 05:38:30;humidity;66.286;False
S0004;2026-01-02 05:38:45;CO2_level;993;False
S0011;2026-01-02 05:38:45;ventilation;0.628;False
S0010;2026-01-02 05:38:45;CO2_level;1053;False
S0005;2026-01-02 05:38:45;ventilation;0.967;False
S0007;2026-01-02 05:38:45;temperature;24.184;False
S0001;2026-01-02 05:38:45;temperature;25.294;False
S0010;2026-01-02 05:39:00;CO2_level;742;False
S0011;2026-01-02 05:39:00;ventilation;0.692;False
S0004;2026-01-02 05:39:00;CO2_level;1150;False
S0005;2026-01-02 05:39:00;ventilation;0.921;False
S0007;2026-01-02 05:39:00;temperature;18.123;False
S0003;2026-01-02 05:39:00;humidity;69.616;False
S0009;2026-01-02 05:39:00;humidity;60.359;False
S0001;2026-01-02 05:39:00;temperature;16.185;False
S0004;2026-01-02 05:39:15;CO2_level;880;False
S0005;2026-01-02 05:39:15;ventilation;0.594;False
S0010;2026-01-02 05:39:15;CO2_level;820;False
S0007;2026-01-02 05:39:15;temperature;16.879;False
S0011;2026-01-02 05:39:15;ventilation;0.835;False
S0001;2026-01-02 05:39:15;temperature;22.376;False
S0009;2026-01-02 05:39:30;humidity;62.213;False
S0003;2026-01-02 05:39:30;humidity;75.582;True
S0010;2026-01-02 05:39:30;CO2_level;987;False
S0005;2026-01-02 05:39:30;ventilation;0.732;False
S0007;2026-01-02 05:39:30;temperature;19.866;False
S0004;2026-01-02 05:39:30;CO2_level;1181;False
S0011;2026-01-02 05:39:30;ventilation;0.689;False
S0001;2026-01-02 05:39:30;temperature;19.419;False
S0005;2026-01-02 05:39:45;ventilation;0.736;False
S0011;2026-01-02 05:39:45;ventilation;0.521;False
S0007;2026-01-02 05:39:45;temperature;17.662;False
S0004;2026-01-02 05:39:45;CO2_level;886;False
S0001;2026-01-02 05:39:45;temperature;8.043;True
S0010;2026-01-02 05:39:45;CO2_level;1088;False
S0007;2026-01-02 05:40:00;temperature;25.394;False
S0011;2026-01-02 05:40:00;ventilation;0.923;False
S0005;2026-01-02 05:40:00;ventilation;0.648;False
S0010;2026-01-02 05:40:00;CO2_level;1099;False
S0001;2026-01-02 05:40:00;temperature;21.355;False
S0004;2026-01-02 05:40:00;CO2_level;940;False
S0003;2026-01-02 05:40:00;humidity;68.687;False
S0009;2026-01-02 05:40:00;humidity;77.439;True
S0010;2026-01-02 05:40:15;CO2_level;null;True
S0011;2026-01-02 05:40:15;ventilation;0.606;False
S0004;2026-01-02 05:40:15;CO2_level;808;False
S0007;2026-01-02 05:40:15;temperature;16.718;False
S0001;2026-01-02 05:40:15;temperature;16.905;False
S0005;2026-01-02 05:40:15;ventilation;0.714;False
S0001;2026-01-02 05:40:30;temperature;15.248;False
S0011;2026-01-02 05:40:30;ventilation;0.827;False
S0003;2026-01-02 05:40:30;humidity;61.92;False
S0009;2026-01-02 05:40:30;humidity;65.706;False
S0005;2026-01-02 05:40:30;ventilation;0.539;False
S0004;2026-01-02 05:40:30;CO2_level;1175;False
S0010;2026-01-02 05:40:30;CO2_level;null;True
S0007;2026-01-02 05:40:30;temperature;19.388;False
S0010;2026-01-02 05:40:45;CO2_level;1236;True
S0001;2026-01-02 05:40:45;temperature;20.68;False
S0005;2026-01-02 05:40:45;ventilation;0.709;False
S0004;2026-01-02 05:40:45;CO2_level;894;False
S0007;2026-01-02 05:40:45;temperature;21.043;False
S0011;2026-01-02 05:40:45;ventilation;0.992;False
S0010;2026-01-02 05:41:00;CO2_level;986;False
S0003;2026-01-02 05:41:00;humidity;60.343;False
S0001;2026-01-02 05:41:00;temperature;28.325;True
S0011;2026-01-02 05:41:00;ventilation;0.604;False
S0009;2026-01-02 05:41:00;humidity;77.035;True
S0007;2026-01-02 05:41:00;temperature;22.231;False
S0004;2026-01-02 05:41:00;CO2_level;758;False
S0005;2026-01-02 05:41:00;ventilation;0.555;False
S0007;2026-01-02 05:41:15;temperature;18.604;False
S0004;2026-01-02 05:41:15;CO2_level;1090;False
S0010;2026-01-02 05:41:15;CO2_level;1268;True
S0011;2026-01-02 05:41:15;ventilation;0.872;False
S0001;2026-01-02 05:41:15;temperature;18.216;False
S0005;2026-01-02 05:41:15;ventilation;0.914;False
S0005;2026-01-02 05:41:30;ventilation;0.886;False
S0001;2026-01-02 05:41:30;temperature;24.339;False
S0010;2026-01-02 05:41:30;CO2_level;1002;False
S0009;2026-01-02 05:41:30;humidity;67.342;False
S0003;2026-01-02 05:41:30;humidity;68.094;False
S0007;2026-01-02 05:41:30;temperature;17.372;False
S0004;2026-01-02 05:41:30;CO2_level;1120;False
S0011;2026-01-02 05:41:30;ventilation;0.707;False
S0010;2026-01-02 05:41:45;CO2_level;1287;True
S0005;2026-01-02 05:41:45;ventilation;0.663;False
S0007;2026-01-02 05:41:45;temperature;20.698;False
S0004;2026-01-02 05:41:45;CO2_level;817;False
S0011;2026-01-02 05:41:45;ventilation;0.749;False
S0001;2026-01-02 05:41:45;temperature;16.015;False
S0001;2026-01-02 05:42:00;temperature;25.872;False
S0009;2026-01-02 05:42:00;humidity;64.925;False
S0003;2026-01-02 05:42:00;humidity;69.127;False
S0010;2026-01-02 05:42:00;CO2_level;622;False
S0005;2026-01-02 05:42:00;ventilation;0.764;False
S0011;2026-01-02 05:42:00;ventilation;0.658;False
S0007;2026-01-02 05:42:00;temperature;21.951;False
S0004;2026-01-02 05:42:00;CO2_level;668;False
S0005;2026-01-02 05:42:15;ventilation;0.363;True
S0001;2026-01-02 05:42:15;temperature;15.913;False
S0011;2026-01-02 05:42:15;ventilation;0.809;False
S0004;2026-01-02 05:42:15;CO2_level;1195;False
S0010;2026-01-02 05:42:15;CO2_level;702;False
S0007;2026-01-02 05:42:15;temperature;15.532;False
S0007;2026-01-02 05:42:30;temperature;23.185;False
S0011;2026-01-02 05:42:30;ventilation;0.615;False
S0004;2026-01-02 05:42:30;CO2_level;1146;False
S0010;2026-01-02 05:42:30;CO2_level;1146;False
S0003;2026-01-02 05:42:30;humidity;64.709;False
S0009;2026-01-02 05:42:30;humidity;69.214;False
S0005;2026-01-02 05:42:30;ventilation;0.647;False
S0001;2026-01-02 05:42:30;temperature;18.97;False
S0011;2026-01-02 05:42:45;ventilation;0.939;False
S0010;2026-01-02 05:42:45;CO2_level;869;False
S0005;2026-01-02 05:42:45;ventilation;0.602;False
S0004;2026-01-02 05:42:45;CO2_level;942;False
S0007;2026-01-02 05:42:45;temperature;22.409;False
S0001;2026-01-02 05:42:45;temperature;15.631;False
S0007;2026-01-02 05:43:00;temperature;26.602;False
S0010;2026-01-02 05:43:00;CO2_level;411;True
S0011;2026-01-02 05:43:00;ventilation;0.518;False
S0001;2026-01-02 05:43:00;temperature;18.984;False
S0009;2026-01-02 05:43:00;humidity;62.349;False
S0003;2026-01-02 05:43:00;humidity;65.333;False
S0005;2026-01-02 05:43:00;ventilation;0.893;False
S0004;2026-01-02 05:43:00;CO2_level;893;False
S0004;2026-01-02 05:43:15;CO2_level;935;False
S0005;2026-01-02 05:43:15;ventilation;0.807;False
S0007;2026-01-02 05:43:15;temperature;25.516;False
S0010;2026-01-02 05:43:15;CO2_level;722;False
S0001;2026-01-02 05:43:15;temperature;24.218;False
S0011;2026-01-02 05:43:15;ventilation;0.667;False
S0007;2026-01-02 05:43:30;temperature;24.273;False
S0011;2026-01-02 05:43:30;ventilation;0.544;False
S0001;2026-01-02 05:43:30;temperature;19.17;False
S0004;2026-01-02 05:43:30;CO2_level;1143;False
S0010;2026-01-02 05:43:30;CO2_level;836;False
S0005;2026-01-02 05:43:30;ventilation;0.529;False
S0003;2026-01-02 05:43:30;humidity;61.888;False
S0009;2026-01-02 05:43:30;humidity;60.936;False
S0005;2026-01-02 05:43:45;ventilation;0.637;False
S0001;2026-01-02 05:43:45;temperature;23.76;False
S0011;2026-01-02 05:43:45;ventilation;0.877;False
S0010;2026-01-02 05:43:45;CO2_level;811;False
S0007;2026-01-02 05:43:45;temperature;17.343;False
S0004;2026-01-02 05:43:45;CO2_level;1164;False
S0004;2026-01-02 05:44:00;CO2_level;1199;False
S0009;2026-01-02 05:44:00;humidity;65.556;False
S0011;2026-01-02 05:44:00;ventilation;0.956;False
S0010;2026-01-02 05:44:00;CO2_level;null;True
S0003;2026-01-02 05:44:00;humidity;68.89;False
S0007;2026-01-02 05:44:00;temperature;25.451;False
S0005;2026-01-02 05:44:00;ventilation;0.623;False
S0001;2026-01-02 05:44:00;temperature;15.637;False
S0010;2026-01-02 05:44:15;CO2_level;755;False
S0007;2026-01-02 05:44:15;temperature;null;True
S0001;2026-01-02 05:44:15;temperature;15.67;False
S0011;2026-01-02 05:44:15;ventilation;0.536;False
S0004;2026-01-02 05:44:15;CO2_level;996;False
S0005;2026-01-02 05:44:15;ventilation;0.924;False
S0001;2026-01-02 05:44:30;temperature;24.588;False
S0005;2026-01-02 05:44:30;ventilation;1.337;True
S0009;2026-01-02 05:44:30;humidity;61.599;False
S0011;2026-01-02 05:44:30;ventilation;0.879;False
S0010;2026-01-02 05:44:30;CO2_level;843;False
S0003;2026-01-02 05:44:30;humidity;63.437;False
S0004;2026-01-02 05:44:30;CO2_level;1024;False
S0007;2026-01-02 05:44:30;temperature;17.419;False
S0007;2026-01-02 05:44:45;temperature;23.674;False
S0010;2026-01-02 05:44:45;CO2_level;944;False
S0001;2026-01-02 05:44:45;temperature;17.826;False
S0004;2026-01-02 05:44:45;CO2_level;988;False
S0011;2026-01-02 05:44:45;ventilation;0.985;False
S0005;2026-01-02 05:44:45;ventilation;0.84;False
S0011;2026-01-02 05:45:00;ventilation;0.813;False
S0010;2026-01-02 05:45:00;CO2_level;681;False
S0005;2026-01-02 05:45:00;ventilation;0.535;False
S0004;2026-01-02 05:45:00;CO2_level;824;False
S0003;2026-01-02 05:45:00;humidity;64.264;False
S0009;2026-01-02 05:45:00;humidity;60.915;False
S0007;2026-01-02 05:45:00;temperature;17.984;False
S0001;2026-01-02 05:45:00;temperature;24.259;False
S0004;2026-01-02 05:45:15;CO2_level;683;False
S0007;2026-01-02 05:45:15;temperature;16.848;False
S0011;2026-01-02 05:45:15;ventilation;0.613;False
S0010;2026-01-02 05:45:15;CO2_level;778;False
S0001;2026-01-02 05:45:15;temperature;20.143;False
S0005;2026-01-02 05:45:15;ventilation;0.704;False
S0005;2026-01-02 05:45:30;ventilation;0.942;False
S0011;2026-01-02 05:45:30;ventilation;0.736;False
S0001;2026-01-02 05:45:30;temperature;16.417;False
S0009;2026-01-02 05:45:30;humidity;60.654;False
S0010;2026-01-02 05:45:30;CO2_level;757;False
S0003;2026-01-02 05:45:30;humidity;67.403;False
S0007;2026-01-02 05:45:30;temperature;17.916;False
S0004;2026-01-02 05:45:30;CO2_level;1109;False
S0001;2026-01-02 05:45:45;temperature;26.369;False
S0010;2026-01-02 05:45:45;CO2_level;811;False
S0007;2026-01-02 05:45:45;temperature;24.207;False
S0011;2026-01-02 05:45:45;ventilation;0.685;False
S0004;2026-01-02 05:45:45;CO2_level;754;False
S0005;2026-01-02 05:45:45;ventilation;0.973;False
S0010;2026-01-02 05:46:00;CO2_level;760;False
S0009;2026-01-02 05:46:00;humidity;62.931;False
S0007;2026-01-02 05:46:00;temperature;15.934;False
S0004;2026-01-02 05:46:00;CO2_level;737;False
S0005;2026-01-02 05:46:00;ventilation;0.991;False
S0011;2026-01-02 05:46:00;ventilation;0.979;False
S0001;2026-01-02 05:46:00;temperature;24.272;False
S0003;2026-01-02 05:46:00;humidity;68.106;False
S0005;2026-01-02 05:46:15;ventilation;0.976;False
S0004;2026-01-02 05:46:15;CO2_level;731;False
S0010;2026-01-02 05:46:15;CO2_level;1091;False
S0001;2026-01-02 05:46:15;temperature;25.878;False
S0007;2026-01-02 05:46:15;temperature;25.209;False
S0011;2026-01-02 05:46:15;ventilation;0.976;False
S0004;2026-01-02 05:46:30;CO2_level;896;False
S0001;2026-01-02 05:46:30;temperature;19.518;False
S0011;2026-01-02 05:46:30;ventilation;0.529;False
S0009;2026-01-02 05:46:30;humidity;61.957;False
S0003;2026-01-02 05:46:30;humidity;68.39;False
S0010;2026-01-02 05:46:30;CO2_level;1118;False
S0007;2026-01-02 05:46:30;temperature;24.196;False
S0005;2026-01-02 05:46:30;ventilation;0.514;False
S0005;2026-01-02 05:46:45;ventilation;0.819;False
S0007;2026-01-02 05:46:45;temperature;16.121;False
S0001;2026-01-02 05:46:45;temperature;3.537;True
S0011;2026-01-02 05:46:45;ventilation;0.956;False
S0004;2026-01-02 05:46:45;CO2_level;225;True
S0010;2026-01-02 05:46:45;CO2_level;770;False
S0001;2026-01-02 05:47:00;temperature;19.055;False
S0010;2026-01-02 05:47:00;CO2_level;666;False
S0004;2026-01-02 05:47:00;CO2_level;969;False
S0005;2026-01-02 05:47:00;ventilation;0.505;False
S0011;2026-01-02 05:47:00;ventilation;0.991;False
S0007;2026-01-02 05:47:00;temperature;18.289;False
S0009;2026-01-02 05:47:00;humidity;62.179;False
S0003;2026-01-02 05:47:00;humidity;67.621;False
S0011;2026-01-02 05:47:15;ventilation;0.687;False
S0010;2026-01-02 05:47:15;CO2_level;932;False
S0001;2026-01-02 05:47:15;temperature;21.977;False
S0007;2026-01-02 05:47:15;temperature;25.542;False
S0004;2026-01-02 05:47:15;CO2_level;931;False
S0005;2026-01-02 05:47:15;ventilation;0.651;False
S0001;2026-01-02 05:47:30;temperature;21.454;False
S0007;2026-01-02 05:47:30;temperature;25.099;False
S0003;2026-01-02 05:47:30;humidity;63.585;False
S0010;2026-01-02 05:47:30;CO2_level;679;False
S0004;2026-01-02 05:47:30;CO2_level;893;False
S0005;2026-01-02 05:47:30;ventilation;0.744;False
S0009;2026-01-02 05:47:30;humidity;61.621;False
S0011;2026-01-02 05:47:30;ventilation;0.698;False
S0007;2026-01-02 05:47:45;temperature;17.769;False
S0011;2026-01-02 05:47:45;ventilation;0.915;False
S0010;2026-01-02 05:47:45;CO2_level;728;False
S0001;2026-01-02 05:47:45;temperature;24.314;False
S0005;2026-01-02 05:47:45;ventilation;0.545;False
S0004;2026-01-02 05:47:45;CO2_level;780;False
S0007;2026-01-02 05:48:00;temperature;16.519;False
S0011;2026-01-02 05:48:00;ventilation;0.777;False
S0001;2026-01-02 05:48:00;temperature;19.91;False
S0005;2026-01-02 05:48:00;ventilation;0.901;False
S0004;2026-01-02 05:48:00;CO2_level;969;False
S0010;2026-01-02 05:48:00;CO2_level;1055;False
S0009;2026-01-02 05:48:00;humidity;63.882;False
S0003;2026-01-02 05:48:00;humidity;66.875;False
S0005;2026-01-02 05:48:15;ventilation;0.941;False
S0004;2026-01-02 05:48:15;CO2_level;887;False
S0007;2026-01-02 05:48:15;temperature;19.877;False
S0001;2026-01-02 05:48:15;temperature;26.624;False
S0011;2026-01-02 05:48:15;ventilation;0.185;True
S0010;2026-01-02 05:48:15;CO2_level;1087;False
S0010;2026-01-02 05:48:30;CO2_level;697;False
S0009;2026-01-02 05:48:30;humidity;61.383;False
S0001;2026-01-02 05:48:30;temperature;28.735;True
S0007;2026-01-02 05:48:30;temperature;22.594;False
S0003;2026-01-02 05:48:30;humidity;67.061;False
S0011;2026-01-02 05:48:30;ventilation;0.54;False
S0004;2026-01-02 05:48:30;CO2_level;1178;False
S0005;2026-01-02 05:48:30;ventilation;1.824;True
S0007;2026-01-02 05:48:45;temperature;22.682;False
S0010;2026-01-02 05:48:45;CO2_level;1156;False
S0011;2026-01-02 05:48:45;ventilation;0.838;False
S0005;2026-01-02 05:48:45;ventilation;0.691;False
S0004;2026-01-02 05:48:45;CO2_level;1160;False
S0001;2026-01-02 05:48:45;temperature;21.679;False
S0003;2026-01-02 05:49:00;humidity;69.269;False
S0009;2026-01-02 05:49:00;humidity;60.402;False
S0011;2026-01-02 05:49:00;ventilation;0.723;False
S0001;2026-01-02 05:49:00;temperature;20.716;False
S0004;2026-01-02 05:49:00;CO2_level;332;True
S0005;2026-01-02 05:49:00;ventilation;0.599;False
S0007;2026-01-02 05:49:00;temperature;19.022;False
S0010;2026-01-02 05:49:00;CO2_level;1085;False
S0001;2026-01-02 05:49:15;temperature;15.644;False
S0004;2026-01-02 05:49:15;CO2_level;1139;False
S0005;2026-01-02 05:49:15;ventilation;0.817;False
S0011;2026-01-02 05:49:15;ventilation;0.87;False
S0007;2026-01-02 05:49:15;temperature;23.835;False
S0010;2026-01-02 05:49:15;CO2_level;1155;False
S0004;2026-01-02 05:49:30;CO2_level;699;False
S0010;2026-01-02 05:49:30;CO2_level;1245;True
S0005;2026-01-02 05:49:30;ventilation;0.572;False
S0007;2026-01-02 05:49:30;temperature;18.699;False
S0009;2026-01-02 05:49:30;humidity;60.174;False
S0011;2026-01-02 05:49:30;ventilation;0.555;False
S0001;2026-01-02 05:49:30;temperature;26.853;False
S0003;2026-01-02 05:49:30;humidity;61.299;False
S0001;2026-01-02 05:49:45;temperature;15.967;False
S0004;2026-01-02 05:49:45;CO2_level;1010;False
S0007;2026-01-02 05:49:45;temperature;26.09;False
S0011;2026-01-02 05:49:45;ventilation;0.735;False
S0010;2026-01-02 05:49:45;CO2_level;753;False
S0005;2026-01-02 05:49:45;ventilation;0.722;False
S0005;2026-01-02 05:50:00;ventilation;0.696;False
S0001;2026-01-02 05:50:00;temperature;20.129;False
S0004;2026-01-02 05:50:00;CO2_level;802;False
S0007;2026-01-02 05:50:00;temperature;26.342;False
S0011;2026-01-02 05:50:00;ventilation;0.547;False
S0010;2026-01-02 05:50:00;CO2_level;null;True
S0009;2026-01-02 05:50:00;humidity;62.254;False
S0003;2026-01-02 05:50:00;humidity;66.172;False
S0011;2026-01-02 05:50:15;ventilation;0.698;False
S0001;2026-01-02 05:50:15;temperature;21.382;False
S0005;2026-01-02 05:50:15;ventilation;0.688;False
S0007;2026-01-02 05:50:15;temperature;24.688;False
S0010;2026-01-02 05:50:15;CO2_level;943;False
S0004;2026-01-02 05:50:15;CO2_level;768;False
S0009;2026-01-02 05:50:30;humidity;64.917;False
S0005;2026-01-02 05:50:30;ventilation;0.887;False
S0003;2026-01-02 05:50:30;humidity;66.159;False
S0010;2026-01-02 05:50:30;CO2_level;776;False
S0001;2026-01-02 05:50:30;temperature;24.832;False
S0004;2026-01-02 05:50:30;CO2_level;640;False
S0007;2026-01-02 05:50:30;temperature;26.871;False
S0011;2026-01-02 05:50:30;ventilation;0.659;False
S0001;2026-01-02 05:50:45;temperature;18.591;False
S0005;2026-01-02 05:50:45;ventilation;0.968;False
S0004;2026-01-02 05:50:45;CO2_level;731;False
S0010;2026-01-02 05:50:45;CO2_level;681;False
S0011;2026-01-02 05:50:45;ventilation;0.873;False
S0007;2026-01-02 05:50:45;temperature;26.651;False
S0004;2026-01-02 05:51:00;CO2_level;900;False
S0010;2026-01-02 05:51:00;CO2_level;1131;False
S0005;2026-01-02 05:51:00;ventilation;0.706;False
S0009;2026-01-02 05:51:00;humidity;40.27;True
S0003;2026-01-02 05:51:00;humidity;64.403;False
S0011;2026-01-02 05:51:00;ventilation;0.872;False
S0007;2026-01-02 05:51:00;temperature;20.031;False
S0001;2026-01-02 05:51:00;temperature;15.74;False
S0007;2026-01-02 05:51:15;temperature;19.099;False
S0010;2026-01-02 05:51:15;CO2_level;704;False
S0001;2026-01-02 05:51:15;temperature;17.502;False
S0005;2026-01-02 05:51:15;ventilation;0.644;False
S0004;2026-01-02 05:51:15;CO2_level;1066;False
S0011;2026-01-02 05:51:15;ventilation;0.519;False
S0001;2026-01-02 05:51:30;temperature;24.029;False
S0011;2026-01-02 05:51:30;ventilation;0.382;True
S0010;2026-01-02 05:51:30;CO2_level;805;False
S0005;2026-01-02 05:51:30;ventilation;0.954;False
S0007;2026-01-02 05:51:30;temperature;16.528;False
S0003;2026-01-02 05:51:30;humidity;60.737;False
S0009;2026-01-02 05:51:30;humidity;65.842;False
S0004;2026-01-02 05:51:30;CO2_level;1175;False
S0005;2026-01-02 05:51:45;ventilation;0.606;False
S0011;2026-01-02 05:51:45;ventilation;0.639;False
S0001;2026-01-02 05:51:45;temperature;18.177;False
S0004;2026-01-02 05:51:45;CO2_level;926;False
S0010;2026-01-02 05:51:45;CO2_level;857;False
S0007;2026-01-02 05:51:45;temperature;24.644;False
S0001;2026-01-02 05:52:00;temperature;18.092;False
S0005;2026-01-02 05:52:00;ventilation;0.714;False
S0010;2026-01-02 05:52:00;CO2_level;642;False
S0003;2026-01-02 05:52:00;humidity;66.143;False
S0009;2026-01-02 05:52:00;humidity;20.187;True
S0011;2026-01-02 05:52:00;ventilation;0.949;False
S0004;2026-01-02 05:52:00;CO2_level;965;False
S0007;2026-01-02 05:52:00;temperature;7.528;True
S0007;2026-01-02 05:52:15;temperature;18.781;False
S0004;2026-01-02 05:52:15;CO2_level;1015;False
S0010;2026-01-02 05:52:15;CO2_level;null;True
S0005;2026-01-02 05:52:15;ventilation;0.896;False
S0001;2026-01-02 05:52:15;temperature;15.52;False
S0011;2026-01-02 05:52:15;ventilation;0.944;False
S0011;2026-01-02 05:52:30;ventilation;0.098;True
S0010;2026-01-02 05:52:30;CO2_level;654;False
S0009;2026-01-02 05:52:30;humidity;null;True
S0001;2026-01-02 05:52:30;temperature;16.402;False
S0005;2026-01-02 05:52:30;ventilation;0.634;False
S0003;2026-01-02 05:52:30;humidity;67.527;False
S0004;2026-01-02 05:52:30;CO2_level;1040;False
S0007;2026-01-02 05:52:30;temperature;24.37;False
S0011;2026-01-02 05:52:45;ventilation;0.919;False
S0004;2026-01-02 05:52:45;CO2_level;1162;False
S0005;2026-01-02 05:52:45;ventilation;0.913;False
S0007;2026-01-02 05:52:45;temperature;16.947;False
S0001;2026-01-02 05:52:45;temperature;25.215;False
S0010;2026-01-02 05:52:45;CO2_level;1275;True
S0005;2026-01-02 05:53:00;ventilation;1.814;True
S0004;2026-01-02 05:53:00;CO2_level;992;False
S0010;2026-01-02 05:53:00;CO2_level;674;False
S0011;2026-01-02 05:53:00;ventilation;0.509;False
S0007;2026-01-02 05:53:00;temperature;22.473;False
S0003;2026-01-02 05:53:00;humidity;65.931;False
S0001;2026-01-02 05:53:00;temperature;25.669;False
S0009;2026-01-02 05:53:00;humidity;67.539;False
S0011;2026-01-02 05:53:15;ventilation;0.66;False
S0004;2026-01-02 05:53:15;CO2_level;1005;False
S0007;2026-01-02 05:53:15;temperature;null;True
S0005;2026-01-02 05:53:15;ventilation;0.99;False
S0001;2026-01-02 05:53:15;temperature;24.015;False
S0010;2026-01-02 05:53:15;CO2_level;1179;False
S0007;2026-01-02 05:53:30;temperature;25.324;False
S0003;2026-01-02 05:53:30;humidity;64.606;False
S0010;2026-01-02 05:53:30;CO2_level;962;False
S0009;2026-01-02 05:53:30;humidity;63.577;False
S0011;2026-01-02 05:53:30;ventilation;0.7;False
S0004;2026-01-02 05:53:30;CO2_level;832;False
S0001;2026-01-02 05:53:30;temperature;24.822;False
S0005;2026-01-02 05:53:30;ventilation;0.649;False
S0007;2026-01-02 05:53:45;temperature;22.509;False
S0011;2026-01-02 05:53:45;ventilation;0.686;False
S0010;2026-01-02 05:53:45;CO2_level;1285;True
S0004;2026-01-02 05:53:45;CO2_level;890;False
S0001;2026-01-02 05:53:45;temperature;19.005;False
S0005;2026-01-02 05:53:45;ventilation;0.561;False
S0007;2026-01-02 05:54:00;temperature;18.191;False
S0011;2026-01-02 05:54:00;ventilation;0.863;False
S0004;2026-01-02 05:54:00;CO2_level;847;False
S0003;2026-01-02 05:54:00;humidity;61.246;False
S0005;2026-01-02 05:54:00;ventilation;0.684;False
S0009;2026-01-02 05:54:00;humidity;68.737;False
S0010;2026-01-02 05:54:00;CO2_level;873;False
S0001;2026-01-02 05:54:00;temperature;25.0;False
S0011;2026-01-02 05:54:15;ventilation;0.941;False
S0007;2026-01-02 05:54:15;temperature;22.002;False
S0010;2026-01-02 05:54:15;CO2_level;613;False
S0004;2026-01-02 05:54:15;CO2_level;297;True
S0005;2026-01-02 05:54:15;ventilation;0.953;False
S0001;2026-01-02 05:54:15;temperature;16.629;False
S0004;2026-01-02 05:54:30;CO2_level;947;False
S0011;2026-01-02 05:54:30;ventilation;0.74;False
S0007;2026-01-02 05:54:30;temperature;26.114;False
S0009;2026-01-02 05:54:30;humidity;66.071;False
S0010;2026-01-02 05:54:30;CO2_level;845;False
S0003;2026-01-02 05:54:30;humidity;65.41;False
S0001;2026-01-02 05:54:30;temperature;26.336;False
S0005;2026-01-02 05:54:30;ventilation;0.613;False
S0011;2026-01-02 05:54:45;ventilation;0.884;False
S0001;2026-01-02 05:54:45;temperature;23.359;False
S0005;2026-01-02 05:54:45;ventilation;0.701;False
S0010;2026-01-02 05:54:45;CO2_level;1039;False
S0004;2026-01-02 05:54:45;CO2_level;1139;False
S0007;2026-01-02 05:54:45;temperature;18.702;False
S0001;2026-01-02 05:55:00;temperature;26.171;False
S0005;2026-01-02 05:55:00;ventilation;0.511;False
S0010;2026-01-02 05:55:00;CO2_level;922;False
S0009;2026-01-02 05:55:00;humidity;60.95;False
S0004;2026-01-02 05:55:00;CO2_level;null;True
S0011;2026-01-02 05:55:00;ventilation;0.799;False
S0003;2026-01-02 05:55:00;humidity;60.036;False
S0007;2026-01-02 05:55:00;temperature;26.25;False
S0007;2026-01-02 05:55:15;temperature;-1.837;True
S0011;2026-01-02 05:55:15;ventilation;0.873;False
S0005;2026-01-02 05:55:15;ventilation;0.669;False
S0001;2026-01-02 05:55:15;temperature;24.949;False
S0010;2026-01-02 05:55:15;CO2_level;822;False
S0004;2026-01-02 05:55:15;CO2_level;650;False
S0009;2026-01-02 05:55:30;humidity;64.228;False
S0011;2026-01-02 05:55:30;ventilation;0.528;False
S0004;2026-01-02 05:55:30;CO2_level;675;False
S0003;2026-01-02 05:55:30;humidity;69.781;False
S0010;2026-01-02 05:55:30;CO2_level;1136;False
S0001;2026-01-02 05:55:30;temperature;23.592;False
S0005;2026-01-02 05:55:30;ventilation;0.925;False
S0007;2026-01-02 05:55:30;temperature;18.288;False
S0005;2026-01-02 05:55:45;ventilation;0.814;False
S0010;2026-01-02 05:55:45;CO2_level;1124;False
S0004;2026-01-02 05:55:45;CO2_level;781;False
S0007;2026-01-02 05:55:45;temperature;20.562;False
S0001;2026-01-02 05:55:45;temperature;26.032;False
S0011;2026-01-02 05:55:45;ventilation;0.823;False
S0005;2026-01-02 05:56:00;ventilation;0.546;False
S0001;2026-01-02 05:56:00;temperature;17.462;False
S0009;2026-01-02 05:56:00;humidity;66.489;False
S0007;2026-01-02 05:56:00;temperature;26.127;False
S0011;2026-01-02 05:56:00;ventilation;0.921;False
S0010;2026-01-02 05:56:00;CO2_level;1098;False
S0004;2026-01-02 05:56:00;CO2_level;1278;True
S0003;2026-01-02 05:56:00;humidity;63.062;False
S0001;2026-01-02 05:56:15;temperature;15.464;False
S0010;2026-01-02 05:56:15;CO2_level;744;False
S0005;2026-01-02 05:56:15;ventilation;0.505;False
S0007;2026-01-02 05:56:15;temperature;16.82;False
S0004;2026-01-02 05:56:15;CO2_level;1198;False
S0011;2026-01-02 05:56:15;ventilation;0.502;False
S0011;2026-01-02 05:56:30;ventilation;0.572;False
S0003;2026-01-02 05:56:30;humidity;60.843;False
S0007;2026-01-02 05:56:30;temperature;24.272;False
S0005;2026-01-02 05:56:30;ventilation;0.642;False
S0010;2026-01-02 05:56:30;CO2_level;697;False
S0004;2026-01-02 05:56:30;CO2_level;875;False
S0009;2026-01-02 05:56:30;humidity;65.129;False
S0001;2026-01-02 05:56:30;temperature;24.957;False
S0004;2026-01-02 05:56:45;CO2_level;963;False
S0001;2026-01-02 05:56:45;temperature;25.477;False
S0010;2026-01-02 05:56:45;CO2_level;945;False
S0011;2026-01-02 05:56:45;ventilation;0.62;False
S0007;2026-01-02 05:56:45;temperature;18.534;False
S0005;2026-01-02 05:56:45;ventilation;0.268;True
S0010;2026-01-02 05:57:00;CO2_level;730;False
S0011;2026-01-02 05:57:00;ventilation;0.683;False
S0001;2026-01-02 05:57:00;temperature;24.359;False
S0007;2026-01-02 05:57:00;temperature;22.179;False
S0005;2026-01-02 05:57:00;ventilation;0.727;False
S0004;2026-01-02 05:57:00;CO2_level;816;False
S0009;2026-01-02 05:57:00;humidity;64.644;False
S0003;2026-01-02 05:57:00;humidity;69.841;False
S0005;2026-01-02 05:57:15;ventilation;0.632;False
S0010;2026-01-02 05:57:15;CO2_level;908;False
S0001;2026-01-02 05:57:15;temperature;25.704;False
S0004;2026-01-02 05:57:15;CO2_level;609;False
S0007;2026-01-02 05:57:15;temperature;null;True
S0011;2026-01-02 05:57:15;ventilation;0.832;False
S0004;2026-01-02 05:57:30;CO2_level;1074;False
S0010;2026-01-02 05:57:30;CO2_level;748;False
S0007;2026-01-02 05:57:30;temperature;19.466;False
S0001;2026-01-02 05:57:30;temperature;19.531;False
S0005;2026-01-02 05:57:30;ventilation;1.499;True
S0003;2026-01-02 05:57:30;humidity;63.643;False
S0009;2026-01-02 05:57:30;humidity;65.446;False
S0011;2026-01-02 05:57:30;ventilation;0.508;False
S0007;2026-01-02 05:57:45;temperature;21.474;False
S0005;2026-01-02 05:57:45;ventilation;0.973;False
S0004;2026-01-02 05:57:45;CO2_level;1283;True
S0001;2026-01-02 05:57:45;temperature;16.926;False
S0010;2026-01-02 05:57:45;CO2_level;1105;False
S0011;2026-01-02 05:57:45;ventilation;0.768;False
S0010;2026-01-02 05:58:00;CO2_level;1278;True
S0009;2026-01-02 05:58:00;humidity;60.08;False
S0007;2026-01-02 05:58:00;temperature;15.294;False
S0011;2026-01-02 05:58:00;ventilation;0.873;False
S0001;2026-01-02 05:58:00;temperature;25.465;False
S0004;2026-01-02 05:58:00;CO2_level;732;False
S0003;2026-01-02 05:58:00;humidity;68.543;False
S0005;2026-01-02 05:58:00;ventilation;0.63;False
S0005;2026-01-02 05:58:15;ventilation;0.945;False
S0010;2026-01-02 05:58:15;CO2_level;1151;False
S0001;2026-01-02 05:58:15;temperature;20.706;False
S0011;2026-01-02 05:58:15;ventilation;0.756;False
S0007;2026-01-02 05:58:15;temperature;22.974;False
S0004;2026-01-02 05:58:15;CO2_level;843;False
S0007;2026-01-02 05:58:30;temperature;5.316;True
S0011;2026-01-02 05:58:30;ventilation;0.851;False
S0009;2026-01-02 05:58:30;humidity;66.871;False
S0003;2026-01-02 05:58:30;humidity;68.564;False
S0005;2026-01-02 05:58:30;ventilation;0.527;False
S0001;2026-01-02 05:58:30;temperature;16.496;False
S0010;2026-01-02 05:58:30;CO2_level;939;False
S0004;2026-01-02 05:58:30;CO2_level;772;False
S0001;2026-01-02 05:58:45;temperature;23.413;False
S0007;2026-01-02 05:58:45;temperature;15.63;False
S0010;2026-01-02 05:58:45;CO2_level;1173;False
S0011;2026-01-02 05:58:45;ventilation;0.847;False
S0005;2026-01-02 05:58:45;ventilation;0.994;False
S0004;2026-01-02 05:58:45;CO2_level;1181;False
S0009;2026-01-02 05:59:00;humidity;65.001;False
S0001;2026-01-02 05:59:00;temperature;23.35;False
S0007;2026-01-02 05:59:00;temperature;23.848;False
S0011;2026-01-02 05:59:00;ventilation;0.73;False
S0005;2026-01-02 05:59:00;ventilation;0.791;False
S0004;2026-01-02 05:59:00;CO2_level;1193;False
S0003;2026-01-02 05:59:00;humidity;64.721;False
S0010;2026-01-02 05:59:00;CO2_level;993;False
S0011;2026-01-02 05:59:15;ventilation;0.807;False
S0004;2026-01-02 05:59:15;CO2_level;1132;False
S0007;2026-01-02 05:59:15;temperature;22.593;False
S0010;2026-01-02 05:59:15;CO2_level;463;True
S0005;2026-01-02 05:59:15;ventilation;0.588;False
S0001;2026-01-02 05:59:15;temperature;24.313;False
S0007;2026-01-02 05:59:30;temperature;17.303;False
S0011;2026-01-02 05:59:30;ventilation;0.924;False
S0010;2026-01-02 05:59:30;CO2_level;784;False
S0009;2026-01-02 05:59:30;humidity;61.749;False
S0001;2026-01-02 05:59:30;temperature;20.331;False
S0003;2026-01-02 05:59:30;humidity;62.151;False
S0005;2026-01-02 05:59:30;ventilation;0.874;False
S0004;2026-01-02 05:59:30;CO2_level;629;False
S0005;2026-01-02 05:59:45;ventilation;0.646;False
S0010;2026-01-02 05:59:45;CO2_level;1020;False
S0007;2026-01-02 05:59:45;temperature;24.434;False
S0004;2026-01-02 05:59:45;CO2_level;1173;False
S0011;2026-01-02 05:59:45;ventilation;0.684;False
S0001;2026-01-02 05:59:45;temperature;18.915;False
S0005;2026-01-02 06:00:00;ventilation;0.621;False
S0010;2026-01-02 06:00:00;CO2_level;816;False
S0001;2026-01-02 06:00:00;temperature;20.626;False
S0007;2026-01-02 06:00:00;temperature;21.012;False
S0009;2026-01-02 06:00:00;humidity;61.325;False
S0004;2026-01-02 06:00:00;CO2_level;906;False
S0011;2026-01-02 06:00:00;ventilation;0.565;False
S0003;2026-01-02 06:00:00;humidity;63.277;False
S0004;2026-01-02 06:00:15;CO2_level;1064;False
S0011;2026-01-02 06:00:15;ventilation;0.584;False
S0007;2026-01-02 06:00:15;temperature;21.137;False
S0001;2026-01-02 06:00:15;temperature;25.851;False
S0005;2026-01-02 06:00:15;ventilation;0.94;False
S0010;2026-01-02 06:00:15;CO2_level;734;False
S0009;2026-01-02 06:00:30;humidity;68.064;False
S0004;2026-01-02 06:00:30;CO2_level;982;False
S0005;2026-01-02 06:00:30;ventilation;0.972;False
S0011;2026-01-02 06:00:30;ventilation;0.539;False
S0001;2026-01-02 06:00:30;temperature;22.878;False
S0003;2026-01-02 06:00:30;humidity;61.845;False
S0007;2026-01-02 06:00:30;temperature;3.232;True
S0010;2026-01-02 06:00:30;CO2_level;1144;False
S0001;2026-01-02 06:00:45;temperature;null;True
S0004;2026-01-02 06:00:45;CO2_level;782;False
S0010;2026-01-02 06:00:45;CO2_level;921;False
S0011;2026-01-02 06:00:45;ventilation;0.998;False
S0005;2026-01-02 06:00:45;ventilation;0.911;False
S0007;2026-01-02 06:00:45;temperature;20.715;False
S0001;2026-01-02 06:01:00;temperature;21.78;False
S0011;2026-01-02 06:01:00;ventilation;0.567;False
S0007;2026-01-02 06:01:00;temperature;22.959;False
S0005;2026-01-02 06:01:00;ventilation;0.765;False
S0010;2026-01-02 06:01:00;CO2_level;733;False
S0004;2026-01-02 06:01:00;CO2_level;1117;False
S0003;2026-01-02 06:01:00;humidity;67.983;False
S0009;2026-01-02 06:01:00;humidity;64.031;False
S0005;2026-01-02 06:01:15;ventilation;0.948;False
S0011;2026-01-02 06:01:15;ventilation;0.59;False
S0010;2026-01-02 06:01:15;CO2_level;621;False
S0004;2026-01-02 06:01:15;CO2_level;782;False
S0007;2026-01-02 06:01:15;temperature;16.032;False
S0001;2026-01-02 06:01:15;temperature;22.499;False
S0010;2026-01-02 06:01:30;CO2_level;364;True
S0005;2026-01-02 06:01:30;ventilation;0.907;False
S0003;2026-01-02 06:01:30;humidity;65.368;False
S0007;2026-01-02 06:01:30;temperature;16.845;False
S0001;2026-01-02 06:01:30;temperature;20.054;False
S0011;2026-01-02 06:01:30;ventilation;0.875;False
S0009;2026-01-02 06:01:30;humidity;65.826;False
S0004;2026-01-02 06:01:30;CO2_level;1040;False
S0010;2026-01-02 06:01:45;CO2_level;1041;False
S0001;2026-01-02 06:01:45;temperature;6.763;True
S0007;2026-01-02 06:01:45;temperature;22.857;False
S0011;2026-01-02 06:01:45;ventilation;0.853;False
S0004;2026-01-02 06:01:45;CO2_level;1081;False
S0005;2026-01-02 06:01:45;ventilation;0.783;False
S0001;2026-01-02 06:02:00;temperature;25.754;False
S0007;2026-01-02 06:02:00;temperature;16.844;False
S0004;2026-01-02 06:02:00;CO2_level;1097;False
S0003;2026-01-02 06:02:00;humidity;66.402;False
S0010;2026-01-02 06:02:00;CO2_level;1077;False
S0005;2026-01-02 06:02:00;ventilation;0.527;False
S0009;2026-01-02 06:02:00;humidity;67.58;False
S0011;2026-01-02 06:02:00;ventilation;0.365;True
S0005;2026-01-02 06:02:15;ventilation;0.651;False
S0001;2026-01-02 06:02:15;temperature;19.953;False
S0010;2026-01-02 06:02:15;CO2_level;1008;False
S0011;2026-01-02 06:02:15;ventilation;0.624;False
S0007;2026-01-02 06:02:15;temperature;18.021;False
S0004;2026-01-02 06:02:15;CO2_level;873;False
S0011;2026-01-02 06:02:30;ventilation;0.733;False
S0005;2026-01-02 06:02:30;ventilation;0.613;False
S0009;2026-01-02 06:02:30;humidity;66.1;False
S0003;2026-01-02 06:02:30;humidity;null;True
S0001;2026-01-02 06:02:30;temperature;22.339;False
S0007;2026-01-02 06:02:30;temperature;25.843;False
S0010;2026-01-02 06:02:30;CO2_level;969;False
S0004;2026-01-02 06:02:30;CO2_level;1171;False
S0011;2026-01-02 06:02:45;ventilation;0.94;False
S0004;2026-01-02 06:02:45;CO2_level;875;False
S0001;2026-01-02 06:02:45;temperature;11.06;True
S0005;2026-01-02 06:02:45;ventilation;0.613;False
S0007;2026-01-02 06:02:45;temperature;15.674;False
S0010;2026-01-02 06:02:45;CO2_level;1149;False
S0001;2026-01-02 06:03:00;temperature;20.549;False
S0005;2026-01-02 06:03:00;ventilation;0.615;False
S0010;2026-01-02 06:03:00;CO2_level;643;False
S0003;2026-01-02 06:03:00;humidity;62.133;False
S0011;2026-01-02 06:03:00;ventilation;0.509;False
S0007;2026-01-02 06:03:00;temperature;15.812;False
S0004;2026-01-02 06:03:00;CO2_level;1106;False
S0009;2026-01-02 06:03:00;humidity;65.103;False
S0010;2026-01-02 06:03:15;CO2_level;975;False
S0011;2026-01-02 06:03:15;ventilation;0.61;False
S0004;2026-01-02 06:03:15;CO2_level;1161;False
S0007;2026-01-02 06:03:15;temperature;null;True
S0001;2026-01-02 06:03:15;temperature;23.545;False
S0005;2026-01-02 06:03:15;ventilation;0.595;False
S0011;2026-01-02 06:03:30;ventilation;0.54;False
S0005;2026-01-02 06:03:30;ventilation;0.97;False
S0001;2026-01-02 06:03:30;temperature;20.799;False
S0004;2026-01-02 06:03:30;CO2_level;1209;True
S0010;2026-01-02 06:03:30;CO2_level;1108;False
S0003;2026-01-02 06:03:30;humidity;66.788;False
S0007;2026-01-02 06:03:30;temperature;18.338;False
S0009;2026-01-02 06:03:30;humidity;null;True
S0001;2026-01-02 06:03:45;temperature;20.283;False
S0010;2026-01-02 06:03:45;CO2_level;885;False
S0007;2026-01-02 06:03:45;temperature;19.964;False
S0004;2026-01-02 06:03:45;CO2_level;1183;False
S0005;2026-01-02 06:03:45;ventilation;0.903;False
S0011;2026-01-02 06:03:45;ventilation;0.899;False
S0009;2026-01-02 06:04:00;humidity;62.299;False
S0001;2026-01-02 06:04:00;temperature;22.5;False
S0004;2026-01-02 06:04:00;CO2_level;1163;False
S0005;2026-01-02 06:04:00;ventilation;0.742;False
S0011;2026-01-02 06:04:00;ventilation;0.654;False
S0007;2026-01-02 06:04:00;temperature;25.464;False
S0003;2026-01-02 06:04:00;humidity;78.88;True
S0010;2026-01-02 06:04:00;CO2_level;960;False
S0005;2026-01-02 06:04:15;ventilation;0.738;False
S0007;2026-01-02 06:04:15;temperature;26.705;False
S0004;2026-01-02 06:04:15;CO2_level;1237;True
S0011;2026-01-02 06:04:15;ventilation;0.638;False
S0001;2026-01-02 06:04:15;temperature;17.511;False
S0010;2026-01-02 06:04:15;CO2_level;728;False
S0007;2026-01-02 06:04:30;temperature;20.89;False
S0005;2026-01-02 06:04:30;ventilation;0.714;False
S0001;2026-01-02 06:04:30;temperature;21.468;False
S0011;2026-01-02 06:04:30;ventilation;0.579;False
S0010;2026-01-02 06:04:30;CO2_level;731;False
S0009;2026-01-02 06:04:30;humidity;69.582;False
S0004;2026-01-02 06:04:30;CO2_level;1173;False
S0003;2026-01-02 06:04:30;humidity;62.209;False
S0007;2026-01-02 06:04:45;temperature;23.368;False
S0001;2026-01-02 06:04:45;temperature;20.895;False
S0011;2026-01-02 06:04:45;ventilation;0.759;False
S0010;2026-01-02 06:04:45;CO2_level;1126;False
S0004;2026-01-02 06:04:45;CO2_level;715;False
S0005;2026-01-02 06:04:45;ventilation;0.685;False
S0001;2026-01-02 06:05:00;temperature;21.834;False
S0011;2026-01-02 06:05:00;ventilation;0.771;False
S0009;2026-01-02 06:05:00;humidity;60.039;False
S0003;2026-01-02 06:05:00;humidity;68.989;False
S0004;2026-01-02 06:05:00;CO2_level;763;False
S0005;2026-01-02 06:05:00;ventilation;0.862;False
S0007;2026-01-02 06:05:00;temperature;20.536;False
S0010;2026-01-02 06:05:00;CO2_level;974;False
S0005;2026-01-02 06:05:15;ventilation;0.537;False
S0004;2026-01-02 06:05:15;CO2_level;876;False
S0007;2026-01-02 06:05:15;temperature;24.268;False
S0010;2026-01-02 06:05:15;CO2_level;976;False
S0001;2026-01-02 06:05:15;temperature;19.015;False
S0011;2026-01-02 06:05:15;ventilation;0.673;False
S0001;2026-01-02 06:05:30;temperature;16.079;False
S0004;2026-01-02 06:05:30;CO2_level;null;True
S0011;2026-01-02 06:05:30;ventilation;0.563;False
S0010;2026-01-02 06:05:30;CO2_level;699;False
S0005;2026-01-02 06:05:30;ventilation;0.863;False
S0009;2026-01-02 06:05:30;humidity;66.076;False
S0007;2026-01-02 06:05:30;temperature;24.041;False
S0003;2026-01-02 06:05:30;humidity;63.817;False
S0010;2026-01-02 06:05:45;CO2_level;1127;False
S0011;2026-01-02 06:05:45;ventilation;0.988;False
S0004;2026-01-02 06:05:45;CO2_level;920;False
S0001;2026-01-02 06:05:45;temperature;16.413;False
S0005;2026-01-02 06:05:45;ventilation;1.147;True
S0007;2026-01-02 06:05:45;temperature;20.699;False
S0010;2026-01-02 06:06:00;CO2_level;1019;False
S0009;2026-01-02 06:06:00;humidity;67.129;False
S0005;2026-01-02 06:06:00;ventilation;0.883;False
S0001;2026-01-02 06:06:00;temperature;19.446;False
S0004;2026-01-02 06:06:00;CO2_level;1049;False
S0007;2026-01-02 06:06:00;temperature;17.612;False
S0003;2026-01-02 06:06:00;humidity;69.75;False
S0011;2026-01-02 06:06:00;ventilation;0.62;False
S0004;2026-01-02 06:06:15;CO2_level;1057;False
S0005;2026-01-02 06:06:15;ventilation;0.628;False
S0011;2026-01-02 06:06:15;ventilation;0.972;False
S0001;2026-01-02 06:06:15;temperature;23.109;False
S0007;2026-01-02 06:06:15;temperature;24.913;False
S0010;2026-01-02 06:06:15;CO2_level;1008;False
S0010;2026-01-02 06:06:30;CO2_level;1072;False
S0005;2026-01-02 06:06:30;ventilation;0.878;False
S0004;2026-01-02 06:06:30;CO2_level;1037;False
S0001;2026-01-02 06:06:30;temperature;19.18;False
S0007;2026-01-02 06:06:30;temperature;26.798;False
S0011;2026-01-02 06:06:30;ventilation;1.282;True
S0003;2026-01-02 06:06:30;humidity;63.446;False
S0009;2026-01-02 06:06:30;humidity;61.235;False
S0007;2026-01-02 06:06:45;temperature;23.701;False
S0004;2026-01-02 06:06:45;CO2_level;931;False
S0005;2026-01-02 06:06:45;ventilation;0.982;False
S0001;2026-01-02 06:06:45;temperature;24.827;False
S0010;2026-01-02 06:06:45;CO2_level;1174;False
S0011;2026-01-02 06:06:45;ventilation;0.319;True
S0003;2026-01-02 06:07:00;humidity;65.701;False
S0011;2026-01-02 06:07:00;ventilation;0.872;False
S0007;2026-01-02 06:07:00;temperature;27.711;True
S0010;2026-01-02 06:07:00;CO2_level;1015;False
S0001;2026-01-02 06:07:00;temperature;21.629;False
S0009;2026-01-02 06:07:00;humidity;67.911;False
S0005;2026-01-02 06:07:00;ventilation;0.539;False
S0004;2026-01-02 06:07:00;CO2_level;797;False
S0010;2026-01-02 06:07:15;CO2_level;906;False
S0007;2026-01-02 06:07:15;temperature;22.758;False
S0001;2026-01-02 06:07:15;temperature;19.861;False
S0011;2026-01-02 06:07:15;ventilation;0.922;False
S0005;2026-01-02 06:07:15;ventilation;0.963;False
S0004;2026-01-02 06:07:15;CO2_level;1062;False
S0009;2026-01-02 06:07:30;humidity;68.959;False
S0001;2026-01-02 06:07:30;temperature;23.633;False
S0005;2026-01-02 06:07:30;ventilation;0.9;False
S0011;2026-01-02 06:07:30;ventilation;0.509;False
S0003;2026-01-02 06:07:30;humidity;null;True
S0007;2026-01-02 06:07:30;temperature;24.612;False
S0010;2026-01-02 06:07:30;CO2_level;888;False
S0004;2026-01-02 06:07:30;CO2_level;660;False
S0004;2026-01-02 06:07:45;CO2_level;822;False
S0007;2026-01-02 06:07:45;temperature;24.442;False
S0011;2026-01-02 06:07:45;ventilation;0.723;False
S0001;2026-01-02 06:07:45;temperature;23.724;False
S0010;2026-01-02 06:07:45;CO2_level;891;False
S0005;2026-01-02 06:07:45;ventilation;0.957;False
S0011;2026-01-02 06:08:00;ventilation;0.771;False
S0005;2026-01-02 06:08:00;ventilation;0.954;False
S0003;2026-01-02 06:08:00;humidity;67.11;False
S0007;2026-01-02 06:08:00;temperature;21.602;False
S0004;2026-01-02 06:08:00;CO2_level;1080;False
S0001;2026-01-02 06:08:00;temperature;21.852;False
S0009;2026-01-02 06:08:00;humidity;62.436;False
S0010;2026-01-02 06:08:00;CO2_level;713;False
S0007;2026-01-02 06:08:15;temperature;18.11;False
S0010;2026-01-02 06:08:15;CO2_level;721;False
S0005;2026-01-02 06:08:15;ventilation;0.61;False
S0004;2026-01-02 06:08:15;CO2_level;737;False
S0011;2026-01-02 06:08:15;ventilation;0.71;False
S0001;2026-01-02 06:08:15;temperature;20.803;False
S0001;2026-01-02 06:08:30;temperature;18.182;False
S0004;2026-01-02 06:08:30;CO2_level;798;False
S0011;2026-01-02 06:08:30;ventilation;0.717;False
S0005;2026-01-02 06:08:30;ventilation;0.628;False
S0010;2026-01-02 06:08:30;CO2_level;713;False
S0003;2026-01-02 06:08:30;humidity;66.353;False
S0007;2026-01-02 06:08:30;temperature;19.355;False
S0009;2026-01-02 06:08:30;humidity;69.89;False
S0007;2026-01-02 06:08:45;temperature;21.204;False
S0011;2026-01-02 06:08:45;ventilation;0.72;False
S0004;2026-01-02 06:08:45;CO2_level;737;False
S0010;2026-01-02 06:08:45;CO2_level;1190;False
S0005;2026-01-02 06:08:45;ventilation;0.806;False
S0001;2026-01-02 06:08:45;temperature;24.066;False
S0003;2026-01-02 06:09:00;humidity;68.835;False
S0001;2026-01-02 06:09:00;temperature;23.754;False
S0011;2026-01-02 06:09:00;ventilation;0.669;False
S0004;2026-01-02 06:09:00;CO2_level;929;False
S0009;2026-01-02 06:09:00;humidity;68.104;False
S0007;2026-01-02 06:09:00;temperature;23.54;False
S0010;2026-01-02 06:09:00;CO2_level;1172;False
S0005;2026-01-02 06:09:00;ventilation;0.673;False
S0011;2026-01-02 06:09:15;ventilation;0.772;False
S0007;2026-01-02 06:09:15;temperature;18.104;False
S0010;2026-01-02 06:09:15;CO2_level;1122;False
S0005;2026-01-02 06:09:15;ventilation;0.511;False
S0001;2026-01-02 06:09:15;temperature;16.706;False
S0004;2026-01-02 06:09:15;CO2_level;799;False
S0007;2026-01-02 06:09:30;temperature;26.417;False
S0001;2026-01-02 06:09:30;temperature;17.649;False
S0011;2026-01-02 06:09:30;ventilation;0.775;False
S0003;2026-01-02 06:09:30;humidity;60.636;False
S0009;2026-01-02 06:09:30;humidity;67.157;False
S0004;2026-01-02 06:09:30;CO2_level;924;False
S0010;2026-01-02 06:09:30;CO2_level;1073;False
S0005;2026-01-02 06:09:30;ventilation;0.844;False
S0004;2026-01-02 06:09:45;CO2_level;1066;False
S0005;2026-01-02 06:09:45;ventilation;0.629;False
S0007;2026-01-02 06:09:45;temperature;31.053;True
S0010;2026-01-02 06:09:45;CO2_level;225;True
S0001;2026-01-02 06:09:45;temperature;15.571;False
S0011;2026-01-02 06:09:45;ventilation;0.916;False
S0011;2026-01-02 06:10:00;ventilation;0.705;False
S0009;2026-01-02 06:10:00;humidity;27.089;True
S0007;2026-01-02 06:10:00;temperature;25.374;False
S0004;2026-01-02 06:10:00;CO2_level;783;False
S0003;2026-01-02 06:10:00;humidity;65.349;False
S0005;2026-01-02 06:10:00;ventilation;0.983;False
S0001;2026-01-02 06:10:00;temperature;21.961;False
S0010;2026-01-02 06:10:00;CO2_level;694;False
S0010;2026-01-02 06:10:15;CO2_level;900;False
S0005;2026-01-02 06:10:15;ventilation;0.951;False
S0004;2026-01-02 06:10:15;CO2_level;876;False
S0011;2026-01-02 06:10:15;ventilation;0.814;False
S0001;2026-01-02 06:10:15;temperature;25.9;False
S0007;2026-01-02 06:10:15;temperature;21.74;False
S0005;2026-01-02 06:10:30;ventilation;0.792;False
S0009;2026-01-02 06:10:30;humidity;61.058;False
S0007;2026-01-02 06:10:30;temperature;17.943;False
S0001;2026-01-02 06:10:30;temperature;17.657;False
S0003;2026-01-02 06:10:30;humidity;62.816;False
S0004;2026-01-02 06:10:30;CO2_level;1146;False
S0010;2026-01-02 06:10:30;CO2_level;1055;False
S0011;2026-01-02 06:10:30;ventilation;0.591;False
S0001;2026-01-02 06:10:45;temperature;25.318;False
S0005;2026-01-02 06:10:45;ventilation;0.633;False
S0007;2026-01-02 06:10:45;temperature;16.061;False
S0004;2026-01-02 06:10:45;CO2_level;894;False
S0011;2026-01-02 06:10:45;ventilation;0.592;False
S0010;2026-01-02 06:10:45;CO2_level;1068;False
S0007;2026-01-02 06:11:00;temperature;26.128;False
S0011;2026-01-02 06:11:00;ventilation;0.657;False
S0010;2026-01-02 06:11:00;CO2_level;1150;False
S0009;2026-01-02 06:11:00;humidity;66.771;False
S0004;2026-01-02 06:11:00;CO2_level;1004;False
S0005;2026-01-02 06:11:00;ventilation;0.685;False
S0001;2026-01-02 06:11:00;temperature;18.56;False
S0003;2026-01-02 06:11:00;humidity;65.164;False
S0010;2026-01-02 06:11:15;CO2_level;1004;False
S0004;2026-01-02 06:11:15;CO2_level;828;False
S0001;2026-01-02 06:11:15;temperature;16.031;False
S0005;2026-01-02 06:11:15;ventilation;0.902;False
S0011;2026-01-02 06:11:15;ventilation;0.87;False
S0007;2026-01-02 06:11:15;temperature;24.844;False
S0004;2026-01-02 06:11:30;CO2_level;975;False
S0005;2026-01-02 06:11:30;ventilation;0.958;False
S0011;2026-01-02 06:11:30;ventilation;0.444;True
S0001;2026-01-02 06:11:30;temperature;20.738;False
S0003;2026-01-02 06:11:30;humidity;61.888;False
S0009;2026-01-02 06:11:30;humidity;63.318;False
S0010;2026-01-02 06:11:30;CO2_level;1079;False
S0007;2026-01-02 06:11:30;temperature;17.807;False
S0001;2026-01-02 06:11:45;temperature;18.845;False
S0011;2026-01-02 06:11:45;ventilation;0.767;False
S0004;2026-01-02 06:11:45;CO2_level;859;False
S0007;2026-01-02 06:11:45;temperature;15.323;False
S0005;2026-01-02 06:11:45;ventilation;0.977;False
S0010;2026-01-02 06:11:45;CO2_level;1145;False
S0009;2026-01-02 06:12:00;humidity;60.446;False
S0007;2026-01-02 06:12:00;temperature;15.157;False
S0003;2026-01-02 06:12:00;humidity;68.273;False
S0005;2026-01-02 06:12:00;ventilation;0.629;False
S0010;2026-01-02 06:12:00;CO2_level;872;False
S0004;2026-01-02 06:12:00;CO2_level;964;False
S0001;2026-01-02 06:12:00;temperature;18.462;False
S0011;2026-01-02 06:12:00;ventilation;0.683;False
S0007;2026-01-02 06:12:15;temperature;19.874;False
S0010;2026-01-02 06:12:15;CO2_level;1041;False
S0001;2026-01-02 06:12:15;temperature;1.236;True
S0005;2026-01-02 06:12:15;ventilation;0.545;False
S0004;2026-01-02 06:12:15;CO2_level;783;False
S0011;2026-01-02 06:12:15;ventilation;0.715;False
S0007;2026-01-02 06:12:30;temperature;24.408;False
S0010;2026-01-02 06:12:30;CO2_level;1108;False
S0005;2026-01-02 06:12:30;ventilation;0.832;False
S0011;2026-01-02 06:12:30;ventilation;0.121;True
S0009;2026-01-02 06:12:30;humidity;61.167;False
S0003;2026-01-02 06:12:30;humidity;61.4;False
S0001;2026-01-02 06:12:30;temperature;22.589;False
S0004;2026-01-02 06:12:30;CO2_level;1085;False
S0001;2026-01-02 06:12:45;temperature;25.598;False
S0010;2026-01-02 06:12:45;CO2_level;809;False
S0005;2026-01-02 06:12:45;ventilation;0.762;False
S0007;2026-01-02 06:12:45;temperature;24.938;False
S0004;2026-01-02 06:12:45;CO2_level;1116;False
S0011;2026-01-02 06:12:45;ventilation;0.817;False
S0001;2026-01-02 06:13:00;temperature;22.457;False
S0010;2026-01-02 06:13:00;CO2_level;716;False
S0005;2026-01-02 06:13:00;ventilation;0.693;False
S0004;2026-01-02 06:13:00;CO2_level;902;False
S0011;2026-01-02 06:13:00;ventilation;0.87;False
S0003;2026-01-02 06:13:00;humidity;62.564;False
S0009;2026-01-02 06:13:00;humidity;62.456;False
S0007;2026-01-02 06:13:00;temperature;17.153;False
S0011;2026-01-02 06:13:15;ventilation;0.605;False
S0005;2026-01-02 06:13:15;ventilation;0.79;False
S0004;2026-01-02 06:13:15;CO2_level;811;False
S0010;2026-01-02 06:13:15;CO2_level;768;False
S0001;2026-01-02 06:13:15;temperature;15.451;False
S0007;2026-01-02 06:13:15;temperature;25.072;False
S0001;2026-01-02 06:13:30;temperature;25.021;False
S0011;2026-01-02 06:13:30;ventilation;0.68;False
S0003;2026-01-02 06:13:30;humidity;66.676;False
S0010;2026-01-02 06:13:30;CO2_level;1085;False
S0007;2026-01-02 06:13:30;temperature;null;True
S0005;2026-01-02 06:13:30;ventilation;0.585;False
S0009;2026-01-02 06:13:30;humidity;63.484;False
S0004;2026-01-02 06:13:30;CO2_level;837;False
S0005;2026-01-02 06:13:45;ventilation;0.973;False
S0010;2026-01-02 06:13:45;CO2_level;839;False
S0001;2026-01-02 06:13:45;temperature;25.222;False
S0007;2026-01-02 06:13:45;temperature;16.376;False
S0011;2026-01-02 06:13:45;ventilation;0.703;False
S0004;2026-01-02 06:13:45;CO2_level;1083;False
S0003;2026-01-02 06:14:00;humidity;60.175;False
S0010;2026-01-02 06:14:00;CO2_level;1103;False
S0007;2026-01-02 06:14:00;temperature;3.617;True
S0001;2026-01-02 06:14:00;temperature;16.13;False
S0009;2026-01-02 06:14:00;humidity;null;True
S0011;2026-01-02 06:14:00;ventilation;0.626;False
S0005;2026-01-02 06:14:00;ventilation;0.941;False
S0004;2026-01-02 06:14:00;CO2_level;994;False
S0001;2026-01-02 06:14:15;temperature;0.746;True
S0010;2026-01-02 06:14:15;CO2_level;721;False
S0011;2026-01-02 06:14:15;ventilation;0.66;False
S0004;2026-01-02 06:14:15;CO2_level;631;False
S0007;2026-01-02 06:14:15;temperature;26.067;False
S0005;2026-01-02 06:14:15;ventilation;null;True
S0003;2026-01-02 06:14:30;humidity;65.305;False
S0010;2026-01-02 06:14:30;CO2_level;967;False
S0011;2026-01-02 06:14:30;ventilation;0.654;False
S0007;2026-01-02 06:14:30;temperature;26.798;False
S0005;2026-01-02 06:14:30;ventilation;0.616;False
S0009;2026-01-02 06:14:30;humidity;61.318;False
S0001;2026-01-02 06:14:30;temperature;22.713;False
S0004;2026-01-02 06:14:30;CO2_level;830;False
S0001;2026-01-02 06:14:45;temperature;19.49;False
S0011;2026-01-02 06:14:45;ventilation;0.712;False
S0005;2026-01-02 06:14:45;ventilation;0.838;False
S0010;2026-01-02 06:14:45;CO2_level;633;False
S0007;2026-01-02 06:14:45;temperature;17.403;False
S0004;2026-01-02 06:14:45;CO2_level;678;False
S0011;2026-01-02 06:15:00;ventilation;0.642;False
S0010;2026-01-02 06:15:00;CO2_level;1131;False
S0005;2026-01-02 06:15:00;ventilation;1.555;True
S0007;2026-01-02 06:15:00;temperature;18.197;False
S0009;2026-01-02 06:15:00;humidity;66.665;False
S0004;2026-01-02 06:15:00;CO2_level;808;False
S0001;2026-01-02 06:15:00;temperature;15.488;False
S0003;2026-01-02 06:15:00;humidity;31.127;True
S0004;2026-01-02 06:15:15;CO2_level;1249;True
S0005;2026-01-02 06:15:15;ventilation;0.733;False
S0010;2026-01-02 06:15:15;CO2_level;1112;False
S0007;2026-01-02 06:15:15;temperature;24.746;False
S0011;2026-01-02 06:15:15;ventilation;0.793;False
S0001;2026-01-02 06:15:15;temperature;24.965;False
S0010;2026-01-02 06:15:30;CO2_level;1151;False
S0005;2026-01-02 06:15:30;ventilation;0.968;False
S0003;2026-01-02 06:15:30;humidity;65.4;False
S0009;2026-01-02 06:15:30;humidity;62.806;False
S0007;2026-01-02 06:15:30;temperature;22.313;False
S0004;2026-01-02 06:15:30;CO2_level;1181;False
S0011;2026-01-02 06:15:30;ventilation;0.672;False
S0001;2026-01-02 06:15:30;temperature;21.139;False
S0010;2026-01-02 06:15:45;CO2_level;662;False
S0001;2026-01-02 06:15:45;temperature;18.593;False
S0011;2026-01-02 06:15:45;ventilation;0.98;False
S0004;2026-01-02 06:15:45;CO2_level;802;False
S0005;2026-01-02 06:15:45;ventilation;1.128;True
S0007;2026-01-02 06:15:45;temperature;26.131;False
S0011;2026-01-02 06:16:00;ventilation;0.73;False
S0001;2026-01-02 06:16:00;temperature;20.991;False
S0003;2026-01-02 06:16:00;humidity;62.012;False
S0004;2026-01-02 06:16:00;CO2_level;894;False
S0007;2026-01-02 06:16:00;temperature;15.884;False
S0005;2026-01-02 06:16:00;ventilation;0.765;False
S0009;2026-01-02 06:16:00;humidity;66.404;False
S0010;2026-01-02 06:16:00;CO2_level;1157;False
S0010;2026-01-02 06:16:15;CO2_level;658;False
S0007;2026-01-02 06:16:15;temperature;19.478;False
S0004;2026-01-02 06:16:15;CO2_level;658;False
S0001;2026-01-02 06:16:15;temperature;21.603;False
S0011;2026-01-02 06:16:15;ventilation;0.565;False
S0005;2026-01-02 06:16:15;ventilation;0.682;False
S0010;2026-01-02 06:16:30;CO2_level;1048;False
S0003;2026-01-02 06:16:30;humidity;65.941;False
S0005;2026-01-02 06:16:30;ventilation;0.885;False
S0004;2026-01-02 06:16:30;CO2_level;370;True
S0009;2026-01-02 06:16:30;humidity;69.378;False
S0001;2026-01-02 06:16:30;temperature;21.991;False
S0007;2026-01-02 06:16:30;temperature;19.337;False
S0011;2026-01-02 06:16:30;ventilation;0.566;False
S0005;2026-01-02 06:16:45;ventilation;0.622;False
S0001;2026-01-02 06:16:45;temperature;15.826;False
S0011;2026-01-02 06:16:45;ventilation;0.567;False
S0010;2026-01-02 06:16:45;CO2_level;1187;False
S0007;2026-01-02 06:16:45;temperature;24.757;False
S0004;2026-01-02 06:16:45;CO2_level;1005;False
S0011;2026-01-02 06:17:00;ventilation;0.55;False
S0003;2026-01-02 06:17:00;humidity;66.239;False
S0004;2026-01-02 06:17:00;CO2_level;1101;False
S0005;2026-01-02 06:17:00;ventilation;0.67;False
S0009;2026-01-02 06:17:00;humidity;61.321;False
S0010;2026-01-02 06:17:00;CO2_level;709;False
S0007;2026-01-02 06:17:00;temperature;16.551;False
S0001;2026-01-02 06:17:00;temperature;19.362;False
S0010;2026-01-02 06:17:15;CO2_level;741;False
S0005;2026-01-02 06:17:15;ventilation;0.708;False
S0004;2026-01-02 06:17:15;CO2_level;789;False
S0001;2026-01-02 06:17:15;temperature;7.204;True
S0011;2026-01-02 06:17:15;ventilation;0.517;False
S0007;2026-01-02 06:17:15;temperature;15.785;False
S0003;2026-01-02 06:17:30;humidity;64.9;False
S0005;2026-01-02 06:17:30;ventilation;0.753;False
S0001;2026-01-02 06:17:30;temperature;22.106;False
S0009;2026-01-02 06:17:30;humidity;67.178;False
S0004;2026-01-02 06:17:30;CO2_level;760;False
S0011;2026-01-02 06:17:30;ventilation;0.676;False
S0010;2026-01-02 06:17:30;CO2_level;918;False
S0007;2026-01-02 06:17:30;temperature;17.356;False
S0011;2026-01-02 06:17:45;ventilation;0.697;False
S0005;2026-01-02 06:17:45;ventilation;0.955;False
S0007;2026-01-02 06:17:45;temperature;18.154;False
S0004;2026-01-02 06:17:45;CO2_level;1122;False
S0001;2026-01-02 06:17:45;temperature;13.949;True
S0010;2026-01-02 06:17:45;CO2_level;971;False
S0004;2026-01-02 06:18:00;CO2_level;783;False
S0003;2026-01-02 06:18:00;humidity;62.784;False
S0011;2026-01-02 06:18:00;ventilation;0.793;False
S0009;2026-01-02 06:18:00;humidity;62.929;False
S0007;2026-01-02 06:18:00;temperature;19.051;False
S0005;2026-01-02 06:18:00;ventilation;0.638;False
S0001;2026-01-02 06:18:00;temperature;23.744;False
S0010;2026-01-02 06:18:00;CO2_level;737;False
S0011;2026-01-02 06:18:15;ventilation;0.673;False
S0010;2026-01-02 06:18:15;CO2_level;null;True
S0007;2026-01-02 06:18:15;temperature;21.065;False
S0004;2026-01-02 06:18:15;CO2_level;700;False
S0001;2026-01-02 06:18:15;temperature;26.336;False
S0005;2026-01-02 06:18:15;ventilation;0.645;False
S0009;2026-01-02 06:18:30;humidity;66.698;False
S0001;2026-01-02 06:18:30;temperature;3.309;True
S0004;2026-01-02 06:18:30;CO2_level;699;False
S0010;2026-01-02 06:18:30;CO2_level;1170;False
S0011;2026-01-02 06:18:30;ventilation;0.853;False
S0007;2026-01-02 06:18:30;temperature;18.575;False
S0005;2026-01-02 06:18:30;ventilation;0.534;False
S0003;2026-01-02 06:18:30;humidity;68.967;False
S0010;2026-01-02 06:18:45;CO2_level;1095;False
S0007;2026-01-02 06:18:45;temperature;25.492;False
S0005;2026-01-02 06:18:45;ventilation;0.863;False
S0004;2026-01-02 06:18:45;CO2_level;1076;False
S0001;2026-01-02 06:18:45;temperature;25.483;False
S0011;2026-01-02 06:18:45;ventilation;0.863;False
S0010;2026-01-02 06:19:00;CO2_level;1079;False
S0005;2026-01-02 06:19:00;ventilation;0.567;False
S0004;2026-01-02 06:19:00;CO2_level;1096;False
S0001;2026-01-02 06:19:00;temperature;18.285;False
S0003;2026-01-02 06:19:00;humidity;62.931;False
S0007;2026-01-02 06:19:00;temperature;24.513;False
S0011;2026-01-02 06:19:00;ventilation;0.56;False
S0009;2026-01-02 06:19:00;humidity;69.696;False
S0007;2026-01-02 06:19:15;temperature;21.887;False
S0005;2026-01-02 06:19:15;ventilation;0.791;False
S0001;2026-01-02 06:19:15;temperature;25.268;False
S0010;2026-01-02 06:19:15;CO2_level;1231;True
S0011;2026-01-02 06:19:15;ventilation;0.569;False
S0004;2026-01-02 06:19:15;CO2_level;615;False
S0003;2026-01-02 06:19:30;humidity;68.801;False
S0007;2026-01-02 06:19:30;temperature;26.592;False
S0005;2026-01-02 06:19:30;ventilation;0.593;False
S0011;2026-01-02 06:19:30;ventilation;0.983;False
S0001;2026-01-02 06:19:30;temperature;20.056;False
S0009;2026-01-02 06:19:30;humidity;60.873;False
S0010;2026-01-02 06:19:30;CO2_level;1125;False
S0004;2026-01-02 06:19:30;CO2_level;700;False
S0011;2026-01-02 06:19:45;ventilation;0.951;False
S0007;2026-01-02 06:19:45;temperature;15.714;False
S0010;2026-01-02 06:19:45;CO2_level;1191;False
S0004;2026-01-02 06:19:45;CO2_level;741;False
S0001;2026-01-02 06:19:45;temperature;26.279;False
S0005;2026-01-02 06:19:45;ventilation;0.634;False
S0001;2026-01-02 06:20:00;temperature;23.373;False
S0003;2026-01-02 06:20:00;humidity;64.267;False
S0009;2026-01-02 06:20:00;humidity;65.364;False
S0004;2026-01-02 06:20:00;CO2_level;670;False
S0007;2026-01-02 06:20:00;temperature;23.052;False
S0010;2026-01-02 06:20:00;CO2_level;975;False
S0011;2026-01-02 06:20:00;ventilation;0.55;False
S0005;2026-01-02 06:20:00;ventilation;0.753;False
S0004;2026-01-02 06:20:15;CO2_level;600;False
S0001;2026-01-02 06:20:15;temperature;27.579;True
S0005;2026-01-02 06:20:15;ventilation;0.696;False
S0010;2026-01-02 06:20:15;CO2_level;1095;False
S0007;2026-01-02 06:20:15;temperature;7.12;True
S0011;2026-01-02 06:20:15;ventilation;null;True
S0009;2026-01-02 06:20:30;humidity;67.697;False
S0004;2026-01-02 06:20:30;CO2_level;409;True
S0007;2026-01-02 06:20:30;temperature;16.783;False
S0011;2026-01-02 06:20:30;ventilation;0.857;False
S0010;2026-01-02 06:20:30;CO2_level;1177;False
S0001;2026-01-02 06:20:30;temperature;20.922;False
S0003;2026-01-02 06:20:30;humidity;65.213;False
S0005;2026-01-02 06:20:30;ventilation;0.919;False
S0001;2026-01-02 06:20:45;temperature;27.47;True
S0004;2026-01-02 06:20:45;CO2_level;745;False
S0011;2026-01-02 06:20:45;ventilation;0.965;False
S0005;2026-01-02 06:20:45;ventilation;0.768;False
S0010;2026-01-02 06:20:45;CO2_level;863;False
S0007;2026-01-02 06:20:45;temperature;8.458;True
S0010;2026-01-02 06:21:00;CO2_level;732;False
S0005;2026-01-02 06:21:00;ventilation;0.951;False
S0007;2026-01-02 06:21:00;temperature;20.982;False
S0004;2026-01-02 06:21:00;CO2_level;1142;False
S0003;2026-01-02 06:21:00;humidity;68.054;False
S0009;2026-01-02 06:21:00;humidity;63.066;False
S0011;2026-01-02 06:21:00;ventilation;0.995;False
S0001;2026-01-02 06:21:00;temperature;16.54;False
S0007;2026-01-02 06:21:15;temperature;20.99;False
S0005;2026-01-02 06:21:15;ventilation;0.715;False
S0001;2026-01-02 06:21:15;temperature;18.654;False
S0010;2026-01-02 06:21:15;CO2_level;1115;False
S0011;2026-01-02 06:21:15;ventilation;0.668;False
S0004;2026-01-02 06:21:15;CO2_level;544;True
S0001;2026-01-02 06:21:30;temperature;32.614;True
S0007;2026-01-02 06:21:30;temperature;22.664;False
S0003;2026-01-02 06:21:30;humidity;64.685;False
S0005;2026-01-02 06:21:30;ventilation;0.794;False
S0004;2026-01-02 06:21:30;CO2_level;611;False
S0011;2026-01-02 06:21:30;ventilation;0.989;False
S0010;2026-01-02 06:21:30;CO2_level;711;False
S0009;2026-01-02 06:21:30;humidity;62.755;False
S0005;2026-01-02 06:21:45;ventilation;1.493;True
S0004;2026-01-02 06:21:45;CO2_level;993;False
S0010;2026-01-02 06:21:45;CO2_level;915;False
S0001;2026-01-02 06:21:45;temperature;21.478;False
S0007;2026-01-02 06:21:45;temperature;25.972;False
S0011;2026-01-02 06:21:45;ventilation;0.593;False
S0003;2026-01-02 06:22:00;humidity;66.531;False
S0005;2026-01-02 06:22:00;ventilation;0.691;False
S0010;2026-01-02 06:22:00;CO2_level;899;False
S0009;2026-01-02 06:22:00;humidity;67.375;False
S0007;2026-01-02 06:22:00;temperature;15.629;False
S0004;2026-01-02 06:22:00;CO2_level;892;False
S0011;2026-01-02 06:22:00;ventilation;0.618;False
S0001;2026-01-02 06:22:00;temperature;22.388;False
S0010;2026-01-02 06:22:15;CO2_level;840;False
S0005;2026-01-02 06:22:15;ventilation;0.948;False
S0001;2026-01-02 06:22:15;temperature;25.591;False
S0004;2026-01-02 06:22:15;CO2_level;894;False
S0007;2026-01-02 06:22:15;temperature;22.366;False
S0011;2026-01-02 06:22:15;ventilation;0.507;False
S0007;2026-01-02 06:22:30;temperature;24.88;False
S0001;2026-01-02 06:22:30;temperature;19.112;False
S0010;2026-01-02 06:22:30;CO2_level;902;False
S0003;2026-01-02 06:22:30;humidity;67.903;False
S0011;2026-01-02 06:22:30;ventilation;0.505;False
S0004;2026-01-02 06:22:30;CO2_level;871;False
S0009;2026-01-02 06:22:30;humidity;64.145;False
S0005;2026-01-02 06:22:30;ventilation;0.632;False
S0001;2026-01-02 06:22:45;temperature;19.797;False
S0004;2026-01-02 06:22:45;CO2_level;1004;False
S0011;2026-01-02 06:22:45;ventilation;0.602;False
S0007;2026-01-02 06:22:45;temperature;18.035;False
S0005;2026-01-02 06:22:45;ventilation;0.605;False
S0010;2026-01-02 06:22:45;CO2_level;923;False
S0007;2026-01-02 06:23:00;temperature;16.741;False
S0009;2026-01-02 06:23:00;humidity;62.31;False
S0005;2026-01-02 06:23:00;ventilation;0.792;False
S0011;2026-01-02 06:23:00;ventilation;0.691;False
S0001;2026-01-02 06:23:00;temperature;15.279;False
S0003;2026-01-02 06:23:00;humidity;67.748;False
S0004;2026-01-02 06:23:00;CO2_level;643;False
S0010;2026-01-02 06:23:00;CO2_level;1146;False
S0007;2026-01-02 06:23:15;temperature;16.95;False
S0011;2026-01-02 06:23:15;ventilation;0.852;False
S0001;2026-01-02 06:23:15;temperature;23.164;False
S0005;2026-01-02 06:23:15;ventilation;0.891;False
S0004;2026-01-02 06:23:15;CO2_level;1132;False
S0010;2026-01-02 06:23:15;CO2_level;1013;False
S0009;2026-01-02 06:23:30;humidity;64.758;False
S0001;2026-01-02 06:23:30;temperature;19.744;False
S0005;2026-01-02 06:23:30;ventilation;0.751;False
S0003;2026-01-02 06:23:30;humidity;65.748;False
S0004;2026-01-02 06:23:30;CO2_level;826;False
S0010;2026-01-02 06:23:30;CO2_level;810;False
S0007;2026-01-02 06:23:30;temperature;21.138;False
S0011;2026-01-02 06:23:30;ventilation;0.53;False
S0011;2026-01-02 06:23:45;ventilation;0.805;False
S0001;2026-01-02 06:23:45;temperature;16.746;False
S0010;2026-01-02 06:23:45;CO2_level;906;False
S0007;2026-01-02 06:23:45;temperature;27.876;True
S0005;2026-01-02 06:23:45;ventilation;1.401;True
S0004;2026-01-02 06:23:45;CO2_level;892;False
S0007;2026-01-02 06:24:00;temperature;25.558;False
S0003;2026-01-02 06:24:00;humidity;14.74;True
S0009;2026-01-02 06:24:00;humidity;63.025;False
S0011;2026-01-02 06:24:00;ventilation;0.539;False
S0001;2026-01-02 06:24:00;temperature;23.725;False
S0004;2026-01-02 06:24:00;CO2_level;1133;False
S0005;2026-01-02 06:24:00;ventilation;0.977;False
S0010;2026-01-02 06:24:00;CO2_level;1029;False
S0001;2026-01-02 06:24:15;temperature;31.624;True
S0010;2026-01-02 06:24:15;CO2_level;1144;False
S0011;2026-01-02 06:24:15;ventilation;0.95;False
S0007;2026-01-02 06:24:15;temperature;23.283;False
S0005;2026-01-02 06:24:15;ventilation;0.881;False
S0004;2026-01-02 06:24:15;CO2_level;1008;False
S0011;2026-01-02 06:24:30;ventilation;0.717;False
S0010;2026-01-02 06:24:30;CO2_level;820;False
S0001;2026-01-02 06:24:30;temperature;20.262;False
S0004;2026-01-02 06:24:30;CO2_level;693;False
S0003;2026-01-02 06:24:30;humidity;67.778;False
S0009;2026-01-02 06:24:30;humidity;61.042;False
S0007;2026-01-02 06:24:30;temperature;17.707;False
S0005;2026-01-02 06:24:30;ventilation;0.835;False
S0005;2026-01-02 06:24:45;ventilation;0.943;False
S0011;2026-01-02 06:24:45;ventilation;null;True
S0004;2026-01-02 06:24:45;CO2_level;1119;False
S0010;2026-01-02 06:24:45;CO2_level;681;False
S0001;2026-01-02 06:24:45;temperature;16.747;False
S0007;2026-01-02 06:24:45;temperature;16.32;False
S0007;2026-01-02 06:25:00;temperature;25.572;False
S0011;2026-01-02 06:25:00;ventilation;0.856;False
S0003;2026-01-02 06:25:00;humidity;64.562;False
S0004;2026-01-02 06:25:00;CO2_level;947;False
S0001;2026-01-02 06:25:00;temperature;17.484;False
S0009;2026-01-02 06:25:00;humidity;68.478;False
S0010;2026-01-02 06:25:00;CO2_level;1043;False
S0005;2026-01-02 06:25:00;ventilation;0.504;False
S0007;2026-01-02 06:25:15;temperature;19.016;False
S0001;2026-01-02 06:25:15;temperature;24.088;False
S0010;2026-01-02 06:25:15;CO2_level;1231;True
S0011;2026-01-02 06:25:15;ventilation;0.804;False
S0004;2026-01-02 06:25:15;CO2_level;981;False
S0005;2026-01-02 06:25:15;ventilation;0.59;False
S0007;2026-01-02 06:25:30;temperature;15.059;False
S0011;2026-01-02 06:25:30;ventilation;0.52;False
S0009;2026-01-02 06:25:30;humidity;66.665;False
S0005;2026-01-02 06:25:30;ventilation;0.883;False
S0010;2026-01-02 06:25:30;CO2_level;643;False
S0004;2026-01-02 06:25:30;CO2_level;668;False
S0001;2026-01-02 06:25:30;temperature;null;True
S0003;2026-01-02 06:25:30;humidity;68.817;False
S0004;2026-01-02 06:25:45;CO2_level;203;True
S0001;2026-01-02 06:25:45;temperature;16.761;False
S0010;2026-01-02 06:25:45;CO2_level;948;False
S0011;2026-01-02 06:25:45;ventilation;0.569;False
S0007;2026-01-02 06:25:45;temperature;24.234;False
S0005;2026-01-02 06:25:45;ventilation;0.854;False
S0001;2026-01-02 06:26:00;temperature;19.742;False
S0011;2026-01-02 06:26:00;ventilation;0.852;False
S0009;2026-01-02 06:26:00;humidity;66.542;False
S0007;2026-01-02 06:26:00;temperature;null;True
S0010;2026-01-02 06:26:00;CO2_level;850;False
S0003;2026-01-02 06:26:00;humidity;68.512;False
S0005;2026-01-02 06:26:00;ventilation;0.701;False
S0004;2026-01-02 06:26:00;CO2_level;1090;False
S0007;2026-01-02 06:26:15;temperature;26.856;False
S0004;2026-01-02 06:26:15;CO2_level;850;False
S0005;2026-01-02 06:26:15;ventilation;0.937;False
S0010;2026-01-02 06:26:15;CO2_level;1023;False
S0011;2026-01-02 06:26:15;ventilation;0.554;False
S0001;2026-01-02 06:26:15;temperature;22.537;False
S0009;2026-01-02 06:26:30;humidity;67.251;False
S0003;2026-01-02 06:26:30;humidity;68.882;False
S0007;2026-01-02 06:26:30;temperature;17.519;False
S0005;2026-01-02 06:26:30;ventilation;0.77;False
S0010;2026-01-02 06:26:30;CO2_level;883;False
S0004;2026-01-02 06:26:30;CO2_level;1112;False
S0001;2026-01-02 06:26:30;temperature;21.81;False
S0011;2026-01-02 06:26:30;ventilation;0.593;False
S0004;2026-01-02 06:26:45;CO2_level;1092;False
S0005;2026-01-02 06:26:45;ventilation;0.928;False
S0011;2026-01-02 06:26:45;ventilation;0.796;False
S0010;2026-01-02 06:26:45;CO2_level;1177;False
S0007;2026-01-02 06:26:45;temperature;18.293;False
S0001;2026-01-02 06:26:45;temperature;21.249;False
S0003;2026-01-02 06:27:00;humidity;20.493;True
S0005;2026-01-02 06:27:00;ventilation;0.746;False
S0011;2026-01-02 06:27:00;ventilation;0.856;False
S0001;2026-01-02 06:27:00;temperature;22.522;False
S0010;2026-01-02 06:27:00;CO2_level;746;False
S0007;2026-01-02 06:27:00;temperature;25.712;False
S0004;2026-01-02 06:27:00;CO2_level;798;False
S0009;2026-01-02 06:27:00;humidity;61.727;False
S0004;2026-01-02 06:27:15;CO2_level;960;False
S0011;2026-01-02 06:27:15;ventilation;0.548;False
S0005;2026-01-02 06:27:15;ventilation;0.613;False
S0007;2026-01-02 06:27:15;temperature;17.142;False
S0010;2026-01-02 06:27:15;CO2_level;252;True
S0001;2026-01-02 06:27:15;temperature;21.848;False
S0005;2026-01-02 06:27:30;ventilation;0.685;False
S0009;2026-01-02 06:27:30;humidity;66.204;False
S0004;2026-01-02 06:27:30;CO2_level;855;False
S0001;2026-01-02 06:27:30;temperature;23.963;False
S0007;2026-01-02 06:27:30;temperature;22.452;False
S0011;2026-01-02 06:27:30;ventilation;0.816;False
S0010;2026-01-02 06:27:30;CO2_level;682;False
S0003;2026-01-02 06:27:30;humidity;69.881;False
S0001;2026-01-02 06:27:45;temperature;25.313;False
S0011;2026-01-02 06:27:45;ventilation;0.637;False
S0004;2026-01-02 06:27:45;CO2_level;1052;False
S0007;2026-01-02 06:27:45;temperature;21.959;False
S0010;2026-01-02 06:27:45;CO2_level;948;False
S0005;2026-01-02 06:27:45;ventilation;0.739;False
S0011;2026-01-02 06:28:00;ventilation;0.786;False
S0004;2026-01-02 06:28:00;CO2_level;943;False
S0007;2026-01-02 06:28:00;temperature;22.331;False
S0005;2026-01-02 06:28:00;ventilation;0.601;False
S0009;2026-01-02 06:28:00;humidity;64.384;False
S0010;2026-01-02 06:28:00;CO2_level;622;False
S0001;2026-01-02 06:28:00;temperature;16.063;False
S0003;2026-01-02 06:28:00;humidity;60.792;False
S0011;2026-01-02 06:28:15;ventilation;0.904;False
S0007;2026-01-02 06:28:15;temperature;22.46;False
S0001;2026-01-02 06:28:15;temperature;17.426;False
S0010;2026-01-02 06:28:15;CO2_level;1087;False
S0004;2026-01-02 06:28:15;CO2_level;1123;False
S0005;2026-01-02 06:28:15;ventilation;0.092;True
S0004;2026-01-02 06:28:30;CO2_level;908;False
S0001;2026-01-02 06:28:30;temperature;16.409;False
S0007;2026-01-02 06:28:30;temperature;16.003;False
S0011;2026-01-02 06:28:30;ventilation;0.542;False
S0009;2026-01-02 06:28:30;humidity;67.833;False
S0010;2026-01-02 06:28:30;CO2_level;759;False
S0005;2026-01-02 06:28:30;ventilation;0.89;False
S0003;2026-01-02 06:28:30;humidity;69.625;False
S0011;2026-01-02 06:28:45;ventilation;0.512;False
S0005;2026-01-02 06:28:45;ventilation;0.939;False
S0007;2026-01-02 06:28:45;temperature;26.817;False
S0001;2026-01-02 06:28:45;temperature;17.03;False
S0004;2026-01-02 06:28:45;CO2_level;1035;False
S0010;2026-01-02 06:28:45;CO2_level;871;False
S0010;2026-01-02 06:29:00;CO2_level;1075;False
S0001;2026-01-02 06:29:00;temperature;15.927;False
S0003;2026-01-02 06:29:00;humidity;60.295;False
S0005;2026-01-02 06:29:00;ventilation;0.634;False
S0004;2026-01-02 06:29:00;CO2_level;767;False
S0007;2026-01-02 06:29:00;temperature;18.877;False
S0011;2026-01-02 06:29:00;ventilation;0.719;False
S0009;2026-01-02 06:29:00;humidity;66.435;False
S0001;2026-01-02 06:29:15;temperature;23.255;False
S0010;2026-01-02 06:29:15;CO2_level;1185;False
S0004;2026-01-02 06:29:15;CO2_level;669;False
S0011;2026-01-02 06:29:15;ventilation;0.719;False
S0005;2026-01-02 06:29:15;ventilation;0.672;False
S0007;2026-01-02 06:29:15;temperature;24.147;False
S0011;2026-01-02 06:29:30;ventilation;0.692;False
S0007;2026-01-02 06:29:30;temperature;3.706;True
S0003;2026-01-02 06:29:30;humidity;65.785;False
S0009;2026-01-02 06:29:30;humidity;68.637;False
S0004;2026-01-02 06:29:30;CO2_level;1056;False
S0005;2026-01-02 06:29:30;ventilation;0.918;False
S0001;2026-01-02 06:29:30;temperature;22.192;False
S0010;2026-01-02 06:29:30;CO2_level;689;False
S0004;2026-01-02 06:29:45;CO2_level;806;False
S0001;2026-01-02 06:29:45;temperature;15.42;False
S0007;2026-01-02 06:29:45;temperature;25.211;False
S0010;2026-01-02 06:29:45;CO2_level;852;False
S0011;2026-01-02 06:29:45;ventilation;0.506;False
S0005;2026-01-02 06:29:45;ventilation;0.844;False
S0011;2026-01-02 06:30:00;ventilation;0.916;False
S0009;2026-01-02 06:30:00;humidity;65.114;False
S0003;2026-01-02 06:30:00;humidity;65.025;False
S0001;2026-01-02 06:30:00;temperature;17.788;False
S0005;2026-01-02 06:30:00;ventilation;0.63;False
S0007;2026-01-02 06:30:00;temperature;16.438;False
S0004;2026-01-02 06:30:00;CO2_level;1113;False
S0010;2026-01-02 06:30:00;CO2_level;1070;False
S0007;2026-01-02 06:30:15;temperature;18.723;False
S0004;2026-01-02 06:30:15;CO2_level;868;False
S0011;2026-01-02 06:30:15;ventilation;0.816;False
S0010;2026-01-02 06:30:15;CO2_level;1197;False
S0005;2026-01-02 06:30:15;ventilation;0.88;False
S0001;2026-01-02 06:30:15;temperature;20.958;False
S0009;2026-01-02 06:30:30;humidity;62.16;False
S0001;2026-01-02 06:30:30;temperature;24.13;False
S0010;2026-01-02 06:30:30;CO2_level;897;False
S0007;2026-01-02 06:30:30;temperature;22.88;False
S0011;2026-01-02 06:30:30;ventilation;0.61;False
S0003;2026-01-02 06:30:30;humidity;67.331;False
S0004;2026-01-02 06:30:30;CO2_level;1031;False
S0005;2026-01-02 06:30:30;ventilation;null;True
S0010;2026-01-02 06:30:45;CO2_level;763;False
S0007;2026-01-02 06:30:45;temperature;24.703;False
S0001;2026-01-02 06:30:45;temperature;18.609;False
S0004;2026-01-02 06:30:45;CO2_level;889;False
S0005;2026-01-02 06:30:45;ventilation;0.605;False
S0011;2026-01-02 06:30:45;ventilation;0.887;False
S0005;2026-01-02 06:31:00;ventilation;0.913;False
S0001;2026-01-02 06:31:00;temperature;23.003;False
S0004;2026-01-02 06:31:00;CO2_level;618;False
S0003;2026-01-02 06:31:00;humidity;60.345;False
S0011;2026-01-02 06:31:00;ventilation;1.334;True
S0007;2026-01-02 06:31:00;temperature;17.27;False
S0009;2026-01-02 06:31:00;humidity;60.796;False
S0010;2026-01-02 06:31:00;CO2_level;816;False
S0001;2026-01-02 06:31:15;temperature;20.601;False
S0007;2026-01-02 06:31:15;temperature;18.705;False
S0004;2026-01-02 06:31:15;CO2_level;1058;False
S0005;2026-01-02 06:31:15;ventilation;0.633;False
S0011;2026-01-02 06:31:15;ventilation;0.818;False
S0010;2026-01-02 06:31:15;CO2_level;767;False
S0005;2026-01-02 06:31:30;ventilation;0.549;False
S0003;2026-01-02 06:31:30;humidity;65.458;False
S0010;2026-01-02 06:31:30;CO2_level;718;False
S0004;2026-01-02 06:31:30;CO2_level;948;False
S0007;2026-01-02 06:31:30;temperature;null;True
S0009;2026-01-02 06:31:30;humidity;68.237;False
S0011;2026-01-02 06:31:30;ventilation;0.938;False
S0001;2026-01-02 06:31:30;temperature;15.988;False
S0011;2026-01-02 06:31:45;ventilation;0.942;False
S0004;2026-01-02 06:31:45;CO2_level;1085;False
S0005;2026-01-02 06:31:45;ventilation;0.749;False
S0007;2026-01-02 06:31:45;temperature;25.1;False
S0010;2026-01-02 06:31:45;CO2_level;1004;False
S0001;2026-01-02 06:31:45;temperature;15.982;False
S0005;2026-01-02 06:32:00;ventilation;0.862;False
S0007;2026-01-02 06:32:00;temperature;18.337;False
S0003;2026-01-02 06:32:00;humidity;69.174;False
S0011;2026-01-02 06:32:00;ventilation;0.683;False
S0010;2026-01-02 06:32:00;CO2_level;727;False
S0009;2026-01-02 06:32:00;humidity;63.639;False
S0001;2026-01-02 06:32:00;temperature;19.886;False
S0004;2026-01-02 06:32:00;CO2_level;926;False
S0007;2026-01-02 06:32:15;temperature;24.47;False
S0011;2026-01-02 06:32:15;ventilation;0.671;False
S0010;2026-01-02 06:32:15;CO2_level;865;False
S0001;2026-01-02 06:32:15;temperature;25.225;False
S0005;2026-01-02 06:32:15;ventilation;0.392;True
S0004;2026-01-02 06:32:15;CO2_level;1034;False
S0005;2026-01-02 06:32:30;ventilation;0.907;False
S0001;2026-01-02 06:32:30;temperature;17.7;False
S0011;2026-01-02 06:32:30;ventilation;0.808;False
S0007;2026-01-02 06:32:30;temperature;20.362;False
S0004;2026-01-02 06:32:30;CO2_level;784;False
S0003;2026-01-02 06:32:30;humidity;67.15;False
S0009;2026-01-02 06:32:30;humidity;68.109;False
S0010;2026-01-02 06:32:30;CO2_level;952;False
S0005;2026-01-02 06:32:45;ventilation;0.8;False
S0001;2026-01-02 06:32:45;temperature;16.275;False
S0010;2026-01-02 06:32:45;CO2_level;917;False
S0004;2026-01-02 06:32:45;CO2_level;1166;False
S0011;2026-01-02 06:32:45;ventilation;0.705;False
S0007;2026-01-02 06:32:45;temperature;null;True
S0005;2026-01-02 06:33:00;ventilation;0.557;False
S0007;2026-01-02 06:33:00;temperature;26.844;False
S0004;2026-01-02 06:33:00;CO2_level;938;False
S0009;2026-01-02 06:33:00;humidity;64.683;False
S0011;2026-01-02 06:33:00;ventilation;0.831;False
S0001;2026-01-02 06:33:00;temperature;16.992;False
S0003;2026-01-02 06:33:00;humidity;67.116;False
S0010;2026-01-02 06:33:00;CO2_level;879;False
S0011;2026-01-02 06:33:15;ventilation;0.866;False
S0007;2026-01-02 06:33:15;temperature;19.583;False
S0005;2026-01-02 06:33:15;ventilation;null;True
S0004;2026-01-02 06:33:15;CO2_level;1096;False
S0001;2026-01-02 06:33:15;temperature;17.915;False
S0010;2026-01-02 06:33:15;CO2_level;989;False
S0004;2026-01-02 06:33:30;CO2_level;1197;False
S0007;2026-01-02 06:33:30;temperature;16.642;False
S0005;2026-01-02 06:33:30;ventilation;0.929;False
S0001;2026-01-02 06:33:30;temperature;24.005;False
S0011;2026-01-02 06:33:30;ventilation;0.624;False
S0003;2026-01-02 06:33:30;humidity;67.594;False
S0010;2026-01-02 06:33:30;CO2_level;815;False
S0009;2026-01-02 06:33:30;humidity;62.307;False
S0004;2026-01-02 06:33:45;CO2_level;982;False
S0007;2026-01-02 06:33:45;temperature;18.933;False
S0005;2026-01-02 06:33:45;ventilation;0.704;False
S0001;2026-01-02 06:33:45;temperature;25.957;False
S0011;2026-01-02 06:33:45;ventilation;0.804;False
S0010;2026-01-02 06:33:45;CO2_level;678;False
S0004;2026-01-02 06:34:00;CO2_level;1058;False
S0007;2026-01-02 06:34:00;temperature;25.944;False
S0001;2026-01-02 06:34:00;temperature;1.141;True
S0009;2026-01-02 06:34:00;humidity;60.841;False
S0003;2026-01-02 06:34:00;humidity;66.575;False
S0010;2026-01-02 06:34:00;CO2_level;609;False
S0011;2026-01-02 06:34:00;ventilation;0.033;True
S0005;2026-01-02 06:34:00;ventilation;0.566;False
S0001;2026-01-02 06:34:15;temperature;22.541;False
S0011;2026-01-02 06:34:15;ventilation;0.937;False
S0007;2026-01-02 06:34:15;temperature;18.487;False
S0004;2026-01-02 06:34:15;CO2_level;962;False
S0005;2026-01-02 06:34:15;ventilation;0.852;False
S0010;2026-01-02 06:34:15;CO2_level;1193;False
S0007;2026-01-02 06:34:30;temperature;null;True
S0011;2026-01-02 06:34:30;ventilation;0.546;False
S0003;2026-01-02 06:34:30;humidity;64.117;False
S0005;2026-01-02 06:34:30;ventilation;0.642;False
S0009;2026-01-02 06:34:30;humidity;68.066;False
S0001;2026-01-02 06:34:30;temperature;24.685;False
S0004;2026-01-02 06:34:30;CO2_level;null;True
S0010;2026-01-02 06:34:30;CO2_level;1054;False
S0001;2026-01-02 06:34:45;temperature;15.08;False
S0007;2026-01-02 06:34:45;temperature;16.885;False
S0004;2026-01-02 06:34:45;CO2_level;1036;False
S0005;2026-01-02 06:34:45;ventilation;0.907;False
S0011;2026-01-02 06:34:45;ventilation;1.343;True
S0010;2026-01-02 06:34:45;CO2_level;1168;False
S0010;2026-01-02 06:35:00;CO2_level;820;False
S0007;2026-01-02 06:35:00;temperature;19.967;False
S0001;2026-01-02 06:35:00;temperature;26.709;False
S0011;2026-01-02 06:35:00;ventilation;0.891;False
S0003;2026-01-02 06:35:00;humidity;69.68;False
S0004;2026-01-02 06:35:00;CO2_level;1297;True
S0005;2026-01-02 06:35:00;ventilation;0.698;False
S0009;2026-01-02 06:35:00;humidity;67.15;False
S0011;2026-01-02 06:35:15;ventilation;0.028;True
S0007;2026-01-02 06:35:15;temperature;19.902;False
S0010;2026-01-02 06:35:15;CO2_level;1080;False
S0001;2026-01-02 06:35:15;temperature;21.617;False
S0004;2026-01-02 06:35:15;CO2_level;814;False
S0005;2026-01-02 06:35:15;ventilation;0.618;False
S0010;2026-01-02 06:35:30;CO2_level;1141;False
S0004;2026-01-02 06:35:30;CO2_level;1191;False
S0011;2026-01-02 06:35:30;ventilation;0.8;False
S0001;2026-01-02 06:35:30;temperature;18.395;False
S0007;2026-01-02 06:35:30;temperature;19.508;False
S0003;2026-01-02 06:35:30;humidity;64.55;False
S0009;2026-01-02 06:35:30;humidity;63.887;False
S0005;2026-01-02 06:35:30;ventilation;0.754;False
S0004;2026-01-02 06:35:45;CO2_level;865;False
S0005;2026-01-02 06:35:45;ventilation;0.59;False
S0001;2026-01-02 06:35:45;temperature;25.731;False
S0011;2026-01-02 06:35:45;ventilation;0.708;False
S0010;2026-01-02 06:35:45;CO2_level;799;False
S0007;2026-01-02 06:35:45;temperature;17.159;False
S0003;2026-01-02 06:36:00;humidity;70.29;True
S0007;2026-01-02 06:36:00;temperature;20.466;False
S0004;2026-01-02 06:36:00;CO2_level;1175;False
S0005;2026-01-02 06:36:00;ventilation;0.575;False
S0009;2026-01-02 06:36:00;humidity;62.709;False
S0010;2026-01-02 06:36:00;CO2_level;839;False
S0001;2026-01-02 06:36:00;temperature;23.587;False
S0011;2026-01-02 06:36:00;ventilation;0.984;False
S0004;2026-01-02 06:36:15;CO2_level;859;False
S0005;2026-01-02 06:36:15;ventilation;0.856;False
S0007;2026-01-02 06:36:15;temperature;19.41;False
S0001;2026-01-02 06:36:15;temperature;17.622;False
S0010;2026-01-02 06:36:15;CO2_level;903;False
S0011;2026-01-02 06:36:15;ventilation;0.807;False
S0005;2026-01-02 06:36:30;ventilation;0.841;False
S0007;2026-01-02 06:36:30;temperature;31.291;True
S0004;2026-01-02 06:36:30;CO2_level;673;False
S0010;2026-01-02 06:36:30;CO2_level;795;False
S0001;2026-01-02 06:36:30;temperature;16.964;False
S0009;2026-01-02 06:36:30;humidity;64.586;False
S0003;2026-01-02 06:36:30;humidity;62.673;False
S0011;2026-01-02 06:36:30;ventilation;0.628;False
S0007;2026-01-02 06:36:45;temperature;17.216;False
S0004;2026-01-02 06:36:45;CO2_level;1059;False
S0005;2026-01-02 06:36:45;ventilation;0.748;False
S0011;2026-01-02 06:36:45;ventilation;0.711;False
S0010;2026-01-02 06:36:45;CO2_level;786;False
S0001;2026-01-02 06:36:45;temperature;22.395;False
S0011;2026-01-02 06:37:00;ventilation;0.976;False
S0003;2026-01-02 06:37:00;humidity;64.325;False
S0005;2026-01-02 06:37:00;ventilation;0.638;False
S0009;2026-01-02 06:37:00;humidity;69.347;False
S0010;2026-01-02 06:37:00;CO2_level;1187;False
S0007;2026-01-02 06:37:00;temperature;15.929;False
S0001;2026-01-02 06:37:00;temperature;16.58;False
S0004;2026-01-02 06:37:00;CO2_level;null;True
S0001;2026-01-02 06:37:15;temperature;19.364;False
S0005;2026-01-02 06:37:15;ventilation;0.688;False
S0011;2026-01-02 06:37:15;ventilation;0.898;False
S0004;2026-01-02 06:37:15;CO2_level;704;False
S0010;2026-01-02 06:37:15;CO2_level;1093;False
S0007;2026-01-02 06:37:15;temperature;16.979;False
S0001;2026-01-02 06:37:30;temperature;18.229;False
S0009;2026-01-02 06:37:30;humidity;67.669;False
S0005;2026-01-02 06:37:30;ventilation;0.963;False
S0011;2026-01-02 06:37:30;ventilation;0.625;False
S0007;2026-01-02 06:37:30;temperature;20.37;False
S0010;2026-01-02 06:37:30;CO2_level;874;False
S0003;2026-01-02 06:37:30;humidity;69.65;False
S0004;2026-01-02 06:37:30;CO2_level;1020;False
S0010;2026-01-02 06:37:45;CO2_level;1037;False
S0004;2026-01-02 06:37:45;CO2_level;996;False
S0005;2026-01-02 06:37:45;ventilation;0.63;False
S0011;2026-01-02 06:37:45;ventilation;0.751;False
S0001;2026-01-02 06:37:45;temperature;26.579;False
S0007;2026-01-02 06:37:45;temperature;16.028;False
S0005;2026-01-02 06:38:00;ventilation;0.98;False
S0004;2026-01-02 06:38:00;CO2_level;856;False
S0009;2026-01-02 06:38:00;humidity;62.387;False
S0010;2026-01-02 06:38:00;CO2_level;784;False
S0007;2026-01-02 06:38:00;temperature;19.943;False
S0001;2026-01-02 06:38:00;temperature;22.359;False
S0003;2026-01-02 06:38:00;humidity;66.645;False
S0011;2026-01-02 06:38:00;ventilation;1.689;True
S0001;2026-01-02 06:38:15;temperature;21.144;False
S0004;2026-01-02 06:38:15;CO2_level;650;False
S0011;2026-01-02 06:38:15;ventilation;0.915;False
S0005;2026-01-02 06:38:15;ventilation;0.749;False
S0007;2026-01-02 06:38:15;temperature;20.616;False
S0010;2026-01-02 06:38:15;CO2_level;704;False
S0009;2026-01-02 06:38:30;humidity;64.997;False
S0004;2026-01-02 06:38:30;CO2_level;954;False
S0010;2026-01-02 06:38:30;CO2_level;1158;False
S0005;2026-01-02 06:38:30;ventilation;0.936;False
S0001;2026-01-02 06:38:30;temperature;24.797;False
S0007;2026-01-02 06:38:30;temperature;25.88;False
S0011;2026-01-02 06:38:30;ventilation;0.527;False
S0003;2026-01-02 06:38:30;humidity;62.935;False
S0011;2026-01-02 06:38:45;ventilation;0.841;False
S0005;2026-01-02 06:38:45;ventilation;0.738;False
S0004;2026-01-02 06:38:45;CO2_level;1016;False
S0001;2026-01-02 06:38:45;temperature;25.832;False
S0010;2026-01-02 06:38:45;CO2_level;931;False
S0007;2026-01-02 06:38:45;temperature;16.216;False
S0007;2026-01-02 06:39:00;temperature;26.779;False
S0009;2026-01-02 06:39:00;humidity;65.781;False
S0001;2026-01-02 06:39:00;temperature;15.561;False
S0004;2026-01-02 06:39:00;CO2_level;801;False
S0010;2026-01-02 06:39:00;CO2_level;1168;False
S0003;2026-01-02 06:39:00;humidity;60.873;False
S0005;2026-01-02 06:39:00;ventilation;0.809;False
S0011;2026-01-02 06:39:00;ventilation;0.89;False
S0005;2026-01-02 06:39:15;ventilation;0.967;False
S0007;2026-01-02 06:39:15;temperature;17.917;False
S0011;2026-01-02 06:39:15;ventilation;0.645;False
S0001;2026-01-02 06:39:15;temperature;15.015;False
S0004;2026-01-02 06:39:15;CO2_level;1034;False
S0010;2026-01-02 06:39:15;CO2_level;1014;False
S0004;2026-01-02 06:39:30;CO2_level;915;False
S0007;2026-01-02 06:39:30;temperature;26.563;False
S0011;2026-01-02 06:39:30;ventilation;0.735;False
S0003;2026-01-02 06:39:30;humidity;67.677;False
S0010;2026-01-02 06:39:30;CO2_level;1099;False
S0001;2026-01-02 06:39:30;temperature;19.428;False
S0005;2026-01-02 06:39:30;ventilation;0.664;False
S0009;2026-01-02 06:39:30;humidity;67.95;False
S0001;2026-01-02 06:39:45;temperature;19.899;False
S0007;2026-01-02 06:39:45;temperature;25.269;False
S0004;2026-01-02 06:39:45;CO2_level;622;False
S0005;2026-01-02 06:39:45;ventilation;0.853;False
S0011;2026-01-02 06:39:45;ventilation;0.853;False
S0010;2026-01-02 06:39:45;CO2_level;895;False
S0001;2026-01-02 06:40:00;temperature;15.037;False
S0010;2026-01-02 06:40:00;CO2_level;714;False
S0004;2026-01-02 06:40:00;CO2_level;717;False
S0009;2026-01-02 06:40:00;humidity;62.093;False
S0005;2026-01-02 06:40:00;ventilation;0.677;False
S0003;2026-01-02 06:40:00;humidity;69.75;False
S0011;2026-01-02 06:40:00;ventilation;0.585;False
S0007;2026-01-02 06:40:00;temperature;15.001;False
S0010;2026-01-02 06:40:15;CO2_level;696;False
S0007;2026-01-02 06:40:15;temperature;16.829;False
S0011;2026-01-02 06:40:15;ventilation;0.175;True
S0001;2026-01-02 06:40:15;temperature;22.797;False
S0004;2026-01-02 06:40:15;CO2_level;829;False
S0005;2026-01-02 06:40:15;ventilation;0.565;False
S0001;2026-01-02 06:40:30;temperature;25.644;False
S0003;2026-01-02 06:40:30;humidity;60.982;False
S0007;2026-01-02 06:40:30;temperature;24.313;False
S0004;2026-01-02 06:40:30;CO2_level;1150;False
S0009;2026-01-02 06:40:30;humidity;67.783;False
S0011;2026-01-02 06:40:30;ventilation;0.676;False
S0010;2026-01-02 06:40:30;CO2_level;802;False
S0005;2026-01-02 06:40:30;ventilation;0.691;False
S0001;2026-01-02 06:40:45;temperature;15.449;False
S0004;2026-01-02 06:40:45;CO2_level;827;False
S0011;2026-01-02 06:40:45;ventilation;0.815;False
S0007;2026-01-02 06:40:45;temperature;16.118;False
S0005;2026-01-02 06:40:45;ventilation;0.601;False
S0010;2026-01-02 06:40:45;CO2_level;1021;False
S0010;2026-01-02 06:41:00;CO2_level;1139;False
S0005;2026-01-02 06:41:00;ventilation;0.934;False
S0003;2026-01-02 06:41:00;humidity;null;True
S0004;2026-01-02 06:41:00;CO2_level;823;False
S0001;2026-01-02 06:41:00;temperature;29.282;True
S0009;2026-01-02 06:41:00;humidity;64.021;False
S0007;2026-01-02 06:41:00;temperature;18.059;False
S0011;2026-01-02 06:41:00;ventilation;0.605;False
S0004;2026-01-02 06:41:15;CO2_level;974;False
S0001;2026-01-02 06:41:15;temperature;24.459;False
S0010;2026-01-02 06:41:15;CO2_level;1255;True
S0007;2026-01-02 06:41:15;temperature;15.4;False
S0005;2026-01-02 06:41:15;ventilation;0.917;False
S0011;2026-01-02 06:41:15;ventilation;0.85;False
S0001;2026-01-02 06:41:30;temperature;23.187;False
S0007;2026-01-02 06:41:30;temperature;24.561;False
S0005;2026-01-02 06:41:30;ventilation;0.891;False
S0009;2026-01-02 06:41:30;humidity;67.708;False
S0010;2026-01-02 06:41:30;CO2_level;800;False
S0003;2026-01-02 06:41:30;humidity;60.314;False
S0004;2026-01-02 06:41:30;CO2_level;889;False
S0011;2026-01-02 06:41:30;ventilation;0.955;False
S0010;2026-01-02 06:41:45;CO2_level;970;False
S0004;2026-01-02 06:41:45;CO2_level;1137;False
S0011;2026-01-02 06:41:45;ventilation;0.86;False
S0007;2026-01-02 06:41:45;temperature;15.421;False
S0005;2026-01-02 06:41:45;ventilation;0.308;True
S0001;2026-01-02 06:41:45;temperature;21.011;False
S0005;2026-01-02 06:42:00;ventilation;0.694;False
S0004;2026-01-02 06:42:00;CO2_level;779;False
S0003;2026-01-02 06:42:00;humidity;60.141;False
S0009;2026-01-02 06:42:00;humidity;63.605;False
S0011;2026-01-02 06:42:00;ventilation;0.586;False
S0001;2026-01-02 06:42:00;temperature;18.01;False
S0010;2026-01-02 06:42:00;CO2_level;863;False
S0007;2026-01-02 06:42:00;temperature;17.502;False
S0004;2026-01-02 06:42:15;CO2_level;1058;False
S0001;2026-01-02 06:42:15;temperature;15.097;False
S0010;2026-01-02 06:42:15;CO2_level;1093;False
S0011;2026-01-02 06:42:15;ventilation;0.528;False
S0005;2026-01-02 06:42:15;ventilation;0.517;False
S0007;2026-01-02 06:42:15;temperature;24.04;False
S0001;2026-01-02 06:42:30;temperature;23.761;False
S0005;2026-01-02 06:42:30;ventilation;0.813;False
S0010;2026-01-02 06:42:30;CO2_level;675;False
S0007;2026-01-02 06:42:30;temperature;19.081;False
S0009;2026-01-02 06:42:30;humidity;65.954;False
S0003;2026-01-02 06:42:30;humidity;66.987;False
S0004;2026-01-02 06:42:30;CO2_level;1077;False
S0011;2026-01-02 06:42:30;ventilation;0.95;False
S0004;2026-01-02 06:42:45;CO2_level;353;True
S0011;2026-01-02 06:42:45;ventilation;0.78;False
S0001;2026-01-02 06:42:45;temperature;20.126;False
S0007;2026-01-02 06:42:45;temperature;23.793;False
S0010;2026-01-02 06:42:45;CO2_level;901;False
S0005;2026-01-02 06:42:45;ventilation;0.942;False
S0009;2026-01-02 06:43:00;humidity;69.736;False
S0003;2026-01-02 06:43:00;humidity;63.006;False
S0001;2026-01-02 06:43:00;temperature;23.666;False
S0010;2026-01-02 06:43:00;CO2_level;null;True
S0004;2026-01-02 06:43:00;CO2_level;1044;False
S0005;2026-01-02 06:43:00;ventilation;0.873;False
S0011;2026-01-02 06:43:00;ventilation;0.805;False
S0007;2026-01-02 06:43:00;temperature;20.476;False
S0007;2026-01-02 06:43:15;temperature;19.831;False
S0010;2026-01-02 06:43:15;CO2_level;681;False
S0011;2026-01-02 06:43:15;ventilation;0.871;False
S0005;2026-01-02 06:43:15;ventilation;0.67;False
S0004;2026-01-02 06:43:15;CO2_level;633;False
S0001;2026-01-02 06:43:15;temperature;22.628;False
S0001;2026-01-02 06:43:30;temperature;26.86;False
S0005;2026-01-02 06:43:30;ventilation;0.842;False
S0011;2026-01-02 06:43:30;ventilation;0.86;False
S0010;2026-01-02 06:43:30;CO2_level;618;False
S0009;2026-01-02 06:43:30;humidity;44.1;True
S0007;2026-01-02 06:43:30;temperature;25.918;False
S0003;2026-01-02 06:43:30;humidity;67.283;False
S0004;2026-01-02 06:43:30;CO2_level;1256;True
S0001;2026-01-02 06:43:45;temperature;26.407;False
S0004;2026-01-02 06:43:45;CO2_level;1192;False
S0010;2026-01-02 06:43:45;CO2_level;844;False
S0005;2026-01-02 06:43:45;ventilation;0.984;False
S0011;2026-01-02 06:43:45;ventilation;0.941;False
S0007;2026-01-02 06:43:45;temperature;27.16;True
S0009;2026-01-02 06:44:00;humidity;68.152;False
S0001;2026-01-02 06:44:00;temperature;15.982;False
S0010;2026-01-02 06:44:00;CO2_level;1038;False
S0003;2026-01-02 06:44:00;humidity;65.554;False
S0005;2026-01-02 06:44:00;ventilation;0.572;False
S0004;2026-01-02 06:44:00;CO2_level;662;False
S0011;2026-01-02 06:44:00;ventilation;0.695;False
S0007;2026-01-02 06:44:00;temperature;18.48;False
S0007;2026-01-02 06:44:15;temperature;15.431;False
S0004;2026-01-02 06:44:15;CO2_level;799;False
S0005;2026-01-02 06:44:15;ventilation;0.81;False
S0001;2026-01-02 06:44:15;temperature;18.682;False
S0010;2026-01-02 06:44:15;CO2_level;709;False
S0011;2026-01-02 06:44:15;ventilation;0.879;False
S0009;2026-01-02 06:44:30;humidity;67.051;False
S0005;2026-01-02 06:44:30;ventilation;0.865;False
S0003;2026-01-02 06:44:30;humidity;68.143;False
S0001;2026-01-02 06:44:30;temperature;20.366;False
S0004;2026-01-02 06:44:30;CO2_level;882;False
S0011;2026-01-02 06:44:30;ventilation;0.923;False
S0007;2026-01-02 06:44:30;temperature;26.511;False
S0010;2026-01-02 06:44:30;CO2_level;1229;True
S0005;2026-01-02 06:44:45;ventilation;0.93;False
S0011;2026-01-02 06:44:45;ventilation;0.914;False
S0004;2026-01-02 06:44:45;CO2_level;1163;False
S0001;2026-01-02 06:44:45;temperature;18.629;False
S0010;2026-01-02 06:44:45;CO2_level;649;False
S0007;2026-01-02 06:44:45;temperature;20.849;False
S0010;2026-01-02 06:45:00;CO2_level;820;False
S0007;2026-01-02 06:45:00;temperature;24.154;False
S0011;2026-01-02 06:45:00;ventilation;0.902;False
S0003;2026-01-02 06:45:00;humidity;60.147;False
S0004;2026-01-02 06:45:00;CO2_level;721;False
S0001;2026-01-02 06:45:00;temperature;18.49;False
S0009;2026-01-02 06:45:00;humidity;61.69;False
S0005;2026-01-02 06:45:00;ventilation;0.839;False
S0007;2026-01-02 06:45:15;temperature;25.923;False
S0005;2026-01-02 06:45:15;ventilation;0.702;False
S0010;2026-01-02 06:45:15;CO2_level;937;False
S0004;2026-01-02 06:45:15;CO2_level;746;False
S0001;2026-01-02 06:45:15;temperature;16.485;False
S0011;2026-01-02 06:45:15;ventilation;1.842;True
S0007;2026-01-02 06:45:30;temperature;21.909;False
S0004;2026-01-02 06:45:30;CO2_level;928;False
S0001;2026-01-02 06:45:30;temperature;32.912;True
S0011;2026-01-02 06:45:30;ventilation;0.619;False
S0009;2026-01-02 06:45:30;humidity;69.128;False
S0010;2026-01-02 06:45:30;CO2_level;688;False
S0005;2026-01-02 06:45:30;ventilation;0.751;False
S0003;2026-01-02 06:45:30;humidity;61.89;False
S0011;2026-01-02 06:45:45;ventilation;0.599;False
S0001;2026-01-02 06:45:45;temperature;3.185;True
S0007;2026-01-02 06:45:45;temperature;23.764;False
S0004;2026-01-02 06:45:45;CO2_level;771;False
S0005;2026-01-02 06:45:45;ventilation;0.657;False
S0010;2026-01-02 06:45:45;CO2_level;838;False
S0010;2026-01-02 06:46:00;CO2_level;997;False
S0001;2026-01-02 06:46:00;temperature;17.215;False
S0005;2026-01-02 06:46:00;ventilation;0.755;False
S0007;2026-01-02 06:46:00;temperature;18.486;False
S0003;2026-01-02 06:46:00;humidity;63.734;False
S0009;2026-01-02 06:46:00;humidity;62.371;False
S0011;2026-01-02 06:46:00;ventilation;1.496;True
S0004;2026-01-02 06:46:00;CO2_level;1103;False
S0004;2026-01-02 06:46:15;CO2_level;652;False
S0007;2026-01-02 06:46:15;temperature;19.752;False
S0005;2026-01-02 06:46:15;ventilation;0.58;False
S0011;2026-01-02 06:46:15;ventilation;0.707;False
S0001;2026-01-02 06:46:15;temperature;19.555;False
S0010;2026-01-02 06:46:15;CO2_level;1046;False
S0009;2026-01-02 06:46:30;humidity;68.45;False
S0007;2026-01-02 06:46:30;temperature;20.73;False
S0010;2026-01-02 06:46:30;CO2_level;1108;False
S0003;2026-01-02 06:46:30;humidity;62.759;False
S0001;2026-01-02 06:46:30;temperature;22.043;False
S0004;2026-01-02 06:46:30;CO2_level;819;False
S0011;2026-01-02 06:46:30;ventilation;1.0;False
S0005;2026-01-02 06:46:30;ventilation;0.838;False
S0004;2026-01-02 06:46:45;CO2_level;813;False
S0011;2026-01-02 06:46:45;ventilation;0.513;False
S0005;2026-01-02 06:46:45;ventilation;0.587;False
S0001;2026-01-02 06:46:45;temperature;17.496;False
S0007;2026-01-02 06:46:45;temperature;24.314;False
S0010;2026-01-02 06:46:45;CO2_level;938;False
S0003;2026-01-02 06:47:00;humidity;60.195;False
S0009;2026-01-02 06:47:00;humidity;67.681;False
S0010;2026-01-02 06:47:00;CO2_level;999;False
S0007;2026-01-02 06:47:00;temperature;17.684;False
S0004;2026-01-02 06:47:00;CO2_level;1038;False
S0011;2026-01-02 06:47:00;ventilation;0.569;False
S0005;2026-01-02 06:47:00;ventilation;0.725;False
S0001;2026-01-02 06:47:00;temperature;16.43;False
S0010;2026-01-02 06:47:15;CO2_level;1047;False
S0004;2026-01-02 06:47:15;CO2_level;1052;False
S0001;2026-01-02 06:47:15;temperature;22.96;False
S0011;2026-01-02 06:47:15;ventilation;0.588;False
S0007;2026-01-02 06:47:15;temperature;25.936;False
S0005;2026-01-02 06:47:15;ventilation;0.565;False
S0004;2026-01-02 06:47:30;CO2_level;1178;False
S0009;2026-01-02 06:47:30;humidity;63.611;False
S0011;2026-01-02 06:47:30;ventilation;0.627;False
S0003;2026-01-02 06:47:30;humidity;61.635;False
S0005;2026-01-02 06:47:30;ventilation;0.965;False
S0007;2026-01-02 06:47:30;temperature;29.461;True
S0010;2026-01-02 06:47:30;CO2_level;801;False
S0001;2026-01-02 06:47:30;temperature;17.561;False
S0005;2026-01-02 06:47:45;ventilation;0.653;False
S0007;2026-01-02 06:47:45;temperature;26.036;False
S0001;2026-01-02 06:47:45;temperature;16.424;False
S0010;2026-01-02 06:47:45;CO2_level;667;False
S0004;2026-01-02 06:47:45;CO2_level;1167;False
S0011;2026-01-02 06:47:45;ventilation;0.532;False
S0009;2026-01-02 06:48:00;humidity;64.669;False
S0004;2026-01-02 06:48:00;CO2_level;1086;False
S0005;2026-01-02 06:48:00;ventilation;0.988;False
S0010;2026-01-02 06:48:00;CO2_level;709;False
S0003;2026-01-02 06:48:00;humidity;66.793;False
S0011;2026-01-02 06:48:00;ventilation;0.631;False
S0001;2026-01-02 06:48:00;temperature;19.313;False
S0007;2026-01-02 06:48:00;temperature;26.131;False
S0010;2026-01-02 06:48:15;CO2_level;1102;False
S0011;2026-01-02 06:48:15;ventilation;0.621;False
S0001;2026-01-02 06:48:15;temperature;21.151;False
S0007;2026-01-02 06:48:15;temperature;18.26;False
S0005;2026-01-02 06:48:15;ventilation;0.925;False
S0004;2026-01-02 06:48:15;CO2_level;765;False
S0003;2026-01-02 06:48:30;humidity;69.553;False
S0001;2026-01-02 06:48:30;temperature;23.39;False
S0007;2026-01-02 06:48:30;temperature;0.916;True
S0010;2026-01-02 06:48:30;CO2_level;1210;True
S0011;2026-01-02 06:48:30;ventilation;0.601;False
S0009;2026-01-02 06:48:30;humidity;65.483;False
S0004;2026-01-02 06:48:30;CO2_level;null;True
S0005;2026-01-02 06:48:30;ventilation;0.568;False
S0004;2026-01-02 06:48:45;CO2_level;637;False
S0001;2026-01-02 06:48:45;temperature;25.877;False
S0010;2026-01-02 06:48:45;CO2_level;604;False
S0005;2026-01-02 06:48:45;ventilation;0.912;False
S0007;2026-01-02 06:48:45;temperature;20.669;False
S0011;2026-01-02 06:48:45;ventilation;0.524;False
S0001;2026-01-02 06:49:00;temperature;22.857;False
S0010;2026-01-02 06:49:00;CO2_level;null;True
S0009;2026-01-02 06:49:00;humidity;60.131;False
S0003;2026-01-02 06:49:00;humidity;2.889;True
S0005;2026-01-02 06:49:00;ventilation;0.59;False
S0011;2026-01-02 06:49:00;ventilation;0.706;False
S0004;2026-01-02 06:49:00;CO2_level;901;False
S0007;2026-01-02 06:49:00;temperature;22.402;False
S0007;2026-01-02 06:49:15;temperature;3.492;True
S0001;2026-01-02 06:49:15;temperature;16.674;False
S0004;2026-01-02 06:49:15;CO2_level;227;True
S0010;2026-01-02 06:49:15;CO2_level;1191;False
S0011;2026-01-02 06:49:15;ventilation;0.847;False
S0005;2026-01-02 06:49:15;ventilation;0.572;False
S0011;2026-01-02 06:49:30;ventilation;0.803;False
S0009;2026-01-02 06:49:30;humidity;63.171;False
S0003;2026-01-02 06:49:30;humidity;61.822;False
S0005;2026-01-02 06:49:30;ventilation;0.948;False
S0007;2026-01-02 06:49:30;temperature;15.23;False
S0001;2026-01-02 06:49:30;temperature;21.995;False
S0010;2026-01-02 06:49:30;CO2_level;905;False
S0004;2026-01-02 06:49:30;CO2_level;null;True
S0001;2026-01-02 06:49:45;temperature;24.494;False
S0011;2026-01-02 06:49:45;ventilation;0.778;False
S0007;2026-01-02 06:49:45;temperature;21.881;False
S0005;2026-01-02 06:49:45;ventilation;0.756;False
S0010;2026-01-02 06:49:45;CO2_level;441;True
S0004;2026-01-02 06:49:45;CO2_level;1137;False
S0007;2026-01-02 06:50:00;temperature;25.177;False
S0011;2026-01-02 06:50:00;ventilation;0.603;False
S0003;2026-01-02 06:50:00;humidity;69.454;False
S0005;2026-01-02 06:50:00;ventilation;0.532;False
S0010;2026-01-02 06:50:00;CO2_level;995;False
S0001;2026-01-02 06:50:00;temperature;20.487;False
S0009;2026-01-02 06:50:00;humidity;66.364;False
S0004;2026-01-02 06:50:00;CO2_level;1136;False
S0005;2026-01-02 06:50:15;ventilation;0.192;True
S0007;2026-01-02 06:50:15;temperature;17.981;False
S0004;2026-01-02 06:50:15;CO2_level;873;False
S0011;2026-01-02 06:50:15;ventilation;0.604;False
S0010;2026-01-02 06:50:15;CO2_level;931;False
S0001;2026-01-02 06:50:15;temperature;16.155;False
S0011;2026-01-02 06:50:30;ventilation;0.581;False
S0001;2026-01-02 06:50:30;temperature;26.038;False
S0005;2026-01-02 06:50:30;ventilation;0.023;True
S0009;2026-01-02 06:50:30;humidity;68.772;False
S0010;2026-01-02 06:50:30;CO2_level;655;False
S0004;2026-01-02 06:50:30;CO2_level;946;False
S0007;2026-01-02 06:50:30;temperature;18.508;False
S0003;2026-01-02 06:50:30;humidity;67.434;False
S0005;2026-01-02 06:50:45;ventilation;0.722;False
S0010;2026-01-02 06:50:45;CO2_level;916;False
S0001;2026-01-02 06:50:45;temperature;21.619;False
S0004;2026-01-02 06:50:45;CO2_level;911;False
S0007;2026-01-02 06:50:45;temperature;15.089;False
S0011;2026-01-02 06:50:45;ventilation;0.757;False
S0009;2026-01-02 06:51:00;humidity;64.307;False
S0011;2026-01-02 06:51:00;ventilation;0.789;False
S0004;2026-01-02 06:51:00;CO2_level;650;False
S0001;2026-01-02 06:51:00;temperature;25.024;False
S0005;2026-01-02 06:51:00;ventilation;0.81;False
S0010;2026-01-02 06:51:00;CO2_level;670;False
S0007;2026-01-02 06:51:00;temperature;30.11;True
S0003;2026-01-02 06:51:00;humidity;65.484;False
S0011;2026-01-02 06:51:15;ventilation;0.871;False
S0005;2026-01-02 06:51:15;ventilation;0.813;False
S0010;2026-01-02 06:51:15;CO2_level;1110;False
S0004;2026-01-02 06:51:15;CO2_level;866;False
S0007;2026-01-02 06:51:15;temperature;23.937;False
S0001;2026-01-02 06:51:15;temperature;18.273;False
S0011;2026-01-02 06:51:30;ventilation;0.771;False
S0005;2026-01-02 06:51:30;ventilation;0.525;False
S0003;2026-01-02 06:51:30;humidity;60.801;False
S0007;2026-01-02 06:51:30;temperature;19.783;False
S0004;2026-01-02 06:51:30;CO2_level;923;False
S0009;2026-01-02 06:51:30;humidity;66.649;False
S0001;2026-01-02 06:51:30;temperature;23.466;False
S0010;2026-01-02 06:51:30;CO2_level;1012;False
S0010;2026-01-02 06:51:45;CO2_level;719;False
S0011;2026-01-02 06:51:45;ventilation;0.716;False
S0007;2026-01-02 06:51:45;temperature;32.077;True
S0005;2026-01-02 06:51:45;ventilation;0.815;False
S0001;2026-01-02 06:51:45;temperature;19.537;False
S0004;2026-01-02 06:51:45;CO2_level;754;False
S0004;2026-01-02 06:52:00;CO2_level;637;False
S0007;2026-01-02 06:52:00;temperature;17.557;False
S0009;2026-01-02 06:52:00;humidity;61.911;False
S0001;2026-01-02 06:52:00;temperature;18.702;False
S0003;2026-01-02 06:52:00;humidity;67.769;False
S0010;2026-01-02 06:52:00;CO2_level;639;False
S0005;2026-01-02 06:52:00;ventilation;0.943;False
S0011;2026-01-02 06:52:00;ventilation;0.948;False
S0010;2026-01-02 06:52:15;CO2_level;1146;False
S0005;2026-01-02 06:52:15;ventilation;0.895;False
S0011;2026-01-02 06:52:15;ventilation;0.897;False
S0004;2026-01-02 06:52:15;CO2_level;1172;False
S0001;2026-01-02 06:52:15;temperature;22.401;False
S0007;2026-01-02 06:52:15;temperature;25.786;False
S0009;2026-01-02 06:52:30;humidity;67.515;False
S0004;2026-01-02 06:52:30;CO2_level;1169;False
S0003;2026-01-02 06:52:30;humidity;61.299;False
S0010;2026-01-02 06:52:30;CO2_level;1051;False
S0007;2026-01-02 06:52:30;temperature;18.873;False
S0001;2026-01-02 06:52:30;temperature;16.468;False
S0011;2026-01-02 06:52:30;ventilation;0.766;False
S0005;2026-01-02 06:52:30;ventilation;0.627;False
S0005;2026-01-02 06:52:45;ventilation;0.853;False
S0010;2026-01-02 06:52:45;CO2_level;1067;False
S0001;2026-01-02 06:52:45;temperature;16.952;False
S0007;2026-01-02 06:52:45;temperature;24.933;False
S0004;2026-01-02 06:52:45;CO2_level;1121;False
S0011;2026-01-02 06:52:45;ventilation;0.928;False
S0003;2026-01-02 06:53:00;humidity;66.289;False
S0005;2026-01-02 06:53:00;ventilation;0.65;False
S0010;2026-01-02 06:53:00;CO2_level;1092;False
S0011;2026-01-02 06:53:00;ventilation;0.62;False
S0001;2026-01-02 06:53:00;temperature;17.606;False
S0007;2026-01-02 06:53:00;temperature;24.398;False
S0009;2026-01-02 06:53:00;humidity;62.312;False
S0004;2026-01-02 06:53:00;CO2_level;751;False
S0011;2026-01-02 06:53:15;ventilation;0.543;False
S0007;2026-01-02 06:53:15;temperature;24.578;False
S0010;2026-01-02 06:53:15;CO2_level;721;False
S0004;2026-01-02 06:53:15;CO2_level;782;False
S0005;2026-01-02 06:53:15;ventilation;0.528;False
S0001;2026-01-02 06:53:15;temperature;24.932;False
S0009;2026-01-02 06:53:30;humidity;69.411;False
S0011;2026-01-02 06:53:30;ventilation;0.993;False
S0007;2026-01-02 06:53:30;temperature;17.523;False
S0010;2026-01-02 06:53:30;CO2_level;1190;False
S0001;2026-01-02 06:53:30;temperature;15.359;False
S0003;2026-01-02 06:53:30;humidity;67.628;False
S0004;2026-01-02 06:53:30;CO2_level;934;False
S0005;2026-01-02 06:53:30;ventilation;0.527;False
S0010;2026-01-02 06:53:45;CO2_level;706;False
S0007;2026-01-02 06:53:45;temperature;16.776;False
S0001;2026-01-02 06:53:45;temperature;23.252;False
S0004;2026-01-02 06:53:45;CO2_level;726;False
S0005;2026-01-02 06:53:45;ventilation;0.587;False
S0011;2026-01-02 06:53:45;ventilation;0.756;False
S0004;2026-01-02 06:54:00;CO2_level;751;False
S0011;2026-01-02 06:54:00;ventilation;0.768;False
S0009;2026-01-02 06:54:00;humidity;63.56;False
S0001;2026-01-02 06:54:00;temperature;18.515;False
S0005;2026-01-02 06:54:00;ventilation;0.875;False
S0003;2026-01-02 06:54:00;humidity;66.754;False
S0010;2026-01-02 06:54:00;CO2_level;1078;False
S0007;2026-01-02 06:54:00;temperature;25.419;False
S0004;2026-01-02 06:54:15;CO2_level;1139;False
S0005;2026-01-02 06:54:15;ventilation;0.798;False
S0010;2026-01-02 06:54:15;CO2_level;969;False
S0001;2026-01-02 06:54:15;temperature;15.965;False
S0011;2026-01-02 06:54:15;ventilation;0.872;False
S0007;2026-01-02 06:54:15;temperature;18.59;False
S0010;2026-01-02 06:54:30;CO2_level;862;False
S0009;2026-01-02 06:54:30;humidity;63.447;False
S0011;2026-01-02 06:54:30;ventilation;0.771;False
S0004;2026-01-02 06:54:30;CO2_level;821;False
S0003;2026-01-02 06:54:30;humidity;62.895;False
S0007;2026-01-02 06:54:30;temperature;21.115;False
S0001;2026-01-02 06:54:30;temperature;20.615;False
S0005;2026-01-02 06:54:30;ventilation;0.827;False
S0004;2026-01-02 06:54:45;CO2_level;838;False
S0011;2026-01-02 06:54:45;ventilation;0.811;False
S0001;2026-01-02 06:54:45;temperature;22.673;False
S0007;2026-01-02 06:54:45;temperature;23.267;False
S0010;2026-01-02 06:54:45;CO2_level;1185;False
S0005;2026-01-02 06:54:45;ventilation;0.834;False
S0003;2026-01-02 06:55:00;humidity;61.662;False
S0011;2026-01-02 06:55:00;ventilation;0.788;False
S0010;2026-01-02 06:55:00;CO2_level;1189;False
S0001;2026-01-02 06:55:00;temperature;18.027;False
S0007;2026-01-02 06:55:00;temperature;24.673;False
S0004;2026-01-02 06:55:00;CO2_level;755;False
S0009;2026-01-02 06:55:00;humidity;60.808;False
S0005;2026-01-02 06:55:00;ventilation;0.816;False
S0001;2026-01-02 06:55:15;temperature;14.064;True
S0011;2026-01-02 06:55:15;ventilation;0.884;False
S0007;2026-01-02 06:55:15;temperature;20.955;False
S0004;2026-01-02 06:55:15;CO2_level;986;False
S0010;2026-01-02 06:55:15;CO2_level;1121;False
S0005;2026-01-02 06:55:15;ventilation;0.923;False
S0003;2026-01-02 06:55:30;humidity;64.905;False
S0001;2026-01-02 06:55:30;temperature;21.235;False
S0005;2026-01-02 06:55:30;ventilation;0.537;False
S0009;2026-01-02 06:55:30;humidity;60.281;False
S0011;2026-01-02 06:55:30;ventilation;0.904;False
S0004;2026-01-02 06:55:30;CO2_level;1138;False
S0007;2026-01-02 06:55:30;temperature;24.275;False
S0010;2026-01-02 06:55:30;CO2_level;804;False
S0005;2026-01-02 06:55:45;ventilation;0.987;False
S0010;2026-01-02 06:55:45;CO2_level;780;False
S0004;2026-01-02 06:55:45;CO2_level;762;False
S0007;2026-01-02 06:55:45;temperature;20.766;False
S0011;2026-01-02 06:55:45;ventilation;0.972;False
S0001;2026-01-02 06:55:45;temperature;24.669;False
S0003;2026-01-02 06:56:00;humidity;68.183;False
S0007;2026-01-02 06:56:00;temperature;19.633;False
S0011;2026-01-02 06:56:00;ventilation;0.936;False
S0001;2026-01-02 06:56:00;temperature;23.469;False
S0010;2026-01-02 06:56:00;CO2_level;754;False
S0004;2026-01-02 06:56:00;CO2_level;914;False
S0005;2026-01-02 06:56:00;ventilation;0.599;False
S0009;2026-01-02 06:56:00;humidity;62.792;False
S0011;2026-01-02 06:56:15;ventilation;0.804;False
S0010;2026-01-02 06:56:15;CO2_level;602;False
S0004;2026-01-02 06:56:15;CO2_level;988;False
S0005;2026-01-02 06:56:15;ventilation;0.678;False
S0007;2026-01-02 06:56:15;temperature;21.981;False
S0001;2026-01-02 06:56:15;temperature;21.799;False
S0003;2026-01-02 06:56:30;humidity;65.661;False
S0011;2026-01-02 06:56:30;ventilation;0.519;False
S0004;2026-01-02 06:56:30;CO2_level;754;False
S0009;2026-01-02 06:56:30;humidity;63.758;False
S0007;2026-01-02 06:56:30;temperature;19.016;False
S0001;2026-01-02 06:56:30;temperature;21.474;False
S0010;2026-01-02 06:56:30;CO2_level;698;False
S0005;2026-01-02 06:56:30;ventilation;0.985;False
S0011;2026-01-02 06:56:45;ventilation;0.663;False
S0010;2026-01-02 06:56:45;CO2_level;936;False
S0001;2026-01-02 06:56:45;temperature;20.143;False
S0004;2026-01-02 06:56:45;CO2_level;663;False
S0007;2026-01-02 06:56:45;temperature;22.014;False
S0005;2026-01-02 06:56:45;ventilation;0.924;False
S0010;2026-01-02 06:57:00;CO2_level;610;False
S0004;2026-01-02 06:57:00;CO2_level;772;False
S0005;2026-01-02 06:57:00;ventilation;0.845;False
S0007;2026-01-02 06:57:00;temperature;18.046;False
S0001;2026-01-02 06:57:00;temperature;19.962;False
S0011;2026-01-02 06:57:00;ventilation;0.76;False
S0003;2026-01-02 06:57:00;humidity;65.448;False
S0009;2026-01-02 06:57:00;humidity;60.04;False
S0007;2026-01-02 06:57:15;temperature;23.388;False
S0004;2026-01-02 06:57:15;CO2_level;761;False
S0001;2026-01-02 06:57:15;temperature;20.187;False
S0011;2026-01-02 06:57:15;ventilation;0.547;False
S0010;2026-01-02 06:57:15;CO2_level;619;False
S0005;2026-01-02 06:57:15;ventilation;0.541;False
S0007;2026-01-02 06:57:30;temperature;23.039;False
S0005;2026-01-02 06:57:30;ventilation;0.551;False
S0011;2026-01-02 06:57:30;ventilation;0.778;False
S0004;2026-01-02 06:57:30;CO2_level;828;False
S0003;2026-01-02 06:57:30;humidity;62.101;False
S0009;2026-01-02 06:57:30;humidity;66.576;False
S0010;2026-01-02 06:57:30;CO2_level;1049;False
S0001;2026-01-02 06:57:30;temperature;20.191;False
S0010;2026-01-02 06:57:45;CO2_level;640;False
S0005;2026-01-02 06:57:45;ventilation;0.931;False
S0001;2026-01-02 06:57:45;temperature;23.533;False
S0004;2026-01-02 06:57:45;CO2_level;1107;False
S0007;2026-01-02 06:57:45;temperature;25.821;False
S0011;2026-01-02 06:57:45;ventilation;0.525;False
S0010;2026-01-02 06:58:00;CO2_level;1025;False
S0003;2026-01-02 06:58:00;humidity;67.43;False
S0005;2026-01-02 06:58:00;ventilation;0.843;False
S0009;2026-01-02 06:58:00;humidity;61.506;False
S0011;2026-01-02 06:58:00;ventilation;0.614;False
S0007;2026-01-02 06:58:00;temperature;26.26;False
S0004;2026-01-02 06:58:00;CO2_level;448;True
S0001;2026-01-02 06:58:00;temperature;19.459;False
S0004;2026-01-02 06:58:15;CO2_level;1177;False
S0010;2026-01-02 06:58:15;CO2_level;686;False
S0005;2026-01-02 06:58:15;ventilation;0.534;False
S0007;2026-01-02 06:58:15;temperature;20.023;False
S0011;2026-01-02 06:58:15;ventilation;0.547;False
S0001;2026-01-02 06:58:15;temperature;15.082;False
S0001;2026-01-02 06:58:30;temperature;29.355;True
S0011;2026-01-02 06:58:30;ventilation;0.616;False
S0007;2026-01-02 06:58:30;temperature;22.501;False
S0010;2026-01-02 06:58:30;CO2_level;941;False
S0009;2026-01-02 06:58:30;humidity;69.764;False
S0004;2026-01-02 06:58:30;CO2_level;848;False
S0005;2026-01-02 06:58:30;ventilation;0.514;False
S0003;2026-01-02 06:58:30;humidity;61.555;False
S0010;2026-01-02 06:58:45;CO2_level;1009;False
S0011;2026-01-02 06:58:45;ventilation;0.699;False
S0004;2026-01-02 06:58:45;CO2_level;1113;False
S0007;2026-01-02 06:58:45;temperature;15.773;False
S0005;2026-01-02 06:58:45;ventilation;0.921;False
S0001;2026-01-02 06:58:45;temperature;15.26;False
S0011;2026-01-02 06:59:00;ventilation;0.626;False
S0009;2026-01-02 06:59:00;humidity;65.92;False
S0003;2026-01-02 06:59:00;humidity;60.364;False
S0005;2026-01-02 06:59:00;ventilation;0.9;False
S0007;2026-01-02 06:59:00;temperature;22.774;False
S0001;2026-01-02 06:59:00;temperature;22.277;False
S0010;2026-01-02 06:59:00;CO2_level;1084;False
S0004;2026-01-02 06:59:00;CO2_level;724;False
S0011;2026-01-02 06:59:15;ventilation;0.853;False
S0004;2026-01-02 06:59:15;CO2_level;1158;False
S0005;2026-01-02 06:59:15;ventilation;0.83;False
S0001;2026-01-02 06:59:15;temperature;19.704;False
S0010;2026-01-02 06:59:15;CO2_level;844;False
S0007;2026-01-02 06:59:15;temperature;25.278;False
S0010;2026-01-02 06:59:30;CO2_level;1061;False
S0003;2026-01-02 06:59:30;humidity;62.225;False
S0004;2026-01-02 06:59:30;CO2_level;686;False
S0009;2026-01-02 06:59:30;humidity;66.132;False
S0011;2026-01-02 06:59:30;ventilation;0.688;False
S0005;2026-01-02 06:59:30;ventilation;0.695;False
S0001;2026-01-02 06:59:30;temperature;18.043;False
S0007;2026-01-02 06:59:30;temperature;17.285;False
S0001;2026-01-02 06:59:45;temperature;19.183;False
S0005;2026-01-02 06:59:45;ventilation;0.805;False
S0007;2026-01-02 06:59:45;temperature;15.266;False
S0011;2026-01-02 06:59:45;ventilation;0.745;False
S0004;2026-01-02 06:59:45;CO2_level;1032;False
S0010;2026-01-02 06:59:45;CO2_level;910;False
S0001;2026-01-02 07:00:00;temperature;25.418;False
S0004;2026-01-02 07:00:00;CO2_level;1071;False
S0003;2026-01-02 07:00:00;humidity;62.953;False
S0011;2026-01-02 07:00:00;ventilation;0.618;False
S0010;2026-01-02 07:00:00;CO2_level;911;False
S0009;2026-01-02 07:00:00;humidity;69.601;False
S0005;2026-01-02 07:00:00;ventilation;0.801;False
S0007;2026-01-02 07:00:00;temperature;15.095;False
S0010;2026-01-02 07:00:15;CO2_level;706;False
S0005;2026-01-02 07:00:15;ventilation;0.903;False
S0001;2026-01-02 07:00:15;temperature;20.328;False
S0011;2026-01-02 07:00:15;ventilation;0.962;False
S0007;2026-01-02 07:00:15;temperature;25.84;False
S0004;2026-01-02 07:00:15;CO2_level;885;False
S0010;2026-01-02 07:00:30;CO2_level;1165;False
S0001;2026-01-02 07:00:30;temperature;15.184;False
S0003;2026-01-02 07:00:30;humidity;14.59;True
S0007;2026-01-02 07:00:30;temperature;17.437;False
S0004;2026-01-02 07:00:30;CO2_level;626;False
S0011;2026-01-02 07:00:30;ventilation;0.568;False
S0005;2026-01-02 07:00:30;ventilation;0.892;False
S0009;2026-01-02 07:00:30;humidity;65.476;False
S0007;2026-01-02 07:00:45;temperature;16.541;False
S0004;2026-01-02 07:00:45;CO2_level;611;False
S0011;2026-01-02 07:00:45;ventilation;0.561;False
S0001;2026-01-02 07:00:45;temperature;16.397;False
S0010;2026-01-02 07:00:45;CO2_level;694;False
S0005;2026-01-02 07:00:45;ventilation;0.534;False
S0010;2026-01-02 07:01:00;CO2_level;1083;False
S0005;2026-01-02 07:01:00;ventilation;0.744;False
S0004;2026-01-02 07:01:00;CO2_level;1196;False
S0009;2026-01-02 07:01:00;humidity;64.944;False
S0007;2026-01-02 07:01:00;temperature;26.46;False
S0011;2026-01-02 07:01:00;ventilation;0.548;False
S0001;2026-01-02 07:01:00;temperature;24.277;False
S0003;2026-01-02 07:01:00;humidity;72.39;True
S0010;2026-01-02 07:01:15;CO2_level;694;False
S0007;2026-01-02 07:01:15;temperature;24.438;False
S0001;2026-01-02 07:01:15;temperature;21.558;False
S0005;2026-01-02 07:01:15;ventilation;0.526;False
S0004;2026-01-02 07:01:15;CO2_level;1040;False
S0011;2026-01-02 07:01:15;ventilation;0.777;False
S0005;2026-01-02 07:01:30;ventilation;0.55;False
S0010;2026-01-02 07:01:30;CO2_level;null;True
S0001;2026-01-02 07:01:30;temperature;17.69;False
S0009;2026-01-02 07:01:30;humidity;66.641;False
S0007;2026-01-02 07:01:30;temperature;23.262;False
S0011;2026-01-02 07:01:30;ventilation;0.818;False
S0003;2026-01-02 07:01:30;humidity;61.515;False
S0004;2026-01-02 07:01:30;CO2_level;903;False
S0007;2026-01-02 07:01:45;temperature;21.096;False
S0005;2026-01-02 07:01:45;ventilation;0.634;False
S0001;2026-01-02 07:01:45;temperature;24.067;False
S0010;2026-01-02 07:01:45;CO2_level;947;False
S0004;2026-01-02 07:01:45;CO2_level;null;True
S0011;2026-01-02 07:01:45;ventilation;0.743;False
S0004;2026-01-02 07:02:00;CO2_level;1030;False
S0011;2026-01-02 07:02:00;ventilation;0.704;False
S0009;2026-01-02 07:02:00;humidity;60.41;False
S0010;2026-01-02 07:02:00;CO2_level;630;False
S0007;2026-01-02 07:02:00;temperature;18.766;False
S0005;2026-01-02 07:02:00;ventilation;0.839;False
S0003;2026-01-02 07:02:00;humidity;64.647;False
S0001;2026-01-02 07:02:00;temperature;25.469;False
S0001;2026-01-02 07:02:15;temperature;null;True
S0010;2026-01-02 07:02:15;CO2_level;1188;False
S0007;2026-01-02 07:02:15;temperature;26.146;False
S0005;2026-01-02 07:02:15;ventilation;0.711;False
S0004;2026-01-02 07:02:15;CO2_level;929;False
S0011;2026-01-02 07:02:15;ventilation;0.968;False
S0003;2026-01-02 07:02:30;humidity;60.115;False
S0004;2026-01-02 07:02:30;CO2_level;482;True
S0005;2026-01-02 07:02:30;ventilation;1.297;True
S0009;2026-01-02 07:02:30;humidity;61.758;False
S0011;2026-01-02 07:02:30;ventilation;0.681;False
S0010;2026-01-02 07:02:30;CO2_level;1143;False
S0007;2026-01-02 07:02:30;temperature;4.635;True
S0001;2026-01-02 07:02:30;temperature;17.157;False
S0010;2026-01-02 07:02:45;CO2_level;925;False
S0004;2026-01-02 07:02:45;CO2_level;1182;False
S0007;2026-01-02 07:02:45;temperature;25.813;False
S0005;2026-01-02 07:02:45;ventilation;0.796;False
S0011;2026-01-02 07:02:45;ventilation;0.681;False
S0001;2026-01-02 07:02:45;temperature;22.14;False
S0009;2026-01-02 07:03:00;humidity;61.846;False
S0005;2026-01-02 07:03:00;ventilation;0.945;False
S0001;2026-01-02 07:03:00;temperature;25.545;False
S0007;2026-01-02 07:03:00;temperature;4.14;True
S0010;2026-01-02 07:03:00;CO2_level;1058;False
S0003;2026-01-02 07:03:00;humidity;65.287;False
S0004;2026-01-02 07:03:00;CO2_level;860;False
S0011;2026-01-02 07:03:00;ventilation;0.837;False
S0011;2026-01-02 07:03:15;ventilation;0.756;False
S0001;2026-01-02 07:03:15;temperature;21.015;False
S0010;2026-01-02 07:03:15;CO2_level;1078;False
S0007;2026-01-02 07:03:15;temperature;15.631;False
S0005;2026-01-02 07:03:15;ventilation;0.892;False
S0004;2026-01-02 07:03:15;CO2_level;804;False
S0009;2026-01-02 07:03:30;humidity;62.195;False
S0010;2026-01-02 07:03:30;CO2_level;1109;False
S0003;2026-01-02 07:03:30;humidity;61.758;False
S0007;2026-01-02 07:03:30;temperature;21.325;False
S0011;2026-01-02 07:03:30;ventilation;0.576;False
S0004;2026-01-02 07:03:30;CO2_level;993;False
S0005;2026-01-02 07:03:30;ventilation;0.555;False
S0001;2026-01-02 07:03:30;temperature;20.921;False
S0005;2026-01-02 07:03:45;ventilation;0.888;False
S0010;2026-01-02 07:03:45;CO2_level;1273;True
S0001;2026-01-02 07:03:45;temperature;18.553;False
S0007;2026-01-02 07:03:45;temperature;21.901;False
S0004;2026-01-02 07:03:45;CO2_level;981;False
S0011;2026-01-02 07:03:45;ventilation;0.831;False
S0010;2026-01-02 07:04:00;CO2_level;819;False
S0003;2026-01-02 07:04:00;humidity;67.564;False
S0005;2026-01-02 07:04:00;ventilation;0.978;False
S0007;2026-01-02 07:04:00;temperature;21.403;False
S0004;2026-01-02 07:04:00;CO2_level;918;False
S0011;2026-01-02 07:04:00;ventilation;0.706;False
S0009;2026-01-02 07:04:00;humidity;67.236;False
S0001;2026-01-02 07:04:00;temperature;26.55;False
S0004;2026-01-02 07:04:15;CO2_level;648;False
S0005;2026-01-02 07:04:15;ventilation;0.685;False
S0011;2026-01-02 07:04:15;ventilation;0.583;False
S0010;2026-01-02 07:04:15;CO2_level;887;False
S0007;2026-01-02 07:04:15;temperature;23.956;False
S0001;2026-01-02 07:04:15;temperature;23.459;False
S0010;2026-01-02 07:04:30;CO2_level;726;False
S0005;2026-01-02 07:04:30;ventilation;0.923;False
S0003;2026-01-02 07:04:30;humidity;65.213;False
S0001;2026-01-02 07:04:30;temperature;16.482;False
S0007;2026-01-02 07:04:30;temperature;24.698;False
S0011;2026-01-02 07:04:30;ventilation;0.629;False
S0004;2026-01-02 07:04:30;CO2_level;829;False
S0009;2026-01-02 07:04:30;humidity;65.348;False
S0005;2026-01-02 07:04:45;ventilation;0.64;False
S0011;2026-01-02 07:04:45;ventilation;0.942;False
S0004;2026-01-02 07:04:45;CO2_level;764;False
S0010;2026-01-02 07:04:45;CO2_level;930;False
S0007;2026-01-02 07:04:45;temperature;26.552;False
S0001;2026-01-02 07:04:45;temperature;4.132;True
S0010;2026-01-02 07:05:00;CO2_level;null;True
S0003;2026-01-02 07:05:00;humidity;62.677;False
S0007;2026-01-02 07:05:00;temperature;23.533;False
S0005;2026-01-02 07:05:00;ventilation;0.627;False
S0001;2026-01-02 07:05:00;temperature;25.297;False
S0011;2026-01-02 07:05:00;ventilation;0.73;False
S0009;2026-01-02 07:05:00;humidity;68.089;False
S0004;2026-01-02 07:05:00;CO2_level;842;False
S0001;2026-01-02 07:05:15;temperature;24.446;False
S0005;2026-01-02 07:05:15;ventilation;0.739;False
S0004;2026-01-02 07:05:15;CO2_level;751;False
S0011;2026-01-02 07:05:15;ventilation;0.908;False
S0007;2026-01-02 07:05:15;temperature;20.026;False
S0010;2026-01-02 07:05:15;CO2_level;720;False
S0003;2026-01-02 07:05:30;humidity;64.081;False
S0007;2026-01-02 07:05:30;temperature;21.391;False
S0009;2026-01-02 07:05:30;humidity;65.147;False
S0004;2026-01-02 07:05:30;CO2_level;613;False
S0005;2026-01-02 07:05:30;ventilation;0.537;False
S0010;2026-01-02 07:05:30;CO2_level;636;False
S0001;2026-01-02 07:05:30;temperature;24.906;False
S0011;2026-01-02 07:05:30;ventilation;0.879;False
S0011;2026-01-02 07:05:45;ventilation;0.997;False
S0007;2026-01-02 07:05:45;temperature;17.757;False
S0010;2026-01-02 07:05:45;CO2_level;795;False
S0001;2026-01-02 07:05:45;temperature;20.883;False
S0005;2026-01-02 07:05:45;ventilation;0.692;False
S0004;2026-01-02 07:05:45;CO2_level;1102;False
S0007;2026-01-02 07:06:00;temperature;16.34;False
S0011;2026-01-02 07:06:00;ventilation;0.956;False
S0004;2026-01-02 07:06:00;CO2_level;1062;False
S0003;2026-01-02 07:06:00;humidity;66.455;False
S0001;2026-01-02 07:06:00;temperature;24.181;False
S0005;2026-01-02 07:06:00;ventilation;0.75;False
S0010;2026-01-02 07:06:00;CO2_level;919;False
S0009;2026-01-02 07:06:00;humidity;63.22;False
S0004;2026-01-02 07:06:15;CO2_level;991;False
S0010;2026-01-02 07:06:15;CO2_level;663;False
S0007;2026-01-02 07:06:15;temperature;17.49;False
S0005;2026-01-02 07:06:15;ventilation;0.872;False
S0001;2026-01-02 07:06:15;temperature;22.452;False
S0011;2026-01-02 07:06:15;ventilation;0.866;False
S0003;2026-01-02 07:06:30;humidity;69.14;False
S0010;2026-01-02 07:06:30;CO2_level;884;False
S0004;2026-01-02 07:06:30;CO2_level;1020;False
S0001;2026-01-02 07:06:30;temperature;23.331;False
S0007;2026-01-02 07:06:30;temperature;22.588;False
S0011;2026-01-02 07:06:30;ventilation;1.706;True
S0005;2026-01-02 07:06:30;ventilation;0.788;False
S0009;2026-01-02 07:06:30;humidity;61.526;False
S0011;2026-01-02 07:06:45;ventilation;0.738;False
S0001;2026-01-02 07:06:45;temperature;25.316;False
S0010;2026-01-02 07:06:45;CO2_level;953;False
S0007;2026-01-02 07:06:45;temperature;25.286;False
S0004;2026-01-02 07:06:45;CO2_level;742;False
S0005;2026-01-02 07:06:45;ventilation;0.616;False
S0007;2026-01-02 07:07:00;temperature;21.37;False
S0010;2026-01-02 07:07:00;CO2_level;863;False
S0004;2026-01-02 07:07:00;CO2_level;978;False
S0011;2026-01-02 07:07:00;ventilation;0.758;False
S0009;2026-01-02 07:07:00;humidity;69.297;False
S0001;2026-01-02 07:07:00;temperature;19.71;False
S0003;2026-01-02 07:07:00;humidity;62.29;False
S0005;2026-01-02 07:07:00;ventilation;0.705;False
S0005;2026-01-02 07:07:15;ventilation;0.81;False
S0001;2026-01-02 07:07:15;temperature;21.893;False
S0010;2026-01-02 07:07:15;CO2_level;908;False
S0007;2026-01-02 07:07:15;temperature;21.27;False
S0011;2026-01-02 07:07:15;ventilation;0.852;False
S0004;2026-01-02 07:07:15;CO2_level;1136;False
S0004;2026-01-02 07:07:30;CO2_level;1178;False
S0005;2026-01-02 07:07:30;ventilation;0.892;False
S0003;2026-01-02 07:07:30;humidity;70.127;True
S0001;2026-01-02 07:07:30;temperature;23.258;False
S0010;2026-01-02 07:07:30;CO2_level;686;False
S0007;2026-01-02 07:07:30;temperature;18.869;False
S0011;2026-01-02 07:07:30;ventilation;0.616;False
S0009;2026-01-02 07:07:30;humidity;67.255;False
S0004;2026-01-02 07:07:45;CO2_level;1064;False
S0011;2026-01-02 07:07:45;ventilation;1.698;True
S0007;2026-01-02 07:07:45;temperature;21.3;False
S0005;2026-01-02 07:07:45;ventilation;0.871;False
S0001;2026-01-02 07:07:45;temperature;25.236;False
S0010;2026-01-02 07:07:45;CO2_level;795;False
S0003;2026-01-02 07:08:00;humidity;62.66;False
S0007;2026-01-02 07:08:00;temperature;17.791;False
S0005;2026-01-02 07:08:00;ventilation;0.606;False
S0004;2026-01-02 07:08:00;CO2_level;917;False
S0010;2026-01-02 07:08:00;CO2_level;748;False
S0009;2026-01-02 07:08:00;humidity;67.69;False
S0011;2026-01-02 07:08:00;ventilation;0.737;False
S0001;2026-01-02 07:08:00;temperature;16.698;False
S0010;2026-01-02 07:08:15;CO2_level;1143;False
S0005;2026-01-02 07:08:15;ventilation;0.767;False
S0011;2026-01-02 07:08:15;ventilation;0.598;False
S0004;2026-01-02 07:08:15;CO2_level;653;False
S0007;2026-01-02 07:08:15;temperature;23.36;False
S0001;2026-01-02 07:08:15;temperature;17.097;False
S0007;2026-01-02 07:08:30;temperature;18.946;False
S0004;2026-01-02 07:08:30;CO2_level;758;False
S0005;2026-01-02 07:08:30;ventilation;0.637;False
S0001;2026-01-02 07:08:30;temperature;18.849;False
S0009;2026-01-02 07:08:30;humidity;67.218;False
S0011;2026-01-02 07:08:30;ventilation;0.675;False
S0010;2026-01-02 07:08:30;CO2_level;1170;False
S0003;2026-01-02 07:08:30;humidity;62.471;False
S0011;2026-01-02 07:08:45;ventilation;0.655;False
S0005;2026-01-02 07:08:45;ventilation;0.849;False
S0004;2026-01-02 07:08:45;CO2_level;701;False
S0001;2026-01-02 07:08:45;temperature;20.906;False
S0010;2026-01-02 07:08:45;CO2_level;1083;False
S0007;2026-01-02 07:08:45;temperature;17.313;False
S0004;2026-01-02 07:09:00;CO2_level;1149;False
S0005;2026-01-02 07:09:00;ventilation;0.726;False
S0003;2026-01-02 07:09:00;humidity;66.713;False
S0011;2026-01-02 07:09:00;ventilation;0.753;False
S0001;2026-01-02 07:09:00;temperature;23.243;False
S0007;2026-01-02 07:09:00;temperature;20.558;False
S0009;2026-01-02 07:09:00;humidity;64.254;False
S0010;2026-01-02 07:09:00;CO2_level;1022;False
S0005;2026-01-02 07:09:15;ventilation;0.917;False
S0004;2026-01-02 07:09:15;CO2_level;1093;False
S0007;2026-01-02 07:09:15;temperature;22.873;False
S0010;2026-01-02 07:09:15;CO2_level;1103;False
S0011;2026-01-02 07:09:15;ventilation;0.526;False
S0001;2026-01-02 07:09:15;temperature;25.327;False
S0004;2026-01-02 07:09:30;CO2_level;882;False
S0009;2026-01-02 07:09:30;humidity;67.382;False
S0005;2026-01-02 07:09:30;ventilation;0.721;False
S0001;2026-01-02 07:09:30;temperature;24.054;False
S0011;2026-01-02 07:09:30;ventilation;0.713;False
S0007;2026-01-02 07:09:30;temperature;17.996;False
S0003;2026-01-02 07:09:30;humidity;65.266;False
S0010;2026-01-02 07:09:30;CO2_level;1059;False
S0007;2026-01-02 07:09:45;temperature;17.714;False
S0004;2026-01-02 07:09:45;CO2_level;1082;False
S0001;2026-01-02 07:09:45;temperature;20.076;False
S0011;2026-01-02 07:09:45;ventilation;0.571;False
S0010;2026-01-02 07:09:45;CO2_level;1074;False
S0005;2026-01-02 07:09:45;ventilation;0.579;False
S0004;2026-01-02 07:10:00;CO2_level;850;False
S0001;2026-01-02 07:10:00;temperature;22.665;False
S0011;2026-01-02 07:10:00;ventilation;0.544;False
S0010;2026-01-02 07:10:00;CO2_level;927;False
S0005;2026-01-02 07:10:00;ventilation;0.537;False
S0003;2026-01-02 07:10:00;humidity;63.174;False
S0009;2026-01-02 07:10:00;humidity;63.072;False
S0007;2026-01-02 07:10:00;temperature;32.044;True
S0007;2026-01-02 07:10:15;temperature;17.819;False
S0011;2026-01-02 07:10:15;ventilation;0.565;False
S0005;2026-01-02 07:10:15;ventilation;0.756;False
S0001;2026-01-02 07:10:15;temperature;20.068;False
S0010;2026-01-02 07:10:15;CO2_level;1022;False
S0004;2026-01-02 07:10:15;CO2_level;605;False
S0001;2026-01-02 07:10:30;temperature;16.797;False
S0003;2026-01-02 07:10:30;humidity;67.263;False
S0011;2026-01-02 07:10:30;ventilation;0.801;False
S0010;2026-01-02 07:10:30;CO2_level;1124;False
S0009;2026-01-02 07:10:30;humidity;64.692;False
S0007;2026-01-02 07:10:30;temperature;23.118;False
S0005;2026-01-02 07:10:30;ventilation;0.531;False
S0004;2026-01-02 07:10:30;CO2_level;650;False
S0005;2026-01-02 07:10:45;ventilation;0.645;False
S0001;2026-01-02 07:10:45;temperature;8.889;True
S0011;2026-01-02 07:10:45;ventilation;0.587;False
S0004;2026-01-02 07:10:45;CO2_level;1108;False
S0007;2026-01-02 07:10:45;temperature;15.301;False
S0010;2026-01-02 07:10:45;CO2_level;847;False
S0001;2026-01-02 07:11:00;temperature;21.041;False
S0011;2026-01-02 07:11:00;ventilation;0.532;False
S0010;2026-01-02 07:11:00;CO2_level;949;False
S0005;2026-01-02 07:11:00;ventilation;0.687;False
S0003;2026-01-02 07:11:00;humidity;68.106;False
S0004;2026-01-02 07:11:00;CO2_level;713;False
S0007;2026-01-02 07:11:00;temperature;25.253;False
S0009;2026-01-02 07:11:00;humidity;62.753;False
S0011;2026-01-02 07:11:15;ventilation;0.952;False
S0010;2026-01-02 07:11:15;CO2_level;976;False
S0005;2026-01-02 07:11:15;ventilation;0.519;False
S0001;2026-01-02 07:11:15;temperature;21.74;False
S0004;2026-01-02 07:11:15;CO2_level;909;False
S0007;2026-01-02 07:11:15;temperature;26.453;False
S0011;2026-01-02 07:11:30;ventilation;0.948;False
S0004;2026-01-02 07:11:30;CO2_level;649;False
S0001;2026-01-02 07:11:30;temperature;18.122;False
S0007;2026-01-02 07:11:30;temperature;25.178;False
S0003;2026-01-02 07:11:30;humidity;69.404;False
S0009;2026-01-02 07:11:30;humidity;60.434;False
S0005;2026-01-02 07:11:30;ventilation;0.422;True
S0010;2026-01-02 07:11:30;CO2_level;1117;False
S0001;2026-01-02 07:11:45;temperature;19.962;False
S0004;2026-01-02 07:11:45;CO2_level;798;False
S0005;2026-01-02 07:11:45;ventilation;0.731;False
S0010;2026-01-02 07:11:45;CO2_level;695;False
S0011;2026-01-02 07:11:45;ventilation;0.902;False
S0007;2026-01-02 07:11:45;temperature;18.359;False
S0004;2026-01-02 07:12:00;CO2_level;816;False
S0005;2026-01-02 07:12:00;ventilation;0.834;False
S0009;2026-01-02 07:12:00;humidity;null;True
S0001;2026-01-02 07:12:00;temperature;21.209;False
S0007;2026-01-02 07:12:00;temperature;22.766;False
S0011;2026-01-02 07:12:00;ventilation;0.983;False
S0010;2026-01-02 07:12:00;CO2_level;800;False
S0003;2026-01-02 07:12:00;humidity;68.155;False
S0001;2026-01-02 07:12:15;temperature;25.254;False
S0005;2026-01-02 07:12:15;ventilation;0.647;False
S0010;2026-01-02 07:12:15;CO2_level;612;False
S0007;2026-01-02 07:12:15;temperature;26.252;False
S0004;2026-01-02 07:12:15;CO2_level;1078;False
S0011;2026-01-02 07:12:15;ventilation;0.639;False
S0009;2026-01-02 07:12:30;humidity;63.915;False
S0010;2026-01-02 07:12:30;CO2_level;1253;True
S0003;2026-01-02 07:12:30;humidity;68.296;False
S0004;2026-01-02 07:12:30;CO2_level;650;False
S0011;2026-01-02 07:12:30;ventilation;0.5;False
S0001;2026-01-02 07:12:30;temperature;18.38;False
S0005;2026-01-02 07:12:30;ventilation;0.848;False
S0007;2026-01-02 07:12:30;temperature;15.185;False
S0011;2026-01-02 07:12:45;ventilation;0.972;False
S0001;2026-01-02 07:12:45;temperature;-1.741;True
S0007;2026-01-02 07:12:45;temperature;26.384;False
S0010;2026-01-02 07:12:45;CO2_level;620;False
S0005;2026-01-02 07:12:45;ventilation;0.903;False
S0004;2026-01-02 07:12:45;CO2_level;null;True
S0007;2026-01-02 07:13:00;temperature;null;True
S0004;2026-01-02 07:13:00;CO2_level;611;False
S0001;2026-01-02 07:13:00;temperature;17.077;False
S0005;2026-01-02 07:13:00;ventilation;0.847;False
S0010;2026-01-02 07:13:00;CO2_level;838;False
S0003;2026-01-02 07:13:00;humidity;68.347;False
S0011;2026-01-02 07:13:00;ventilation;0.613;False
S0009;2026-01-02 07:13:00;humidity;62.108;False
S0007;2026-01-02 07:13:15;temperature;21.537;False
S0010;2026-01-02 07:13:15;CO2_level;643;False
S0005;2026-01-02 07:13:15;ventilation;0.815;False
S0011;2026-01-02 07:13:15;ventilation;0.607;False
S0001;2026-01-02 07:13:15;temperature;22.799;False
S0004;2026-01-02 07:13:15;CO2_level;913;False
S0003;2026-01-02 07:13:30;humidity;68.64;False
S0007;2026-01-02 07:13:30;temperature;19.243;False
S0004;2026-01-02 07:13:30;CO2_level;962;False
S0010;2026-01-02 07:13:30;CO2_level;744;False
S0005;2026-01-02 07:13:30;ventilation;0.529;False
S0001;2026-01-02 07:13:30;temperature;25.384;False
S0009;2026-01-02 07:13:30;humidity;69.874;False
S0011;2026-01-02 07:13:30;ventilation;0.987;False
S0007;2026-01-02 07:13:45;temperature;20.599;False
S0005;2026-01-02 07:13:45;ventilation;0.707;False
S0010;2026-01-02 07:13:45;CO2_level;635;False
S0001;2026-01-02 07:13:45;temperature;26.271;False
S0004;2026-01-02 07:13:45;CO2_level;1087;False
S0011;2026-01-02 07:13:45;ventilation;0.789;False
S0011;2026-01-02 07:14:00;ventilation;0.879;False
S0001;2026-01-02 07:14:00;temperature;2.555;True
S0005;2026-01-02 07:14:00;ventilation;0.868;False
S0004;2026-01-02 07:14:00;CO2_level;906;False
S0007;2026-01-02 07:14:00;temperature;15.57;False
S0003;2026-01-02 07:14:00;humidity;65.273;False
S0009;2026-01-02 07:14:00;humidity;69.774;False
S0010;2026-01-02 07:14:00;CO2_level;440;True
S0010;2026-01-02 07:14:15;CO2_level;971;False
S0007;2026-01-02 07:14:15;temperature;22.165;False
S0001;2026-01-02 07:14:15;temperature;25.127;False
S0004;2026-01-02 07:14:15;CO2_level;619;False
S0011;2026-01-02 07:14:15;ventilation;0.774;False
S0005;2026-01-02 07:14:15;ventilation;0.545;False
S0010;2026-01-02 07:14:30;CO2_level;626;False
S0007;2026-01-02 07:14:30;temperature;20.82;False
S0003;2026-01-02 07:14:30;humidity;69.159;False
S0001;2026-01-02 07:14:30;temperature;24.705;False
S0004;2026-01-02 07:14:30;CO2_level;1113;False
S0005;2026-01-02 07:14:30;ventilation;0.731;False
S0009;2026-01-02 07:14:30;humidity;67.429;False
S0011;2026-01-02 07:14:30;ventilation;0.995;False
S0005;2026-01-02 07:14:45;ventilation;0.328;True
S0004;2026-01-02 07:14:45;CO2_level;674;False
S0001;2026-01-02 07:14:45;temperature;25.709;False
S0010;2026-01-02 07:14:45;CO2_level;1146;False
S0011;2026-01-02 07:14:45;ventilation;0.875;False
S0007;2026-01-02 07:14:45;temperature;17.677;False
S0011;2026-01-02 07:15:00;ventilation;0.625;False
S0004;2026-01-02 07:15:00;CO2_level;914;False
S0005;2026-01-02 07:15:00;ventilation;0.575;False
S0001;2026-01-02 07:15:00;temperature;20.696;False
S0009;2026-01-02 07:15:00;humidity;66.736;False
S0003;2026-01-02 07:15:00;humidity;null;True
S0007;2026-01-02 07:15:00;temperature;25.048;False
S0010;2026-01-02 07:15:00;CO2_level;1107;False
S0004;2026-01-02 07:15:15;CO2_level;632;False
S0011;2026-01-02 07:15:15;ventilation;0.674;False
S0005;2026-01-02 07:15:15;ventilation;0.805;False
S0001;2026-01-02 07:15:15;temperature;23.535;False
S0007;2026-01-02 07:15:15;temperature;26.795;False
S0010;2026-01-02 07:15:15;CO2_level;603;False
S0010;2026-01-02 07:15:30;CO2_level;965;False
S0003;2026-01-02 07:15:30;humidity;66.054;False
S0001;2026-01-02 07:15:30;temperature;25.211;False
S0007;2026-01-02 07:15:30;temperature;18.54;False
S0005;2026-01-02 07:15:30;ventilation;0.712;False
S0011;2026-01-02 07:15:30;ventilation;0.661;False
S0004;2026-01-02 07:15:30;CO2_level;1268;True
S0009;2026-01-02 07:15:30;humidity;65.773;False
S0001;2026-01-02 07:15:45;temperature;6.785;True
S0007;2026-01-02 07:15:45;temperature;18.113;False
S0010;2026-01-02 07:15:45;CO2_level;670;False
S0004;2026-01-02 07:15:45;CO2_level;1159;False
S0005;2026-01-02 07:15:45;ventilation;0.937;False
S0011;2026-01-02 07:15:45;ventilation;0.826;False
S0009;2026-01-02 07:16:00;humidity;60.858;False
S0010;2026-01-02 07:16:00;CO2_level;546;True
S0001;2026-01-02 07:16:00;temperature;26.624;False
S0007;2026-01-02 07:16:00;temperature;24.609;False
S0011;2026-01-02 07:16:00;ventilation;0.51;False
S0005;2026-01-02 07:16:00;ventilation;0.611;False
S0003;2026-01-02 07:16:00;humidity;69.949;False
S0004;2026-01-02 07:16:00;CO2_level;950;False
S0005;2026-01-02 07:16:15;ventilation;0.709;False
S0011;2026-01-02 07:16:15;ventilation;0.97;False
S0007;2026-01-02 07:16:15;temperature;26.26;False
S0010;2026-01-02 07:16:15;CO2_level;607;False
S0001;2026-01-02 07:16:15;temperature;15.222;False
S0004;2026-01-02 07:16:15;CO2_level;1048;False
S0004;2026-01-02 07:16:30;CO2_level;null;True
S0003;2026-01-02 07:16:30;humidity;61.138;False
S0011;2026-01-02 07:16:30;ventilation;0.555;False
S0005;2026-01-02 07:16:30;ventilation;0.654;False
S0001;2026-01-02 07:16:30;temperature;25.228;False
S0007;2026-01-02 07:16:30;temperature;24.952;False
S0009;2026-01-02 07:16:30;humidity;65.591;False
S0010;2026-01-02 07:16:30;CO2_level;762;False
S0005;2026-01-02 07:16:45;ventilation;0.591;False
S0011;2026-01-02 07:16:45;ventilation;0.843;False
S0007;2026-01-02 07:16:45;temperature;25.139;False
S0004;2026-01-02 07:16:45;CO2_level;785;False
S0010;2026-01-02 07:16:45;CO2_level;1133;False
S0001;2026-01-02 07:16:45;temperature;21.799;False
S0004;2026-01-02 07:17:00;CO2_level;975;False
S0011;2026-01-02 07:17:00;ventilation;0.72;False
S0010;2026-01-02 07:17:00;CO2_level;1142;False
S0001;2026-01-02 07:17:00;temperature;25.893;False
S0007;2026-01-02 07:17:00;temperature;19.269;False
S0009;2026-01-02 07:17:00;humidity;69.786;False
S0003;2026-01-02 07:17:00;humidity;69.575;False
S0005;2026-01-02 07:17:00;ventilation;0.737;False
S0004;2026-01-02 07:17:15;CO2_level;931;False
S0001;2026-01-02 07:17:15;temperature;25.01;False
S0011;2026-01-02 07:17:15;ventilation;0.963;False
S0010;2026-01-02 07:17:15;CO2_level;814;False
S0007;2026-01-02 07:17:15;temperature;16.397;False
S0005;2026-01-02 07:17:15;ventilation;0.906;False
S0010;2026-01-02 07:17:30;CO2_level;988;False
S0004;2026-01-02 07:17:30;CO2_level;1123;False
S0009;2026-01-02 07:17:30;humidity;70.954;True
S0001;2026-01-02 07:17:30;temperature;21.046;False
S0011;2026-01-02 07:17:30;ventilation;0.848;False
S0005;2026-01-02 07:17:30;ventilation;null;True
S0003;2026-01-02 07:17:30;humidity;67.365;False
S0007;2026-01-02 07:17:30;temperature;18.167;False
S0011;2026-01-02 07:17:45;ventilation;0.572;False
S0005;2026-01-02 07:17:45;ventilation;0.5;False
S0010;2026-01-02 07:17:45;CO2_level;741;False
S0007;2026-01-02 07:17:45;temperature;16.331;False
S0001;2026-01-02 07:17:45;temperature;21.502;False
S0004;2026-01-02 07:17:45;CO2_level;862;False
S0011;2026-01-02 07:18:00;ventilation;0.873;False
S0009;2026-01-02 07:18:00;humidity;61.487;False
S0001;2026-01-02 07:18:00;temperature;16.6;False
S0005;2026-01-02 07:18:00;ventilation;0.951;False
S0003;2026-01-02 07:18:00;humidity;60.796;False
S0007;2026-01-02 07:18:00;temperature;15.828;False
S0010;2026-01-02 07:18:00;CO2_level;null;True
S0004;2026-01-02 07:18:00;CO2_level;664;False
S0004;2026-01-02 07:18:15;CO2_level;null;True
S0001;2026-01-02 07:18:15;temperature;17.682;False
S0007;2026-01-02 07:18:15;temperature;21.77;False
S0011;2026-01-02 07:18:15;ventilation;0.99;False
S0005;2026-01-02 07:18:15;ventilation;0.688;False
S0010;2026-01-02 07:18:15;CO2_level;980;False
S0003;2026-01-02 07:18:30;humidity;66.035;False
S0009;2026-01-02 07:18:30;humidity;68.219;False
S0005;2026-01-02 07:18:30;ventilation;0.662;False
S0011;2026-01-02 07:18:30;ventilation;0.677;False
S0007;2026-01-02 07:18:30;temperature;26.535;False
S0004;2026-01-02 07:18:30;CO2_level;946;False
S0010;2026-01-02 07:18:30;CO2_level;881;False
S0001;2026-01-02 07:18:30;temperature;20.8;False
S0005;2026-01-02 07:18:45;ventilation;0.744;False
S0011;2026-01-02 07:18:45;ventilation;0.779;False
S0001;2026-01-02 07:18:45;temperature;17.484;False
S0004;2026-01-02 07:18:45;CO2_level;1133;False
S0010;2026-01-02 07:18:45;CO2_level;666;False
S0007;2026-01-02 07:18:45;temperature;25.46;False
S0003;2026-01-02 07:19:00;humidity;66.478;False
S0010;2026-01-02 07:19:00;CO2_level;1053;False
S0005;2026-01-02 07:19:00;ventilation;0.52;False
S0001;2026-01-02 07:19:00;temperature;24.08;False
S0007;2026-01-02 07:19:00;temperature;17.988;False
S0011;2026-01-02 07:19:00;ventilation;0.776;False
S0009;2026-01-02 07:19:00;humidity;60.1;False
S0004;2026-01-02 07:19:00;CO2_level;643;False
S0007;2026-01-02 07:19:15;temperature;21.544;False
S0001;2026-01-02 07:19:15;temperature;25.121;False
S0011;2026-01-02 07:19:15;ventilation;0.767;False
S0005;2026-01-02 07:19:15;ventilation;0.818;False
S0010;2026-01-02 07:19:15;CO2_level;1079;False
S0004;2026-01-02 07:19:15;CO2_level;1168;False
S0011;2026-01-02 07:19:30;ventilation;0.744;False
S0003;2026-01-02 07:19:30;humidity;67.453;False
S0007;2026-01-02 07:19:30;temperature;22.17;False
S0001;2026-01-02 07:19:30;temperature;16.671;False
S0010;2026-01-02 07:19:30;CO2_level;863;False
S0009;2026-01-02 07:19:30;humidity;68.368;False
S0005;2026-01-02 07:19:30;ventilation;0.911;False
S0004;2026-01-02 07:19:30;CO2_level;842;False
S0010;2026-01-02 07:19:45;CO2_level;793;False
S0001;2026-01-02 07:19:45;temperature;19.594;False
S0011;2026-01-02 07:19:45;ventilation;0.591;False
S0007;2026-01-02 07:19:45;temperature;23.619;False
S0004;2026-01-02 07:19:45;CO2_level;655;False
S0005;2026-01-02 07:19:45;ventilation;0.602;False
S0009;2026-01-02 07:20:00;humidity;65.468;False
S0001;2026-01-02 07:20:00;temperature;null;True
S0011;2026-01-02 07:20:00;ventilation;0.635;False
S0005;2026-01-02 07:20:00;ventilation;0.858;False
S0003;2026-01-02 07:20:00;humidity;60.704;False
S0004;2026-01-02 07:20:00;CO2_level;797;False
S0007;2026-01-02 07:20:00;temperature;19.494;False
S0010;2026-01-02 07:20:00;CO2_level;836;False
S0007;2026-01-02 07:20:15;temperature;19.6;False
S0011;2026-01-02 07:20:15;ventilation;0.617;False
S0010;2026-01-02 07:20:15;CO2_level;928;False
S0001;2026-01-02 07:20:15;temperature;22.297;False
S0005;2026-01-02 07:20:15;ventilation;0.827;False
S0004;2026-01-02 07:20:15;CO2_level;697;False
S0003;2026-01-02 07:20:30;humidity;66.329;False
S0005;2026-01-02 07:20:30;ventilation;0.517;False
S0011;2026-01-02 07:20:30;ventilation;0.856;False
S0010;2026-01-02 07:20:30;CO2_level;741;False
S0009;2026-01-02 07:20:30;humidity;60.836;False
S0001;2026-01-02 07:20:30;temperature;17.591;False
S0004;2026-01-02 07:20:30;CO2_level;1178;False
S0007;2026-01-02 07:20:30;temperature;23.001;False
S0005;2026-01-02 07:20:45;ventilation;0.672;False
S0007;2026-01-02 07:20:45;temperature;26.05;False
S0011;2026-01-02 07:20:45;ventilation;0.801;False
S0001;2026-01-02 07:20:45;temperature;20.032;False
S0004;2026-01-02 07:20:45;CO2_level;1073;False
S0010;2026-01-02 07:20:45;CO2_level;670;False
S0010;2026-01-02 07:21:00;CO2_level;826;False
S0001;2026-01-02 07:21:00;temperature;19.612;False
S0004;2026-01-02 07:21:00;CO2_level;1188;False
S0011;2026-01-02 07:21:00;ventilation;0.818;False
S0003;2026-01-02 07:21:00;humidity;61.359;False
S0009;2026-01-02 07:21:00;humidity;62.516;False
S0007;2026-01-02 07:21:00;temperature;6.496;True
S0005;2026-01-02 07:21:00;ventilation;0.985;False
S0005;2026-01-02 07:21:15;ventilation;0.562;False
S0004;2026-01-02 07:21:15;CO2_level;736;False
S0007;2026-01-02 07:21:15;temperature;21.303;False
S0011;2026-01-02 07:21:15;ventilation;0.64;False
S0001;2026-01-02 07:21:15;temperature;24.422;False
S0010;2026-01-02 07:21:15;CO2_level;1185;False
S0009;2026-01-02 07:21:30;humidity;66.181;False
S0007;2026-01-02 07:21:30;temperature;16.358;False
S0005;2026-01-02 07:21:30;ventilation;0.874;False
S0003;2026-01-02 07:21:30;humidity;61.245;False
S0004;2026-01-02 07:21:30;CO2_level;952;False
S0001;2026-01-02 07:21:30;temperature;25.374;False
S0011;2026-01-02 07:21:30;ventilation;0.845;False
S0010;2026-01-02 07:21:30;CO2_level;822;False
S0004;2026-01-02 07:21:45;CO2_level;732;False
S0007;2026-01-02 07:21:45;temperature;18.994;False
S0001;2026-01-02 07:21:45;temperature;21.094;False
S0005;2026-01-02 07:21:45;ventilation;0.841;False
S0011;2026-01-02 07:21:45;ventilation;0.578;False
S0010;2026-01-02 07:21:45;CO2_level;706;False
S0011;2026-01-02 07:22:00;ventilation;0.729;False
S0003;2026-01-02 07:22:00;humidity;68.723;False
S0009;2026-01-02 07:22:00;humidity;64.585;False
S0004;2026-01-02 07:22:00;CO2_level;1128;False
S0005;2026-01-02 07:22:00;ventilation;0.967;False
S0001;2026-01-02 07:22:00;temperature;24.912;False
S0010;2026-01-02 07:22:00;CO2_level;622;False
S0007;2026-01-02 07:22:00;temperature;21.267;False
S0010;2026-01-02 07:22:15;CO2_level;1093;False
S0005;2026-01-02 07:22:15;ventilation;0.703;False
S0001;2026-01-02 07:22:15;temperature;21.863;False
S0004;2026-01-02 07:22:15;CO2_level;761;False
S0007;2026-01-02 07:22:15;temperature;16.095;False
S0011;2026-01-02 07:22:15;ventilation;0.618;False
S0010;2026-01-02 07:22:30;CO2_level;792;False
S0001;2026-01-02 07:22:30;temperature;23.439;False
S0004;2026-01-02 07:22:30;CO2_level;1175;False
S0003;2026-01-02 07:22:30;humidity;67.057;False
S0009;2026-01-02 07:22:30;humidity;66.744;False
S0007;2026-01-02 07:22:30;temperature;17.509;False
S0005;2026-01-02 07:22:30;ventilation;null;True
S0011;2026-01-02 07:22:30;ventilation;0.949;False
S0007;2026-01-02 07:22:45;temperature;16.481;False
S0005;2026-01-02 07:22:45;ventilation;0.681;False
S0011;2026-01-02 07:22:45;ventilation;0.892;False
S0001;2026-01-02 07:22:45;temperature;25.824;False
S0010;2026-01-02 07:22:45;CO2_level;1010;False
S0004;2026-01-02 07:22:45;CO2_level;1026;False
S0011;2026-01-02 07:23:00;ventilation;0.585;False
S0010;2026-01-02 07:23:00;CO2_level;963;False
S0009;2026-01-02 07:23:00;humidity;62.551;False
S0004;2026-01-02 07:23:00;CO2_level;1028;False
S0003;2026-01-02 07:23:00;humidity;74.488;True
S0005;2026-01-02 07:23:00;ventilation;0.741;False
S0001;2026-01-02 07:23:00;temperature;19.901;False
S0007;2026-01-02 07:23:00;temperature;16.603;False
S0005;2026-01-02 07:23:15;ventilation;0.845;False
S0011;2026-01-02 07:23:15;ventilation;0.809;False
S0001;2026-01-02 07:23:15;temperature;25.337;False
S0010;2026-01-02 07:23:15;CO2_level;820;False
S0004;2026-01-02 07:23:15;CO2_level;1203;True
S0007;2026-01-02 07:23:15;temperature;17.584;False
S0001;2026-01-02 07:23:30;temperature;16.669;False
S0010;2026-01-02 07:23:30;CO2_level;1022;False
S0004;2026-01-02 07:23:30;CO2_level;658;False
S0011;2026-01-02 07:23:30;ventilation;0.521;False
S0005;2026-01-02 07:23:30;ventilation;0.554;False
S0003;2026-01-02 07:23:30;humidity;60.239;False
S0009;2026-01-02 07:23:30;humidity;63.85;False
S0007;2026-01-02 07:23:30;temperature;16.286;False
S0001;2026-01-02 07:23:45;temperature;25.65;False
S0010;2026-01-02 07:23:45;CO2_level;692;False
S0004;2026-01-02 07:23:45;CO2_level;755;False
S0005;2026-01-02 07:23:45;ventilation;0.729;False
S0007;2026-01-02 07:23:45;temperature;19.953;False
S0011;2026-01-02 07:23:45;ventilation;0.598;False
S0001;2026-01-02 07:24:00;temperature;23.785;False
S0009;2026-01-02 07:24:00;humidity;60.178;False
S0004;2026-01-02 07:24:00;CO2_level;null;True
S0010;2026-01-02 07:24:00;CO2_level;305;True
S0005;2026-01-02 07:24:00;ventilation;0.828;False
S0007;2026-01-02 07:24:00;temperature;15.31;False
S0003;2026-01-02 07:24:00;humidity;68.179;False
S0011;2026-01-02 07:24:00;ventilation;0.643;False
S0011;2026-01-02 07:24:15;ventilation;0.559;False
S0007;2026-01-02 07:24:15;temperature;25.426;False
S0004;2026-01-02 07:24:15;CO2_level;726;False
S0001;2026-01-02 07:24:15;temperature;24.678;False
S0005;2026-01-02 07:24:15;ventilation;0.601;False
S0010;2026-01-02 07:24:15;CO2_level;945;False
S0003;2026-01-02 07:24:30;humidity;61.53;False
S0001;2026-01-02 07:24:30;temperature;20.305;False
S0007;2026-01-02 07:24:30;temperature;16.744;False
S0011;2026-01-02 07:24:30;ventilation;0.637;False
S0010;2026-01-02 07:24:30;CO2_level;612;False
S0004;2026-01-02 07:24:30;CO2_level;954;False
S0005;2026-01-02 07:24:30;ventilation;0.6;False
S0009;2026-01-02 07:24:30;humidity;67.72;False
S0010;2026-01-02 07:24:45;CO2_level;780;False
S0007;2026-01-02 07:24:45;temperature;16.612;False
S0004;2026-01-02 07:24:45;CO2_level;1088;False
S0005;2026-01-02 07:24:45;ventilation;0.683;False
S0001;2026-01-02 07:24:45;temperature;25.102;False
S0011;2026-01-02 07:24:45;ventilation;0.953;False
S0001;2026-01-02 07:25:00;temperature;15.012;False
S0011;2026-01-02 07:25:00;ventilation;0.558;False
S0009;2026-01-02 07:25:00;humidity;67.067;False
S0004;2026-01-02 07:25:00;CO2_level;621;False
S0005;2026-01-02 07:25:00;ventilation;0.521;False
S0003;2026-01-02 07:25:00;humidity;66.753;False
S0010;2026-01-02 07:25:00;CO2_level;942;False
S0007;2026-01-02 07:25:00;temperature;26.775;False
S0004;2026-01-02 07:25:15;CO2_level;849;False
S0005;2026-01-02 07:25:15;ventilation;0.885;False
S0011;2026-01-02 07:25:15;ventilation;0.858;False
S0001;2026-01-02 07:25:15;temperature;20.398;False
S0010;2026-01-02 07:25:15;CO2_level;200;True
S0007;2026-01-02 07:25:15;temperature;24.236;False
S0011;2026-01-02 07:25:30;ventilation;0.741;False
S0007;2026-01-02 07:25:30;temperature;18.947;False
S0003;2026-01-02 07:25:30;humidity;62.962;False
S0001;2026-01-02 07:25:30;temperature;17.25;False
S0004;2026-01-02 07:25:30;CO2_level;857;False
S0009;2026-01-02 07:25:30;humidity;61.288;False
S0005;2026-01-02 07:25:30;ventilation;0.796;False
S0010;2026-01-02 07:25:30;CO2_level;804;False
S0007;2026-01-02 07:25:45;temperature;23.312;False
S0011;2026-01-02 07:25:45;ventilation;0.959;False
S0004;2026-01-02 07:25:45;CO2_level;679;False
S0010;2026-01-02 07:25:45;CO2_level;713;False
S0005;2026-01-02 07:25:45;ventilation;0.673;False
S0001;2026-01-02 07:25:45;temperature;25.783;False
S0007;2026-01-02 07:26:00;temperature;25.719;False
S0011;2026-01-02 07:26:00;ventilation;0.822;False
S0004;2026-01-02 07:26:00;CO2_level;954;False
S0003;2026-01-02 07:26:00;humidity;68.202;False
S0001;2026-01-02 07:26:00;temperature;20.481;False
S0005;2026-01-02 07:26:00;ventilation;0.589;False
S0009;2026-01-02 07:26:00;humidity;64.82;False
S0010;2026-01-02 07:26:00;CO2_level;722;False
S0007;2026-01-02 07:26:15;temperature;20.107;False
S0011;2026-01-02 07:26:15;ventilation;0.869;False
S0005;2026-01-02 07:26:15;ventilation;0.74;False
S0010;2026-01-02 07:26:15;CO2_level;1043;False
S0004;2026-01-02 07:26:15;CO2_level;1079;False
S0001;2026-01-02 07:26:15;temperature;24.544;False
S0001;2026-01-02 07:26:30;temperature;16.495;False
S0004;2026-01-02 07:26:30;CO2_level;1253;True
S0009;2026-01-02 07:26:30;humidity;64.253;False
S0010;2026-01-02 07:26:30;CO2_level;1106;False
S0011;2026-01-02 07:26:30;ventilation;0.73;False
S0005;2026-01-02 07:26:30;ventilation;0.564;False
S0007;2026-01-02 07:26:30;temperature;null;True
S0003;2026-01-02 07:26:30;humidity;71.389;True
S0010;2026-01-02 07:26:45;CO2_level;628;False
S0007;2026-01-02 07:26:45;temperature;21.433;False
S0001;2026-01-02 07:26:45;temperature;23.354;False
S0005;2026-01-02 07:26:45;ventilation;0.543;False
S0004;2026-01-02 07:26:45;CO2_level;1199;False
S0011;2026-01-02 07:26:45;ventilation;0.685;False
S0001;2026-01-02 07:27:00;temperature;25.173;False
S0007;2026-01-02 07:27:00;temperature;25.266;False
S0005;2026-01-02 07:27:00;ventilation;0.629;False
S0011;2026-01-02 07:27:00;ventilation;0.833;False
S0004;2026-01-02 07:27:00;CO2_level;734;False
S0010;2026-01-02 07:27:00;CO2_level;861;False
S0003;2026-01-02 07:27:00;humidity;69.59;False
S0009;2026-01-02 07:27:00;humidity;null;True
S0011;2026-01-02 07:27:15;ventilation;0.524;False
S0010;2026-01-02 07:27:15;CO2_level;948;False
S0005;2026-01-02 07:27:15;ventilation;0.645;False
S0001;2026-01-02 07:27:15;temperature;16.596;False
S0004;2026-01-02 07:27:15;CO2_level;789;False
S0007;2026-01-02 07:27:15;temperature;26.028;False
S0003;2026-01-02 07:27:30;humidity;62.762;False
S0007;2026-01-02 07:27:30;temperature;-0.533;True
S0010;2026-01-02 07:27:30;CO2_level;791;False
S0009;2026-01-02 07:27:30;humidity;60.756;False
S0004;2026-01-02 07:27:30;CO2_level;886;False
S0001;2026-01-02 07:27:30;temperature;21.685;False
S0005;2026-01-02 07:27:30;ventilation;0.694;False
S0011;2026-01-02 07:27:30;ventilation;0.518;False
S0011;2026-01-02 07:27:45;ventilation;0.024;True
S0010;2026-01-02 07:27:45;CO2_level;659;False
S0005;2026-01-02 07:27:45;ventilation;0.565;False
S0007;2026-01-02 07:27:45;temperature;16.688;False
S0004;2026-01-02 07:27:45;CO2_level;679;False
S0001;2026-01-02 07:27:45;temperature;15.698;False
S0010;2026-01-02 07:28:00;CO2_level;1177;False
S0001;2026-01-02 07:28:00;temperature;15.543;False
S0005;2026-01-02 07:28:00;ventilation;0.631;False
S0011;2026-01-02 07:28:00;ventilation;0.845;False
S0007;2026-01-02 07:28:00;temperature;25.591;False
S0004;2026-01-02 07:28:00;CO2_level;1026;False
S0009;2026-01-02 07:28:00;humidity;61.315;False
S0003;2026-01-02 07:28:00;humidity;69.118;False
S0001;2026-01-02 07:28:15;temperature;20.934;False
S0010;2026-01-02 07:28:15;CO2_level;1044;False
S0011;2026-01-02 07:28:15;ventilation;0.945;False
S0007;2026-01-02 07:28:15;temperature;21.529;False
S0004;2026-01-02 07:28:15;CO2_level;799;False
S0005;2026-01-02 07:28:15;ventilation;0.885;False
S0010;2026-01-02 07:28:30;CO2_level;847;False
S0011;2026-01-02 07:28:30;ventilation;0.953;False
S0004;2026-01-02 07:28:30;CO2_level;835;False
S0009;2026-01-02 07:28:30;humidity;61.91;False
S0001;2026-01-02 07:28:30;temperature;20.806;False
S0005;2026-01-02 07:28:30;ventilation;0.585;False
S0007;2026-01-02 07:28:30;temperature;16.282;False
S0003;2026-01-02 07:28:30;humidity;61.4;False
S0005;2026-01-02 07:28:45;ventilation;0.915;False
S0011;2026-01-02 07:28:45;ventilation;0.943;False
S0007;2026-01-02 07:28:45;temperature;18.918;False
S0001;2026-01-02 07:28:45;temperature;29.016;True
S0010;2026-01-02 07:28:45;CO2_level;622;False
S0004;2026-01-02 07:28:45;CO2_level;731;False
S0009;2026-01-02 07:29:00;humidity;62.774;False
S0001;2026-01-02 07:29:00;temperature;24.146;False
S0011;2026-01-02 07:29:00;ventilation;0.531;False
S0007;2026-01-02 07:29:00;temperature;null;True
S0010;2026-01-02 07:29:00;CO2_level;856;False
S0005;2026-01-02 07:29:00;ventilation;0.756;False
S0004;2026-01-02 07:29:00;CO2_level;993;False
S0003;2026-01-02 07:29:00;humidity;11.51;True
S0010;2026-01-02 07:29:15;CO2_level;968;False
S0011;2026-01-02 07:29:15;ventilation;0.865;False
S0007;2026-01-02 07:29:15;temperature;18.279;False
S0004;2026-01-02 07:29:15;CO2_level;1004;False
S0001;2026-01-02 07:29:15;temperature;20.552;False
S0005;2026-01-02 07:29:15;ventilation;0.685;False
S0004;2026-01-02 07:29:30;CO2_level;858;False
S0007;2026-01-02 07:29:30;temperature;19.513;False
S0009;2026-01-02 07:29:30;humidity;61.97;False
S0005;2026-01-02 07:29:30;ventilation;0.698;False
S0011;2026-01-02 07:29:30;ventilation;0.953;False
S0003;2026-01-02 07:29:30;humidity;60.228;False
S0010;2026-01-02 07:29:30;CO2_level;821;False
S0001;2026-01-02 07:29:30;temperature;22.957;False
S0005;2026-01-02 07:29:45;ventilation;0.787;False
S0010;2026-01-02 07:29:45;CO2_level;738;False
S0004;2026-01-02 07:29:45;CO2_level;989;False
S0007;2026-01-02 07:29:45;temperature;21.146;False
S0001;2026-01-02 07:29:45;temperature;22.247;False
S0011;2026-01-02 07:29:45;ventilation;0.734;False
S0009;2026-01-02 07:30:00;humidity;61.851;False
S0003;2026-01-02 07:30:00;humidity;61.814;False
S0011;2026-01-02 07:30:00;ventilation;0.757;False
S0005;2026-01-02 07:30:00;ventilation;0.925;False
S0007;2026-01-02 07:30:00;temperature;17.198;False
S0004;2026-01-02 07:30:00;CO2_level;1079;False
S0010;2026-01-02 07:30:00;CO2_level;852;False
S0001;2026-01-02 07:30:00;temperature;23.128;False
S0005;2026-01-02 07:30:15;ventilation;0.587;False
S0001;2026-01-02 07:30:15;temperature;26.738;False
S0004;2026-01-02 07:30:15;CO2_level;1104;False
S0007;2026-01-02 07:30:15;temperature;15.208;False
S0011;2026-01-02 07:30:15;ventilation;0.825;False
S0010;2026-01-02 07:30:15;CO2_level;1183;False
S0007;2026-01-02 07:30:30;temperature;17.759;False
S0001;2026-01-02 07:30:30;temperature;25.967;False
S0010;2026-01-02 07:30:30;CO2_level;873;False
S0009;2026-01-02 07:30:30;humidity;65.876;False
S0003;2026-01-02 07:30:30;humidity;60.366;False
S0004;2026-01-02 07:30:30;CO2_level;1099;False
S0005;2026-01-02 07:30:30;ventilation;0.656;False
S0011;2026-01-02 07:30:30;ventilation;0.6;False
S0007;2026-01-02 07:30:45;temperature;24.498;False
S0004;2026-01-02 07:30:45;CO2_level;1040;False
S0010;2026-01-02 07:30:45;CO2_level;997;False
S0011;2026-01-02 07:30:45;ventilation;1.626;True
S0005;2026-01-02 07:30:45;ventilation;0.72;False
S0001;2026-01-02 07:30:45;temperature;16.234;False
S0001;2026-01-02 07:31:00;temperature;17.914;False
S0009;2026-01-02 07:31:00;humidity;62.371;False
S0007;2026-01-02 07:31:00;temperature;26.559;False
S0011;2026-01-02 07:31:00;ventilation;0.967;False
S0003;2026-01-02 07:31:00;humidity;69.692;False
S0010;2026-01-02 07:31:00;CO2_level;783;False
S0004;2026-01-02 07:31:00;CO2_level;908;False
S0005;2026-01-02 07:31:00;ventilation;1.908;True
S0007;2026-01-02 07:31:15;temperature;22.363;False
S0011;2026-01-02 07:31:15;ventilation;0.599;False
S0001;2026-01-02 07:31:15;temperature;21.514;False
S0004;2026-01-02 07:31:15;CO2_level;1114;False
S0010;2026-01-02 07:31:15;CO2_level;983;False
S0005;2026-01-02 07:31:15;ventilation;0.564;False
S0005;2026-01-02 07:31:30;ventilation;0.931;False
S0007;2026-01-02 07:31:30;temperature;21.651;False
S0011;2026-01-02 07:31:30;ventilation;0.599;False
S0010;2026-01-02 07:31:30;CO2_level;866;False
S0003;2026-01-02 07:31:30;humidity;66.727;False
S0009;2026-01-02 07:31:30;humidity;75.079;True
S0004;2026-01-02 07:31:30;CO2_level;369;True
S0001;2026-01-02 07:31:30;temperature;23.452;False
S0007;2026-01-02 07:31:45;temperature;19.778;False
S0005;2026-01-02 07:31:45;ventilation;0.596;False
S0001;2026-01-02 07:31:45;temperature;26.881;False
S0011;2026-01-02 07:31:45;ventilation;0.656;False
S0010;2026-01-02 07:31:45;CO2_level;668;False
S0004;2026-01-02 07:31:45;CO2_level;612;False
S0007;2026-01-02 07:32:00;temperature;26.013;False
S0009;2026-01-02 07:32:00;humidity;65.88;False
S0001;2026-01-02 07:32:00;temperature;23.603;False
S0003;2026-01-02 07:32:00;humidity;65.465;False
S0005;2026-01-02 07:32:00;ventilation;0.736;False
S0011;2026-01-02 07:32:00;ventilation;0.795;False
S0004;2026-01-02 07:32:00;CO2_level;738;False
S0010;2026-01-02 07:32:00;CO2_level;1144;False
S0005;2026-01-02 07:32:15;ventilation;0.969;False
S0011;2026-01-02 07:32:15;ventilation;0.887;False
S0007;2026-01-02 07:32:15;temperature;22.718;False
S0001;2026-01-02 07:32:15;temperature;15.109;False
S0010;2026-01-02 07:32:15;CO2_level;950;False
S0004;2026-01-02 07:32:15;CO2_level;1150;False
S0010;2026-01-02 07:32:30;CO2_level;1195;False
S0011;2026-01-02 07:32:30;ventilation;0.671;False
S0003;2026-01-02 07:32:30;humidity;68.383;False
S0009;2026-01-02 07:32:30;humidity;66.123;False
S0004;2026-01-02 07:32:30;CO2_level;1126;False
S0005;2026-01-02 07:32:30;ventilation;0.618;False
S0007;2026-01-02 07:32:30;temperature;16.15;False
S0001;2026-01-02 07:32:30;temperature;24.367;False
S0004;2026-01-02 07:32:45;CO2_level;1072;False
S0010;2026-01-02 07:32:45;CO2_level;716;False
S0011;2026-01-02 07:32:45;ventilation;0.797;False
S0007;2026-01-02 07:32:45;temperature;22.189;False
S0005;2026-01-02 07:32:45;ventilation;0.88;False
S0001;2026-01-02 07:32:45;temperature;1.924;True
S0007;2026-01-02 07:33:00;temperature;19.786;False
S0009;2026-01-02 07:33:00;humidity;64.773;False
S0004;2026-01-02 07:33:00;CO2_level;1117;False
S0005;2026-01-02 07:33:00;ventilation;0.713;False
S0003;2026-01-02 07:33:00;humidity;67.634;False
S0010;2026-01-02 07:33:00;CO2_level;758;False
S0011;2026-01-02 07:33:00;ventilation;0.768;False
S0001;2026-01-02 07:33:00;temperature;21.847;False
S0010;2026-01-02 07:33:15;CO2_level;663;False
S0004;2026-01-02 07:33:15;CO2_level;652;False
S0007;2026-01-02 07:33:15;temperature;null;True
S0011;2026-01-02 07:33:15;ventilation;0.648;False
S0001;2026-01-02 07:33:15;temperature;22.186;False
S0005;2026-01-02 07:33:15;ventilation;0.548;False
S0001;2026-01-02 07:33:30;temperature;26.164;False
S0009;2026-01-02 07:33:30;humidity;67.46;False
S0005;2026-01-02 07:33:30;ventilation;0.688;False
S0007;2026-01-02 07:33:30;temperature;18.817;False
S0003;2026-01-02 07:33:30;humidity;60.292;False
S0011;2026-01-02 07:33:30;ventilation;0.802;False
S0010;2026-01-02 07:33:30;CO2_level;851;False
S0004;2026-01-02 07:33:30;CO2_level;1018;False
S0010;2026-01-02 07:33:45;CO2_level;646;False
S0011;2026-01-02 07:33:45;ventilation;0.862;False
S0005;2026-01-02 07:33:45;ventilation;0.676;False
S0007;2026-01-02 07:33:45;temperature;19.787;False
S0004;2026-01-02 07:33:45;CO2_level;1109;False
S0001;2026-01-02 07:33:45;temperature;23.828;False
S0009;2026-01-02 07:34:00;humidity;76.997;True
S0007;2026-01-02 07:34:00;temperature;16.622;False
S0011;2026-01-02 07:34:00;ventilation;0.506;False
S0004;2026-01-02 07:34:00;CO2_level;857;False
S0005;2026-01-02 07:34:00;ventilation;0.849;False
S0003;2026-01-02 07:34:00;humidity;60.999;False
S0010;2026-01-02 07:34:00;CO2_level;801;False
S0001;2026-01-02 07:34:00;temperature;18.871;False
S0005;2026-01-02 07:34:15;ventilation;1.472;True
S0004;2026-01-02 07:34:15;CO2_level;1128;False
S0001;2026-01-02 07:34:15;temperature;19.718;False
S0007;2026-01-02 07:34:15;temperature;19.56;False
S0011;2026-01-02 07:34:15;ventilation;0.868;False
S0010;2026-01-02 07:34:15;CO2_level;827;False
S0005;2026-01-02 07:34:30;ventilation;0.56;False
S0001;2026-01-02 07:34:30;temperature;21.751;False
S0003;2026-01-02 07:34:30;humidity;64.358;False
S0011;2026-01-02 07:34:30;ventilation;0.53;False
S0004;2026-01-02 07:34:30;CO2_level;1154;False
S0007;2026-01-02 07:34:30;temperature;23.21;False
S0009;2026-01-02 07:34:30;humidity;null;True
S0010;2026-01-02 07:34:30;CO2_level;681;False
S0007;2026-01-02 07:34:45;temperature;16.053;False
S0004;2026-01-02 07:34:45;CO2_level;820;False
S0010;2026-01-02 07:34:45;CO2_level;1147;False
S0005;2026-01-02 07:34:45;ventilation;0.872;False
S0001;2026-01-02 07:34:45;temperature;24.29;False
S0011;2026-01-02 07:34:45;ventilation;0.993;False
S0009;2026-01-02 07:35:00;humidity;79.288;True
S0003;2026-01-02 07:35:00;humidity;69.645;False
S0005;2026-01-02 07:35:00;ventilation;0.751;False
S0011;2026-01-02 07:35:00;ventilation;0.944;False
S0004;2026-01-02 07:35:00;CO2_level;1083;False
S0001;2026-01-02 07:35:00;temperature;20.85;False
S0007;2026-01-02 07:35:00;temperature;25.112;False
S0010;2026-01-02 07:35:00;CO2_level;680;False
S0007;2026-01-02 07:35:15;temperature;22.369;False
S0011;2026-01-02 07:35:15;ventilation;0.816;False
S0004;2026-01-02 07:35:15;CO2_level;914;False
S0005;2026-01-02 07:35:15;ventilation;0.999;False
S0010;2026-01-02 07:35:15;CO2_level;770;False
S0001;2026-01-02 07:35:15;temperature;17.426;False
S0003;2026-01-02 07:35:30;humidity;60.82;False
S0009;2026-01-02 07:35:30;humidity;61.319;False
S0011;2026-01-02 07:35:30;ventilation;0.525;False
S0007;2026-01-02 07:35:30;temperature;19.644;False
S0004;2026-01-02 07:35:30;CO2_level;1191;False
S0005;2026-01-02 07:35:30;ventilation;0.997;False
S0010;2026-01-02 07:35:30;CO2_level;800;False
S0001;2026-01-02 07:35:30;temperature;25.48;False
S0001;2026-01-02 07:35:45;temperature;17.036;False
S0011;2026-01-02 07:35:45;ventilation;0.874;False
S0004;2026-01-02 07:35:45;CO2_level;907;False
S0005;2026-01-02 07:35:45;ventilation;0.846;False
S0010;2026-01-02 07:35:45;CO2_level;1133;False
S0007;2026-01-02 07:35:45;temperature;22.64;False
S0007;2026-01-02 07:36:00;temperature;18.469;False
S0011;2026-01-02 07:36:00;ventilation;0.528;False
S0010;2026-01-02 07:36:00;CO2_level;998;False
S0003;2026-01-02 07:36:00;humidity;63.284;False
S0009;2026-01-02 07:36:00;humidity;68.289;False
S0005;2026-01-02 07:36:00;ventilation;0.987;False
S0004;2026-01-02 07:36:00;CO2_level;535;True
S0001;2026-01-02 07:36:00;temperature;26.535;False
S0010;2026-01-02 07:36:15;CO2_level;1141;False
S0011;2026-01-02 07:36:15;ventilation;0.801;False
S0005;2026-01-02 07:36:15;ventilation;0.839;False
S0001;2026-01-02 07:36:15;temperature;24.646;False
S0004;2026-01-02 07:36:15;CO2_level;1035;False
S0007;2026-01-02 07:36:15;temperature;31.861;True
S0003;2026-01-02 07:36:30;humidity;69.249;False
S0005;2026-01-02 07:36:30;ventilation;0.673;False
S0010;2026-01-02 07:36:30;CO2_level;1010;False
S0001;2026-01-02 07:36:30;temperature;22.921;False
S0004;2026-01-02 07:36:30;CO2_level;678;False
S0009;2026-01-02 07:36:30;humidity;65.189;False
S0011;2026-01-02 07:36:30;ventilation;0.994;False
S0007;2026-01-02 07:36:30;temperature;29.156;True
S0004;2026-01-02 07:36:45;CO2_level;916;False
S0010;2026-01-02 07:36:45;CO2_level;1135;False
S0001;2026-01-02 07:36:45;temperature;23.293;False
S0011;2026-01-02 07:36:45;ventilation;0.791;False
S0005;2026-01-02 07:36:45;ventilation;0.597;False
S0007;2026-01-02 07:36:45;temperature;16.914;False
S0003;2026-01-02 07:37:00;humidity;62.249;False
S0007;2026-01-02 07:37:00;temperature;24.712;False
S0004;2026-01-02 07:37:00;CO2_level;844;False
S0010;2026-01-02 07:37:00;CO2_level;1198;False
S0005;2026-01-02 07:37:00;ventilation;1.883;True
S0009;2026-01-02 07:37:00;humidity;65.353;False
S0011;2026-01-02 07:37:00;ventilation;0.53;False
S0001;2026-01-02 07:37:00;temperature;25.446;False
S0010;2026-01-02 07:37:15;CO2_level;716;False
S0011;2026-01-02 07:37:15;ventilation;0.535;False
S0004;2026-01-02 07:37:15;CO2_level;938;False
S0007;2026-01-02 07:37:15;temperature;20.568;False
S0005;2026-01-02 07:37:15;ventilation;0.766;False
S0001;2026-01-02 07:37:15;temperature;22.139;False
S0001;2026-01-02 07:37:30;temperature;17.746;False
S0009;2026-01-02 07:37:30;humidity;64.865;False
S0004;2026-01-02 07:37:30;CO2_level;758;False
S0007;2026-01-02 07:37:30;temperature;19.766;False
S0003;2026-01-02 07:37:30;humidity;68.676;False
S0011;2026-01-02 07:37:30;ventilation;0.945;False
S0010;2026-01-02 07:37:30;CO2_level;1159;False
S0005;2026-01-02 07:37:30;ventilation;0.616;False
S0005;2026-01-02 07:37:45;ventilation;0.564;False
S0004;2026-01-02 07:37:45;CO2_level;838;False
S0011;2026-01-02 07:37:45;ventilation;0.555;False
S0010;2026-01-02 07:37:45;CO2_level;1052;False
S0001;2026-01-02 07:37:45;temperature;21.177;False
S0007;2026-01-02 07:37:45;temperature;22.865;False
S0003;2026-01-02 07:38:00;humidity;66.701;False
S0011;2026-01-02 07:38:00;ventilation;0.576;False
S0009;2026-01-02 07:38:00;humidity;64.632;False
S0004;2026-01-02 07:38:00;CO2_level;926;False
S0001;2026-01-02 07:38:00;temperature;25.188;False
S0005;2026-01-02 07:38:00;ventilation;0.755;False
S0010;2026-01-02 07:38:00;CO2_level;499;True
S0007;2026-01-02 07:38:00;temperature;32.936;True
S0007;2026-01-02 07:38:15;temperature;23.55;False
S0001;2026-01-02 07:38:15;temperature;15.317;False
S0011;2026-01-02 07:38:15;ventilation;0.5;False
S0005;2026-01-02 07:38:15;ventilation;0.929;False
S0010;2026-01-02 07:38:15;CO2_level;1202;True
S0004;2026-01-02 07:38:15;CO2_level;1103;False
S0001;2026-01-02 07:38:30;temperature;26.15;False
S0003;2026-01-02 07:38:30;humidity;66.339;False
S0005;2026-01-02 07:38:30;ventilation;0.535;False
S0009;2026-01-02 07:38:30;humidity;61.612;False
S0010;2026-01-02 07:38:30;CO2_level;803;False
S0007;2026-01-02 07:38:30;temperature;17.783;False
S0011;2026-01-02 07:38:30;ventilation;0.739;False
S0004;2026-01-02 07:38:30;CO2_level;692;False
S0011;2026-01-02 07:38:45;ventilation;0.83;False
S0005;2026-01-02 07:38:45;ventilation;0.727;False
S0010;2026-01-02 07:38:45;CO2_level;1115;False
S0001;2026-01-02 07:38:45;temperature;0.496;True
S0004;2026-01-02 07:38:45;CO2_level;null;True
S0007;2026-01-02 07:38:45;temperature;18.277;False
S0007;2026-01-02 07:39:00;temperature;16.848;False
S0004;2026-01-02 07:39:00;CO2_level;783;False
S0010;2026-01-02 07:39:00;CO2_level;789;False
S0005;2026-01-02 07:39:00;ventilation;0.853;False
S0009;2026-01-02 07:39:00;humidity;61.311;False
S0003;2026-01-02 07:39:00;humidity;64.024;False
S0001;2026-01-02 07:39:00;temperature;21.586;False
S0011;2026-01-02 07:39:00;ventilation;0.928;False
S0011;2026-01-02 07:39:15;ventilation;0.684;False
S0004;2026-01-02 07:39:15;CO2_level;1170;False
S0010;2026-01-02 07:39:15;CO2_level;623;False
S0005;2026-01-02 07:39:15;ventilation;0.69;False
S0001;2026-01-02 07:39:15;temperature;22.585;False
S0007;2026-01-02 07:39:15;temperature;24.764;False
S0001;2026-01-02 07:39:30;temperature;20.465;False
S0003;2026-01-02 07:39:30;humidity;68.283;False
S0011;2026-01-02 07:39:30;ventilation;1.0;False
S0009;2026-01-02 07:39:30;humidity;60.343;False
S0010;2026-01-02 07:39:30;CO2_level;834;False
S0004;2026-01-02 07:39:30;CO2_level;767;False
S0005;2026-01-02 07:39:30;ventilation;0.599;False
S0007;2026-01-02 07:39:30;temperature;15.226;False
S0001;2026-01-02 07:39:45;temperature;19.143;False
S0011;2026-01-02 07:39:45;ventilation;0.562;False
S0004;2026-01-02 07:39:45;CO2_level;654;False
S0007;2026-01-02 07:39:45;temperature;21.635;False
S0010;2026-01-02 07:39:45;CO2_level;731;False
S0005;2026-01-02 07:39:45;ventilation;0.504;False
S0004;2026-01-02 07:40:00;CO2_level;651;False
S0011;2026-01-02 07:40:00;ventilation;0.991;False
S0001;2026-01-02 07:40:00;temperature;15.914;False
S0009;2026-01-02 07:40:00;humidity;66.327;False
S0003;2026-01-02 07:40:00;humidity;63.189;False
S0010;2026-01-02 07:40:00;CO2_level;993;False
S0007;2026-01-02 07:40:00;temperature;15.696;False
S0005;2026-01-02 07:40:00;ventilation;1.339;True
S0010;2026-01-02 07:40:15;CO2_level;249;True
S0005;2026-01-02 07:40:15;ventilation;0.736;False
S0004;2026-01-02 07:40:15;CO2_level;1046;False
S0007;2026-01-02 07:40:15;temperature;18.004;False
S0001;2026-01-02 07:40:15;temperature;25.781;False
S0011;2026-01-02 07:40:15;ventilation;0.651;False
S0010;2026-01-02 07:40:30;CO2_level;1078;False
S0004;2026-01-02 07:40:30;CO2_level;934;False
S0011;2026-01-02 07:40:30;ventilation;0.448;True
S0007;2026-01-02 07:40:30;temperature;17.208;False
S0003;2026-01-02 07:40:30;humidity;67.161;False
S0005;2026-01-02 07:40:30;ventilation;0.647;False
S0009;2026-01-02 07:40:30;humidity;63.67;False
S0001;2026-01-02 07:40:30;temperature;23.649;False
S0001;2026-01-02 07:40:45;temperature;17.421;False
S0004;2026-01-02 07:40:45;CO2_level;756;False
S0005;2026-01-02 07:40:45;ventilation;0.71;False
S0011;2026-01-02 07:40:45;ventilation;0.603;False
S0010;2026-01-02 07:40:45;CO2_level;1189;False
S0007;2026-01-02 07:40:45;temperature;22.588;False
S0007;2026-01-02 07:41:00;temperature;15.974;False
S0005;2026-01-02 07:41:00;ventilation;1.0;False
S0004;2026-01-02 07:41:00;CO2_level;1067;False
S0003;2026-01-02 07:41:00;humidity;67.834;False
S0010;2026-01-02 07:41:00;CO2_level;965;False
S0011;2026-01-02 07:41:00;ventilation;0.866;False
S0001;2026-01-02 07:41:00;temperature;26.828;False
S0009;2026-01-02 07:41:00;humidity;67.304;False
S0010;2026-01-02 07:41:15;CO2_level;757;False
S0004;2026-01-02 07:41:15;CO2_level;931;False
S0011;2026-01-02 07:41:15;ventilation;0.509;False
S0007;2026-01-02 07:41:15;temperature;19.205;False
S0005;2026-01-02 07:41:15;ventilation;0.983;False
S0001;2026-01-02 07:41:15;temperature;null;True
S0009;2026-01-02 07:41:30;humidity;65.483;False
S0007;2026-01-02 07:41:30;temperature;18.72;False
S0010;2026-01-02 07:41:30;CO2_level;820;False
S0005;2026-01-02 07:41:30;ventilation;0.886;False
S0004;2026-01-02 07:41:30;CO2_level;954;False
S0001;2026-01-02 07:41:30;temperature;25.666;False
S0011;2026-01-02 07:41:30;ventilation;0.669;False
S0003;2026-01-02 07:41:30;humidity;61.697;False
S0004;2026-01-02 07:41:45;CO2_level;887;False
S0007;2026-01-02 07:41:45;temperature;24.286;False
S0005;2026-01-02 07:41:45;ventilation;0.79;False
S0011;2026-01-02 07:41:45;ventilation;0.141;True
S0010;2026-01-02 07:41:45;CO2_level;822;False
S0001;2026-01-02 07:41:45;temperature;21.53;False
S0007;2026-01-02 07:42:00;temperature;16.248;False
S0005;2026-01-02 07:42:00;ventilation;0.501;False
S0010;2026-01-02 07:42:00;CO2_level;855;False
S0004;2026-01-02 07:42:00;CO2_level;977;False
S0001;2026-01-02 07:42:00;temperature;23.39;False
S0011;2026-01-02 07:42:00;ventilation;null;True
S0003;2026-01-02 07:42:00;humidity;64.065;False
S0009;2026-01-02 07:42:00;humidity;66.921;False
S0010;2026-01-02 07:42:15;CO2_level;1114;False
S0007;2026-01-02 07:42:15;temperature;24.621;False
S0001;2026-01-02 07:42:15;temperature;21.834;False
S0011;2026-01-02 07:42:15;ventilation;0.835;False
S0005;2026-01-02 07:42:15;ventilation;0.954;False
S0004;2026-01-02 07:42:15;CO2_level;1069;False
S0010;2026-01-02 07:42:30;CO2_level;null;True
S0004;2026-01-02 07:42:30;CO2_level;920;False
S0003;2026-01-02 07:42:30;humidity;61.341;False
S0007;2026-01-02 07:42:30;temperature;null;True
S0009;2026-01-02 07:42:30;humidity;60.138;False
S0001;2026-01-02 07:42:30;temperature;15.696;False
S0005;2026-01-02 07:42:30;ventilation;0.591;False
S0011;2026-01-02 07:42:30;ventilation;0.592;False
S0004;2026-01-02 07:42:45;CO2_level;1003;False
S0001;2026-01-02 07:42:45;temperature;18.521;False
S0007;2026-01-02 07:42:45;temperature;20.216;False
S0005;2026-01-02 07:42:45;ventilation;0.992;False
S0010;2026-01-02 07:42:45;CO2_level;1178;False
S0011;2026-01-02 07:42:45;ventilation;1.236;True
S0003;2026-01-02 07:43:00;humidity;68.248;False
S0001;2026-01-02 07:43:00;temperature;20.633;False
S0010;2026-01-02 07:43:00;CO2_level;1175;False
S0007;2026-01-02 07:43:00;temperature;16.194;False
S0011;2026-01-02 07:43:00;ventilation;0.998;False
S0004;2026-01-02 07:43:00;CO2_level;1115;False
S0009;2026-01-02 07:43:00;humidity;68.74;False
S0005;2026-01-02 07:43:00;ventilation;0.884;False
S0011;2026-01-02 07:43:15;ventilation;0.896;False
S0004;2026-01-02 07:43:15;CO2_level;899;False
S0005;2026-01-02 07:43:15;ventilation;0.716;False
S0001;2026-01-02 07:43:15;temperature;17.873;False
S0007;2026-01-02 07:43:15;temperature;19.989;False
S0010;2026-01-02 07:43:15;CO2_level;817;False
S0003;2026-01-02 07:43:30;humidity;66.509;False
S0004;2026-01-02 07:43:30;CO2_level;673;False
S0001;2026-01-02 07:43:30;temperature;23.305;False
S0009;2026-01-02 07:43:30;humidity;67.998;False
S0011;2026-01-02 07:43:30;ventilation;1.577;True
S0007;2026-01-02 07:43:30;temperature;22.153;False
S0005;2026-01-02 07:43:30;ventilation;0.82;False
S0010;2026-01-02 07:43:30;CO2_level;896;False
S0010;2026-01-02 07:43:45;CO2_level;802;False
S0011;2026-01-02 07:43:45;ventilation;0.783;False
S0001;2026-01-02 07:43:45;temperature;26.367;False
S0004;2026-01-02 07:43:45;CO2_level;699;False
S0005;2026-01-02 07:43:45;ventilation;0.703;False
S0007;2026-01-02 07:43:45;temperature;25.967;False
S0009;2026-01-02 07:44:00;humidity;61.835;False
S0011;2026-01-02 07:44:00;ventilation;0.81;False
S0001;2026-01-02 07:44:00;temperature;24.301;False
S0004;2026-01-02 07:44:00;CO2_level;816;False
S0003;2026-01-02 07:44:00;humidity;68.346;False
S0010;2026-01-02 07:44:00;CO2_level;1036;False
S0007;2026-01-02 07:44:00;temperature;21.817;False
S0005;2026-01-02 07:44:00;ventilation;0.877;False
S0004;2026-01-02 07:44:15;CO2_level;656;False
S0005;2026-01-02 07:44:15;ventilation;0.744;False
S0011;2026-01-02 07:44:15;ventilation;1.0;False
S0010;2026-01-02 07:44:15;CO2_level;692;False
S0001;2026-01-02 07:44:15;temperature;17.031;False
S0007;2026-01-02 07:44:15;temperature;25.87;False
S0005;2026-01-02 07:44:30;ventilation;0.541;False
S0009;2026-01-02 07:44:30;humidity;64.523;False
S0004;2026-01-02 07:44:30;CO2_level;892;False
S0010;2026-01-02 07:44:30;CO2_level;1057;False
S0003;2026-01-02 07:44:30;humidity;64.883;False
S0011;2026-01-02 07:44:30;ventilation;0.79;False
S0007;2026-01-02 07:44:30;temperature;25.076;False
S0001;2026-01-02 07:44:30;temperature;16.382;False
S0004;2026-01-02 07:44:45;CO2_level;1147;False
S0005;2026-01-02 07:44:45;ventilation;null;True
S0001;2026-01-02 07:44:45;temperature;23.081;False
S0011;2026-01-02 07:44:45;ventilation;0.632;False
S0007;2026-01-02 07:44:45;temperature;25.236;False
S0010;2026-01-02 07:44:45;CO2_level;645;False
S0007;2026-01-02 07:45:00;temperature;21.3;False
S0003;2026-01-02 07:45:00;humidity;69.249;False
S0009;2026-01-02 07:45:00;humidity;65.322;False
S0001;2026-01-02 07:45:00;temperature;17.819;False
S0011;2026-01-02 07:45:00;ventilation;0.438;True
S0010;2026-01-02 07:45:00;CO2_level;1028;False
S0005;2026-01-02 07:45:00;ventilation;0.826;False
S0004;2026-01-02 07:45:00;CO2_level;902;False
S0011;2026-01-02 07:45:15;ventilation;0.776;False
S0007;2026-01-02 07:45:15;temperature;18.999;False
S0010;2026-01-02 07:45:15;CO2_level;743;False
S0004;2026-01-02 07:45:15;CO2_level;990;False
S0001;2026-01-02 07:45:15;temperature;25.273;False
S0005;2026-01-02 07:45:15;ventilation;0.624;False
S0007;2026-01-02 07:45:30;temperature;17.221;False
S0010;2026-01-02 07:45:30;CO2_level;998;False
S0004;2026-01-02 07:45:30;CO2_level;791;False
S0005;2026-01-02 07:45:30;ventilation;0.579;False
S0001;2026-01-02 07:45:30;temperature;17.171;False
S0011;2026-01-02 07:45:30;ventilation;0.686;False
S0003;2026-01-02 07:45:30;humidity;26.693;True
S0009;2026-01-02 07:45:30;humidity;62.333;False
S0004;2026-01-02 07:45:45;CO2_level;992;False
S0005;2026-01-02 07:45:45;ventilation;0.573;False
S0007;2026-01-02 07:45:45;temperature;17.237;False
S0001;2026-01-02 07:45:45;temperature;19.039;False
S0011;2026-01-02 07:45:45;ventilation;0.937;False
S0010;2026-01-02 07:45:45;CO2_level;1122;False
S0007;2026-01-02 07:46:00;temperature;21.388;False
S0001;2026-01-02 07:46:00;temperature;25.588;False
S0003;2026-01-02 07:46:00;humidity;69.801;False
S0010;2026-01-02 07:46:00;CO2_level;1069;False
S0005;2026-01-02 07:46:00;ventilation;0.893;False
S0009;2026-01-02 07:46:00;humidity;62.768;False
S0011;2026-01-02 07:46:00;ventilation;0.812;False
S0004;2026-01-02 07:46:00;CO2_level;856;False
S0005;2026-01-02 07:46:15;ventilation;null;True
S0001;2026-01-02 07:46:15;temperature;20.823;False
S0010;2026-01-02 07:46:15;CO2_level;999;False
S0004;2026-01-02 07:46:15;CO2_level;867;False
S0007;2026-01-02 07:46:15;temperature;17.887;False
S0011;2026-01-02 07:46:15;ventilation;0.997;False
S0009;2026-01-02 07:46:30;humidity;64.224;False
S0011;2026-01-02 07:46:30;ventilation;0.956;False
S0007;2026-01-02 07:46:30;temperature;16.321;False
S0004;2026-01-02 07:46:30;CO2_level;939;False
S0001;2026-01-02 07:46:30;temperature;15.078;False
S0010;2026-01-02 07:46:30;CO2_level;1153;False
S0003;2026-01-02 07:46:30;humidity;62.579;False
S0005;2026-01-02 07:46:30;ventilation;0.933;False
S0001;2026-01-02 07:46:45;temperature;15.916;False
S0011;2026-01-02 07:46:45;ventilation;0.733;False
S0004;2026-01-02 07:46:45;CO2_level;794;False
S0010;2026-01-02 07:46:45;CO2_level;1070;False
S0007;2026-01-02 07:46:45;temperature;15.447;False
S0005;2026-01-02 07:46:45;ventilation;0.759;False
S0007;2026-01-02 07:47:00;temperature;16.273;False
S0004;2026-01-02 07:47:00;CO2_level;1066;False
S0001;2026-01-02 07:47:00;temperature;19.137;False
S0010;2026-01-02 07:47:00;CO2_level;699;False
S0005;2026-01-02 07:47:00;ventilation;0.96;False
S0009;2026-01-02 07:47:00;humidity;38.2;True
S0011;2026-01-02 07:47:00;ventilation;null;True
S0003;2026-01-02 07:47:00;humidity;69.013;False
S0005;2026-01-02 07:47:15;ventilation;0.776;False
S0001;2026-01-02 07:47:15;temperature;22.053;False
S0004;2026-01-02 07:47:15;CO2_level;696;False
S0007;2026-01-02 07:47:15;temperature;21.082;False
S0011;2026-01-02 07:47:15;ventilation;0.603;False
S0010;2026-01-02 07:47:15;CO2_level;1279;True
S0001;2026-01-02 07:47:30;temperature;22.313;False
S0005;2026-01-02 07:47:30;ventilation;0.808;False
S0010;2026-01-02 07:47:30;CO2_level;841;False
S0007;2026-01-02 07:47:30;temperature;18.05;False
S0003;2026-01-02 07:47:30;humidity;null;True
S0009;2026-01-02 07:47:30;humidity;null;True
S0011;2026-01-02 07:47:30;ventilation;0.696;False
S0004;2026-01-02 07:47:30;CO2_level;953;False
S0007;2026-01-02 07:47:45;temperature;15.156;False
S0011;2026-01-02 07:47:45;ventilation;0.548;False
S0005;2026-01-02 07:47:45;ventilation;0.84;False
S0001;2026-01-02 07:47:45;temperature;22.271;False
S0010;2026-01-02 07:47:45;CO2_level;651;False
S0004;2026-01-02 07:47:45;CO2_level;1171;False
S0005;2026-01-02 07:48:00;ventilation;0.994;False
S0007;2026-01-02 07:48:00;temperature;21.556;False
S0004;2026-01-02 07:48:00;CO2_level;977;False
S0011;2026-01-02 07:48:00;ventilation;0.819;False
S0010;2026-01-02 07:48:00;CO2_level;882;False
S0009;2026-01-02 07:48:00;humidity;61.659;False
S0001;2026-01-02 07:48:00;temperature;16.506;False
S0003;2026-01-02 07:48:00;humidity;69.904;False
S0010;2026-01-02 07:48:15;CO2_level;827;False
S0004;2026-01-02 07:48:15;CO2_level;669;False
S0011;2026-01-02 07:48:15;ventilation;null;True
S0005;2026-01-02 07:48:15;ventilation;0.975;False
S0001;2026-01-02 07:48:15;temperature;26.461;False
S0007;2026-01-02 07:48:15;temperature;16.209;False
S0007;2026-01-02 07:48:30;temperature;25.495;False
S0005;2026-01-02 07:48:30;ventilation;0.898;False
S0003;2026-01-02 07:48:30;humidity;61.564;False
S0011;2026-01-02 07:48:30;ventilation;0.998;False
S0009;2026-01-02 07:48:30;humidity;63.82;False
S0001;2026-01-02 07:48:30;temperature;22.556;False
S0010;2026-01-02 07:48:30;CO2_level;864;False
S0004;2026-01-02 07:48:30;CO2_level;958;False
S0005;2026-01-02 07:48:45;ventilation;0.703;False
S0001;2026-01-02 07:48:45;temperature;17.524;False
S0007;2026-01-02 07:48:45;temperature;25.5;False
S0010;2026-01-02 07:48:45;CO2_level;1158;False
S0004;2026-01-02 07:48:45;CO2_level;1135;False
S0011;2026-01-02 07:48:45;ventilation;0.947;False
S0004;2026-01-02 07:49:00;CO2_level;922;False
S0001;2026-01-02 07:49:00;temperature;18.13;False
S0009;2026-01-02 07:49:00;humidity;null;True
S0010;2026-01-02 07:49:00;CO2_level;650;False
S0011;2026-01-02 07:49:00;ventilation;0.666;False
S0005;2026-01-02 07:49:00;ventilation;0.594;False
S0007;2026-01-02 07:49:00;temperature;20.957;False
S0003;2026-01-02 07:49:00;humidity;60.027;False
S0001;2026-01-02 07:49:15;temperature;25.702;False
S0010;2026-01-02 07:49:15;CO2_level;1086;False
S0007;2026-01-02 07:49:15;temperature;23.026;False
S0011;2026-01-02 07:49:15;ventilation;0.839;False
S0004;2026-01-02 07:49:15;CO2_level;711;False
S0005;2026-01-02 07:49:15;ventilation;0.589;False
S0003;2026-01-02 07:49:30;humidity;69.665;False
S0001;2026-01-02 07:49:30;temperature;20.658;False
S0010;2026-01-02 07:49:30;CO2_level;1156;False
S0005;2026-01-02 07:49:30;ventilation;0.877;False
S0004;2026-01-02 07:49:30;CO2_level;600;False
S0007;2026-01-02 07:49:30;temperature;24.628;False
S0009;2026-01-02 07:49:30;humidity;63.603;False
S0011;2026-01-02 07:49:30;ventilation;0.923;False
S0001;2026-01-02 07:49:45;temperature;16.204;False
S0010;2026-01-02 07:49:45;CO2_level;738;False
S0004;2026-01-02 07:49:45;CO2_level;1099;False
S0007;2026-01-02 07:49:45;temperature;24.757;False
S0005;2026-01-02 07:49:45;ventilation;0.654;False
S0011;2026-01-02 07:49:45;ventilation;0.796;False
S0001;2026-01-02 07:50:00;temperature;21.326;False
S0007;2026-01-02 07:50:00;temperature;21.86;False
S0011;2026-01-02 07:50:00;ventilation;0.812;False
S0009;2026-01-02 07:50:00;humidity;46.805;True
S0010;2026-01-02 07:50:00;CO2_level;null;True
S0004;2026-01-02 07:50:00;CO2_level;1216;True
S0003;2026-01-02 07:50:00;humidity;62.222;False
S0005;2026-01-02 07:50:00;ventilation;0.507;False
S0001;2026-01-02 07:50:15;temperature;20.897;False
S0004;2026-01-02 07:50:15;CO2_level;862;False
S0010;2026-01-02 07:50:15;CO2_level;765;False
S0011;2026-01-02 07:50:15;ventilation;0.855;False
S0007;2026-01-02 07:50:15;temperature;24.062;False
S0005;2026-01-02 07:50:15;ventilation;0.645;False
S0010;2026-01-02 07:50:30;CO2_level;602;False
S0009;2026-01-02 07:50:30;humidity;null;True
S0004;2026-01-02 07:50:30;CO2_level;696;False
S0007;2026-01-02 07:50:30;temperature;25.816;False
S0011;2026-01-02 07:50:30;ventilation;0.766;False
S0005;2026-01-02 07:50:30;ventilation;0.904;False
S0003;2026-01-02 07:50:30;humidity;66.368;False
S0001;2026-01-02 07:50:30;temperature;22.47;False
S0005;2026-01-02 07:50:45;ventilation;0.578;False
S0004;2026-01-02 07:50:45;CO2_level;923;False
S0007;2026-01-02 07:50:45;temperature;23.961;False
S0010;2026-01-02 07:50:45;CO2_level;1050;False
S0001;2026-01-02 07:50:45;temperature;19.084;False
S0011;2026-01-02 07:50:45;ventilation;0.935;False
S0007;2026-01-02 07:51:00;temperature;23.501;False
S0001;2026-01-02 07:51:00;temperature;17.931;False
S0003;2026-01-02 07:51:00;humidity;63.693;False
S0009;2026-01-02 07:51:00;humidity;60.541;False
S0004;2026-01-02 07:51:00;CO2_level;1053;False
S0005;2026-01-02 07:51:00;ventilation;0.734;False
S0011;2026-01-02 07:51:00;ventilation;0.808;False
S0010;2026-01-02 07:51:00;CO2_level;1145;False
S0004;2026-01-02 07:51:15;CO2_level;700;False
S0001;2026-01-02 07:51:15;temperature;21.263;False
S0010;2026-01-02 07:51:15;CO2_level;677;False
S0005;2026-01-02 07:51:15;ventilation;0.554;False
S0011;2026-01-02 07:51:15;ventilation;0.669;False
S0007;2026-01-02 07:51:15;temperature;19.083;False
S0001;2026-01-02 07:51:30;temperature;21.715;False
S0003;2026-01-02 07:51:30;humidity;60.2;False
S0005;2026-01-02 07:51:30;ventilation;0.992;False
S0010;2026-01-02 07:51:30;CO2_level;1065;False
S0011;2026-01-02 07:51:30;ventilation;0.854;False
S0009;2026-01-02 07:51:30;humidity;64.336;False
S0004;2026-01-02 07:51:30;CO2_level;1076;False
S0007;2026-01-02 07:51:30;temperature;22.015;False
S0001;2026-01-02 07:51:45;temperature;19.704;False
S0010;2026-01-02 07:51:45;CO2_level;1059;False
S0011;2026-01-02 07:51:45;ventilation;0.634;False
S0005;2026-01-02 07:51:45;ventilation;0.567;False
S0004;2026-01-02 07:51:45;CO2_level;676;False
S0007;2026-01-02 07:51:45;temperature;25.127;False
S0005;2026-01-02 07:52:00;ventilation;0.702;False
S0009;2026-01-02 07:52:00;humidity;64.059;False
S0001;2026-01-02 07:52:00;temperature;23.045;False
S0003;2026-01-02 07:52:00;humidity;66.901;False
S0010;2026-01-02 07:52:00;CO2_level;880;False
S0011;2026-01-02 07:52:00;ventilation;0.998;False
S0007;2026-01-02 07:52:00;temperature;18.489;False
S0004;2026-01-02 07:52:00;CO2_level;866;False
S0004;2026-01-02 07:52:15;CO2_level;756;False
S0005;2026-01-02 07:52:15;ventilation;0.872;False
S0010;2026-01-02 07:52:15;CO2_level;790;False
S0007;2026-01-02 07:52:15;temperature;18.509;False
S0001;2026-01-02 07:52:15;temperature;21.146;False
S0011;2026-01-02 07:52:15;ventilation;0.541;False
S0005;2026-01-02 07:52:30;ventilation;0.556;False
S0001;2026-01-02 07:52:30;temperature;21.949;False
S0004;2026-01-02 07:52:30;CO2_level;null;True
S0010;2026-01-02 07:52:30;CO2_level;973;False
S0011;2026-01-02 07:52:30;ventilation;0.876;False
S0009;2026-01-02 07:52:30;humidity;64.321;False
S0007;2026-01-02 07:52:30;temperature;19.038;False
S0003;2026-01-02 07:52:30;humidity;62.15;False
S0010;2026-01-02 07:52:45;CO2_level;802;False
S0005;2026-01-02 07:52:45;ventilation;0.526;False
S0011;2026-01-02 07:52:45;ventilation;0.766;False
S0001;2026-01-02 07:52:45;temperature;21.762;False
S0007;2026-01-02 07:52:45;temperature;22.065;False
S0004;2026-01-02 07:52:45;CO2_level;619;False
S0009;2026-01-02 07:53:00;humidity;64.805;False
S0010;2026-01-02 07:53:00;CO2_level;1008;False
S0005;2026-01-02 07:53:00;ventilation;0.602;False
S0004;2026-01-02 07:53:00;CO2_level;1066;False
S0007;2026-01-02 07:53:00;temperature;25.031;False
S0011;2026-01-02 07:53:00;ventilation;0.927;False
S0001;2026-01-02 07:53:00;temperature;22.252;False
S0003;2026-01-02 07:53:00;humidity;62.132;False
S0011;2026-01-02 07:53:15;ventilation;0.689;False
S0007;2026-01-02 07:53:15;temperature;10.141;True
S0004;2026-01-02 07:53:15;CO2_level;974;False
S0005;2026-01-02 07:53:15;ventilation;0.948;False
S0001;2026-01-02 07:53:15;temperature;16.654;False
S0010;2026-01-02 07:53:15;CO2_level;1132;False
S0011;2026-01-02 07:53:30;ventilation;0.994;False
S0004;2026-01-02 07:53:30;CO2_level;788;False
S0001;2026-01-02 07:53:30;temperature;17.537;False
S0003;2026-01-02 07:53:30;humidity;66.11;False
S0007;2026-01-02 07:53:30;temperature;19.135;False
S0009;2026-01-02 07:53:30;humidity;61.514;False
S0010;2026-01-02 07:53:30;CO2_level;722;False
S0005;2026-01-02 07:53:30;ventilation;0.691;False
S0001;2026-01-02 07:53:45;temperature;25.382;False
S0010;2026-01-02 07:53:45;CO2_level;729;False
S0007;2026-01-02 07:53:45;temperature;20.692;False
S0005;2026-01-02 07:53:45;ventilation;0.818;False
S0011;2026-01-02 07:53:45;ventilation;0.759;False
S0004;2026-01-02 07:53:45;CO2_level;658;False
S0009;2026-01-02 07:54:00;humidity;69.982;False
S0007;2026-01-02 07:54:00;temperature;29.847;True
S0003;2026-01-02 07:54:00;humidity;77.333;True
S0005;2026-01-02 07:54:00;ventilation;0.936;False
S0001;2026-01-02 07:54:00;temperature;22.059;False
S0004;2026-01-02 07:54:00;CO2_level;701;False
S0011;2026-01-02 07:54:00;ventilation;0.757;False
S0010;2026-01-02 07:54:00;CO2_level;904;False
S0007;2026-01-02 07:54:15;temperature;26.388;False
S0010;2026-01-02 07:54:15;CO2_level;823;False
S0004;2026-01-02 07:54:15;CO2_level;916;False
S0001;2026-01-02 07:54:15;temperature;19.888;False
S0005;2026-01-02 07:54:15;ventilation;0.716;False
S0011;2026-01-02 07:54:15;ventilation;0.608;False
S0001;2026-01-02 07:54:30;temperature;15.36;False
S0004;2026-01-02 07:54:30;CO2_level;633;False
S0003;2026-01-02 07:54:30;humidity;61.078;False
S0005;2026-01-02 07:54:30;ventilation;0.528;False
S0011;2026-01-02 07:54:30;ventilation;0.738;False
S0010;2026-01-02 07:54:30;CO2_level;1013;False
S0009;2026-01-02 07:54:30;humidity;65.747;False
S0007;2026-01-02 07:54:30;temperature;17.243;False
S0011;2026-01-02 07:54:45;ventilation;0.347;True
S0001;2026-01-02 07:54:45;temperature;25.7;False
S0005;2026-01-02 07:54:45;ventilation;0.981;False
S0004;2026-01-02 07:54:45;CO2_level;790;False
S0010;2026-01-02 07:54:45;CO2_level;1024;False
S0007;2026-01-02 07:54:45;temperature;10.282;True
S0007;2026-01-02 07:55:00;temperature;24.294;False
S0004;2026-01-02 07:55:00;CO2_level;989;False
S0009;2026-01-02 07:55:00;humidity;61.891;False
S0003;2026-01-02 07:55:00;humidity;65.997;False
S0010;2026-01-02 07:55:00;CO2_level;852;False
S0011;2026-01-02 07:55:00;ventilation;0.739;False
S0005;2026-01-02 07:55:00;ventilation;0.56;False
S0001;2026-01-02 07:55:00;temperature;21.785;False
S0007;2026-01-02 07:55:15;temperature;24.838;False
S0004;2026-01-02 07:55:15;CO2_level;1123;False
S0010;2026-01-02 07:55:15;CO2_level;993;False
S0011;2026-01-02 07:55:15;ventilation;0.832;False
S0001;2026-01-02 07:55:15;temperature;20.288;False
S0005;2026-01-02 07:55:15;ventilation;0.521;False
S0003;2026-01-02 07:55:30;humidity;60.45;False
S0009;2026-01-02 07:55:30;humidity;69.77;False
S0010;2026-01-02 07:55:30;CO2_level;619;False
S0001;2026-01-02 07:55:30;temperature;25.372;False
S0004;2026-01-02 07:55:30;CO2_level;611;False
S0011;2026-01-02 07:55:30;ventilation;0.906;False
S0005;2026-01-02 07:55:30;ventilation;0.971;False
S0007;2026-01-02 07:55:30;temperature;17.531;False
S0007;2026-01-02 07:55:45;temperature;22.681;False
S0001;2026-01-02 07:55:45;temperature;8.55;True
S0004;2026-01-02 07:55:45;CO2_level;1173;False
S0010;2026-01-02 07:55:45;CO2_level;809;False
S0005;2026-01-02 07:55:45;ventilation;0.657;False
S0011;2026-01-02 07:55:45;ventilation;0.733;False
S0001;2026-01-02 07:56:00;temperature;15.507;False
S0010;2026-01-02 07:56:00;CO2_level;765;False
S0004;2026-01-02 07:56:00;CO2_level;848;False
S0005;2026-01-02 07:56:00;ventilation;0.973;False
S0011;2026-01-02 07:56:00;ventilation;0.73;False
S0009;2026-01-02 07:56:00;humidity;64.045;False
S0003;2026-01-02 07:56:00;humidity;61.099;False
S0007;2026-01-02 07:56:00;temperature;15.578;False
S0011;2026-01-02 07:56:15;ventilation;0.529;False
S0001;2026-01-02 07:56:15;temperature;12.003;True
S0005;2026-01-02 07:56:15;ventilation;0.979;False
S0010;2026-01-02 07:56:15;CO2_level;1262;True
S0007;2026-01-02 07:56:15;temperature;16.889;False
S0004;2026-01-02 07:56:15;CO2_level;1090;False
S0011;2026-01-02 07:56:30;ventilation;0.564;False
S0003;2026-01-02 07:56:30;humidity;60.077;False
S0009;2026-01-02 07:56:30;humidity;67.659;False
S0001;2026-01-02 07:56:30;temperature;24.08;False
S0005;2026-01-02 07:56:30;ventilation;0.773;False
S0004;2026-01-02 07:56:30;CO2_level;717;False
S0010;2026-01-02 07:56:30;CO2_level;1244;True
S0007;2026-01-02 07:56:30;temperature;25.86;False
S0010;2026-01-02 07:56:45;CO2_level;842;False
S0005;2026-01-02 07:56:45;ventilation;0.561;False
S0004;2026-01-02 07:56:45;CO2_level;820;False
S0001;2026-01-02 07:56:45;temperature;16.205;False
S0007;2026-01-02 07:56:45;temperature;22.694;False
S0011;2026-01-02 07:56:45;ventilation;0.664;False
S0011;2026-01-02 07:57:00;ventilation;null;True
S0009;2026-01-02 07:57:00;humidity;69.968;False
S0007;2026-01-02 07:57:00;temperature;20.733;False
S0005;2026-01-02 07:57:00;ventilation;0.971;False
S0010;2026-01-02 07:57:00;CO2_level;958;False
S0004;2026-01-02 07:57:00;CO2_level;888;False
S0001;2026-01-02 07:57:00;temperature;24.064;False
S0003;2026-01-02 07:57:00;humidity;66.989;False
S0011;2026-01-02 07:57:15;ventilation;0.637;False
S0004;2026-01-02 07:57:15;CO2_level;1166;False
S0005;2026-01-02 07:57:15;ventilation;0.608;False
S0010;2026-01-02 07:57:15;CO2_level;657;False
S0007;2026-01-02 07:57:15;temperature;22.418;False
S0001;2026-01-02 07:57:15;temperature;17.045;False
S0005;2026-01-02 07:57:30;ventilation;0.683;False
S0010;2026-01-02 07:57:30;CO2_level;285;True
S0001;2026-01-02 07:57:30;temperature;22.132;False
S0007;2026-01-02 07:57:30;temperature;27.637;True
S0009;2026-01-02 07:57:30;humidity;71.111;True
S0004;2026-01-02 07:57:30;CO2_level;1146;False
S0003;2026-01-02 07:57:30;humidity;66.656;False
S0011;2026-01-02 07:57:30;ventilation;0.756;False
S0001;2026-01-02 07:57:45;temperature;null;True
S0004;2026-01-02 07:57:45;CO2_level;623;False
S0010;2026-01-02 07:57:45;CO2_level;657;False
S0011;2026-01-02 07:57:45;ventilation;0.646;False
S0007;2026-01-02 07:57:45;temperature;25.359;False
S0005;2026-01-02 07:57:45;ventilation;0.882;False
S0011;2026-01-02 07:58:00;ventilation;0.938;False
S0001;2026-01-02 07:58:00;temperature;24.463;False
S0005;2026-01-02 07:58:00;ventilation;0.516;False
S0007;2026-01-02 07:58:00;temperature;26.441;False
S0009;2026-01-02 07:58:00;humidity;61.052;False
S0003;2026-01-02 07:58:00;humidity;68.705;False
S0004;2026-01-02 07:58:00;CO2_level;726;False
S0010;2026-01-02 07:58:00;CO2_level;904;False
S0010;2026-01-02 07:58:15;CO2_level;673;False
S0001;2026-01-02 07:58:15;temperature;18.973;False
S0007;2026-01-02 07:58:15;temperature;24.838;False
S0005;2026-01-02 07:58:15;ventilation;0.779;False
S0004;2026-01-02 07:58:15;CO2_level;907;False
S0011;2026-01-02 07:58:15;ventilation;0.956;False
S0001;2026-01-02 07:58:30;temperature;15.808;False
S0011;2026-01-02 07:58:30;ventilation;0.538;False
S0007;2026-01-02 07:58:30;temperature;25.714;False
S0010;2026-01-02 07:58:30;CO2_level;743;False
S0009;2026-01-02 07:58:30;humidity;63.739;False
S0005;2026-01-02 07:58:30;ventilation;null;True
S0004;2026-01-02 07:58:30;CO2_level;1135;False
S0003;2026-01-02 07:58:30;humidity;69.228;False
S0011;2026-01-02 07:58:45;ventilation;0.79;False
S0004;2026-01-02 07:58:45;CO2_level;893;False
S0001;2026-01-02 07:58:45;temperature;25.251;False
S0007;2026-01-02 07:58:45;temperature;22.913;False
S0005;2026-01-02 07:58:45;ventilation;0.822;False
S0010;2026-01-02 07:58:45;CO2_level;1182;False
S0007;2026-01-02 07:59:00;temperature;24.555;False
S0003;2026-01-02 07:59:00;humidity;60.91;False
S0001;2026-01-02 07:59:00;temperature;22.713;False
S0010;2026-01-02 07:59:00;CO2_level;755;False
S0004;2026-01-02 07:59:00;CO2_level;1116;False
S0011;2026-01-02 07:59:00;ventilation;0.728;False
S0005;2026-01-02 07:59:00;ventilation;null;True
S0009;2026-01-02 07:59:00;humidity;64.677;False
S0010;2026-01-02 07:59:15;CO2_level;641;False
S0001;2026-01-02 07:59:15;temperature;25.383;False
S0005;2026-01-02 07:59:15;ventilation;0.88;False
S0011;2026-01-02 07:59:15;ventilation;0.843;False
S0007;2026-01-02 07:59:15;temperature;18.629;False
S0004;2026-01-02 07:59:15;CO2_level;750;False
S0001;2026-01-02 07:59:30;temperature;23.751;False
S0007;2026-01-02 07:59:30;temperature;18.252;False
S0011;2026-01-02 07:59:30;ventilation;0.587;False
S0003;2026-01-02 07:59:30;humidity;71.436;True
S0005;2026-01-02 07:59:30;ventilation;0.51;False
S0004;2026-01-02 07:59:30;CO2_level;914;False
S0009;2026-01-02 07:59:30;humidity;66.685;False
S0010;2026-01-02 07:59:30;CO2_level;658;False
S0004;2026-01-02 07:59:45;CO2_level;779;False
S0005;2026-01-02 07:59:45;ventilation;0.551;False
S0010;2026-01-02 07:59:45;CO2_level;1113;False
S0001;2026-01-02 07:59:45;temperature;26.23;False
S0007;2026-01-02 07:59:45;temperature;17.056;False
S0011;2026-01-02 07:59:45;ventilation;0.851;False
S0009;2026-01-02 08:00:00;humidity;67.541;False
S0003;2026-01-02 08:00:00;humidity;61.011;False
S0011;2026-01-02 08:00:00;ventilation;0.8;False
S0004;2026-01-02 08:00:00;CO2_level;1086;False
S0005;2026-01-02 08:00:00;ventilation;0.818;False
S0001;2026-01-02 08:00:00;temperature;15.535;False
S0007;2026-01-02 08:00:00;temperature;20.508;False
S0010;2026-01-02 08:00:00;CO2_level;null;True
S0005;2026-01-02 08:00:15;ventilation;0.739;False
S0004;2026-01-02 08:00:15;CO2_level;1064;False
S0011;2026-01-02 08:00:15;ventilation;0.957;False
S0010;2026-01-02 08:00:15;CO2_level;1100;False
S0007;2026-01-02 08:00:15;temperature;21.894;False
S0001;2026-01-02 08:00:15;temperature;25.857;False
S0010;2026-01-02 08:00:30;CO2_level;690;False
S0004;2026-01-02 08:00:30;CO2_level;870;False
S0009;2026-01-02 08:00:30;humidity;63.973;False
S0011;2026-01-02 08:00:30;ventilation;0.761;False
S0001;2026-01-02 08:00:30;temperature;18.265;False
S0005;2026-01-02 08:00:30;ventilation;0.909;False
S0007;2026-01-02 08:00:30;temperature;19.642;False
S0003;2026-01-02 08:00:30;humidity;66.42;False
S0007;2026-01-02 08:00:45;temperature;26.869;False
S0010;2026-01-02 08:00:45;CO2_level;754;False
S0005;2026-01-02 08:00:45;ventilation;0.866;False
S0001;2026-01-02 08:00:45;temperature;25.884;False
S0004;2026-01-02 08:00:45;CO2_level;936;False
S0011;2026-01-02 08:00:45;ventilation;0.649;False
S0004;2026-01-02 08:01:00;CO2_level;1294;True
S0010;2026-01-02 08:01:00;CO2_level;661;False
S0003;2026-01-02 08:01:00;humidity;null;True
S0007;2026-01-02 08:01:00;temperature;26.436;False
S0001;2026-01-02 08:01:00;temperature;25.89;False
S0005;2026-01-02 08:01:00;ventilation;0.82;False
S0009;2026-01-02 08:01:00;humidity;67.811;False
S0011;2026-01-02 08:01:00;ventilation;0.931;False
S0011;2026-01-02 08:01:15;ventilation;0.486;True
S0007;2026-01-02 08:01:15;temperature;17.964;False
S0010;2026-01-02 08:01:15;CO2_level;1089;False
S0004;2026-01-02 08:01:15;CO2_level;757;False
S0005;2026-01-02 08:01:15;ventilation;0.558;False
S0001;2026-01-02 08:01:15;temperature;18.641;False
S0005;2026-01-02 08:01:30;ventilation;0.713;False
S0004;2026-01-02 08:01:30;CO2_level;1172;False
S0007;2026-01-02 08:01:30;temperature;21.071;False
S0009;2026-01-02 08:01:30;humidity;66.691;False
S0011;2026-01-02 08:01:30;ventilation;0.89;False
S0003;2026-01-02 08:01:30;humidity;65.561;False
S0010;2026-01-02 08:01:30;CO2_level;661;False
S0001;2026-01-02 08:01:30;temperature;19.852;False
S0004;2026-01-02 08:01:45;CO2_level;849;False
S0001;2026-01-02 08:01:45;temperature;24.637;False
S0011;2026-01-02 08:01:45;ventilation;0.767;False
S0005;2026-01-02 08:01:45;ventilation;0.758;False
S0007;2026-01-02 08:01:45;temperature;23.353;False
S0010;2026-01-02 08:01:45;CO2_level;1090;False
S0003;2026-01-02 08:02:00;humidity;63.764;False
S0011;2026-01-02 08:02:00;ventilation;1.841;True
S0009;2026-01-02 08:02:00;humidity;67.01;False
S0010;2026-01-02 08:02:00;CO2_level;787;False
S0004;2026-01-02 08:02:00;CO2_level;852;False
S0001;2026-01-02 08:02:00;temperature;23.984;False
S0005;2026-01-02 08:02:00;ventilation;0.745;False
S0007;2026-01-02 08:02:00;temperature;15.138;False
S0005;2026-01-02 08:02:15;ventilation;0.648;False
S0004;2026-01-02 08:02:15;CO2_level;962;False
S0001;2026-01-02 08:02:15;temperature;19.479;False
S0011;2026-01-02 08:02:15;ventilation;0.936;False
S0010;2026-01-02 08:02:15;CO2_level;1148;False
S0007;2026-01-02 08:02:15;temperature;19.269;False
S0010;2026-01-02 08:02:30;CO2_level;693;False
S0011;2026-01-02 08:02:30;ventilation;0.835;False
S0005;2026-01-02 08:02:30;ventilation;0.994;False
S0001;2026-01-02 08:02:30;temperature;21.32;False
S0003;2026-01-02 08:02:30;humidity;66.844;False
S0004;2026-01-02 08:02:30;CO2_level;682;False
S0007;2026-01-02 08:02:30;temperature;23.369;False
S0009;2026-01-02 08:02:30;humidity;63.407;False
S0004;2026-01-02 08:02:45;CO2_level;695;False
S0007;2026-01-02 08:02:45;temperature;16.139;False
S0005;2026-01-02 08:02:45;ventilation;0.625;False
S0001;2026-01-02 08:02:45;temperature;22.728;False
S0010;2026-01-02 08:02:45;CO2_level;1163;False
S0011;2026-01-02 08:02:45;ventilation;0.963;False
S0010;2026-01-02 08:03:00;CO2_level;886;False
S0007;2026-01-02 08:03:00;temperature;7.037;True
S0011;2026-01-02 08:03:00;ventilation;0.702;False
S0004;2026-01-02 08:03:00;CO2_level;882;False
S0003;2026-01-02 08:03:00;humidity;68.246;False
S0001;2026-01-02 08:03:00;temperature;20.333;False
S0009;2026-01-02 08:03:00;humidity;66.91;False
S0005;2026-01-02 08:03:00;ventilation;0.971;False
S0001;2026-01-02 08:03:15;temperature;26.658;False
S0010;2026-01-02 08:03:15;CO2_level;840;False
S0004;2026-01-02 08:03:15;CO2_level;1097;False
S0007;2026-01-02 08:03:15;temperature;18.952;False
S0005;2026-01-02 08:03:15;ventilation;0.932;False
S0011;2026-01-02 08:03:15;ventilation;0.896;False
S0010;2026-01-02 08:03:30;CO2_level;649;False
S0007;2026-01-02 08:03:30;temperature;22.293;False
S0003;2026-01-02 08:03:30;humidity;63.053;False
S0011;2026-01-02 08:03:30;ventilation;0.986;False
S0009;2026-01-02 08:03:30;humidity;62.254;False
S0001;2026-01-02 08:03:30;temperature;22.204;False
S0004;2026-01-02 08:03:30;CO2_level;604;False
S0005;2026-01-02 08:03:30;ventilation;0.247;True
S0004;2026-01-02 08:03:45;CO2_level;669;False
S0011;2026-01-02 08:03:45;ventilation;0.784;False
S0010;2026-01-02 08:03:45;CO2_level;1239;True
S0005;2026-01-02 08:03:45;ventilation;0.615;False
S0007;2026-01-02 08:03:45;temperature;28.136;True
S0001;2026-01-02 08:03:45;temperature;20.416;False
S0009;2026-01-02 08:04:00;humidity;65.421;False
S0007;2026-01-02 08:04:00;temperature;null;True
S0001;2026-01-02 08:04:00;temperature;26.347;False
S0003;2026-01-02 08:04:00;humidity;65.88;False
S0004;2026-01-02 08:04:00;CO2_level;932;False
S0005;2026-01-02 08:04:00;ventilation;0.59;False
S0011;2026-01-02 08:04:00;ventilation;0.649;False
S0010;2026-01-02 08:04:00;CO2_level;802;False
S0004;2026-01-02 08:04:15;CO2_level;1142;False
S0010;2026-01-02 08:04:15;CO2_level;975;False
S0005;2026-01-02 08:04:15;ventilation;0.135;True
S0001;2026-01-02 08:04:15;temperature;23.676;False
S0007;2026-01-02 08:04:15;temperature;17.69;False
S0011;2026-01-02 08:04:15;ventilation;0.858;False
S0009;2026-01-02 08:04:30;humidity;63.618;False
S0005;2026-01-02 08:04:30;ventilation;0.896;False
S0004;2026-01-02 08:04:30;CO2_level;1072;False
S0007;2026-01-02 08:04:30;temperature;20.043;False
S0011;2026-01-02 08:04:30;ventilation;0.687;False
S0001;2026-01-02 08:04:30;temperature;22.248;False
S0010;2026-01-02 08:04:30;CO2_level;1112;False
S0003;2026-01-02 08:04:30;humidity;65.478;False
S0011;2026-01-02 08:04:45;ventilation;0.983;False
S0004;2026-01-02 08:04:45;CO2_level;1033;False
S0005;2026-01-02 08:04:45;ventilation;0.631;False
S0010;2026-01-02 08:04:45;CO2_level;617;False
S0007;2026-01-02 08:04:45;temperature;15.287;False
S0001;2026-01-02 08:04:45;temperature;23.341;False
S0001;2026-01-02 08:05:00;temperature;23.652;False
S0005;2026-01-02 08:05:00;ventilation;0.717;False
S0003;2026-01-02 08:05:00;humidity;64.295;False
S0010;2026-01-02 08:05:00;CO2_level;641;False
S0009;2026-01-02 08:05:00;humidity;60.506;False
S0011;2026-01-02 08:05:00;ventilation;1.407;True
S0007;2026-01-02 08:05:00;temperature;15.119;False
S0004;2026-01-02 08:05:00;CO2_level;1149;False
S0011;2026-01-02 08:05:15;ventilation;0.784;False
S0007;2026-01-02 08:05:15;temperature;27.42;True
S0005;2026-01-02 08:05:15;ventilation;0.636;False
S0001;2026-01-02 08:05:15;temperature;20.424;False
S0010;2026-01-02 08:05:15;CO2_level;695;False
S0004;2026-01-02 08:05:15;CO2_level;348;True
S0009;2026-01-02 08:05:30;humidity;62.509;False
S0001;2026-01-02 08:05:30;temperature;23.269;False
S0004;2026-01-02 08:05:30;CO2_level;1024;False
S0011;2026-01-02 08:05:30;ventilation;0.565;False
S0007;2026-01-02 08:05:30;temperature;15.021;False
S0005;2026-01-02 08:05:30;ventilation;0.563;False
S0003;2026-01-02 08:05:30;humidity;66.621;False
S0010;2026-01-02 08:05:30;CO2_level;802;False
S0004;2026-01-02 08:05:45;CO2_level;827;False
S0007;2026-01-02 08:05:45;temperature;10.813;True
S0011;2026-01-02 08:05:45;ventilation;0.665;False
S0001;2026-01-02 08:05:45;temperature;19.427;False
S0005;2026-01-02 08:05:45;ventilation;0.748;False
S0010;2026-01-02 08:05:45;CO2_level;667;False
S0009;2026-01-02 08:06:00;humidity;60.238;False
S0005;2026-01-02 08:06:00;ventilation;0.97;False
S0004;2026-01-02 08:06:00;CO2_level;978;False
S0001;2026-01-02 08:06:00;temperature;26.032;False
S0011;2026-01-02 08:06:00;ventilation;0.758;False
S0003;2026-01-02 08:06:00;humidity;72.175;True
S0010;2026-01-02 08:06:00;CO2_level;1099;False
S0007;2026-01-02 08:06:00;temperature;20.583;False
S0007;2026-01-02 08:06:15;temperature;24.63;False
S0005;2026-01-02 08:06:15;ventilation;0.547;False
S0010;2026-01-02 08:06:15;CO2_level;900;False
S0011;2026-01-02 08:06:15;ventilation;0.864;False
S0004;2026-01-02 08:06:15;CO2_level;759;False
S0001;2026-01-02 08:06:15;temperature;25.504;False
S0001;2026-01-02 08:06:30;temperature;18.487;False
S0005;2026-01-02 08:06:30;ventilation;1.911;True
S0003;2026-01-02 08:06:30;humidity;69.662;False
S0010;2026-01-02 08:06:30;CO2_level;787;False
S0009;2026-01-02 08:06:30;humidity;62.147;False
S0011;2026-01-02 08:06:30;ventilation;0.847;False
S0007;2026-01-02 08:06:30;temperature;18.995;False
S0004;2026-01-02 08:06:30;CO2_level;753;False
S0001;2026-01-02 08:06:45;temperature;19.555;False
S0005;2026-01-02 08:06:45;ventilation;0.812;False
S0011;2026-01-02 08:06:45;ventilation;0.483;True
S0004;2026-01-02 08:06:45;CO2_level;634;False
S0010;2026-01-02 08:06:45;CO2_level;1064;False
S0007;2026-01-02 08:06:45;temperature;25.828;False
S0007;2026-01-02 08:07:00;temperature;22.208;False
S0001;2026-01-02 08:07:00;temperature;17.025;False
S0005;2026-01-02 08:07:00;ventilation;0.714;False
S0010;2026-01-02 08:07:00;CO2_level;1154;False
S0003;2026-01-02 08:07:00;humidity;63.641;False
S0004;2026-01-02 08:07:00;CO2_level;1053;False
S0009;2026-01-02 08:07:00;humidity;68.458;False
S0011;2026-01-02 08:07:00;ventilation;0.671;False
S0004;2026-01-02 08:07:15;CO2_level;1177;False
S0010;2026-01-02 08:07:15;CO2_level;1181;False
S0011;2026-01-02 08:07:15;ventilation;0.562;False
S0007;2026-01-02 08:07:15;temperature;26.194;False
S0001;2026-01-02 08:07:15;temperature;23.088;False
S0005;2026-01-02 08:07:15;ventilation;0.973;False
S0009;2026-01-02 08:07:30;humidity;68.59;False
S0011;2026-01-02 08:07:30;ventilation;0.893;False
S0007;2026-01-02 08:07:30;temperature;16.104;False
S0004;2026-01-02 08:07:30;CO2_level;610;False
S0001;2026-01-02 08:07:30;temperature;null;True
S0010;2026-01-02 08:07:30;CO2_level;1196;False
S0005;2026-01-02 08:07:30;ventilation;0.663;False
S0003;2026-01-02 08:07:30;humidity;61.499;False
S0001;2026-01-02 08:07:45;temperature;14.735;True
S0007;2026-01-02 08:07:45;temperature;26.341;False
S0011;2026-01-02 08:07:45;ventilation;0.838;False
S0010;2026-01-02 08:07:45;CO2_level;642;False
S0005;2026-01-02 08:07:45;ventilation;0.697;False
S0004;2026-01-02 08:07:45;CO2_level;861;False
S0007;2026-01-02 08:08:00;temperature;17.587;False
S0005;2026-01-02 08:08:00;ventilation;0.595;False
S0011;2026-01-02 08:08:00;ventilation;0.833;False
S0003;2026-01-02 08:08:00;humidity;60.098;False
S0010;2026-01-02 08:08:00;CO2_level;457;True
S0009;2026-01-02 08:08:00;humidity;67.191;False
S0004;2026-01-02 08:08:00;CO2_level;1129;False
S0001;2026-01-02 08:08:00;temperature;26.094;False
S0010;2026-01-02 08:08:15;CO2_level;707;False
S0001;2026-01-02 08:08:15;temperature;16.176;False
S0004;2026-01-02 08:08:15;CO2_level;632;False
S0011;2026-01-02 08:08:15;ventilation;0.545;False
S0007;2026-01-02 08:08:15;temperature;30.377;True
S0005;2026-01-02 08:08:15;ventilation;0.784;False
S0004;2026-01-02 08:08:30;CO2_level;967;False
S0010;2026-01-02 08:08:30;CO2_level;613;False
S0011;2026-01-02 08:08:30;ventilation;0.708;False
S0009;2026-01-02 08:08:30;humidity;65.972;False
S0005;2026-01-02 08:08:30;ventilation;0.948;False
S0007;2026-01-02 08:08:30;temperature;16.517;False
S0003;2026-01-02 08:08:30;humidity;64.838;False
S0001;2026-01-02 08:08:30;temperature;26.305;False
S0005;2026-01-02 08:08:45;ventilation;0.738;False
S0004;2026-01-02 08:08:45;CO2_level;null;True
S0007;2026-01-02 08:08:45;temperature;25.328;False
S0011;2026-01-02 08:08:45;ventilation;0.928;False
S0010;2026-01-02 08:08:45;CO2_level;640;False
S0001;2026-01-02 08:08:45;temperature;null;True
S0001;2026-01-02 08:09:00;temperature;21.759;False
S0003;2026-01-02 08:09:00;humidity;62.009;False
S0010;2026-01-02 08:09:00;CO2_level;249;True
S0009;2026-01-02 08:09:00;humidity;64.514;False
S0005;2026-01-02 08:09:00;ventilation;0.935;False
S0011;2026-01-02 08:09:00;ventilation;0.77;False
S0007;2026-01-02 08:09:00;temperature;23.003;False
S0004;2026-01-02 08:09:00;CO2_level;958;False
S0001;2026-01-02 08:09:15;temperature;18.534;False
S0011;2026-01-02 08:09:15;ventilation;0.679;False
S0010;2026-01-02 08:09:15;CO2_level;644;False
S0005;2026-01-02 08:09:15;ventilation;0.758;False
S0007;2026-01-02 08:09:15;temperature;null;True
S0004;2026-01-02 08:09:15;CO2_level;1110;False
S0007;2026-01-02 08:09:30;temperature;19.846;False
S0004;2026-01-02 08:09:30;CO2_level;634;False
S0011;2026-01-02 08:09:30;ventilation;0.542;False
S0009;2026-01-02 08:09:30;humidity;64.532;False
S0003;2026-01-02 08:09:30;humidity;68.378;False
S0001;2026-01-02 08:09:30;temperature;19.091;False
S0010;2026-01-02 08:09:30;CO2_level;729;False
S0005;2026-01-02 08:09:30;ventilation;0.931;False
S0005;2026-01-02 08:09:45;ventilation;0.895;False
S0011;2026-01-02 08:09:45;ventilation;0.824;False
S0004;2026-01-02 08:09:45;CO2_level;930;False
S0007;2026-01-02 08:09:45;temperature;17.385;False
S0010;2026-01-02 08:09:45;CO2_level;1292;True
S0001;2026-01-02 08:09:45;temperature;23.035;False
S0003;2026-01-02 08:10:00;humidity;66.212;False
S0004;2026-01-02 08:10:00;CO2_level;982;False
S0007;2026-01-02 08:10:00;temperature;16.928;False
S0010;2026-01-02 08:10:00;CO2_level;1065;False
S0001;2026-01-02 08:10:00;temperature;18.919;False
S0011;2026-01-02 08:10:00;ventilation;0.86;False
S0005;2026-01-02 08:10:00;ventilation;0.552;False
S0009;2026-01-02 08:10:00;humidity;68.579;False
S0005;2026-01-02 08:10:15;ventilation;0.523;False
S0001;2026-01-02 08:10:15;temperature;15.888;False
S0011;2026-01-02 08:10:15;ventilation;0.775;False
S0004;2026-01-02 08:10:15;CO2_level;792;False
S0010;2026-01-02 08:10:15;CO2_level;1016;False
S0007;2026-01-02 08:10:15;temperature;23.371;False
S0007;2026-01-02 08:10:30;temperature;20.273;False
S0004;2026-01-02 08:10:30;CO2_level;670;False
S0011;2026-01-02 08:10:30;ventilation;0.711;False
S0010;2026-01-02 08:10:30;CO2_level;784;False
S0001;2026-01-02 08:10:30;temperature;23.906;False
S0005;2026-01-02 08:10:30;ventilation;0.819;False
S0003;2026-01-02 08:10:30;humidity;61.54;False
S0009;2026-01-02 08:10:30;humidity;65.33;False
S0011;2026-01-02 08:10:45;ventilation;0.897;False
S0007;2026-01-02 08:10:45;temperature;26.81;False
S0005;2026-01-02 08:10:45;ventilation;0.784;False
S0001;2026-01-02 08:10:45;temperature;22.704;False
S0004;2026-01-02 08:10:45;CO2_level;761;False
S0010;2026-01-02 08:10:45;CO2_level;911;False
S0001;2026-01-02 08:11:00;temperature;22.186;False
S0011;2026-01-02 08:11:00;ventilation;0.668;False
S0007;2026-01-02 08:11:00;temperature;25.688;False
S0009;2026-01-02 08:11:00;humidity;65.321;False
S0010;2026-01-02 08:11:00;CO2_level;925;False
S0005;2026-01-02 08:11:00;ventilation;0.703;False
S0003;2026-01-02 08:11:00;humidity;67.09;False
S0004;2026-01-02 08:11:00;CO2_level;620;False
S0010;2026-01-02 08:11:15;CO2_level;697;False
S0001;2026-01-02 08:11:15;temperature;16.166;False
S0011;2026-01-02 08:11:15;ventilation;0.793;False
S0004;2026-01-02 08:11:15;CO2_level;1167;False
S0005;2026-01-02 08:11:15;ventilation;0.521;False
S0007;2026-01-02 08:11:15;temperature;18.388;False
S0010;2026-01-02 08:11:30;CO2_level;1181;False
S0004;2026-01-02 08:11:30;CO2_level;1118;False
S0001;2026-01-02 08:11:30;temperature;-0.347;True
S0007;2026-01-02 08:11:30;temperature;25.976;False
S0011;2026-01-02 08:11:30;ventilation;0.534;False
S0003;2026-01-02 08:11:30;humidity;68.257;False
S0005;2026-01-02 08:11:30;ventilation;0.74;False
S0009;2026-01-02 08:11:30;humidity;61.812;False
S0011;2026-01-02 08:11:45;ventilation;0.862;False
S0010;2026-01-02 08:11:45;CO2_level;1080;False
S0001;2026-01-02 08:11:45;temperature;21.983;False
S0005;2026-01-02 08:11:45;ventilation;0.761;False
S0007;2026-01-02 08:11:45;temperature;23.017;False
S0004;2026-01-02 08:11:45;CO2_level;1175;False
S0004;2026-01-02 08:12:00;CO2_level;884;False
S0001;2026-01-02 08:12:00;temperature;26.041;False
S0010;2026-01-02 08:12:00;CO2_level;1172;False
S0003;2026-01-02 08:12:00;humidity;65.544;False
S0005;2026-01-02 08:12:00;ventilation;0.61;False
S0007;2026-01-02 08:12:00;temperature;15.023;False
S0011;2026-01-02 08:12:00;ventilation;0.608;False
S0009;2026-01-02 08:12:00;humidity;60.392;False
S0007;2026-01-02 08:12:15;temperature;22.034;False
S0011;2026-01-02 08:12:15;ventilation;1.256;True
S0005;2026-01-02 08:12:15;ventilation;0.952;False
S0004;2026-01-02 08:12:15;CO2_level;1147;False
S0010;2026-01-02 08:12:15;CO2_level;604;False
S0001;2026-01-02 08:12:15;temperature;26.004;False
S0004;2026-01-02 08:12:30;CO2_level;641;False
S0009;2026-01-02 08:12:30;humidity;67.818;False
S0011;2026-01-02 08:12:30;ventilation;0.915;False
S0005;2026-01-02 08:12:30;ventilation;0.552;False
S0003;2026-01-02 08:12:30;humidity;66.493;False
S0010;2026-01-02 08:12:30;CO2_level;616;False
S0007;2026-01-02 08:12:30;temperature;17.7;False
S0001;2026-01-02 08:12:30;temperature;16.399;False
S0007;2026-01-02 08:12:45;temperature;18.008;False
S0001;2026-01-02 08:12:45;temperature;24.142;False
S0005;2026-01-02 08:12:45;ventilation;0.82;False
S0010;2026-01-02 08:12:45;CO2_level;737;False
S0011;2026-01-02 08:12:45;ventilation;0.542;False
S0004;2026-01-02 08:12:45;CO2_level;778;False
S0005;2026-01-02 08:13:00;ventilation;0.974;False
S0007;2026-01-02 08:13:00;temperature;1.106;True
S0001;2026-01-02 08:13:00;temperature;18.833;False
S0003;2026-01-02 08:13:00;humidity;61.457;False
S0009;2026-01-02 08:13:00;humidity;62.933;False
S0004;2026-01-02 08:13:00;CO2_level;1297;True
S0010;2026-01-02 08:13:00;CO2_level;667;False
S0011;2026-01-02 08:13:00;ventilation;0.961;False
S0001;2026-01-02 08:13:15;temperature;18.795;False
S0004;2026-01-02 08:13:15;CO2_level;655;False
S0005;2026-01-02 08:13:15;ventilation;0.537;False
S0011;2026-01-02 08:13:15;ventilation;0.565;False
S0007;2026-01-02 08:13:15;temperature;25.725;False
S0010;2026-01-02 08:13:15;CO2_level;985;False
S0004;2026-01-02 08:13:30;CO2_level;1012;False
S0001;2026-01-02 08:13:30;temperature;24.246;False
S0009;2026-01-02 08:13:30;humidity;68.825;False
S0011;2026-01-02 08:13:30;ventilation;0.883;False
S0010;2026-01-02 08:13:30;CO2_level;1014;False
S0005;2026-01-02 08:13:30;ventilation;0.662;False
S0003;2026-01-02 08:13:30;humidity;69.368;False
S0007;2026-01-02 08:13:30;temperature;22.815;False
S0001;2026-01-02 08:13:45;temperature;19.29;False
S0011;2026-01-02 08:13:45;ventilation;0.591;False
S0010;2026-01-02 08:13:45;CO2_level;683;False
S0007;2026-01-02 08:13:45;temperature;17.751;False
S0005;2026-01-02 08:13:45;ventilation;0.922;False
S0004;2026-01-02 08:13:45;CO2_level;627;False
S0001;2026-01-02 08:14:00;temperature;21.018;False
S0007;2026-01-02 08:14:00;temperature;17.599;False
S0003;2026-01-02 08:14:00;humidity;70.544;True
S0011;2026-01-02 08:14:00;ventilation;0.578;False
S0009;2026-01-02 08:14:00;humidity;69.394;False
S0005;2026-01-02 08:14:00;ventilation;0.92;False
S0004;2026-01-02 08:14:00;CO2_level;1040;False
S0010;2026-01-02 08:14:00;CO2_level;641;False
S0010;2026-01-02 08:14:15;CO2_level;735;False
S0007;2026-01-02 08:14:15;temperature;22.872;False
S0005;2026-01-02 08:14:15;ventilation;0.573;False
S0011;2026-01-02 08:14:15;ventilation;0.821;False
S0001;2026-01-02 08:14:15;temperature;18.076;False
S0004;2026-01-02 08:14:15;CO2_level;764;False
S0010;2026-01-02 08:14:30;CO2_level;870;False
S0007;2026-01-02 08:14:30;temperature;23.798;False
S0011;2026-01-02 08:14:30;ventilation;0.916;False
S0004;2026-01-02 08:14:30;CO2_level;795;False
S0001;2026-01-02 08:14:30;temperature;16.559;False
S0003;2026-01-02 08:14:30;humidity;60.433;False
S0005;2026-01-02 08:14:30;ventilation;0.571;False
S0009;2026-01-02 08:14:30;humidity;66.449;False
S0010;2026-01-02 08:14:45;CO2_level;707;False
S0007;2026-01-02 08:14:45;temperature;21.745;False
S0004;2026-01-02 08:14:45;CO2_level;879;False
S0001;2026-01-02 08:14:45;temperature;18.212;False
S0005;2026-01-02 08:14:45;ventilation;0.866;False
S0011;2026-01-02 08:14:45;ventilation;0.851;False
S0001;2026-01-02 08:15:00;temperature;17.228;False
S0003;2026-01-02 08:15:00;humidity;66.911;False
S0007;2026-01-02 08:15:00;temperature;15.607;False
S0010;2026-01-02 08:15:00;CO2_level;832;False
S0011;2026-01-02 08:15:00;ventilation;0.343;True
S0005;2026-01-02 08:15:00;ventilation;0.881;False
S0009;2026-01-02 08:15:00;humidity;68.772;False
S0004;2026-01-02 08:15:00;CO2_level;723;False
S0004;2026-01-02 08:15:15;CO2_level;1176;False
S0005;2026-01-02 08:15:15;ventilation;0.586;False
S0001;2026-01-02 08:15:15;temperature;23.953;False
S0010;2026-01-02 08:15:15;CO2_level;1294;True
S0007;2026-01-02 08:15:15;temperature;19.518;False
S0011;2026-01-02 08:15:15;ventilation;0.736;False
S0005;2026-01-02 08:15:30;ventilation;0.834;False
S0010;2026-01-02 08:15:30;CO2_level;null;True
S0004;2026-01-02 08:15:30;CO2_level;656;False
S0009;2026-01-02 08:15:30;humidity;63.288;False
S0007;2026-01-02 08:15:30;temperature;26.484;False
S0001;2026-01-02 08:15:30;temperature;17.971;False
S0011;2026-01-02 08:15:30;ventilation;0.609;False
S0003;2026-01-02 08:15:30;humidity;69.932;False
S0001;2026-01-02 08:15:45;temperature;22.517;False
S0010;2026-01-02 08:15:45;CO2_level;628;False
S0007;2026-01-02 08:15:45;temperature;25.152;False
S0004;2026-01-02 08:15:45;CO2_level;638;False
S0005;2026-01-02 08:15:45;ventilation;0.513;False
S0011;2026-01-02 08:15:45;ventilation;0.595;False
S0004;2026-01-02 08:16:00;CO2_level;783;False
S0003;2026-01-02 08:16:00;humidity;67.126;False
S0011;2026-01-02 08:16:00;ventilation;0.739;False
S0010;2026-01-02 08:16:00;CO2_level;916;False
S0005;2026-01-02 08:16:00;ventilation;0.998;False
S0009;2026-01-02 08:16:00;humidity;60.23;False
S0001;2026-01-02 08:16:00;temperature;21.851;False
S0007;2026-01-02 08:16:00;temperature;21.867;False
S0005;2026-01-02 08:16:15;ventilation;0.798;False
S0011;2026-01-02 08:16:15;ventilation;0.733;False
S0004;2026-01-02 08:16:15;CO2_level;655;False
S0007;2026-01-02 08:16:15;temperature;20.909;False
S0010;2026-01-02 08:16:15;CO2_level;1029;False
S0001;2026-01-02 08:16:15;temperature;15.886;False
S0011;2026-01-02 08:16:30;ventilation;0.794;False
S0005;2026-01-02 08:16:30;ventilation;0.753;False
S0004;2026-01-02 08:16:30;CO2_level;752;False
S0003;2026-01-02 08:16:30;humidity;65.999;False
S0010;2026-01-02 08:16:30;CO2_level;655;False
S0009;2026-01-02 08:16:30;humidity;62.241;False
S0007;2026-01-02 08:16:30;temperature;16.311;False
S0001;2026-01-02 08:16:30;temperature;19.326;False
S0001;2026-01-02 08:16:45;temperature;16.591;False
S0011;2026-01-02 08:16:45;ventilation;0.556;False
S0005;2026-01-02 08:16:45;ventilation;null;True
S0004;2026-01-02 08:16:45;CO2_level;1119;False
S0007;2026-01-02 08:16:45;temperature;17.709;False
S0010;2026-01-02 08:16:45;CO2_level;1109;False
S0004;2026-01-02 08:17:00;CO2_level;806;False
S0005;2026-01-02 08:17:00;ventilation;0.906;False
S0001;2026-01-02 08:17:00;temperature;23.5;False
S0009;2026-01-02 08:17:00;humidity;67.98;False
S0011;2026-01-02 08:17:00;ventilation;0.802;False
S0010;2026-01-02 08:17:00;CO2_level;775;False
S0007;2026-01-02 08:17:00;temperature;23.235;False
S0003;2026-01-02 08:17:00;humidity;69.75;False
S0011;2026-01-02 08:17:15;ventilation;0.974;False
S0010;2026-01-02 08:17:15;CO2_level;1107;False
S0007;2026-01-02 08:17:15;temperature;20.052;False
S0001;2026-01-02 08:17:15;temperature;24.295;False
S0005;2026-01-02 08:17:15;ventilation;0.506;False
S0004;2026-01-02 08:17:15;CO2_level;701;False
S0007;2026-01-02 08:17:30;temperature;19.118;False
S0011;2026-01-02 08:17:30;ventilation;0.668;False
S0004;2026-01-02 08:17:30;CO2_level;255;True
S0003;2026-01-02 08:17:30;humidity;63.495;False
S0001;2026-01-02 08:17:30;temperature;22.516;False
S0010;2026-01-02 08:17:30;CO2_level;602;False
S0009;2026-01-02 08:17:30;humidity;null;True
S0005;2026-01-02 08:17:30;ventilation;0.76;False
S0005;2026-01-02 08:17:45;ventilation;0.547;False
S0010;2026-01-02 08:17:45;CO2_level;958;False
S0011;2026-01-02 08:17:45;ventilation;0.659;False
S0007;2026-01-02 08:17:45;temperature;26.231;False
S0004;2026-01-02 08:17:45;CO2_level;608;False
S0001;2026-01-02 08:17:45;temperature;22.874;False
S0009;2026-01-02 08:18:00;humidity;60.409;False
S0007;2026-01-02 08:18:00;temperature;21.244;False
S0004;2026-01-02 08:18:00;CO2_level;757;False
S0003;2026-01-02 08:18:00;humidity;60.389;False
S0005;2026-01-02 08:18:00;ventilation;0.538;False
S0010;2026-01-02 08:18:00;CO2_level;981;False
S0001;2026-01-02 08:18:00;temperature;15.577;False
S0011;2026-01-02 08:18:00;ventilation;0.968;False
S0011;2026-01-02 08:18:15;ventilation;null;True
S0004;2026-01-02 08:18:15;CO2_level;410;True
S0001;2026-01-02 08:18:15;temperature;17.439;False
S0007;2026-01-02 08:18:15;temperature;25.271;False
S0005;2026-01-02 08:18:15;ventilation;0.734;False
S0010;2026-01-02 08:18:15;CO2_level;648;False
S0004;2026-01-02 08:18:30;CO2_level;1088;False
S0009;2026-01-02 08:18:30;humidity;66.877;False
S0007;2026-01-02 08:18:30;temperature;24.54;False
S0010;2026-01-02 08:18:30;CO2_level;1183;False
S0011;2026-01-02 08:18:30;ventilation;0.895;False
S0003;2026-01-02 08:18:30;humidity;67.383;False
S0001;2026-01-02 08:18:30;temperature;19.406;False
S0005;2026-01-02 08:18:30;ventilation;0.706;False
S0011;2026-01-02 08:18:45;ventilation;0.577;False
S0007;2026-01-02 08:18:45;temperature;15.85;False
S0010;2026-01-02 08:18:45;CO2_level;932;False
S0001;2026-01-02 08:18:45;temperature;-0.479;True
S0004;2026-01-02 08:18:45;CO2_level;1194;False
S0005;2026-01-02 08:18:45;ventilation;0.64;False
S0004;2026-01-02 08:19:00;CO2_level;1030;False
S0005;2026-01-02 08:19:00;ventilation;0.73;False
S0011;2026-01-02 08:19:00;ventilation;0.904;False
S0001;2026-01-02 08:19:00;temperature;25.129;False
S0003;2026-01-02 08:19:00;humidity;64.133;False
S0007;2026-01-02 08:19:00;temperature;19.223;False
S0009;2026-01-02 08:19:00;humidity;67.129;False
S0010;2026-01-02 08:19:00;CO2_level;970;False
S0011;2026-01-02 08:19:15;ventilation;0.504;False
S0005;2026-01-02 08:19:15;ventilation;0.832;False
S0010;2026-01-02 08:19:15;CO2_level;664;False
S0007;2026-01-02 08:19:15;temperature;null;True
S0004;2026-01-02 08:19:15;CO2_level;698;False
S0001;2026-01-02 08:19:15;temperature;21.976;False
S0010;2026-01-02 08:19:30;CO2_level;989;False
S0011;2026-01-02 08:19:30;ventilation;0.838;False
S0003;2026-01-02 08:19:30;humidity;62.273;False
S0005;2026-01-02 08:19:30;ventilation;0.684;False
S0004;2026-01-02 08:19:30;CO2_level;null;True
S0009;2026-01-02 08:19:30;humidity;67.329;False
S0007;2026-01-02 08:19:30;temperature;24.115;False
S0001;2026-01-02 08:19:30;temperature;26.832;False
S0011;2026-01-02 08:19:45;ventilation;0.833;False
S0007;2026-01-02 08:19:45;temperature;26.161;False
S0001;2026-01-02 08:19:45;temperature;15.006;False
S0005;2026-01-02 08:19:45;ventilation;0.837;False
S0010;2026-01-02 08:19:45;CO2_level;897;False
S0004;2026-01-02 08:19:45;CO2_level;1185;False
S0003;2026-01-02 08:20:00;humidity;63.07;False
S0001;2026-01-02 08:20:00;temperature;20.283;False
S0005;2026-01-02 08:20:00;ventilation;0.681;False
S0011;2026-01-02 08:20:00;ventilation;0.806;False
S0007;2026-01-02 08:20:00;temperature;23.002;False
S0009;2026-01-02 08:20:00;humidity;69.772;False
S0010;2026-01-02 08:20:00;CO2_level;672;False
S0004;2026-01-02 08:20:00;CO2_level;1132;False
S0010;2026-01-02 08:20:15;CO2_level;778;False
S0005;2026-01-02 08:20:15;ventilation;0.657;False
S0001;2026-01-02 08:20:15;temperature;15.937;False
S0007;2026-01-02 08:20:15;temperature;22.972;False
S0011;2026-01-02 08:20:15;ventilation;0.863;False
S0004;2026-01-02 08:20:15;CO2_level;892;False
S0003;2026-01-02 08:20:30;humidity;67.985;False
S0011;2026-01-02 08:20:30;ventilation;0.609;False
S0007;2026-01-02 08:20:30;temperature;15.006;False
S0004;2026-01-02 08:20:30;CO2_level;1160;False
S0009;2026-01-02 08:20:30;humidity;67.661;False
S0010;2026-01-02 08:20:30;CO2_level;711;False
S0005;2026-01-02 08:20:30;ventilation;1.435;True
S0001;2026-01-02 08:20:30;temperature;18.099;False
S0004;2026-01-02 08:20:45;CO2_level;1022;False
S0010;2026-01-02 08:20:45;CO2_level;604;False
S0005;2026-01-02 08:20:45;ventilation;0.753;False
S0007;2026-01-02 08:20:45;temperature;21.844;False
S0011;2026-01-02 08:20:45;ventilation;0.867;False
S0001;2026-01-02 08:20:45;temperature;20.991;False
S0010;2026-01-02 08:21:00;CO2_level;null;True
S0005;2026-01-02 08:21:00;ventilation;0.285;True
S0003;2026-01-02 08:21:00;humidity;66.517;False
S0009;2026-01-02 08:21:00;humidity;66.072;False
S0001;2026-01-02 08:21:00;temperature;15.724;False
S0011;2026-01-02 08:21:00;ventilation;0.631;False
S0007;2026-01-02 08:21:00;temperature;19.893;False
S0004;2026-01-02 08:21:00;CO2_level;1033;False
S0011;2026-01-02 08:21:15;ventilation;0.872;False
S0007;2026-01-02 08:21:15;temperature;23.289;False
S0004;2026-01-02 08:21:15;CO2_level;834;False
S0010;2026-01-02 08:21:15;CO2_level;1188;False
S0005;2026-01-02 08:21:15;ventilation;0.606;False
S0001;2026-01-02 08:21:15;temperature;5.055;True
S0007;2026-01-02 08:21:30;temperature;15.635;False
S0003;2026-01-02 08:21:30;humidity;67.418;False
S0011;2026-01-02 08:21:30;ventilation;0.623;False
S0004;2026-01-02 08:21:30;CO2_level;706;False
S0010;2026-01-02 08:21:30;CO2_level;781;False
S0001;2026-01-02 08:21:30;temperature;17.627;False
S0009;2026-01-02 08:21:30;humidity;65.033;False
S0005;2026-01-02 08:21:30;ventilation;0.589;False
S0005;2026-01-02 08:21:45;ventilation;0.723;False
S0010;2026-01-02 08:21:45;CO2_level;966;False
S0001;2026-01-02 08:21:45;temperature;22.929;False
S0004;2026-01-02 08:21:45;CO2_level;802;False
S0007;2026-01-02 08:21:45;temperature;16.768;False
S0011;2026-01-02 08:21:45;ventilation;0.064;True
S0010;2026-01-02 08:22:00;CO2_level;1012;False
S0005;2026-01-02 08:22:00;ventilation;0.378;True
S0001;2026-01-02 08:22:00;temperature;23.513;False
S0003;2026-01-02 08:22:00;humidity;62.696;False
S0009;2026-01-02 08:22:00;humidity;60.352;False
S0011;2026-01-02 08:22:00;ventilation;0.733;False
S0004;2026-01-02 08:22:00;CO2_level;951;False
S0007;2026-01-02 08:22:00;temperature;18.244;False
S0011;2026-01-02 08:22:15;ventilation;0.736;False
S0010;2026-01-02 08:22:15;CO2_level;1046;False
S0007;2026-01-02 08:22:15;temperature;16.19;False
S0004;2026-01-02 08:22:15;CO2_level;null;True
S0005;2026-01-02 08:22:15;ventilation;1.711;True
S0001;2026-01-02 08:22:15;temperature;24.952;False
S0009;2026-01-02 08:22:30;humidity;17.155;True
S0007;2026-01-02 08:22:30;temperature;22.748;False
S0005;2026-01-02 08:22:30;ventilation;0.733;False
S0011;2026-01-02 08:22:30;ventilation;0.667;False
S0001;2026-01-02 08:22:30;temperature;19.687;False
S0003;2026-01-02 08:22:30;humidity;68.788;False
S0004;2026-01-02 08:22:30;CO2_level;1193;False
S0010;2026-01-02 08:22:30;CO2_level;null;True
S0001;2026-01-02 08:22:45;temperature;23.679;False
S0005;2026-01-02 08:22:45;ventilation;0.963;False
S0007;2026-01-02 08:22:45;temperature;24.515;False
S0010;2026-01-02 08:22:45;CO2_level;893;False
S0011;2026-01-02 08:22:45;ventilation;0.664;False
S0004;2026-01-02 08:22:45;CO2_level;736;False
S0010;2026-01-02 08:23:00;CO2_level;1037;False
S0001;2026-01-02 08:23:00;temperature;23.839;False
S0005;2026-01-02 08:23:00;ventilation;0.789;False
S0007;2026-01-02 08:23:00;temperature;18.922;False
S0003;2026-01-02 08:23:00;humidity;64.443;False
S0011;2026-01-02 08:23:00;ventilation;0.748;False
S0004;2026-01-02 08:23:00;CO2_level;829;False
S0009;2026-01-02 08:23:00;humidity;62.458;False
S0005;2026-01-02 08:23:15;ventilation;0.655;False
S0011;2026-01-02 08:23:15;ventilation;0.815;False
S0010;2026-01-02 08:23:15;CO2_level;679;False
S0004;2026-01-02 08:23:15;CO2_level;735;False
S0001;2026-01-02 08:23:15;temperature;20.853;False
S0007;2026-01-02 08:23:15;temperature;21.887;False
S0005;2026-01-02 08:23:30;ventilation;0.634;False
S0003;2026-01-02 08:23:30;humidity;68.384;False
S0011;2026-01-02 08:23:30;ventilation;0.557;False
S0004;2026-01-02 08:23:30;CO2_level;837;False
S0010;2026-01-02 08:23:30;CO2_level;746;False
S0009;2026-01-02 08:23:30;humidity;60.601;False
S0007;2026-01-02 08:23:30;temperature;23.605;False
S0001;2026-01-02 08:23:30;temperature;19.83;False
S0007;2026-01-02 08:23:45;temperature;22.879;False
S0011;2026-01-02 08:23:45;ventilation;0.553;False
S0004;2026-01-02 08:23:45;CO2_level;989;False
S0010;2026-01-02 08:23:45;CO2_level;898;False
S0005;2026-01-02 08:23:45;ventilation;0.537;False
S0001;2026-01-02 08:23:45;temperature;25.569;False
S0011;2026-01-02 08:24:00;ventilation;0.992;False
S0009;2026-01-02 08:24:00;humidity;68.244;False
S0004;2026-01-02 08:24:00;CO2_level;1042;False
S0005;2026-01-02 08:24:00;ventilation;0.826;False
S0001;2026-01-02 08:24:00;temperature;21.552;False
S0003;2026-01-02 08:24:00;humidity;62.264;False
S0010;2026-01-02 08:24:00;CO2_level;883;False
S0007;2026-01-02 08:24:00;temperature;21.459;False
S0001;2026-01-02 08:24:15;temperature;24.213;False
S0004;2026-01-02 08:24:15;CO2_level;1026;False
S0007;2026-01-02 08:24:15;temperature;26.015;False
S0005;2026-01-02 08:24:15;ventilation;0.662;False
S0010;2026-01-02 08:24:15;CO2_level;483;True
S0011;2026-01-02 08:24:15;ventilation;0.792;False
S0004;2026-01-02 08:24:30;CO2_level;1140;False
S0010;2026-01-02 08:24:30;CO2_level;1198;False
S0003;2026-01-02 08:24:30;humidity;65.401;False
S0001;2026-01-02 08:24:30;temperature;23.971;False
S0011;2026-01-02 08:24:30;ventilation;0.561;False
S0009;2026-01-02 08:24:30;humidity;65.387;False
S0007;2026-01-02 08:24:30;temperature;21.474;False
S0005;2026-01-02 08:24:30;ventilation;0.797;False
S0005;2026-01-02 08:24:45;ventilation;0.831;False
S0007;2026-01-02 08:24:45;temperature;18.746;False
S0011;2026-01-02 08:24:45;ventilation;0.68;False
S0004;2026-01-02 08:24:45;CO2_level;1049;False
S0010;2026-01-02 08:24:45;CO2_level;1197;False
S0001;2026-01-02 08:24:45;temperature;25.352;False
S0005;2026-01-02 08:25:00;ventilation;0.958;False
S0007;2026-01-02 08:25:00;temperature;18.662;False
S0009;2026-01-02 08:25:00;humidity;61.815;False
S0011;2026-01-02 08:25:00;ventilation;0.768;False
S0010;2026-01-02 08:25:00;CO2_level;895;False
S0003;2026-01-02 08:25:00;humidity;66.818;False
S0001;2026-01-02 08:25:00;temperature;17.75;False
S0004;2026-01-02 08:25:00;CO2_level;1195;False
S0001;2026-01-02 08:25:15;temperature;19.987;False
S0011;2026-01-02 08:25:15;ventilation;0.527;False
S0005;2026-01-02 08:25:15;ventilation;0.553;False
S0004;2026-01-02 08:25:15;CO2_level;829;False
S0007;2026-01-02 08:25:15;temperature;17.167;False
S0010;2026-01-02 08:25:15;CO2_level;908;False
S0001;2026-01-02 08:25:30;temperature;2.845;True
S0004;2026-01-02 08:25:30;CO2_level;939;False
S0009;2026-01-02 08:25:30;humidity;66.233;False
S0011;2026-01-02 08:25:30;ventilation;0.652;False
S0010;2026-01-02 08:25:30;CO2_level;1059;False
S0007;2026-01-02 08:25:30;temperature;25.69;False
S0005;2026-01-02 08:25:30;ventilation;0.583;False
S0003;2026-01-02 08:25:30;humidity;60.237;False
S0007;2026-01-02 08:25:45;temperature;23.963;False
S0004;2026-01-02 08:25:45;CO2_level;1193;False
S0001;2026-01-02 08:25:45;temperature;24.808;False
S0005;2026-01-02 08:25:45;ventilation;1.952;True
S0010;2026-01-02 08:25:45;CO2_level;1006;False
S0011;2026-01-02 08:25:45;ventilation;0.531;False
S0004;2026-01-02 08:26:00;CO2_level;736;False
S0011;2026-01-02 08:26:00;ventilation;0.5;False
S0005;2026-01-02 08:26:00;ventilation;0.618;False
S0009;2026-01-02 08:26:00;humidity;62.84;False
S0001;2026-01-02 08:26:00;temperature;25.503;False
S0003;2026-01-02 08:26:00;humidity;67.764;False
S0007;2026-01-02 08:26:00;temperature;24.448;False
S0010;2026-01-02 08:26:00;CO2_level;611;False
S0004;2026-01-02 08:26:15;CO2_level;909;False
S0001;2026-01-02 08:26:15;temperature;20.146;False
S0010;2026-01-02 08:26:15;CO2_level;726;False
S0005;2026-01-02 08:26:15;ventilation;0.886;False
S0007;2026-01-02 08:26:15;temperature;22.373;False
S0011;2026-01-02 08:26:15;ventilation;0.852;False
S0007;2026-01-02 08:26:30;temperature;10.924;True
S0005;2026-01-02 08:26:30;ventilation;0.667;False
S0001;2026-01-02 08:26:30;temperature;25.344;False
S0011;2026-01-02 08:26:30;ventilation;0.674;False
S0003;2026-01-02 08:26:30;humidity;69.597;False
S0004;2026-01-02 08:26:30;CO2_level;637;False
S0009;2026-01-02 08:26:30;humidity;68.928;False
S0010;2026-01-02 08:26:30;CO2_level;632;False
S0010;2026-01-02 08:26:45;CO2_level;956;False
S0004;2026-01-02 08:26:45;CO2_level;1201;True
S0011;2026-01-02 08:26:45;ventilation;0.838;False
S0001;2026-01-02 08:26:45;temperature;18.639;False
S0005;2026-01-02 08:26:45;ventilation;0.677;False
S0007;2026-01-02 08:26:45;temperature;23.209;False
S0011;2026-01-02 08:27:00;ventilation;0.319;True
S0001;2026-01-02 08:27:00;temperature;23.608;False
S0004;2026-01-02 08:27:00;CO2_level;1176;False
S0010;2026-01-02 08:27:00;CO2_level;815;False
S0007;2026-01-02 08:27:00;temperature;20.183;False
S0009;2026-01-02 08:27:00;humidity;69.994;False
S0005;2026-01-02 08:27:00;ventilation;0.953;False
S0003;2026-01-02 08:27:00;humidity;62.15;False
S0010;2026-01-02 08:27:15;CO2_level;603;False
S0001;2026-01-02 08:27:15;temperature;22.021;False
S0011;2026-01-02 08:27:15;ventilation;0.7;False
S0007;2026-01-02 08:27:15;temperature;20.564;False
S0004;2026-01-02 08:27:15;CO2_level;1007;False
S0005;2026-01-02 08:27:15;ventilation;0.796;False
S0003;2026-01-02 08:27:30;humidity;61.754;False
S0001;2026-01-02 08:27:30;temperature;25.317;False
S0007;2026-01-02 08:27:30;temperature;17.319;False
S0011;2026-01-02 08:27:30;ventilation;0.997;False
S0010;2026-01-02 08:27:30;CO2_level;956;False
S0009;2026-01-02 08:27:30;humidity;66.036;False
S0004;2026-01-02 08:27:30;CO2_level;612;False
S0005;2026-01-02 08:27:30;ventilation;0.65;False
S0001;2026-01-02 08:27:45;temperature;25.691;False
S0005;2026-01-02 08:27:45;ventilation;0.886;False
S0011;2026-01-02 08:27:45;ventilation;0.684;False
S0010;2026-01-02 08:27:45;CO2_level;1013;False
S0004;2026-01-02 08:27:45;CO2_level;671;False
S0007;2026-01-02 08:27:45;temperature;17.049;False
S0001;2026-01-02 08:28:00;temperature;26.775;False
S0010;2026-01-02 08:28:00;CO2_level;1057;False
S0009;2026-01-02 08:28:00;humidity;65.346;False
S0007;2026-01-02 08:28:00;temperature;23.385;False
S0005;2026-01-02 08:28:00;ventilation;0.649;False
S0004;2026-01-02 08:28:00;CO2_level;766;False
S0011;2026-01-02 08:28:00;ventilation;0.745;False
S0003;2026-01-02 08:28:00;humidity;64.916;False
S0001;2026-01-02 08:28:15;temperature;23.224;False
S0011;2026-01-02 08:28:15;ventilation;0.76;False
S0010;2026-01-02 08:28:15;CO2_level;774;False
S0005;2026-01-02 08:28:15;ventilation;0.851;False
S0004;2026-01-02 08:28:15;CO2_level;879;False
S0007;2026-01-02 08:28:15;temperature;16.208;False
S0005;2026-01-02 08:28:30;ventilation;0.799;False
S0001;2026-01-02 08:28:30;temperature;24.914;False
S0007;2026-01-02 08:28:30;temperature;18.504;False
S0011;2026-01-02 08:28:30;ventilation;0.787;False
S0010;2026-01-02 08:28:30;CO2_level;612;False
S0009;2026-01-02 08:28:30;humidity;67.707;False
S0004;2026-01-02 08:28:30;CO2_level;613;False
S0003;2026-01-02 08:28:30;humidity;60.232;False
S0001;2026-01-02 08:28:45;temperature;15.683;False
S0010;2026-01-02 08:28:45;CO2_level;1094;False
S0004;2026-01-02 08:28:45;CO2_level;736;False
S0011;2026-01-02 08:28:45;ventilation;0.944;False
S0005;2026-01-02 08:28:45;ventilation;null;True
S0007;2026-01-02 08:28:45;temperature;24.849;False
S0011;2026-01-02 08:29:00;ventilation;0.841;False
S0004;2026-01-02 08:29:00;CO2_level;672;False
S0001;2026-01-02 08:29:00;temperature;19.428;False
S0003;2026-01-02 08:29:00;humidity;63.94;False
S0005;2026-01-02 08:29:00;ventilation;0.942;False
S0009;2026-01-02 08:29:00;humidity;62.139;False
S0010;2026-01-02 08:29:00;CO2_level;1002;False
S0007;2026-01-02 08:29:00;temperature;21.608;False
S0011;2026-01-02 08:29:15;ventilation;0.707;False
S0001;2026-01-02 08:29:15;temperature;15.346;False
S0004;2026-01-02 08:29:15;CO2_level;1285;True
S0005;2026-01-02 08:29:15;ventilation;0.611;False
S0010;2026-01-02 08:29:15;CO2_level;838;False
S0007;2026-01-02 08:29:15;temperature;18.505;False
S0005;2026-01-02 08:29:30;ventilation;0.635;False
S0001;2026-01-02 08:29:30;temperature;21.1;False
S0004;2026-01-02 08:29:30;CO2_level;1100;False
S0009;2026-01-02 08:29:30;humidity;64.04;False
S0010;2026-01-02 08:29:30;CO2_level;687;False
S0003;2026-01-02 08:29:30;humidity;65.74;False
S0011;2026-01-02 08:29:30;ventilation;0.846;False
S0007;2026-01-02 08:29:30;temperature;24.063;False
S0005;2026-01-02 08:29:45;ventilation;0.813;False
S0001;2026-01-02 08:29:45;temperature;20.49;False
S0004;2026-01-02 08:29:45;CO2_level;1049;False
S0007;2026-01-02 08:29:45;temperature;null;True
S0011;2026-01-02 08:29:45;ventilation;0.66;False
S0010;2026-01-02 08:29:45;CO2_level;803;False
S0010;2026-01-02 08:30:00;CO2_level;767;False
S0011;2026-01-02 08:30:00;ventilation;0.607;False
S0001;2026-01-02 08:30:00;temperature;25.798;False
S0005;2026-01-02 08:30:00;ventilation;0.744;False
S0003;2026-01-02 08:30:00;humidity;69.503;False
S0004;2026-01-02 08:30:00;CO2_level;1043;False
S0007;2026-01-02 08:30:00;temperature;19.767;False
S0009;2026-01-02 08:30:00;humidity;64.79;False
S0004;2026-01-02 08:30:15;CO2_level;795;False
S0010;2026-01-02 08:30:15;CO2_level;773;False
S0007;2026-01-02 08:30:15;temperature;20.817;False
S0011;2026-01-02 08:30:15;ventilation;0.794;False
S0005;2026-01-02 08:30:15;ventilation;0.834;False
S0001;2026-01-02 08:30:15;temperature;20.896;False
S0004;2026-01-02 08:30:30;CO2_level;687;False
S0003;2026-01-02 08:30:30;humidity;66.275;False
S0001;2026-01-02 08:30:30;temperature;10.417;True
S0009;2026-01-02 08:30:30;humidity;63.235;False
S0007;2026-01-02 08:30:30;temperature;18.766;False
S0005;2026-01-02 08:30:30;ventilation;0.61;False
S0011;2026-01-02 08:30:30;ventilation;0.788;False
S0010;2026-01-02 08:30:30;CO2_level;1050;False
S0007;2026-01-02 08:30:45;temperature;30.323;True
S0005;2026-01-02 08:30:45;ventilation;0.521;False
S0011;2026-01-02 08:30:45;ventilation;0.436;True
S0010;2026-01-02 08:30:45;CO2_level;719;False
S0004;2026-01-02 08:30:45;CO2_level;752;False
S0001;2026-01-02 08:30:45;temperature;19.47;False
S0010;2026-01-02 08:31:00;CO2_level;927;False
S0004;2026-01-02 08:31:00;CO2_level;1168;False
S0001;2026-01-02 08:31:00;temperature;22.093;False
S0005;2026-01-02 08:31:00;ventilation;0.966;False
S0007;2026-01-02 08:31:00;temperature;25.431;False
S0011;2026-01-02 08:31:00;ventilation;0.715;False
S0003;2026-01-02 08:31:00;humidity;67.084;False
S0009;2026-01-02 08:31:00;humidity;63.548;False
S0004;2026-01-02 08:31:15;CO2_level;1061;False
S0010;2026-01-02 08:31:15;CO2_level;1114;False
S0005;2026-01-02 08:31:15;ventilation;0.824;False
S0011;2026-01-02 08:31:15;ventilation;0.457;True
S0001;2026-01-02 08:31:15;temperature;24.536;False
S0007;2026-01-02 08:31:15;temperature;24.902;False
S0004;2026-01-02 08:31:30;CO2_level;642;False
S0003;2026-01-02 08:31:30;humidity;65.447;False
S0001;2026-01-02 08:31:30;temperature;23.886;False
S0009;2026-01-02 08:31:30;humidity;64.297;False
S0010;2026-01-02 08:31:30;CO2_level;444;True
S0005;2026-01-02 08:31:30;ventilation;0.62;False
S0007;2026-01-02 08:31:30;temperature;17.668;False
S0011;2026-01-02 08:31:30;ventilation;0.751;False
S0001;2026-01-02 08:31:45;temperature;26.414;False
S0004;2026-01-02 08:31:45;CO2_level;1099;False
S0005;2026-01-02 08:31:45;ventilation;0.606;False
S0007;2026-01-02 08:31:45;temperature;26.543;False
S0011;2026-01-02 08:31:45;ventilation;0.801;False
S0010;2026-01-02 08:31:45;CO2_level;614;False
S0010;2026-01-02 08:32:00;CO2_level;713;False
S0011;2026-01-02 08:32:00;ventilation;0.876;False
S0004;2026-01-02 08:32:00;CO2_level;972;False
S0003;2026-01-02 08:32:00;humidity;73.728;True
S0009;2026-01-02 08:32:00;humidity;67.507;False
S0001;2026-01-02 08:32:00;temperature;26.652;False
S0007;2026-01-02 08:32:00;temperature;15.124;False
S0005;2026-01-02 08:32:00;ventilation;0.596;False
S0011;2026-01-02 08:32:15;ventilation;1.247;True
S0007;2026-01-02 08:32:15;temperature;24.101;False
S0010;2026-01-02 08:32:15;CO2_level;1129;False
S0001;2026-01-02 08:32:15;temperature;null;True
S0004;2026-01-02 08:32:15;CO2_level;1184;False
S0005;2026-01-02 08:32:15;ventilation;0.594;False
S0004;2026-01-02 08:32:30;CO2_level;1021;False
S0009;2026-01-02 08:32:30;humidity;67.036;False
S0005;2026-01-02 08:32:30;ventilation;0.938;False
S0001;2026-01-02 08:32:30;temperature;3.463;True
S0010;2026-01-02 08:32:30;CO2_level;654;False
S0003;2026-01-02 08:32:30;humidity;63.203;False
S0011;2026-01-02 08:32:30;ventilation;1.866;True
S0007;2026-01-02 08:32:30;temperature;18.591;False
S0005;2026-01-02 08:32:45;ventilation;0.64;False
S0001;2026-01-02 08:32:45;temperature;17.865;False
S0004;2026-01-02 08:32:45;CO2_level;1186;False
S0011;2026-01-02 08:32:45;ventilation;0.524;False
S0007;2026-01-02 08:32:45;temperature;19.952;False
S0010;2026-01-02 08:32:45;CO2_level;791;False
S0007;2026-01-02 08:33:00;temperature;16.895;False
S0004;2026-01-02 08:33:00;CO2_level;1112;False
S0003;2026-01-02 08:33:00;humidity;64.093;False
S0011;2026-01-02 08:33:00;ventilation;0.833;False
S0010;2026-01-02 08:33:00;CO2_level;1001;False
S0005;2026-01-02 08:33:00;ventilation;0.292;True
S0009;2026-01-02 08:33:00;humidity;69.38;False
S0001;2026-01-02 08:33:00;temperature;16.609;False
S0001;2026-01-02 08:33:15;temperature;25.514;False
S0010;2026-01-02 08:33:15;CO2_level;843;False
S0011;2026-01-02 08:33:15;ventilation;0.891;False
S0004;2026-01-02 08:33:15;CO2_level;899;False
S0007;2026-01-02 08:33:15;temperature;3.558;True
S0005;2026-01-02 08:33:15;ventilation;0.812;False
S0010;2026-01-02 08:33:30;CO2_level;774;False
S0004;2026-01-02 08:33:30;CO2_level;1167;False
S0003;2026-01-02 08:33:30;humidity;65.453;False
S0009;2026-01-02 08:33:30;humidity;63.031;False
S0005;2026-01-02 08:33:30;ventilation;0.718;False
S0001;2026-01-02 08:33:30;temperature;20.14;False
S0011;2026-01-02 08:33:30;ventilation;0.605;False
S0007;2026-01-02 08:33:30;temperature;20.173;False
S0011;2026-01-02 08:33:45;ventilation;0.522;False
S0010;2026-01-02 08:33:45;CO2_level;850;False
S0004;2026-01-02 08:33:45;CO2_level;981;False
S0007;2026-01-02 08:33:45;temperature;19.452;False
S0005;2026-01-02 08:33:45;ventilation;0.527;False
S0001;2026-01-02 08:33:45;temperature;26.533;False
S0007;2026-01-02 08:34:00;temperature;null;True
S0004;2026-01-02 08:34:00;CO2_level;626;False
S0003;2026-01-02 08:34:00;humidity;68.903;False
S0005;2026-01-02 08:34:00;ventilation;0.578;False
S0009;2026-01-02 08:34:00;humidity;66.373;False
S0001;2026-01-02 08:34:00;temperature;22.984;False
S0011;2026-01-02 08:34:00;ventilation;0.75;False
S0010;2026-01-02 08:34:00;CO2_level;1008;False
S0010;2026-01-02 08:34:15;CO2_level;640;False
S0005;2026-01-02 08:34:15;ventilation;0.677;False
S0001;2026-01-02 08:34:15;temperature;18.016;False
S0011;2026-01-02 08:34:15;ventilation;0.57;False
S0007;2026-01-02 08:34:15;temperature;19.053;False
S0004;2026-01-02 08:34:15;CO2_level;913;False
S0009;2026-01-02 08:34:30;humidity;69.964;False
S0004;2026-01-02 08:34:30;CO2_level;1248;True
S0010;2026-01-02 08:34:30;CO2_level;1027;False
S0003;2026-01-02 08:34:30;humidity;23.799;True
S0007;2026-01-02 08:34:30;temperature;23.873;False
S0011;2026-01-02 08:34:30;ventilation;0.556;False
S0005;2026-01-02 08:34:30;ventilation;0.81;False
S0001;2026-01-02 08:34:30;temperature;18.323;False
S0004;2026-01-02 08:34:45;CO2_level;789;False
S0010;2026-01-02 08:34:45;CO2_level;881;False
S0011;2026-01-02 08:34:45;ventilation;0.878;False
S0005;2026-01-02 08:34:45;ventilation;0.837;False
S0001;2026-01-02 08:34:45;temperature;15.296;False
S0007;2026-01-02 08:34:45;temperature;22.565;False
S0007;2026-01-02 08:35:00;temperature;17.465;False
S0011;2026-01-02 08:35:00;ventilation;0.545;False
S0005;2026-01-02 08:35:00;ventilation;0.229;True
S0004;2026-01-02 08:35:00;CO2_level;1010;False
S0009;2026-01-02 08:35:00;humidity;65.128;False
S0010;2026-01-02 08:35:00;CO2_level;689;False
S0001;2026-01-02 08:35:00;temperature;23.146;False
S0003;2026-01-02 08:35:00;humidity;69.013;False
S0010;2026-01-02 08:35:15;CO2_level;1268;True
S0005;2026-01-02 08:35:15;ventilation;0.679;False
S0007;2026-01-02 08:35:15;temperature;15.746;False
S0001;2026-01-02 08:35:15;temperature;17.206;False
S0011;2026-01-02 08:35:15;ventilation;0.957;False
S0004;2026-01-02 08:35:15;CO2_level;732;False
S0009;2026-01-02 08:35:30;humidity;69.324;False
S0010;2026-01-02 08:35:30;CO2_level;660;False
S0003;2026-01-02 08:35:30;humidity;64.309;False
S0007;2026-01-02 08:35:30;temperature;20.906;False
S0011;2026-01-02 08:35:30;ventilation;0.93;False
S0001;2026-01-02 08:35:30;temperature;23.16;False
S0004;2026-01-02 08:35:30;CO2_level;1006;False
S0005;2026-01-02 08:35:30;ventilation;0.507;False
S0004;2026-01-02 08:35:45;CO2_level;1184;False
S0010;2026-01-02 08:35:45;CO2_level;657;False
S0001;2026-01-02 08:35:45;temperature;17.313;False
S0011;2026-01-02 08:35:45;ventilation;0.511;False
S0007;2026-01-02 08:35:45;temperature;20.768;False
S0005;2026-01-02 08:35:45;ventilation;0.761;False
S0003;2026-01-02 08:36:00;humidity;60.465;False
S0001;2026-01-02 08:36:00;temperature;19.205;False
S0007;2026-01-02 08:36:00;temperature;21.401;False
S0009;2026-01-02 08:36:00;humidity;67.837;False
S0010;2026-01-02 08:36:00;CO2_level;954;False
S0005;2026-01-02 08:36:00;ventilation;0.988;False
S0011;2026-01-02 08:36:00;ventilation;0.329;True
S0004;2026-01-02 08:36:00;CO2_level;988;False
S0007;2026-01-02 08:36:15;temperature;25.573;False
S0011;2026-01-02 08:36:15;ventilation;0.849;False
S0010;2026-01-02 08:36:15;CO2_level;816;False
S0001;2026-01-02 08:36:15;temperature;25.01;False
S0004;2026-01-02 08:36:15;CO2_level;1040;False
S0005;2026-01-02 08:36:15;ventilation;0.87;False
S0009;2026-01-02 08:36:30;humidity;65.75;False
S0010;2026-01-02 08:36:30;CO2_level;676;False
S0007;2026-01-02 08:36:30;temperature;15.096;False
S0003;2026-01-02 08:36:30;humidity;75.203;True
S0001;2026-01-02 08:36:30;temperature;23.003;False
S0011;2026-01-02 08:36:30;ventilation;0.759;False
S0004;2026-01-02 08:36:30;CO2_level;784;False
S0005;2026-01-02 08:36:30;ventilation;0.845;False
S0005;2026-01-02 08:36:45;ventilation;0.533;False
S0011;2026-01-02 08:36:45;ventilation;0.419;True
S0007;2026-01-02 08:36:45;temperature;20.521;False
S0004;2026-01-02 08:36:45;CO2_level;1164;False
S0001;2026-01-02 08:36:45;temperature;22.254;False
S0010;2026-01-02 08:36:45;CO2_level;765;False
S0007;2026-01-02 08:37:00;temperature;17.754;False
S0005;2026-01-02 08:37:00;ventilation;0.813;False
S0009;2026-01-02 08:37:00;humidity;62.654;False
S0004;2026-01-02 08:37:00;CO2_level;975;False
S0003;2026-01-02 08:37:00;humidity;55.775;True
S0011;2026-01-02 08:37:00;ventilation;0.902;False
S0010;2026-01-02 08:37:00;CO2_level;null;True
S0001;2026-01-02 08:37:00;temperature;17.63;False
S0005;2026-01-02 08:37:15;ventilation;0.717;False
S0011;2026-01-02 08:37:15;ventilation;0.723;False
S0001;2026-01-02 08:37:15;temperature;18.848;False
S0010;2026-01-02 08:37:15;CO2_level;660;False
S0007;2026-01-02 08:37:15;temperature;22.402;False
S0004;2026-01-02 08:37:15;CO2_level;246;True
S0010;2026-01-02 08:37:30;CO2_level;1010;False
S0011;2026-01-02 08:37:30;ventilation;0.658;False
S0009;2026-01-02 08:37:30;humidity;62.334;False
S0005;2026-01-02 08:37:30;ventilation;0.555;False
S0007;2026-01-02 08:37:30;temperature;18.349;False
S0004;2026-01-02 08:37:30;CO2_level;1202;True
S0001;2026-01-02 08:37:30;temperature;22.961;False
S0003;2026-01-02 08:37:30;humidity;67.933;False
S0010;2026-01-02 08:37:45;CO2_level;1134;False
S0011;2026-01-02 08:37:45;ventilation;0.614;False
S0005;2026-01-02 08:37:45;ventilation;0.719;False
S0004;2026-01-02 08:37:45;CO2_level;900;False
S0007;2026-01-02 08:37:45;temperature;21.572;False
S0001;2026-01-02 08:37:45;temperature;26.075;False
S0003;2026-01-02 08:38:00;humidity;61.066;False
S0001;2026-01-02 08:38:00;temperature;16.748;False
S0010;2026-01-02 08:38:00;CO2_level;683;False
S0007;2026-01-02 08:38:00;temperature;19.823;False
S0004;2026-01-02 08:38:00;CO2_level;null;True
S0009;2026-01-02 08:38:00;humidity;67.31;False
S0011;2026-01-02 08:38:00;ventilation;0.577;False
S0005;2026-01-02 08:38:00;ventilation;0.998;False
S0010;2026-01-02 08:38:15;CO2_level;670;False
S0011;2026-01-02 08:38:15;ventilation;0.978;False
S0005;2026-01-02 08:38:15;ventilation;0.909;False
S0001;2026-01-02 08:38:15;temperature;27.319;True
S0004;2026-01-02 08:38:15;CO2_level;784;False
S0007;2026-01-02 08:38:15;temperature;19.381;False
S0001;2026-01-02 08:38:30;temperature;21.167;False
S0004;2026-01-02 08:38:30;CO2_level;720;False
S0003;2026-01-02 08:38:30;humidity;64.556;False
S0010;2026-01-02 08:38:30;CO2_level;735;False
S0005;2026-01-02 08:38:30;ventilation;0.513;False
S0009;2026-01-02 08:38:30;humidity;68.562;False
S0011;2026-01-02 08:38:30;ventilation;0.581;False
S0007;2026-01-02 08:38:30;temperature;16.334;False
S0001;2026-01-02 08:38:45;temperature;23.519;False
S0010;2026-01-02 08:38:45;CO2_level;815;False
S0004;2026-01-02 08:38:45;CO2_level;982;False
S0005;2026-01-02 08:38:45;ventilation;0.677;False
S0011;2026-01-02 08:38:45;ventilation;0.624;False
S0007;2026-01-02 08:38:45;temperature;26.299;False
S0010;2026-01-02 08:39:00;CO2_level;900;False
S0001;2026-01-02 08:39:00;temperature;26.523;False
S0005;2026-01-02 08:39:00;ventilation;0.805;False
S0003;2026-01-02 08:39:00;humidity;61.117;False
S0009;2026-01-02 08:39:00;humidity;64.817;False
S0004;2026-01-02 08:39:00;CO2_level;752;False
S0011;2026-01-02 08:39:00;ventilation;0.916;False
S0007;2026-01-02 08:39:00;temperature;23.56;False
S0004;2026-01-02 08:39:15;CO2_level;1150;False
S0005;2026-01-02 08:39:15;ventilation;0.879;False
S0001;2026-01-02 08:39:15;temperature;25.543;False
S0011;2026-01-02 08:39:15;ventilation;0.536;False
S0010;2026-01-02 08:39:15;CO2_level;762;False
S0007;2026-01-02 08:39:15;temperature;19.113;False
S0001;2026-01-02 08:39:30;temperature;20.575;False
S0011;2026-01-02 08:39:30;ventilation;0.657;False
S0003;2026-01-02 08:39:30;humidity;78.451;True
S0005;2026-01-02 08:39:30;ventilation;0.767;False
S0010;2026-01-02 08:39:30;CO2_level;821;False
S0007;2026-01-02 08:39:30;temperature;16.238;False
S0004;2026-01-02 08:39:30;CO2_level;937;False
S0009;2026-01-02 08:39:30;humidity;67.213;False
S0010;2026-01-02 08:39:45;CO2_level;688;False
S0005;2026-01-02 08:39:45;ventilation;0.673;False
S0001;2026-01-02 08:39:45;temperature;19.517;False
S0007;2026-01-02 08:39:45;temperature;21.71;False
S0011;2026-01-02 08:39:45;ventilation;0.968;False
S0004;2026-01-02 08:39:45;CO2_level;1218;True
S0003;2026-01-02 08:40:00;humidity;60.071;False
S0005;2026-01-02 08:40:00;ventilation;0.824;False
S0007;2026-01-02 08:40:00;temperature;24.295;False
S0011;2026-01-02 08:40:00;ventilation;0.675;False
S0004;2026-01-02 08:40:00;CO2_level;905;False
S0010;2026-01-02 08:40:00;CO2_level;1007;False
S0009;2026-01-02 08:40:00;humidity;64.317;False
S0001;2026-01-02 08:40:00;temperature;24.833;False
S0004;2026-01-02 08:40:15;CO2_level;660;False
S0010;2026-01-02 08:40:15;CO2_level;779;False
S0011;2026-01-02 08:40:15;ventilation;0.688;False
S0007;2026-01-02 08:40:15;temperature;18.019;False
S0001;2026-01-02 08:40:15;temperature;17.206;False
S0005;2026-01-02 08:40:15;ventilation;0.959;False
S0005;2026-01-02 08:40:30;ventilation;0.701;False
S0009;2026-01-02 08:40:30;humidity;69.24;False
S0011;2026-01-02 08:40:30;ventilation;0.984;False
S0007;2026-01-02 08:40:30;temperature;23.813;False
S0010;2026-01-02 08:40:30;CO2_level;974;False
S0001;2026-01-02 08:40:30;temperature;21.836;False
S0003;2026-01-02 08:40:30;humidity;69.156;False
S0004;2026-01-02 08:40:30;CO2_level;812;False
S0007;2026-01-02 08:40:45;temperature;20.347;False
S0010;2026-01-02 08:40:45;CO2_level;1168;False
S0005;2026-01-02 08:40:45;ventilation;0.704;False
S0001;2026-01-02 08:40:45;temperature;21.891;False
S0004;2026-01-02 08:40:45;CO2_level;903;False
S0011;2026-01-02 08:40:45;ventilation;0.549;False
S0001;2026-01-02 08:41:00;temperature;21.07;False
S0011;2026-01-02 08:41:00;ventilation;0.577;False
S0009;2026-01-02 08:41:00;humidity;77.847;True
S0007;2026-01-02 08:41:00;temperature;18.869;False
S0005;2026-01-02 08:41:00;ventilation;0.786;False
S0010;2026-01-02 08:41:00;CO2_level;650;False
S0003;2026-01-02 08:41:00;humidity;69.477;False
S0004;2026-01-02 08:41:00;CO2_level;803;False
S0010;2026-01-02 08:41:15;CO2_level;653;False
S0005;2026-01-02 08:41:15;ventilation;0.521;False
S0001;2026-01-02 08:41:15;temperature;19.265;False
S0004;2026-01-02 08:41:15;CO2_level;1137;False
S0011;2026-01-02 08:41:15;ventilation;0.895;False
S0007;2026-01-02 08:41:15;temperature;19.822;False
S0009;2026-01-02 08:41:30;humidity;63.851;False
S0001;2026-01-02 08:41:30;temperature;24.228;False
S0004;2026-01-02 08:41:30;CO2_level;1132;False
S0005;2026-01-02 08:41:30;ventilation;0.88;False
S0007;2026-01-02 08:41:30;temperature;28.051;True
S0011;2026-01-02 08:41:30;ventilation;0.664;False
S0010;2026-01-02 08:41:30;CO2_level;1026;False
S0003;2026-01-02 08:41:30;humidity;62.121;False
S0001;2026-01-02 08:41:45;temperature;18.183;False
S0004;2026-01-02 08:41:45;CO2_level;695;False
S0010;2026-01-02 08:41:45;CO2_level;621;False
S0011;2026-01-02 08:41:45;ventilation;0.719;False
S0005;2026-01-02 08:41:45;ventilation;0.953;False
S0007;2026-01-02 08:41:45;temperature;15.242;False
S0004;2026-01-02 08:42:00;CO2_level;1084;False
S0010;2026-01-02 08:42:00;CO2_level;691;False
S0011;2026-01-02 08:42:00;ventilation;0.648;False
S0009;2026-01-02 08:42:00;humidity;68.645;False
S0005;2026-01-02 08:42:00;ventilation;0.604;False
S0003;2026-01-02 08:42:00;humidity;72.378;True
S0001;2026-01-02 08:42:00;temperature;20.227;False
S0007;2026-01-02 08:42:00;temperature;23.389;False
S0010;2026-01-02 08:42:15;CO2_level;853;False
S0007;2026-01-02 08:42:15;temperature;22.818;False
S0001;2026-01-02 08:42:15;temperature;24.225;False
S0004;2026-01-02 08:42:15;CO2_level;793;False
S0005;2026-01-02 08:42:15;ventilation;0.996;False
S0011;2026-01-02 08:42:15;ventilation;0.564;False
S0001;2026-01-02 08:42:30;temperature;23.395;False
S0009;2026-01-02 08:42:30;humidity;67.471;False
S0011;2026-01-02 08:42:30;ventilation;0.915;False
S0005;2026-01-02 08:42:30;ventilation;0.695;False
S0010;2026-01-02 08:42:30;CO2_level;1140;False
S0003;2026-01-02 08:42:30;humidity;63.376;False
S0004;2026-01-02 08:42:30;CO2_level;811;False
S0007;2026-01-02 08:42:30;temperature;19.425;False
S0004;2026-01-02 08:42:45;CO2_level;684;False
S0010;2026-01-02 08:42:45;CO2_level;912;False
S0005;2026-01-02 08:42:45;ventilation;0.928;False
S0001;2026-01-02 08:42:45;temperature;18.169;False
S0011;2026-01-02 08:42:45;ventilation;0.764;False
S0007;2026-01-02 08:42:45;temperature;21.881;False
S0003;2026-01-02 08:43:00;humidity;67.013;False
S0001;2026-01-02 08:43:00;temperature;18.296;False
S0011;2026-01-02 08:43:00;ventilation;0.698;False
S0007;2026-01-02 08:43:00;temperature;18.386;False
S0004;2026-01-02 08:43:00;CO2_level;689;False
S0005;2026-01-02 08:43:00;ventilation;0.735;False
S0009;2026-01-02 08:43:00;humidity;68.789;False
S0010;2026-01-02 08:43:00;CO2_level;797;False
S0007;2026-01-02 08:43:15;temperature;19.424;False
S0011;2026-01-02 08:43:15;ventilation;0.656;False
S0001;2026-01-02 08:43:15;temperature;26.748;False
S0005;2026-01-02 08:43:15;ventilation;0.763;False
S0010;2026-01-02 08:43:15;CO2_level;null;True
S0004;2026-01-02 08:43:15;CO2_level;1075;False
S0003;2026-01-02 08:43:30;humidity;62.18;False
S0011;2026-01-02 08:43:30;ventilation;0.505;False
S0010;2026-01-02 08:43:30;CO2_level;1034;False
S0004;2026-01-02 08:43:30;CO2_level;1005;False
S0007;2026-01-02 08:43:30;temperature;21.691;False
S0005;2026-01-02 08:43:30;ventilation;0.965;False
S0009;2026-01-02 08:43:30;humidity;63.637;False
S0001;2026-01-02 08:43:30;temperature;23.898;False
S0005;2026-01-02 08:43:45;ventilation;0.993;False
S0004;2026-01-02 08:43:45;CO2_level;1178;False
S0001;2026-01-02 08:43:45;temperature;18.653;False
S0010;2026-01-02 08:43:45;CO2_level;1009;False
S0011;2026-01-02 08:43:45;ventilation;0.745;False
S0007;2026-01-02 08:43:45;temperature;18.947;False
S0010;2026-01-02 08:44:00;CO2_level;1160;False
S0001;2026-01-02 08:44:00;temperature;25.652;False
S0007;2026-01-02 08:44:00;temperature;23.101;False
S0003;2026-01-02 08:44:00;humidity;63.22;False
S0009;2026-01-02 08:44:00;humidity;67.757;False
S0005;2026-01-02 08:44:00;ventilation;0.684;False
S0004;2026-01-02 08:44:00;CO2_level;1179;False
S0011;2026-01-02 08:44:00;ventilation;0.671;False
S0001;2026-01-02 08:44:15;temperature;18.589;False
S0005;2026-01-02 08:44:15;ventilation;0.565;False
S0007;2026-01-02 08:44:15;temperature;24.207;False
S0004;2026-01-02 08:44:15;CO2_level;1158;False
S0010;2026-01-02 08:44:15;CO2_level;1154;False
S0011;2026-01-02 08:44:15;ventilation;0.501;False
S0005;2026-01-02 08:44:30;ventilation;0.785;False
S0007;2026-01-02 08:44:30;temperature;19.182;False
S0001;2026-01-02 08:44:30;temperature;27.494;True
S0004;2026-01-02 08:44:30;CO2_level;917;False
S0009;2026-01-02 08:44:30;humidity;68.91;False
S0010;2026-01-02 08:44:30;CO2_level;1152;False
S0003;2026-01-02 08:44:30;humidity;60.32;False
S0011;2026-01-02 08:44:30;ventilation;0.734;False
S0010;2026-01-02 08:44:45;CO2_level;801;False
S0004;2026-01-02 08:44:45;CO2_level;989;False
S0011;2026-01-02 08:44:45;ventilation;0.914;False
S0001;2026-01-02 08:44:45;temperature;24.133;False
S0005;2026-01-02 08:44:45;ventilation;null;True
S0007;2026-01-02 08:44:45;temperature;22.213;False
S0005;2026-01-02 08:45:00;ventilation;0.857;False
S0010;2026-01-02 08:45:00;CO2_level;1031;False
S0003;2026-01-02 08:45:00;humidity;61.126;False
S0007;2026-01-02 08:45:00;temperature;16.747;False
S0009;2026-01-02 08:45:00;humidity;61.678;False
S0004;2026-01-02 08:45:00;CO2_level;676;False
S0001;2026-01-02 08:45:00;temperature;20.395;False
S0011;2026-01-02 08:45:00;ventilation;0.703;False
S0007;2026-01-02 08:45:15;temperature;23.886;False
S0004;2026-01-02 08:45:15;CO2_level;1279;True
S0001;2026-01-02 08:45:15;temperature;15.762;False
S0005;2026-01-02 08:45:15;ventilation;0.969;False
S0010;2026-01-02 08:45:15;CO2_level;940;False
S0011;2026-01-02 08:45:15;ventilation;0.695;False
S0007;2026-01-02 08:45:30;temperature;15.159;False
S0004;2026-01-02 08:45:30;CO2_level;1102;False
S0010;2026-01-02 08:45:30;CO2_level;740;False
S0009;2026-01-02 08:45:30;humidity;46.268;True
S0005;2026-01-02 08:45:30;ventilation;0.934;False
S0001;2026-01-02 08:45:30;temperature;null;True
S0011;2026-01-02 08:45:30;ventilation;0.993;False
S0003;2026-01-02 08:45:30;humidity;68.442;False
S0007;2026-01-02 08:45:45;temperature;20.342;False
S0005;2026-01-02 08:45:45;ventilation;0.75;False
S0010;2026-01-02 08:45:45;CO2_level;688;False
S0001;2026-01-02 08:45:45;temperature;18.429;False
S0011;2026-01-02 08:45:45;ventilation;0.801;False
S0004;2026-01-02 08:45:45;CO2_level;1100;False
S0010;2026-01-02 08:46:00;CO2_level;1020;False
S0003;2026-01-02 08:46:00;humidity;74.459;True
S0011;2026-01-02 08:46:00;ventilation;0.544;False
S0004;2026-01-02 08:46:00;CO2_level;963;False
S0007;2026-01-02 08:46:00;temperature;25.59;False
S0005;2026-01-02 08:46:00;ventilation;0.799;False
S0001;2026-01-02 08:46:00;temperature;19.656;False
S0009;2026-01-02 08:46:00;humidity;62.504;False
S0004;2026-01-02 08:46:15;CO2_level;981;False
S0005;2026-01-02 08:46:15;ventilation;0.691;False
S0010;2026-01-02 08:46:15;CO2_level;1039;False
S0007;2026-01-02 08:46:15;temperature;17.897;False
S0011;2026-01-02 08:46:15;ventilation;0.916;False
S0001;2026-01-02 08:46:15;temperature;19.9;False
S0001;2026-01-02 08:46:30;temperature;26.546;False
S0007;2026-01-02 08:46:30;temperature;21.928;False
S0004;2026-01-02 08:46:30;CO2_level;1199;False
S0003;2026-01-02 08:46:30;humidity;66.204;False
S0005;2026-01-02 08:46:30;ventilation;0.186;True
S0011;2026-01-02 08:46:30;ventilation;0.967;False
S0009;2026-01-02 08:46:30;humidity;60.04;False
S0010;2026-01-02 08:46:30;CO2_level;970;False
S0007;2026-01-02 08:46:45;temperature;26.005;False
S0011;2026-01-02 08:46:45;ventilation;0.868;False
S0004;2026-01-02 08:46:45;CO2_level;950;False
S0001;2026-01-02 08:46:45;temperature;16.254;False
S0010;2026-01-02 08:46:45;CO2_level;939;False
S0005;2026-01-02 08:46:45;ventilation;0.624;False
S0005;2026-01-02 08:47:00;ventilation;0.738;False
S0007;2026-01-02 08:47:00;temperature;19.898;False
S0011;2026-01-02 08:47:00;ventilation;0.552;False
S0001;2026-01-02 08:47:00;temperature;16.194;False
S0009;2026-01-02 08:47:00;humidity;63.297;False
S0004;2026-01-02 08:47:00;CO2_level;908;False
S0010;2026-01-02 08:47:00;CO2_level;679;False
S0003;2026-01-02 08:47:00;humidity;64.27;False
S0007;2026-01-02 08:47:15;temperature;19.639;False
S0004;2026-01-02 08:47:15;CO2_level;600;False
S0001;2026-01-02 08:47:15;temperature;18.751;False
S0011;2026-01-02 08:47:15;ventilation;0.814;False
S0010;2026-01-02 08:47:15;CO2_level;669;False
S0005;2026-01-02 08:47:15;ventilation;0.59;False
S0010;2026-01-02 08:47:30;CO2_level;992;False
S0004;2026-01-02 08:47:30;CO2_level;714;False
S0007;2026-01-02 08:47:30;temperature;19.076;False
S0001;2026-01-02 08:47:30;temperature;21.245;False
S0005;2026-01-02 08:47:30;ventilation;0.881;False
S0011;2026-01-02 08:47:30;ventilation;0.511;False
S0003;2026-01-02 08:47:30;humidity;62.633;False
S0009;2026-01-02 08:47:30;humidity;65.328;False
S0005;2026-01-02 08:47:45;ventilation;0.942;False
S0011;2026-01-02 08:47:45;ventilation;0.976;False
S0007;2026-01-02 08:47:45;temperature;28.341;True
S0004;2026-01-02 08:47:45;CO2_level;1015;False
S0001;2026-01-02 08:47:45;temperature;15.474;False
S0010;2026-01-02 08:47:45;CO2_level;1147;False
S0001;2026-01-02 08:48:00;temperature;19.574;False
S0007;2026-01-02 08:48:00;temperature;16.78;False
S0004;2026-01-02 08:48:00;CO2_level;1032;False
S0009;2026-01-02 08:48:00;humidity;65.295;False
S0003;2026-01-02 08:48:00;humidity;65.12;False
S0005;2026-01-02 08:48:00;ventilation;0.548;False
S0011;2026-01-02 08:48:00;ventilation;0.822;False
S0010;2026-01-02 08:48:00;CO2_level;985;False
S0007;2026-01-02 08:48:15;temperature;24.519;False
S0011;2026-01-02 08:48:15;ventilation;null;True
S0001;2026-01-02 08:48:15;temperature;23.877;False
S0004;2026-01-02 08:48:15;CO2_level;928;False
S0005;2026-01-02 08:48:15;ventilation;0.635;False
S0010;2026-01-02 08:48:15;CO2_level;870;False
S0001;2026-01-02 08:48:30;temperature;23.763;False
S0005;2026-01-02 08:48:30;ventilation;0.683;False
S0009;2026-01-02 08:48:30;humidity;60.993;False
S0003;2026-01-02 08:48:30;humidity;67.137;False
S0007;2026-01-02 08:48:30;temperature;19.914;False
S0011;2026-01-02 08:48:30;ventilation;0.521;False
S0004;2026-01-02 08:48:30;CO2_level;823;False
S0010;2026-01-02 08:48:30;CO2_level;1114;False
S0010;2026-01-02 08:48:45;CO2_level;856;False
S0011;2026-01-02 08:48:45;ventilation;0.641;False
S0001;2026-01-02 08:48:45;temperature;17.382;False
S0005;2026-01-02 08:48:45;ventilation;null;True
S0004;2026-01-02 08:48:45;CO2_level;794;False
S0007;2026-01-02 08:48:45;temperature;24.523;False
S0007;2026-01-02 08:49:00;temperature;21.296;False
S0003;2026-01-02 08:49:00;humidity;66.399;False
S0001;2026-01-02 08:49:00;temperature;25.797;False
S0005;2026-01-02 08:49:00;ventilation;0.591;False
S0009;2026-01-02 08:49:00;humidity;67.119;False
S0011;2026-01-02 08:49:00;ventilation;0.607;False
S0010;2026-01-02 08:49:00;CO2_level;694;False
S0004;2026-01-02 08:49:00;CO2_level;1117;False
S0011;2026-01-02 08:49:15;ventilation;0.558;False
S0001;2026-01-02 08:49:15;temperature;15.776;False
S0007;2026-01-02 08:49:15;temperature;17.934;False
S0010;2026-01-02 08:49:15;CO2_level;688;False
S0005;2026-01-02 08:49:15;ventilation;0.752;False
S0004;2026-01-02 08:49:15;CO2_level;984;False
S0004;2026-01-02 08:49:30;CO2_level;284;True
S0003;2026-01-02 08:49:30;humidity;62.26;False
S0010;2026-01-02 08:49:30;CO2_level;1077;False
S0007;2026-01-02 08:49:30;temperature;22.737;False
S0005;2026-01-02 08:49:30;ventilation;0.503;False
S0001;2026-01-02 08:49:30;temperature;20.367;False
S0011;2026-01-02 08:49:30;ventilation;null;True
S0009;2026-01-02 08:49:30;humidity;68.754;False
S0004;2026-01-02 08:49:45;CO2_level;659;False
S0010;2026-01-02 08:49:45;CO2_level;1135;False
S0005;2026-01-02 08:49:45;ventilation;0.997;False
S0001;2026-01-02 08:49:45;temperature;19.387;False
S0007;2026-01-02 08:49:45;temperature;15.908;False
S0011;2026-01-02 08:49:45;ventilation;0.577;False
S0009;2026-01-02 08:50:00;humidity;69.215;False
S0005;2026-01-02 08:50:00;ventilation;0.826;False
S0011;2026-01-02 08:50:00;ventilation;0.996;False
S0004;2026-01-02 08:50:00;CO2_level;1065;False
S0010;2026-01-02 08:50:00;CO2_level;1172;False
S0001;2026-01-02 08:50:00;temperature;21.017;False
S0007;2026-01-02 08:50:00;temperature;17.901;False
S0003;2026-01-02 08:50:00;humidity;62.253;False
S0001;2026-01-02 08:50:15;temperature;16.336;False
S0005;2026-01-02 08:50:15;ventilation;0.595;False
S0011;2026-01-02 08:50:15;ventilation;0.947;False
S0004;2026-01-02 08:50:15;CO2_level;995;False
S0007;2026-01-02 08:50:15;temperature;26.337;False
S0010;2026-01-02 08:50:15;CO2_level;1031;False
S0005;2026-01-02 08:50:30;ventilation;0.791;False
S0011;2026-01-02 08:50:30;ventilation;0.505;False
S0004;2026-01-02 08:50:30;CO2_level;892;False
S0009;2026-01-02 08:50:30;humidity;69.123;False
S0003;2026-01-02 08:50:30;humidity;73.718;True
S0007;2026-01-02 08:50:30;temperature;18.507;False
S0001;2026-01-02 08:50:30;temperature;20.718;False
S0010;2026-01-02 08:50:30;CO2_level;1096;False
S0010;2026-01-02 08:50:45;CO2_level;694;False
S0005;2026-01-02 08:50:45;ventilation;0.964;False
S0011;2026-01-02 08:50:45;ventilation;0.556;False
S0001;2026-01-02 08:50:45;temperature;15.307;False
S0007;2026-01-02 08:50:45;temperature;18.062;False
S0004;2026-01-02 08:50:45;CO2_level;1180;False
S0001;2026-01-02 08:51:00;temperature;18.506;False
S0009;2026-01-02 08:51:00;humidity;68.656;False
S0007;2026-01-02 08:51:00;temperature;19.467;False
S0003;2026-01-02 08:51:00;humidity;66.406;False
S0011;2026-01-02 08:51:00;ventilation;0.627;False
S0004;2026-01-02 08:51:00;CO2_level;901;False
S0010;2026-01-02 08:51:00;CO2_level;1020;False
S0005;2026-01-02 08:51:00;ventilation;0.899;False
S0005;2026-01-02 08:51:15;ventilation;0.803;False
S0007;2026-01-02 08:51:15;temperature;18.503;False
S0004;2026-01-02 08:51:15;CO2_level;719;False
S0010;2026-01-02 08:51:15;CO2_level;673;False
S0011;2026-01-02 08:51:15;ventilation;0.774;False
S0001;2026-01-02 08:51:15;temperature;23.927;False
S0005;2026-01-02 08:51:30;ventilation;0.532;False
S0011;2026-01-02 08:51:30;ventilation;0.651;False
S0003;2026-01-02 08:51:30;humidity;63.313;False
S0010;2026-01-02 08:51:30;CO2_level;612;False
S0004;2026-01-02 08:51:30;CO2_level;727;False
S0001;2026-01-02 08:51:30;temperature;25.278;False
S0009;2026-01-02 08:51:30;humidity;65.261;False
S0007;2026-01-02 08:51:30;temperature;18.897;False
S0010;2026-01-02 08:51:45;CO2_level;604;False
S0007;2026-01-02 08:51:45;temperature;17.791;False
S0001;2026-01-02 08:51:45;temperature;24.575;False
S0011;2026-01-02 08:51:45;ventilation;0.842;False
S0005;2026-01-02 08:51:45;ventilation;0.822;False
S0004;2026-01-02 08:51:45;CO2_level;698;False
S0005;2026-01-02 08:52:00;ventilation;0.847;False
S0010;2026-01-02 08:52:00;CO2_level;605;False
S0004;2026-01-02 08:52:00;CO2_level;916;False
S0003;2026-01-02 08:52:00;humidity;67.551;False
S0001;2026-01-02 08:52:00;temperature;16.734;False
S0009;2026-01-02 08:52:00;humidity;67.643;False
S0011;2026-01-02 08:52:00;ventilation;0.9;False
S0007;2026-01-02 08:52:00;temperature;23.786;False
S0004;2026-01-02 08:52:15;CO2_level;275;True
S0010;2026-01-02 08:52:15;CO2_level;762;False
S0005;2026-01-02 08:52:15;ventilation;0.758;False
S0011;2026-01-02 08:52:15;ventilation;0.748;False
S0007;2026-01-02 08:52:15;temperature;21.326;False
S0001;2026-01-02 08:52:15;temperature;18.525;False
S0004;2026-01-02 08:52:30;CO2_level;878;False
S0009;2026-01-02 08:52:30;humidity;62.173;False
S0001;2026-01-02 08:52:30;temperature;15.784;False
S0007;2026-01-02 08:52:30;temperature;25.143;False
S0005;2026-01-02 08:52:30;ventilation;0.765;False
S0011;2026-01-02 08:52:30;ventilation;0.653;False
S0010;2026-01-02 08:52:30;CO2_level;972;False
S0003;2026-01-02 08:52:30;humidity;67.863;False
S0007;2026-01-02 08:52:45;temperature;18.316;False
S0004;2026-01-02 08:52:45;CO2_level;726;False
S0005;2026-01-02 08:52:45;ventilation;0.873;False
S0011;2026-01-02 08:52:45;ventilation;0.933;False
S0010;2026-01-02 08:52:45;CO2_level;875;False
S0001;2026-01-02 08:52:45;temperature;null;True
S0003;2026-01-02 08:53:00;humidity;61.765;False
S0007;2026-01-02 08:53:00;temperature;15.205;False
S0004;2026-01-02 08:53:00;CO2_level;1112;False
S0009;2026-01-02 08:53:00;humidity;63.051;False
S0001;2026-01-02 08:53:00;temperature;15.629;False
S0011;2026-01-02 08:53:00;ventilation;0.96;False
S0005;2026-01-02 08:53:00;ventilation;0.104;True
S0010;2026-01-02 08:53:00;CO2_level;651;False
S0007;2026-01-02 08:53:15;temperature;21.737;False
S0011;2026-01-02 08:53:15;ventilation;0.853;False
S0005;2026-01-02 08:53:15;ventilation;0.574;False
S0010;2026-01-02 08:53:15;CO2_level;1029;False
S0001;2026-01-02 08:53:15;temperature;17.779;False
S0004;2026-01-02 08:53:15;CO2_level;637;False
S0005;2026-01-02 08:53:30;ventilation;0.645;False
S0001;2026-01-02 08:53:30;temperature;25.344;False
S0007;2026-01-02 08:53:30;temperature;18.268;False
S0009;2026-01-02 08:53:30;humidity;62.611;False
S0004;2026-01-02 08:53:30;CO2_level;823;False
S0011;2026-01-02 08:53:30;ventilation;0.598;False
S0003;2026-01-02 08:53:30;humidity;65.708;False
S0010;2026-01-02 08:53:30;CO2_level;1109;False
S0007;2026-01-02 08:53:45;temperature;19.257;False
S0005;2026-01-02 08:53:45;ventilation;0.615;False
S0011;2026-01-02 08:53:45;ventilation;0.806;False
S0004;2026-01-02 08:53:45;CO2_level;956;False
S0001;2026-01-02 08:53:45;temperature;15.904;False
S0010;2026-01-02 08:53:45;CO2_level;892;False
S0007;2026-01-02 08:54:00;temperature;21.332;False
S0011;2026-01-02 08:54:00;ventilation;0.762;False
S0001;2026-01-02 08:54:00;temperature;24.368;False
S0010;2026-01-02 08:54:00;CO2_level;698;False
S0005;2026-01-02 08:54:00;ventilation;0.89;False
S0004;2026-01-02 08:54:00;CO2_level;899;False
S0003;2026-01-02 08:54:00;humidity;63.145;False
S0009;2026-01-02 08:54:00;humidity;62.829;False
S0007;2026-01-02 08:54:15;temperature;18.637;False
S0005;2026-01-02 08:54:15;ventilation;0.591;False
S0011;2026-01-02 08:54:15;ventilation;0.936;False
S0004;2026-01-02 08:54:15;CO2_level;629;False
S0010;2026-01-02 08:54:15;CO2_level;932;False
S0001;2026-01-02 08:54:15;temperature;24.127;False
S0001;2026-01-02 08:54:30;temperature;23.409;False
S0007;2026-01-02 08:54:30;temperature;24.267;False
S0005;2026-01-02 08:54:30;ventilation;0.683;False
S0004;2026-01-02 08:54:30;CO2_level;800;False
S0003;2026-01-02 08:54:30;humidity;63.806;False
S0009;2026-01-02 08:54:30;humidity;62.498;False
S0011;2026-01-02 08:54:30;ventilation;0.795;False
S0010;2026-01-02 08:54:30;CO2_level;1011;False
S0004;2026-01-02 08:54:45;CO2_level;1098;False
S0001;2026-01-02 08:54:45;temperature;20.005;False
S0011;2026-01-02 08:54:45;ventilation;0.699;False
S0010;2026-01-02 08:54:45;CO2_level;1083;False
S0007;2026-01-02 08:54:45;temperature;23.646;False
S0005;2026-01-02 08:54:45;ventilation;0.574;False
S0011;2026-01-02 08:55:00;ventilation;1.973;True
S0009;2026-01-02 08:55:00;humidity;67.035;False
S0001;2026-01-02 08:55:00;temperature;23.072;False
S0005;2026-01-02 08:55:00;ventilation;0.6;False
S0004;2026-01-02 08:55:00;CO2_level;833;False
S0007;2026-01-02 08:55:00;temperature;23.119;False
S0003;2026-01-02 08:55:00;humidity;65.905;False
S0010;2026-01-02 08:55:00;CO2_level;1158;False
S0004;2026-01-02 08:55:15;CO2_level;1027;False
S0011;2026-01-02 08:55:15;ventilation;0.821;False
S0001;2026-01-02 08:55:15;temperature;16.074;False
S0005;2026-01-02 08:55:15;ventilation;0.9;False
S0010;2026-01-02 08:55:15;CO2_level;668;False
S0007;2026-01-02 08:55:15;temperature;21.339;False
S0004;2026-01-02 08:55:30;CO2_level;986;False
S0001;2026-01-02 08:55:30;temperature;29.31;True
S0010;2026-01-02 08:55:30;CO2_level;832;False
S0003;2026-01-02 08:55:30;humidity;65.576;False
S0005;2026-01-02 08:55:30;ventilation;0.95;False
S0007;2026-01-02 08:55:30;temperature;23.736;False
S0009;2026-01-02 08:55:30;humidity;64.817;False
S0011;2026-01-02 08:55:30;ventilation;0.589;False
S0005;2026-01-02 08:55:45;ventilation;0.608;False
S0001;2026-01-02 08:55:45;temperature;17.495;False
S0011;2026-01-02 08:55:45;ventilation;0.729;False
S0007;2026-01-02 08:55:45;temperature;15.869;False
S0004;2026-01-02 08:55:45;CO2_level;614;False
S0010;2026-01-02 08:55:45;CO2_level;874;False
S0001;2026-01-02 08:56:00;temperature;25.915;False
S0009;2026-01-02 08:56:00;humidity;63.829;False
S0010;2026-01-02 08:56:00;CO2_level;851;False
S0007;2026-01-02 08:56:00;temperature;19.411;False
S0005;2026-01-02 08:56:00;ventilation;0.869;False
S0004;2026-01-02 08:56:00;CO2_level;892;False
S0011;2026-01-02 08:56:00;ventilation;0.673;False
S0003;2026-01-02 08:56:00;humidity;64.031;False
S0011;2026-01-02 08:56:15;ventilation;0.659;False
S0001;2026-01-02 08:56:15;temperature;18.712;False
S0004;2026-01-02 08:56:15;CO2_level;732;False
S0005;2026-01-02 08:56:15;ventilation;0.839;False
S0007;2026-01-02 08:56:15;temperature;23.146;False
S0010;2026-01-02 08:56:15;CO2_level;898;False
S0005;2026-01-02 08:56:30;ventilation;0.632;False
S0004;2026-01-02 08:56:30;CO2_level;755;False
S0010;2026-01-02 08:56:30;CO2_level;null;True
S0007;2026-01-02 08:56:30;temperature;22.72;False
S0011;2026-01-02 08:56:30;ventilation;1.885;True
S0009;2026-01-02 08:56:30;humidity;78.547;True
S0003;2026-01-02 08:56:30;humidity;61.501;False
S0001;2026-01-02 08:56:30;temperature;17.582;False
S0005;2026-01-02 08:56:45;ventilation;0.737;False
S0010;2026-01-02 08:56:45;CO2_level;950;False
S0007;2026-01-02 08:56:45;temperature;16.065;False
S0004;2026-01-02 08:56:45;CO2_level;894;False
S0011;2026-01-02 08:56:45;ventilation;0.626;False
S0001;2026-01-02 08:56:45;temperature;23.491;False
S0003;2026-01-02 08:57:00;humidity;61.92;False
S0009;2026-01-02 08:57:00;humidity;68.504;False
S0004;2026-01-02 08:57:00;CO2_level;608;False
S0005;2026-01-02 08:57:00;ventilation;0.694;False
S0001;2026-01-02 08:57:00;temperature;26.877;False
S0010;2026-01-02 08:57:00;CO2_level;1215;True
S0011;2026-01-02 08:57:00;ventilation;0.951;False
S0007;2026-01-02 08:57:00;temperature;21.371;False
S0011;2026-01-02 08:57:15;ventilation;0.813;False
S0004;2026-01-02 08:57:15;CO2_level;943;False
S0007;2026-01-02 08:57:15;temperature;25.829;False
S0010;2026-01-02 08:57:15;CO2_level;1179;False
S0001;2026-01-02 08:57:15;temperature;21.415;False
S0005;2026-01-02 08:57:15;ventilation;0.891;False
S0007;2026-01-02 08:57:30;temperature;25.693;False
S0011;2026-01-02 08:57:30;ventilation;0.966;False
S0010;2026-01-02 08:57:30;CO2_level;1140;False
S0001;2026-01-02 08:57:30;temperature;25.874;False
S0004;2026-01-02 08:57:30;CO2_level;740;False
S0003;2026-01-02 08:57:30;humidity;65.793;False
S0005;2026-01-02 08:57:30;ventilation;0.654;False
S0009;2026-01-02 08:57:30;humidity;60.251;False
S0001;2026-01-02 08:57:45;temperature;20.026;False
S0011;2026-01-02 08:57:45;ventilation;0.694;False
S0005;2026-01-02 08:57:45;ventilation;0.748;False
S0004;2026-01-02 08:57:45;CO2_level;1112;False
S0007;2026-01-02 08:57:45;temperature;19.221;False
S0010;2026-01-02 08:57:45;CO2_level;1017;False
S0010;2026-01-02 08:58:00;CO2_level;741;False
S0009;2026-01-02 08:58:00;humidity;60.012;False
S0001;2026-01-02 08:58:00;temperature;20.942;False
S0011;2026-01-02 08:58:00;ventilation;0.514;False
S0004;2026-01-02 08:58:00;CO2_level;746;False
S0003;2026-01-02 08:58:00;humidity;61.976;False
S0007;2026-01-02 08:58:00;temperature;18.862;False
S0005;2026-01-02 08:58:00;ventilation;0.608;False
S0010;2026-01-02 08:58:15;CO2_level;677;False
S0001;2026-01-02 08:58:15;temperature;15.007;False
S0011;2026-01-02 08:58:15;ventilation;0.638;False
S0004;2026-01-02 08:58:15;CO2_level;1057;False
S0007;2026-01-02 08:58:15;temperature;21.25;False
S0005;2026-01-02 08:58:15;ventilation;0.506;False
S0004;2026-01-02 08:58:30;CO2_level;762;False
S0010;2026-01-02 08:58:30;CO2_level;1077;False
S0003;2026-01-02 08:58:30;humidity;65.445;False
S0011;2026-01-02 08:58:30;ventilation;0.901;False
S0009;2026-01-02 08:58:30;humidity;69.586;False
S0001;2026-01-02 08:58:30;temperature;10.296;True
S0007;2026-01-02 08:58:30;temperature;1.442;True
S0005;2026-01-02 08:58:30;ventilation;0.881;False
S0004;2026-01-02 08:58:45;CO2_level;607;False
S0001;2026-01-02 08:58:45;temperature;22.759;False
S0010;2026-01-02 08:58:45;CO2_level;959;False
S0005;2026-01-02 08:58:45;ventilation;0.768;False
S0011;2026-01-02 08:58:45;ventilation;0.666;False
S0007;2026-01-02 08:58:45;temperature;15.288;False
S0007;2026-01-02 08:59:00;temperature;18.705;False
S0010;2026-01-02 08:59:00;CO2_level;1116;False
S0003;2026-01-02 08:59:00;humidity;64.43;False
S0011;2026-01-02 08:59:00;ventilation;0.662;False
S0001;2026-01-02 08:59:00;temperature;24.253;False
S0004;2026-01-02 08:59:00;CO2_level;957;False
S0005;2026-01-02 08:59:00;ventilation;0.615;False
S0009;2026-01-02 08:59:00;humidity;67.018;False
S0007;2026-01-02 08:59:15;temperature;17.439;False
S0010;2026-01-02 08:59:15;CO2_level;743;False
S0004;2026-01-02 08:59:15;CO2_level;1049;False
S0005;2026-01-02 08:59:15;ventilation;0.708;False
S0001;2026-01-02 08:59:15;temperature;20.486;False
S0011;2026-01-02 08:59:15;ventilation;0.553;False
S0007;2026-01-02 08:59:30;temperature;22.199;False
S0011;2026-01-02 08:59:30;ventilation;0.972;False
S0005;2026-01-02 08:59:30;ventilation;0.986;False
S0010;2026-01-02 08:59:30;CO2_level;305;True
S0003;2026-01-02 08:59:30;humidity;67.038;False
S0001;2026-01-02 08:59:30;temperature;23.935;False
S0009;2026-01-02 08:59:30;humidity;67.67;False
S0004;2026-01-02 08:59:30;CO2_level;787;False
S0011;2026-01-02 08:59:45;ventilation;0.786;False
S0001;2026-01-02 08:59:45;temperature;15.249;False
S0007;2026-01-02 08:59:45;temperature;25.446;False
S0010;2026-01-02 08:59:45;CO2_level;607;False
S0005;2026-01-02 08:59:45;ventilation;0.746;False
S0004;2026-01-02 08:59:45;CO2_level;937;False
S0001;2026-01-02 09:00:00;temperature;18.983;False
S0003;2026-01-02 09:00:00;humidity;63.107;False
S0004;2026-01-02 09:00:00;CO2_level;698;False
S0005;2026-01-02 09:00:00;ventilation;0.846;False
S0009;2026-01-02 09:00:00;humidity;65.113;False
S0007;2026-01-02 09:00:00;temperature;18.169;False
S0011;2026-01-02 09:00:00;ventilation;0.987;False
S0010;2026-01-02 09:00:00;CO2_level;896;False
S0011;2026-01-02 09:00:15;ventilation;0.993;False
S0004;2026-01-02 09:00:15;CO2_level;970;False
S0007;2026-01-02 09:00:15;temperature;20.665;False
S0010;2026-01-02 09:00:15;CO2_level;958;False
S0001;2026-01-02 09:00:15;temperature;23.597;False
S0005;2026-01-02 09:00:15;ventilation;0.957;False
S0005;2026-01-02 09:00:30;ventilation;0.765;False
S0001;2026-01-02 09:00:30;temperature;25.82;False
S0009;2026-01-02 09:00:30;humidity;68.188;False
S0004;2026-01-02 09:00:30;CO2_level;984;False
S0011;2026-01-02 09:00:30;ventilation;0.984;False
S0007;2026-01-02 09:00:30;temperature;21.357;False
S0010;2026-01-02 09:00:30;CO2_level;918;False
S0003;2026-01-02 09:00:30;humidity;60.263;False
S0011;2026-01-02 09:00:45;ventilation;0.913;False
S0010;2026-01-02 09:00:45;CO2_level;1109;False
S0005;2026-01-02 09:00:45;ventilation;0.877;False
S0007;2026-01-02 09:00:45;temperature;19.3;False
S0001;2026-01-02 09:00:45;temperature;20.624;False
S0004;2026-01-02 09:00:45;CO2_level;890;False
S0011;2026-01-02 09:01:00;ventilation;1.44;True
S0005;2026-01-02 09:01:00;ventilation;0.87;False
S0007;2026-01-02 09:01:00;temperature;16.77;False
S0009;2026-01-02 09:01:00;humidity;69.102;False
S0004;2026-01-02 09:01:00;CO2_level;949;False
S0001;2026-01-02 09:01:00;temperature;28.679;True
S0010;2026-01-02 09:01:00;CO2_level;904;False
S0003;2026-01-02 09:01:00;humidity;62.323;False
S0007;2026-01-02 09:01:15;temperature;16.015;False
S0011;2026-01-02 09:01:15;ventilation;null;True
S0001;2026-01-02 09:01:15;temperature;26.876;False
S0010;2026-01-02 09:01:15;CO2_level;743;False
S0004;2026-01-02 09:01:15;CO2_level;1196;False
S0005;2026-01-02 09:01:15;ventilation;0.769;False
S0011;2026-01-02 09:01:30;ventilation;0.739;False
S0010;2026-01-02 09:01:30;CO2_level;776;False
S0004;2026-01-02 09:01:30;CO2_level;870;False
S0007;2026-01-02 09:01:30;temperature;25.633;False
S0009;2026-01-02 09:01:30;humidity;60.307;False
S0001;2026-01-02 09:01:30;temperature;15.369;False
S0005;2026-01-02 09:01:30;ventilation;0.538;False
S0003;2026-01-02 09:01:30;humidity;60.47;False
S0011;2026-01-02 09:01:45;ventilation;0.787;False
S0001;2026-01-02 09:01:45;temperature;20.478;False
S0007;2026-01-02 09:01:45;temperature;17.488;False
S0004;2026-01-02 09:01:45;CO2_level;761;False
S0010;2026-01-02 09:01:45;CO2_level;1065;False
S0005;2026-01-02 09:01:45;ventilation;0.518;False
S0005;2026-01-02 09:02:00;ventilation;0.733;False
S0001;2026-01-02 09:02:00;temperature;22.653;False
S0007;2026-01-02 09:02:00;temperature;26.446;False
S0009;2026-01-02 09:02:00;humidity;69.724;False
S0004;2026-01-02 09:02:00;CO2_level;1112;False
S0003;2026-01-02 09:02:00;humidity;60.693;False
S0011;2026-01-02 09:02:00;ventilation;0.888;False
S0010;2026-01-02 09:02:00;CO2_level;1146;False
S0007;2026-01-02 09:02:15;temperature;26.367;False
S0010;2026-01-02 09:02:15;CO2_level;812;False
S0001;2026-01-02 09:02:15;temperature;23.5;False
S0004;2026-01-02 09:02:15;CO2_level;1075;False
S0005;2026-01-02 09:02:15;ventilation;0.966;False
S0011;2026-01-02 09:02:15;ventilation;0.818;False
S0010;2026-01-02 09:02:30;CO2_level;639;False
S0001;2026-01-02 09:02:30;temperature;24.115;False
S0011;2026-01-02 09:02:30;ventilation;0.58;False
S0009;2026-01-02 09:02:30;humidity;61.741;False
S0007;2026-01-02 09:02:30;temperature;16.512;False
S0003;2026-01-02 09:02:30;humidity;76.797;True
S0004;2026-01-02 09:02:30;CO2_level;856;False
S0005;2026-01-02 09:02:30;ventilation;0.897;False
S0004;2026-01-02 09:02:45;CO2_level;673;False
S0007;2026-01-02 09:02:45;temperature;25.514;False
S0001;2026-01-02 09:02:45;temperature;22.869;False
S0011;2026-01-02 09:02:45;ventilation;0.937;False
S0010;2026-01-02 09:02:45;CO2_level;893;False
S0005;2026-01-02 09:02:45;ventilation;0.811;False
S0001;2026-01-02 09:03:00;temperature;20.005;False
S0004;2026-01-02 09:03:00;CO2_level;830;False
S0007;2026-01-02 09:03:00;temperature;20.211;False
S0005;2026-01-02 09:03:00;ventilation;0.963;False
S0009;2026-01-02 09:03:00;humidity;62.749;False
S0010;2026-01-02 09:03:00;CO2_level;296;True
S0003;2026-01-02 09:03:00;humidity;65.672;False
S0011;2026-01-02 09:03:00;ventilation;0.768;False
S0005;2026-01-02 09:03:15;ventilation;0.755;False
S0004;2026-01-02 09:03:15;CO2_level;971;False
S0011;2026-01-02 09:03:15;ventilation;0.595;False
S0010;2026-01-02 09:03:15;CO2_level;1074;False
S0001;2026-01-02 09:03:15;temperature;16.973;False
S0007;2026-01-02 09:03:15;temperature;15.023;False
S0009;2026-01-02 09:03:30;humidity;61.278;False
S0005;2026-01-02 09:03:30;ventilation;0.685;False
S0004;2026-01-02 09:03:30;CO2_level;649;False
S0001;2026-01-02 09:03:30;temperature;16.569;False
S0007;2026-01-02 09:03:30;temperature;17.225;False
S0011;2026-01-02 09:03:30;ventilation;0.938;False
S0003;2026-01-02 09:03:30;humidity;65.414;False
S0010;2026-01-02 09:03:30;CO2_level;853;False
S0005;2026-01-02 09:03:45;ventilation;0.763;False
S0001;2026-01-02 09:03:45;temperature;8.991;True
S0007;2026-01-02 09:03:45;temperature;20.946;False
S0010;2026-01-02 09:03:45;CO2_level;951;False
S0011;2026-01-02 09:03:45;ventilation;0.771;False
S0004;2026-01-02 09:03:45;CO2_level;729;False
S0004;2026-01-02 09:04:00;CO2_level;688;False
S0011;2026-01-02 09:04:00;ventilation;0.574;False
S0007;2026-01-02 09:04:00;temperature;25.444;False
S0003;2026-01-02 09:04:00;humidity;62.091;False
S0001;2026-01-02 09:04:00;temperature;18.879;False
S0009;2026-01-02 09:04:00;humidity;64.544;False
S0005;2026-01-02 09:04:00;ventilation;0.791;False
S0010;2026-01-02 09:04:00;CO2_level;1027;False
S0004;2026-01-02 09:04:15;CO2_level;1125;False
S0005;2026-01-02 09:04:15;ventilation;0.768;False
S0010;2026-01-02 09:04:15;CO2_level;859;False
S0001;2026-01-02 09:04:15;temperature;15.077;False
S0007;2026-01-02 09:04:15;temperature;22.928;False
S0011;2026-01-02 09:04:15;ventilation;0.155;True
S0005;2026-01-02 09:04:30;ventilation;0.582;False
S0004;2026-01-02 09:04:30;CO2_level;1020;False
S0011;2026-01-02 09:04:30;ventilation;0.625;False
S0010;2026-01-02 09:04:30;CO2_level;1020;False
S0001;2026-01-02 09:04:30;temperature;23.813;False
S0007;2026-01-02 09:04:30;temperature;25.049;False
S0003;2026-01-02 09:04:30;humidity;63.761;False
S0009;2026-01-02 09:04:30;humidity;60.488;False
S0011;2026-01-02 09:04:45;ventilation;0.589;False
S0007;2026-01-02 09:04:45;temperature;16.345;False
S0005;2026-01-02 09:04:45;ventilation;0.536;False
S0010;2026-01-02 09:04:45;CO2_level;630;False
S0001;2026-01-02 09:04:45;temperature;25.561;False
S0004;2026-01-02 09:04:45;CO2_level;1112;False
S0011;2026-01-02 09:05:00;ventilation;0.516;False
S0010;2026-01-02 09:05:00;CO2_level;1173;False
S0005;2026-01-02 09:05:00;ventilation;1.638;True
S0003;2026-01-02 09:05:00;humidity;60.284;False
S0007;2026-01-02 09:05:00;temperature;23.999;False
S0001;2026-01-02 09:05:00;temperature;23.975;False
S0009;2026-01-02 09:05:00;humidity;65.31;False
S0004;2026-01-02 09:05:00;CO2_level;999;False
S0004;2026-01-02 09:05:15;CO2_level;1139;False
S0011;2026-01-02 09:05:15;ventilation;0.849;False
S0001;2026-01-02 09:05:15;temperature;23.355;False
S0010;2026-01-02 09:05:15;CO2_level;1198;False
S0005;2026-01-02 09:05:15;ventilation;0.665;False
S0007;2026-01-02 09:05:15;temperature;19.185;False
S0001;2026-01-02 09:05:30;temperature;17.416;False
S0003;2026-01-02 09:05:30;humidity;68.211;False
S0004;2026-01-02 09:05:30;CO2_level;848;False
S0011;2026-01-02 09:05:30;ventilation;0.795;False
S0007;2026-01-02 09:05:30;temperature;22.234;False
S0009;2026-01-02 09:05:30;humidity;62.122;False
S0005;2026-01-02 09:05:30;ventilation;0.501;False
S0010;2026-01-02 09:05:30;CO2_level;937;False
S0001;2026-01-02 09:05:45;temperature;3.741;True
S0011;2026-01-02 09:05:45;ventilation;0.987;False
S0005;2026-01-02 09:05:45;ventilation;0.904;False
S0004;2026-01-02 09:05:45;CO2_level;954;False
S0007;2026-01-02 09:05:45;temperature;17.098;False
S0010;2026-01-02 09:05:45;CO2_level;1141;False
S0003;2026-01-02 09:06:00;humidity;63.094;False
S0001;2026-01-02 09:06:00;temperature;23.788;False
S0011;2026-01-02 09:06:00;ventilation;0.622;False
S0010;2026-01-02 09:06:00;CO2_level;1178;False
S0005;2026-01-02 09:06:00;ventilation;0.6;False
S0009;2026-01-02 09:06:00;humidity;64.449;False
S0007;2026-01-02 09:06:00;temperature;3.367;True
S0004;2026-01-02 09:06:00;CO2_level;1004;False
S0005;2026-01-02 09:06:15;ventilation;0.592;False
S0011;2026-01-02 09:06:15;ventilation;0.998;False
S0001;2026-01-02 09:06:15;temperature;19.042;False
S0004;2026-01-02 09:06:15;CO2_level;314;True
S0010;2026-01-02 09:06:15;CO2_level;325;True
S0007;2026-01-02 09:06:15;temperature;21.994;False
S0001;2026-01-02 09:06:30;temperature;19.284;False
S0009;2026-01-02 09:06:30;humidity;65.961;False
S0011;2026-01-02 09:06:30;ventilation;0.954;False
S0010;2026-01-02 09:06:30;CO2_level;687;False
S0007;2026-01-02 09:06:30;temperature;22.692;False
S0004;2026-01-02 09:06:30;CO2_level;832;False
S0005;2026-01-02 09:06:30;ventilation;0.684;False
S0003;2026-01-02 09:06:30;humidity;65.252;False
S0011;2026-01-02 09:06:45;ventilation;0.852;False
S0007;2026-01-02 09:06:45;temperature;11.161;True
S0004;2026-01-02 09:06:45;CO2_level;1166;False
S0005;2026-01-02 09:06:45;ventilation;0.692;False
S0001;2026-01-02 09:06:45;temperature;16.616;False
S0010;2026-01-02 09:06:45;CO2_level;659;False
S0011;2026-01-02 09:07:00;ventilation;0.79;False
S0004;2026-01-02 09:07:00;CO2_level;784;False
S0001;2026-01-02 09:07:00;temperature;23.284;False
S0010;2026-01-02 09:07:00;CO2_level;1031;False
S0007;2026-01-02 09:07:00;temperature;18.12;False
S0003;2026-01-02 09:07:00;humidity;69.945;False
S0005;2026-01-02 09:07:00;ventilation;0.606;False
S0009;2026-01-02 09:07:00;humidity;60.909;False
S0005;2026-01-02 09:07:15;ventilation;0.665;False
S0004;2026-01-02 09:07:15;CO2_level;824;False
S0010;2026-01-02 09:07:15;CO2_level;1082;False
S0007;2026-01-02 09:07:15;temperature;18.715;False
S0001;2026-01-02 09:07:15;temperature;26.163;False
S0011;2026-01-02 09:07:15;ventilation;0.686;False
S0009;2026-01-02 09:07:30;humidity;67.093;False
S0005;2026-01-02 09:07:30;ventilation;0.604;False
S0004;2026-01-02 09:07:30;CO2_level;562;True
S0011;2026-01-02 09:07:30;ventilation;0.937;False
S0003;2026-01-02 09:07:30;humidity;69.558;False
S0001;2026-01-02 09:07:30;temperature;21.749;False
S0007;2026-01-02 09:07:30;temperature;24.478;False
S0010;2026-01-02 09:07:30;CO2_level;1160;False
S0005;2026-01-02 09:07:45;ventilation;0.666;False
S0007;2026-01-02 09:07:45;temperature;18.025;False
S0011;2026-01-02 09:07:45;ventilation;0.855;False
S0001;2026-01-02 09:07:45;temperature;28.911;True
S0004;2026-01-02 09:07:45;CO2_level;922;False
S0010;2026-01-02 09:07:45;CO2_level;994;False
S0011;2026-01-02 09:08:00;ventilation;0.903;False
S0010;2026-01-02 09:08:00;CO2_level;757;False
S0005;2026-01-02 09:08:00;ventilation;0.788;False
S0004;2026-01-02 09:08:00;CO2_level;951;False
S0007;2026-01-02 09:08:00;temperature;18.829;False
S0009;2026-01-02 09:08:00;humidity;63.803;False
S0003;2026-01-02 09:08:00;humidity;68.299;False
S0001;2026-01-02 09:08:00;temperature;26.684;False
S0005;2026-01-02 09:08:15;ventilation;0.855;False
S0004;2026-01-02 09:08:15;CO2_level;875;False
S0007;2026-01-02 09:08:15;temperature;17.085;False
S0010;2026-01-02 09:08:15;CO2_level;505;True
S0011;2026-01-02 09:08:15;ventilation;0.662;False
S0001;2026-01-02 09:08:15;temperature;16.348;False
S0001;2026-01-02 09:08:30;temperature;25.837;False
S0007;2026-01-02 09:08:30;temperature;19.144;False
S0011;2026-01-02 09:08:30;ventilation;0.903;False
S0003;2026-01-02 09:08:30;humidity;63.013;False
S0009;2026-01-02 09:08:30;humidity;65.425;False
S0004;2026-01-02 09:08:30;CO2_level;629;False
S0010;2026-01-02 09:08:30;CO2_level;725;False
S0005;2026-01-02 09:08:30;ventilation;0.568;False
S0001;2026-01-02 09:08:45;temperature;15.941;False
S0011;2026-01-02 09:08:45;ventilation;1.35;True
S0010;2026-01-02 09:08:45;CO2_level;821;False
S0005;2026-01-02 09:08:45;ventilation;0.713;False
S0004;2026-01-02 09:08:45;CO2_level;1232;True
S0007;2026-01-02 09:08:45;temperature;21.664;False
S0009;2026-01-02 09:09:00;humidity;64.555;False
S0010;2026-01-02 09:09:00;CO2_level;1182;False
S0007;2026-01-02 09:09:00;temperature;24.661;False
S0003;2026-01-02 09:09:00;humidity;68.9;False
S0011;2026-01-02 09:09:00;ventilation;0.699;False
S0001;2026-01-02 09:09:00;temperature;21.978;False
S0005;2026-01-02 09:09:00;ventilation;0.889;False
S0004;2026-01-02 09:09:00;CO2_level;1138;False
S0004;2026-01-02 09:09:15;CO2_level;901;False
S0005;2026-01-02 09:09:15;ventilation;0.537;False
S0007;2026-01-02 09:09:15;temperature;22.521;False
S0001;2026-01-02 09:09:15;temperature;24.888;False
S0011;2026-01-02 09:09:15;ventilation;0.503;False
S0010;2026-01-02 09:09:15;CO2_level;1037;False
S0009;2026-01-02 09:09:30;humidity;62.443;False
S0005;2026-01-02 09:09:30;ventilation;0.543;False
S0001;2026-01-02 09:09:30;temperature;24.207;False
S0003;2026-01-02 09:09:30;humidity;69.236;False
S0011;2026-01-02 09:09:30;ventilation;0.688;False
S0010;2026-01-02 09:09:30;CO2_level;1012;False
S0004;2026-01-02 09:09:30;CO2_level;841;False
S0007;2026-01-02 09:09:30;temperature;15.129;False
S0010;2026-01-02 09:09:45;CO2_level;988;False
S0011;2026-01-02 09:09:45;ventilation;0.314;True
S0004;2026-01-02 09:09:45;CO2_level;627;False
S0005;2026-01-02 09:09:45;ventilation;0.908;False
S0001;2026-01-02 09:09:45;temperature;22.256;False
S0007;2026-01-02 09:09:45;temperature;15.356;False
S0003;2026-01-02 09:10:00;humidity;62.054;False
S0005;2026-01-02 09:10:00;ventilation;0.619;False
S0009;2026-01-02 09:10:00;humidity;67.002;False
S0007;2026-01-02 09:10:00;temperature;16.027;False
S0004;2026-01-02 09:10:00;CO2_level;833;False
S0011;2026-01-02 09:10:00;ventilation;0.556;False
S0010;2026-01-02 09:10:00;CO2_level;922;False
S0001;2026-01-02 09:10:00;temperature;25.393;False
S0005;2026-01-02 09:10:15;ventilation;0.822;False
S0011;2026-01-02 09:10:15;ventilation;0.993;False
S0004;2026-01-02 09:10:15;CO2_level;1178;False
S0010;2026-01-02 09:10:15;CO2_level;728;False
S0001;2026-01-02 09:10:15;temperature;25.07;False
S0007;2026-01-02 09:10:15;temperature;21.289;False
S0001;2026-01-02 09:10:30;temperature;19.891;False
S0004;2026-01-02 09:10:30;CO2_level;975;False
S0007;2026-01-02 09:10:30;temperature;15.502;False
S0003;2026-01-02 09:10:30;humidity;66.916;False
S0005;2026-01-02 09:10:30;ventilation;1.913;True
S0011;2026-01-02 09:10:30;ventilation;1.757;True
S0010;2026-01-02 09:10:30;CO2_level;809;False
S0009;2026-01-02 09:10:30;humidity;68.796;False
S0005;2026-01-02 09:10:45;ventilation;0.488;True
S0011;2026-01-02 09:10:45;ventilation;0.66;False
S0007;2026-01-02 09:10:45;temperature;20.331;False
S0004;2026-01-02 09:10:45;CO2_level;1067;False
S0001;2026-01-02 09:10:45;temperature;26.407;False
S0010;2026-01-02 09:10:45;CO2_level;994;False
S0003;2026-01-02 09:11:00;humidity;62.187;False
S0005;2026-01-02 09:11:00;ventilation;0.861;False
S0007;2026-01-02 09:11:00;temperature;22.724;False
S0001;2026-01-02 09:11:00;temperature;25.349;False
S0004;2026-01-02 09:11:00;CO2_level;801;False
S0011;2026-01-02 09:11:00;ventilation;0.96;False
S0009;2026-01-02 09:11:00;humidity;68.496;False
S0010;2026-01-02 09:11:00;CO2_level;1079;False
S0005;2026-01-02 09:11:15;ventilation;0.639;False
S0007;2026-01-02 09:11:15;temperature;25.742;False
S0010;2026-01-02 09:11:15;CO2_level;875;False
S0011;2026-01-02 09:11:15;ventilation;0.979;False
S0004;2026-01-02 09:11:15;CO2_level;1074;False
S0001;2026-01-02 09:11:15;temperature;22.402;False
S0010;2026-01-02 09:11:30;CO2_level;683;False
S0011;2026-01-02 09:11:30;ventilation;0.703;False
S0005;2026-01-02 09:11:30;ventilation;0.786;False
S0009;2026-01-02 09:11:30;humidity;66.805;False
S0001;2026-01-02 09:11:30;temperature;21.574;False
S0003;2026-01-02 09:11:30;humidity;63.228;False
S0004;2026-01-02 09:11:30;CO2_level;981;False
S0007;2026-01-02 09:11:30;temperature;17.7;False
S0007;2026-01-02 09:11:45;temperature;20.653;False
S0005;2026-01-02 09:11:45;ventilation;0.591;False
S0001;2026-01-02 09:11:45;temperature;23.529;False
S0011;2026-01-02 09:11:45;ventilation;0.513;False
S0010;2026-01-02 09:11:45;CO2_level;997;False
S0004;2026-01-02 09:11:45;CO2_level;825;False
S0007;2026-01-02 09:12:00;temperature;21.895;False
S0004;2026-01-02 09:12:00;CO2_level;820;False
S0003;2026-01-02 09:12:00;humidity;64.416;False
S0005;2026-01-02 09:12:00;ventilation;0.741;False
S0001;2026-01-02 09:12:00;temperature;20.27;False
S0011;2026-01-02 09:12:00;ventilation;1.582;True
S0010;2026-01-02 09:12:00;CO2_level;1052;False
S0009;2026-01-02 09:12:00;humidity;null;True
S0010;2026-01-02 09:12:15;CO2_level;909;False
S0011;2026-01-02 09:12:15;ventilation;0.842;False
S0007;2026-01-02 09:12:15;temperature;22.519;False
S0005;2026-01-02 09:12:15;ventilation;1.0;False
S0001;2026-01-02 09:12:15;temperature;25.292;False
S0004;2026-01-02 09:12:15;CO2_level;636;False
S0005;2026-01-02 09:12:30;ventilation;0.849;False
S0004;2026-01-02 09:12:30;CO2_level;1136;False
S0010;2026-01-02 09:12:30;CO2_level;621;False
S0003;2026-01-02 09:12:30;humidity;65.539;False
S0001;2026-01-02 09:12:30;temperature;20.406;False
S0009;2026-01-02 09:12:30;humidity;64.437;False
S0011;2026-01-02 09:12:30;ventilation;0.687;False
S0007;2026-01-02 09:12:30;temperature;24.076;False
S0004;2026-01-02 09:12:45;CO2_level;1105;False
S0005;2026-01-02 09:12:45;ventilation;0.84;False
S0010;2026-01-02 09:12:45;CO2_level;1188;False
S0001;2026-01-02 09:12:45;temperature;19.176;False
S0011;2026-01-02 09:12:45;ventilation;0.596;False
S0007;2026-01-02 09:12:45;temperature;22.744;False
S0007;2026-01-02 09:13:00;temperature;21.988;False
S0011;2026-01-02 09:13:00;ventilation;0.627;False
S0010;2026-01-02 09:13:00;CO2_level;996;False
S0001;2026-01-02 09:13:00;temperature;17.915;False
S0005;2026-01-02 09:13:00;ventilation;0.938;False
S0009;2026-01-02 09:13:00;humidity;69.641;False
S0003;2026-01-02 09:13:00;humidity;66.896;False
S0004;2026-01-02 09:13:00;CO2_level;992;False
S0005;2026-01-02 09:13:15;ventilation;0.647;False
S0001;2026-01-02 09:13:15;temperature;19.37;False
S0004;2026-01-02 09:13:15;CO2_level;625;False
S0007;2026-01-02 09:13:15;temperature;18.291;False
S0011;2026-01-02 09:13:15;ventilation;0.599;False
S0010;2026-01-02 09:13:15;CO2_level;721;False
S0001;2026-01-02 09:13:30;temperature;24.719;False
S0007;2026-01-02 09:13:30;temperature;24.843;False
S0003;2026-01-02 09:13:30;humidity;69.923;False
S0011;2026-01-02 09:13:30;ventilation;0.928;False
S0005;2026-01-02 09:13:30;ventilation;0.755;False
S0009;2026-01-02 09:13:30;humidity;60.323;False
S0010;2026-01-02 09:13:30;CO2_level;1132;False
S0004;2026-01-02 09:13:30;CO2_level;627;False
S0010;2026-01-02 09:13:45;CO2_level;651;False
S0001;2026-01-02 09:13:45;temperature;null;True
S0004;2026-01-02 09:13:45;CO2_level;853;False
S0011;2026-01-02 09:13:45;ventilation;0.943;False
S0007;2026-01-02 09:13:45;temperature;22.72;False
S0005;2026-01-02 09:13:45;ventilation;0.539;False
S0001;2026-01-02 09:14:00;temperature;23.698;False
S0007;2026-01-02 09:14:00;temperature;17.995;False
S0003;2026-01-02 09:14:00;humidity;63.391;False
S0011;2026-01-02 09:14:00;ventilation;0.796;False
S0009;2026-01-02 09:14:00;humidity;61.817;False
S0010;2026-01-02 09:14:00;CO2_level;655;False
S0005;2026-01-02 09:14:00;ventilation;0.731;False
S0004;2026-01-02 09:14:00;CO2_level;1201;True
S0005;2026-01-02 09:14:15;ventilation;0.666;False
S0007;2026-01-02 09:14:15;temperature;25.476;False
S0004;2026-01-02 09:14:15;CO2_level;673;False
S0010;2026-01-02 09:14:15;CO2_level;1125;False
S0011;2026-01-02 09:14:15;ventilation;0.814;False
S0001;2026-01-02 09:14:15;temperature;23.608;False
S0004;2026-01-02 09:14:30;CO2_level;826;False
S0009;2026-01-02 09:14:30;humidity;61.815;False
S0005;2026-01-02 09:14:30;ventilation;0.548;False
S0007;2026-01-02 09:14:30;temperature;23.904;False
S0001;2026-01-02 09:14:30;temperature;24.963;False
S0010;2026-01-02 09:14:30;CO2_level;869;False
S0011;2026-01-02 09:14:30;ventilation;0.795;False
S0003;2026-01-02 09:14:30;humidity;62.451;False
S0004;2026-01-02 09:14:45;CO2_level;1094;False
S0007;2026-01-02 09:14:45;temperature;20.729;False
S0010;2026-01-02 09:14:45;CO2_level;927;False
S0001;2026-01-02 09:14:45;temperature;null;True
S0011;2026-01-02 09:14:45;ventilation;0.627;False
S0005;2026-01-02 09:14:45;ventilation;1.929;True
S0009;2026-01-02 09:15:00;humidity;69.561;False
S0007;2026-01-02 09:15:00;temperature;15.568;False
S0004;2026-01-02 09:15:00;CO2_level;1041;False
S0010;2026-01-02 09:15:00;CO2_level;898;False
S0005;2026-01-02 09:15:00;ventilation;0.728;False
S0011;2026-01-02 09:15:00;ventilation;0.721;False
S0003;2026-01-02 09:15:00;humidity;59.824;True
S0001;2026-01-02 09:15:00;temperature;23.611;False
S0005;2026-01-02 09:15:15;ventilation;0.529;False
S0004;2026-01-02 09:15:15;CO2_level;618;False
S0011;2026-01-02 09:15:15;ventilation;0.513;False
S0007;2026-01-02 09:15:15;temperature;22.46;False
S0001;2026-01-02 09:15:15;temperature;29.25;True
S0010;2026-01-02 09:15:15;CO2_level;915;False
S0011;2026-01-02 09:15:30;ventilation;0.634;False
S0001;2026-01-02 09:15:30;temperature;15.635;False
S0010;2026-01-02 09:15:30;CO2_level;748;False
S0005;2026-01-02 09:15:30;ventilation;0.661;False
S0003;2026-01-02 09:15:30;humidity;62.578;False
S0004;2026-01-02 09:15:30;CO2_level;672;False
S0007;2026-01-02 09:15:30;temperature;22.459;False
S0009;2026-01-02 09:15:30;humidity;68.485;False
S0004;2026-01-02 09:15:45;CO2_level;961;False
S0001;2026-01-02 09:15:45;temperature;22.605;False
S0011;2026-01-02 09:15:45;ventilation;0.689;False
S0007;2026-01-02 09:15:45;temperature;-1.701;True
S0005;2026-01-02 09:15:45;ventilation;0.656;False
S0010;2026-01-02 09:15:45;CO2_level;1064;False
S0001;2026-01-02 09:16:00;temperature;22.249;False
S0009;2026-01-02 09:16:00;humidity;64.047;False
S0003;2026-01-02 09:16:00;humidity;67.452;False
S0011;2026-01-02 09:16:00;ventilation;0.881;False
S0010;2026-01-02 09:16:00;CO2_level;920;False
S0005;2026-01-02 09:16:00;ventilation;0.585;False
S0004;2026-01-02 09:16:00;CO2_level;1000;False
S0007;2026-01-02 09:16:00;temperature;22.515;False
S0001;2026-01-02 09:16:15;temperature;15.829;False
S0011;2026-01-02 09:16:15;ventilation;0.807;False
S0010;2026-01-02 09:16:15;CO2_level;749;False
S0007;2026-01-02 09:16:15;temperature;19.223;False
S0004;2026-01-02 09:16:15;CO2_level;845;False
S0005;2026-01-02 09:16:15;ventilation;null;True
S0004;2026-01-02 09:16:30;CO2_level;745;False
S0003;2026-01-02 09:16:30;humidity;61.404;False
S0010;2026-01-02 09:16:30;CO2_level;835;False
S0011;2026-01-02 09:16:30;ventilation;0.543;False
S0007;2026-01-02 09:16:30;temperature;15.119;False
S0001;2026-01-02 09:16:30;temperature;19.578;False
S0009;2026-01-02 09:16:30;humidity;60.654;False
S0005;2026-01-02 09:16:30;ventilation;0.793;False
S0005;2026-01-02 09:16:45;ventilation;1.531;True
S0001;2026-01-02 09:16:45;temperature;19.432;False
S0004;2026-01-02 09:16:45;CO2_level;992;False
S0010;2026-01-02 09:16:45;CO2_level;740;False
S0011;2026-01-02 09:16:45;ventilation;1.846;True
S0007;2026-01-02 09:16:45;temperature;19.795;False
S0007;2026-01-02 09:17:00;temperature;15.242;False
S0001;2026-01-02 09:17:00;temperature;25.118;False
S0003;2026-01-02 09:17:00;humidity;60.574;False
S0004;2026-01-02 09:17:00;CO2_level;975;False
S0010;2026-01-02 09:17:00;CO2_level;1084;False
S0009;2026-01-02 09:17:00;humidity;69.119;False
S0011;2026-01-02 09:17:00;ventilation;0.544;False
S0005;2026-01-02 09:17:00;ventilation;0.845;False
S0001;2026-01-02 09:17:15;temperature;18.861;False
S0004;2026-01-02 09:17:15;CO2_level;639;False
S0010;2026-01-02 09:17:15;CO2_level;1072;False
S0005;2026-01-02 09:17:15;ventilation;0.721;False
S0011;2026-01-02 09:17:15;ventilation;0.513;False
S0007;2026-01-02 09:17:15;temperature;22.797;False
S0004;2026-01-02 09:17:30;CO2_level;737;False
S0010;2026-01-02 09:17:30;CO2_level;625;False
S0001;2026-01-02 09:17:30;temperature;25.672;False
S0007;2026-01-02 09:17:30;temperature;26.591;False
S0005;2026-01-02 09:17:30;ventilation;0.886;False
S0003;2026-01-02 09:17:30;humidity;61.994;False
S0011;2026-01-02 09:17:30;ventilation;0.588;False
S0009;2026-01-02 09:17:30;humidity;69.825;False
S0010;2026-01-02 09:17:45;CO2_level;953;False
S0005;2026-01-02 09:17:45;ventilation;1.938;True
S0011;2026-01-02 09:17:45;ventilation;0.737;False
S0007;2026-01-02 09:17:45;temperature;21.751;False
S0001;2026-01-02 09:17:45;temperature;21.137;False
S0004;2026-01-02 09:17:45;CO2_level;932;False
S0011;2026-01-02 09:18:00;ventilation;0.89;False
S0010;2026-01-02 09:18:00;CO2_level;698;False
S0009;2026-01-02 09:18:00;humidity;68.614;False
S0007;2026-01-02 09:18:00;temperature;25.648;False
S0004;2026-01-02 09:18:00;CO2_level;318;True
S0005;2026-01-02 09:18:00;ventilation;0.861;False
S0003;2026-01-02 09:18:00;humidity;62.27;False
S0001;2026-01-02 09:18:00;temperature;17.209;False
S0007;2026-01-02 09:18:15;temperature;30.821;True
S0011;2026-01-02 09:18:15;ventilation;0.62;False
S0010;2026-01-02 09:18:15;CO2_level;924;False
S0004;2026-01-02 09:18:15;CO2_level;718;False
S0001;2026-01-02 09:18:15;temperature;16.3;False
S0005;2026-01-02 09:18:15;ventilation;0.828;False
S0010;2026-01-02 09:18:30;CO2_level;780;False
S0003;2026-01-02 09:18:30;humidity;66.251;False
S0009;2026-01-02 09:18:30;humidity;60.932;False
S0007;2026-01-02 09:18:30;temperature;18.599;False
S0011;2026-01-02 09:18:30;ventilation;0.854;False
S0001;2026-01-02 09:18:30;temperature;24.536;False
S0004;2026-01-02 09:18:30;CO2_level;898;False
S0005;2026-01-02 09:18:30;ventilation;0.777;False
S0004;2026-01-02 09:18:45;CO2_level;1125;False
S0010;2026-01-02 09:18:45;CO2_level;752;False
S0011;2026-01-02 09:18:45;ventilation;0.873;False
S0001;2026-01-02 09:18:45;temperature;21.851;False
S0007;2026-01-02 09:18:45;temperature;22.363;False
S0005;2026-01-02 09:18:45;ventilation;0.784;False
S0007;2026-01-02 09:19:00;temperature;19.454;False
S0004;2026-01-02 09:19:00;CO2_level;1155;False
S0009;2026-01-02 09:19:00;humidity;64.662;False
S0001;2026-01-02 09:19:00;temperature;24.401;False
S0005;2026-01-02 09:19:00;ventilation;0.553;False
S0010;2026-01-02 09:19:00;CO2_level;738;False
S0003;2026-01-02 09:19:00;humidity;63.205;False
S0011;2026-01-02 09:19:00;ventilation;0.718;False
S0004;2026-01-02 09:19:15;CO2_level;821;False
S0005;2026-01-02 09:19:15;ventilation;0.52;False
S0010;2026-01-02 09:19:15;CO2_level;958;False
S0007;2026-01-02 09:19:15;temperature;30.209;True
S0001;2026-01-02 09:19:15;temperature;16.514;False
S0011;2026-01-02 09:19:15;ventilation;0.824;False
S0001;2026-01-02 09:19:30;temperature;23.334;False
S0009;2026-01-02 09:19:30;humidity;66.824;False
S0011;2026-01-02 09:19:30;ventilation;0.596;False
S0004;2026-01-02 09:19:30;CO2_level;1050;False
S0005;2026-01-02 09:19:30;ventilation;0.816;False
S0007;2026-01-02 09:19:30;temperature;23.14;False
S0010;2026-01-02 09:19:30;CO2_level;877;False
S0003;2026-01-02 09:19:30;humidity;67.256;False
S0010;2026-01-02 09:19:45;CO2_level;646;False
S0007;2026-01-02 09:19:45;temperature;19.792;False
S0001;2026-01-02 09:19:45;temperature;22.283;False
S0004;2026-01-02 09:19:45;CO2_level;615;False
S0005;2026-01-02 09:19:45;ventilation;0.661;False
S0011;2026-01-02 09:19:45;ventilation;0.55;False
S0005;2026-01-02 09:20:00;ventilation;null;True
S0007;2026-01-02 09:20:00;temperature;17.938;False
S0009;2026-01-02 09:20:00;humidity;67.604;False
S0011;2026-01-02 09:20:00;ventilation;0.99;False
S0001;2026-01-02 09:20:00;temperature;15.98;False
S0010;2026-01-02 09:20:00;CO2_level;929;False
S0004;2026-01-02 09:20:00;CO2_level;776;False
S0003;2026-01-02 09:20:00;humidity;66.688;False
S0007;2026-01-02 09:20:15;temperature;20.287;False
S0011;2026-01-02 09:20:15;ventilation;0.575;False
S0010;2026-01-02 09:20:15;CO2_level;1080;False
S0004;2026-01-02 09:20:15;CO2_level;1091;False
S0005;2026-01-02 09:20:15;ventilation;0.752;False
S0001;2026-01-02 09:20:15;temperature;16.239;False
S0001;2026-01-02 09:20:30;temperature;20.597;False
S0005;2026-01-02 09:20:30;ventilation;0.936;False
S0010;2026-01-02 09:20:30;CO2_level;618;False
S0009;2026-01-02 09:20:30;humidity;61.1;False
S0011;2026-01-02 09:20:30;ventilation;0.827;False
S0004;2026-01-02 09:20:30;CO2_level;null;True
S0007;2026-01-02 09:20:30;temperature;26.819;False
S0003;2026-01-02 09:20:30;humidity;12.799;True
S0005;2026-01-02 09:20:45;ventilation;0.807;False
S0004;2026-01-02 09:20:45;CO2_level;1037;False
S0001;2026-01-02 09:20:45;temperature;22.223;False
S0010;2026-01-02 09:20:45;CO2_level;965;False
S0007;2026-01-02 09:20:45;temperature;24.742;False
S0011;2026-01-02 09:20:45;ventilation;0.857;False
S0004;2026-01-02 09:21:00;CO2_level;782;False
S0001;2026-01-02 09:21:00;temperature;25.036;False
S0005;2026-01-02 09:21:00;ventilation;0.904;False
S0011;2026-01-02 09:21:00;ventilation;0.552;False
S0009;2026-01-02 09:21:00;humidity;64.386;False
S0007;2026-01-02 09:21:00;temperature;26.878;False
S0010;2026-01-02 09:21:00;CO2_level;704;False
S0003;2026-01-02 09:21:00;humidity;69.686;False
S0010;2026-01-02 09:21:15;CO2_level;748;False
S0011;2026-01-02 09:21:15;ventilation;0.75;False
S0004;2026-01-02 09:21:15;CO2_level;659;False
S0001;2026-01-02 09:21:15;temperature;25.581;False
S0005;2026-01-02 09:21:15;ventilation;0.73;False
S0007;2026-01-02 09:21:15;temperature;24.441;False
S0011;2026-01-02 09:21:30;ventilation;0.843;False
S0001;2026-01-02 09:21:30;temperature;22.458;False
S0007;2026-01-02 09:21:30;temperature;16.886;False
S0004;2026-01-02 09:21:30;CO2_level;1156;False
S0009;2026-01-02 09:21:30;humidity;65.361;False
S0005;2026-01-02 09:21:30;ventilation;0.615;False
S0003;2026-01-02 09:21:30;humidity;null;True
S0010;2026-01-02 09:21:30;CO2_level;1056;False
S0011;2026-01-02 09:21:45;ventilation;0.637;False
S0005;2026-01-02 09:21:45;ventilation;0.816;False
S0001;2026-01-02 09:21:45;temperature;21.82;False
S0010;2026-01-02 09:21:45;CO2_level;815;False
S0004;2026-01-02 09:21:45;CO2_level;866;False
S0007;2026-01-02 09:21:45;temperature;22.193;False
S0001;2026-01-02 09:22:00;temperature;20.745;False
S0011;2026-01-02 09:22:00;ventilation;0.53;False
S0004;2026-01-02 09:22:00;CO2_level;1075;False
S0007;2026-01-02 09:22:00;temperature;24.729;False
S0010;2026-01-02 09:22:00;CO2_level;844;False
S0009;2026-01-02 09:22:00;humidity;63.609;False
S0003;2026-01-02 09:22:00;humidity;61.831;False
S0005;2026-01-02 09:22:00;ventilation;0.969;False
S0004;2026-01-02 09:22:15;CO2_level;1174;False
S0001;2026-01-02 09:22:15;temperature;22.193;False
S0011;2026-01-02 09:22:15;ventilation;0.521;False
S0007;2026-01-02 09:22:15;temperature;16.964;False
S0005;2026-01-02 09:22:15;ventilation;0.647;False
S0010;2026-01-02 09:22:15;CO2_level;619;False
S0004;2026-01-02 09:22:30;CO2_level;1117;False
S0011;2026-01-02 09:22:30;ventilation;0.82;False
S0001;2026-01-02 09:22:30;temperature;23.471;False
S0010;2026-01-02 09:22:30;CO2_level;628;False
S0009;2026-01-02 09:22:30;humidity;60.111;False
S0003;2026-01-02 09:22:30;humidity;69.042;False
S0007;2026-01-02 09:22:30;temperature;26.343;False
S0005;2026-01-02 09:22:30;ventilation;0.004;True
S0005;2026-01-02 09:22:45;ventilation;0.791;False
S0011;2026-01-02 09:22:45;ventilation;0.736;False
S0007;2026-01-02 09:22:45;temperature;20.46;False
S0001;2026-01-02 09:22:45;temperature;21.582;False
S0004;2026-01-02 09:22:45;CO2_level;634;False
S0010;2026-01-02 09:22:45;CO2_level;1064;False
S0009;2026-01-02 09:23:00;humidity;63.667;False
S0005;2026-01-02 09:23:00;ventilation;0.544;False
S0011;2026-01-02 09:23:00;ventilation;0.363;True
S0007;2026-01-02 09:23:00;temperature;25.337;False
S0004;2026-01-02 09:23:00;CO2_level;921;False
S0001;2026-01-02 09:23:00;temperature;22.447;False
S0010;2026-01-02 09:23:00;CO2_level;1101;False
S0003;2026-01-02 09:23:00;humidity;66.547;False
S0004;2026-01-02 09:23:15;CO2_level;1105;False
S0010;2026-01-02 09:23:15;CO2_level;1030;False
S0007;2026-01-02 09:23:15;temperature;18.045;False
S0005;2026-01-02 09:23:15;ventilation;0.752;False
S0001;2026-01-02 09:23:15;temperature;25.752;False
S0011;2026-01-02 09:23:15;ventilation;0.529;False
S0010;2026-01-02 09:23:30;CO2_level;674;False
S0005;2026-01-02 09:23:30;ventilation;0.712;False
S0001;2026-01-02 09:23:30;temperature;17.676;False
S0003;2026-01-02 09:23:30;humidity;66.919;False
S0009;2026-01-02 09:23:30;humidity;63.642;False
S0004;2026-01-02 09:23:30;CO2_level;860;False
S0007;2026-01-02 09:23:30;temperature;21.771;False
S0011;2026-01-02 09:23:30;ventilation;1.789;True
S0001;2026-01-02 09:23:45;temperature;26.222;False
S0005;2026-01-02 09:23:45;ventilation;0.537;False
S0004;2026-01-02 09:23:45;CO2_level;690;False
S0007;2026-01-02 09:23:45;temperature;22.65;False
S0011;2026-01-02 09:23:45;ventilation;0.521;False
S0010;2026-01-02 09:23:45;CO2_level;1039;False
S0011;2026-01-02 09:24:00;ventilation;null;True
S0004;2026-01-02 09:24:00;CO2_level;724;False
S0005;2026-01-02 09:24:00;ventilation;0.727;False
S0003;2026-01-02 09:24:00;humidity;68.591;False
S0007;2026-01-02 09:24:00;temperature;26.321;False
S0001;2026-01-02 09:24:00;temperature;18.712;False
S0010;2026-01-02 09:24:00;CO2_level;1191;False
S0009;2026-01-02 09:24:00;humidity;64.633;False
S0010;2026-01-02 09:24:15;CO2_level;1117;False
S0007;2026-01-02 09:24:15;temperature;25.375;False
S0004;2026-01-02 09:24:15;CO2_level;1140;False
S0001;2026-01-02 09:24:15;temperature;15.561;False
S0005;2026-01-02 09:24:15;ventilation;0.947;False
S0011;2026-01-02 09:24:15;ventilation;0.51;False
S0004;2026-01-02 09:24:30;CO2_level;606;False
S0010;2026-01-02 09:24:30;CO2_level;609;False
S0007;2026-01-02 09:24:30;temperature;24.975;False
S0003;2026-01-02 09:24:30;humidity;60.759;False
S0011;2026-01-02 09:24:30;ventilation;0.652;False
S0005;2026-01-02 09:24:30;ventilation;0.804;False
S0009;2026-01-02 09:24:30;humidity;69.948;False
S0001;2026-01-02 09:24:30;temperature;19.404;False
S0011;2026-01-02 09:24:45;ventilation;0.798;False
S0004;2026-01-02 09:24:45;CO2_level;1150;False
S0007;2026-01-02 09:24:45;temperature;18.89;False
S0005;2026-01-02 09:24:45;ventilation;0.781;False
S0001;2026-01-02 09:24:45;temperature;15.035;False
S0010;2026-01-02 09:24:45;CO2_level;1187;False
S0011;2026-01-02 09:25:00;ventilation;0.594;False
S0001;2026-01-02 09:25:00;temperature;29.078;True
S0004;2026-01-02 09:25:00;CO2_level;835;False
S0003;2026-01-02 09:25:00;humidity;61.232;False
S0007;2026-01-02 09:25:00;temperature;25.776;False
S0005;2026-01-02 09:25:00;ventilation;0.83;False
S0009;2026-01-02 09:25:00;humidity;63.731;False
S0010;2026-01-02 09:25:00;CO2_level;607;False
S0001;2026-01-02 09:25:15;temperature;25.133;False
S0011;2026-01-02 09:25:15;ventilation;0.824;False
S0004;2026-01-02 09:25:15;CO2_level;819;False
S0005;2026-01-02 09:25:15;ventilation;0.642;False
S0007;2026-01-02 09:25:15;temperature;21.847;False
S0010;2026-01-02 09:25:15;CO2_level;615;False
S0004;2026-01-02 09:25:30;CO2_level;786;False
S0005;2026-01-02 09:25:30;ventilation;0.784;False
S0001;2026-01-02 09:25:30;temperature;21.348;False
S0003;2026-01-02 09:25:30;humidity;64.624;False
S0007;2026-01-02 09:25:30;temperature;25.013;False
S0011;2026-01-02 09:25:30;ventilation;0.959;False
S0010;2026-01-02 09:25:30;CO2_level;703;False
S0009;2026-01-02 09:25:30;humidity;69.835;False
S0001;2026-01-02 09:25:45;temperature;2.472;True
S0007;2026-01-02 09:25:45;temperature;19.209;False
S0011;2026-01-02 09:25:45;ventilation;0.611;False
S0010;2026-01-02 09:25:45;CO2_level;666;False
S0005;2026-01-02 09:25:45;ventilation;0.888;False
S0004;2026-01-02 09:25:45;CO2_level;682;False
S0003;2026-01-02 09:26:00;humidity;63.56;False
S0001;2026-01-02 09:26:00;temperature;18.13;False
S0010;2026-01-02 09:26:00;CO2_level;884;False
S0007;2026-01-02 09:26:00;temperature;26.37;False
S0009;2026-01-02 09:26:00;humidity;62.924;False
S0011;2026-01-02 09:26:00;ventilation;0.795;False
S0004;2026-01-02 09:26:00;CO2_level;857;False
S0005;2026-01-02 09:26:00;ventilation;0.606;False
S0007;2026-01-02 09:26:15;temperature;25.162;False
S0004;2026-01-02 09:26:15;CO2_level;1172;False
S0010;2026-01-02 09:26:15;CO2_level;627;False
S0011;2026-01-02 09:26:15;ventilation;0.646;False
S0001;2026-01-02 09:26:15;temperature;19.225;False
S0005;2026-01-02 09:26:15;ventilation;0.532;False
S0009;2026-01-02 09:26:30;humidity;64.651;False
S0003;2026-01-02 09:26:30;humidity;64.218;False
S0005;2026-01-02 09:26:30;ventilation;0.75;False
S0004;2026-01-02 09:26:30;CO2_level;844;False
S0007;2026-01-02 09:26:30;temperature;18.577;False
S0001;2026-01-02 09:26:30;temperature;23.82;False
S0011;2026-01-02 09:26:30;ventilation;0.706;False
S0010;2026-01-02 09:26:30;CO2_level;798;False
S0001;2026-01-02 09:26:45;temperature;21.674;False
S0004;2026-01-02 09:26:45;CO2_level;781;False
S0005;2026-01-02 09:26:45;ventilation;0.814;False
S0010;2026-01-02 09:26:45;CO2_level;879;False
S0011;2026-01-02 09:26:45;ventilation;0.815;False
S0007;2026-01-02 09:26:45;temperature;null;True
S0011;2026-01-02 09:27:00;ventilation;0.744;False
S0001;2026-01-02 09:27:00;temperature;24.204;False
S0003;2026-01-02 09:27:00;humidity;60.2;False
S0005;2026-01-02 09:27:00;ventilation;0.685;False
S0004;2026-01-02 09:27:00;CO2_level;748;False
S0010;2026-01-02 09:27:00;CO2_level;751;False
S0009;2026-01-02 09:27:00;humidity;66.558;False
S0007;2026-01-02 09:27:00;temperature;17.452;False
S0001;2026-01-02 09:27:15;temperature;24.364;False
S0007;2026-01-02 09:27:15;temperature;16.41;False
S0010;2026-01-02 09:27:15;CO2_level;717;False
S0005;2026-01-02 09:27:15;ventilation;0.914;False
S0011;2026-01-02 09:27:15;ventilation;0.905;False
S0004;2026-01-02 09:27:15;CO2_level;600;False
S0011;2026-01-02 09:27:30;ventilation;0.557;False
S0007;2026-01-02 09:27:30;temperature;17.12;False
S0004;2026-01-02 09:27:30;CO2_level;959;False
S0003;2026-01-02 09:27:30;humidity;64.02;False
S0009;2026-01-02 09:27:30;humidity;66.245;False
S0001;2026-01-02 09:27:30;temperature;20.574;False
S0005;2026-01-02 09:27:30;ventilation;0.944;False
S0010;2026-01-02 09:27:30;CO2_level;1143;False
S0004;2026-01-02 09:27:45;CO2_level;1017;False
S0001;2026-01-02 09:27:45;temperature;15.429;False
S0010;2026-01-02 09:27:45;CO2_level;658;False
S0011;2026-01-02 09:27:45;ventilation;0.523;False
S0005;2026-01-02 09:27:45;ventilation;0.607;False
S0007;2026-01-02 09:27:45;temperature;20.579;False
S0011;2026-01-02 09:28:00;ventilation;0.605;False
S0001;2026-01-02 09:28:00;temperature;15.976;False
S0005;2026-01-02 09:28:00;ventilation;0.611;False
S0010;2026-01-02 09:28:00;CO2_level;752;False
S0009;2026-01-02 09:28:00;humidity;65.714;False
S0004;2026-01-02 09:28:00;CO2_level;878;False
S0007;2026-01-02 09:28:00;temperature;16.206;False
S0003;2026-01-02 09:28:00;humidity;69.431;False
S0010;2026-01-02 09:28:15;CO2_level;1021;False
S0004;2026-01-02 09:28:15;CO2_level;605;False
S0007;2026-01-02 09:28:15;temperature;24.847;False
S0001;2026-01-02 09:28:15;temperature;18.403;False
S0005;2026-01-02 09:28:15;ventilation;0.951;False
S0011;2026-01-02 09:28:15;ventilation;0.847;False
S0001;2026-01-02 09:28:30;temperature;16.117;False
S0011;2026-01-02 09:28:30;ventilation;0.73;False
S0010;2026-01-02 09:28:30;CO2_level;903;False
S0003;2026-01-02 09:28:30;humidity;62.684;False
S0007;2026-01-02 09:28:30;temperature;3.769;True
S0009;2026-01-02 09:28:30;humidity;68.487;False
S0004;2026-01-02 09:28:30;CO2_level;1163;False
S0005;2026-01-02 09:28:30;ventilation;0.914;False
S0001;2026-01-02 09:28:45;temperature;20.669;False
S0010;2026-01-02 09:28:45;CO2_level;931;False
S0007;2026-01-02 09:28:45;temperature;25.088;False
S0004;2026-01-02 09:28:45;CO2_level;350;True
S0011;2026-01-02 09:28:45;ventilation;0.817;False
S0005;2026-01-02 09:28:45;ventilation;1.335;True
S0003;2026-01-02 09:29:00;humidity;61.292;False
S0011;2026-01-02 09:29:00;ventilation;0.553;False
S0001;2026-01-02 09:29:00;temperature;23.939;False
S0009;2026-01-02 09:29:00;humidity;62.759;False
S0010;2026-01-02 09:29:00;CO2_level;1041;False
S0007;2026-01-02 09:29:00;temperature;15.971;False
S0005;2026-01-02 09:29:00;ventilation;0.984;False
S0004;2026-01-02 09:29:00;CO2_level;659;False
S0011;2026-01-02 09:29:15;ventilation;0.727;False
S0004;2026-01-02 09:29:15;CO2_level;920;False
S0007;2026-01-02 09:29:15;temperature;17.516;False
S0001;2026-01-02 09:29:15;temperature;18.15;False
S0010;2026-01-02 09:29:15;CO2_level;811;False
S0005;2026-01-02 09:29:15;ventilation;0.869;False
S0004;2026-01-02 09:29:30;CO2_level;756;False
S0005;2026-01-02 09:29:30;ventilation;0.797;False
S0011;2026-01-02 09:29:30;ventilation;0.676;False
S0001;2026-01-02 09:29:30;temperature;21.45;False
S0007;2026-01-02 09:29:30;temperature;22.19;False
S0010;2026-01-02 09:29:30;CO2_level;837;False
S0003;2026-01-02 09:29:30;humidity;66.701;False
S0009;2026-01-02 09:29:30;humidity;67.787;False
S0004;2026-01-02 09:29:45;CO2_level;765;False
S0010;2026-01-02 09:29:45;CO2_level;896;False
S0007;2026-01-02 09:29:45;temperature;25.617;False
S0011;2026-01-02 09:29:45;ventilation;0.717;False
S0005;2026-01-02 09:29:45;ventilation;0.773;False
S0001;2026-01-02 09:29:45;temperature;18.581;False
S0009;2026-01-02 09:30:00;humidity;60.006;False
S0003;2026-01-02 09:30:00;humidity;65.346;False
S0004;2026-01-02 09:30:00;CO2_level;957;False
S0007;2026-01-02 09:30:00;temperature;23.793;False
S0011;2026-01-02 09:30:00;ventilation;0.55;False
S0010;2026-01-02 09:30:00;CO2_level;996;False
S0001;2026-01-02 09:30:00;temperature;26.512;False
S0005;2026-01-02 09:30:00;ventilation;0.818;False
S0001;2026-01-02 09:30:15;temperature;15.261;False
S0011;2026-01-02 09:30:15;ventilation;0.626;False
S0004;2026-01-02 09:30:15;CO2_level;964;False
S0007;2026-01-02 09:30:15;temperature;18.928;False
S0005;2026-01-02 09:30:15;ventilation;0.689;False
S0010;2026-01-02 09:30:15;CO2_level;290;True
S0001;2026-01-02 09:30:30;temperature;26.143;False
S0007;2026-01-02 09:30:30;temperature;18.352;False
S0004;2026-01-02 09:30:30;CO2_level;1115;False
S0009;2026-01-02 09:30:30;humidity;62.457;False
S0010;2026-01-02 09:30:30;CO2_level;1120;False
S0003;2026-01-02 09:30:30;humidity;60.169;False
S0011;2026-01-02 09:30:30;ventilation;0.544;False
S0005;2026-01-02 09:30:30;ventilation;0.766;False
S0010;2026-01-02 09:30:45;CO2_level;992;False
S0005;2026-01-02 09:30:45;ventilation;0.586;False
S0001;2026-01-02 09:30:45;temperature;19.701;False
S0004;2026-01-02 09:30:45;CO2_level;690;False
S0011;2026-01-02 09:30:45;ventilation;0.789;False
S0007;2026-01-02 09:30:45;temperature;20.632;False
S0003;2026-01-02 09:31:00;humidity;61.711;False
S0005;2026-01-02 09:31:00;ventilation;0.56;False
S0009;2026-01-02 09:31:00;humidity;68.941;False
S0011;2026-01-02 09:31:00;ventilation;0.883;False
S0004;2026-01-02 09:31:00;CO2_level;588;True
S0001;2026-01-02 09:31:00;temperature;16.485;False
S0007;2026-01-02 09:31:00;temperature;22.273;False
S0010;2026-01-02 09:31:00;CO2_level;627;False
S0011;2026-01-02 09:31:15;ventilation;0.927;False
S0001;2026-01-02 09:31:15;temperature;20.72;False
S0010;2026-01-02 09:31:15;CO2_level;701;False
S0007;2026-01-02 09:31:15;temperature;18.233;False
S0005;2026-01-02 09:31:15;ventilation;0.973;False
S0004;2026-01-02 09:31:15;CO2_level;1164;False
S0005;2026-01-02 09:31:30;ventilation;0.606;False
S0007;2026-01-02 09:31:30;temperature;22.522;False
S0009;2026-01-02 09:31:30;humidity;68.674;False
S0011;2026-01-02 09:31:30;ventilation;0.697;False
S0010;2026-01-02 09:31:30;CO2_level;688;False
S0004;2026-01-02 09:31:30;CO2_level;917;False
S0001;2026-01-02 09:31:30;temperature;18.07;False
S0003;2026-01-02 09:31:30;humidity;69.467;False
S0001;2026-01-02 09:31:45;temperature;19.413;False
S0005;2026-01-02 09:31:45;ventilation;0.553;False
S0004;2026-01-02 09:31:45;CO2_level;632;False
S0011;2026-01-02 09:31:45;ventilation;0.72;False
S0010;2026-01-02 09:31:45;CO2_level;1131;False
S0007;2026-01-02 09:31:45;temperature;null;True
S0011;2026-01-02 09:32:00;ventilation;0.69;False
S0005;2026-01-02 09:32:00;ventilation;0.576;False
S0003;2026-01-02 09:32:00;humidity;61.417;False
S0001;2026-01-02 09:32:00;temperature;15.703;False
S0010;2026-01-02 09:32:00;CO2_level;1003;False
S0007;2026-01-02 09:32:00;temperature;16.439;False
S0004;2026-01-02 09:32:00;CO2_level;720;False
S0009;2026-01-02 09:32:00;humidity;60.358;False
S0007;2026-01-02 09:32:15;temperature;17.441;False
S0011;2026-01-02 09:32:15;ventilation;0.938;False
S0001;2026-01-02 09:32:15;temperature;20.311;False
S0010;2026-01-02 09:32:15;CO2_level;852;False
S0005;2026-01-02 09:32:15;ventilation;0.559;False
S0004;2026-01-02 09:32:15;CO2_level;1080;False
S0009;2026-01-02 09:32:30;humidity;68.892;False
S0001;2026-01-02 09:32:30;temperature;21.3;False
S0010;2026-01-02 09:32:30;CO2_level;965;False
S0011;2026-01-02 09:32:30;ventilation;0.928;False
S0004;2026-01-02 09:32:30;CO2_level;725;False
S0003;2026-01-02 09:32:30;humidity;69.686;False
S0005;2026-01-02 09:32:30;ventilation;0.976;False
S0007;2026-01-02 09:32:30;temperature;21.728;False
S0011;2026-01-02 09:32:45;ventilation;0.621;False
S0005;2026-01-02 09:32:45;ventilation;0.678;False
S0001;2026-01-02 09:32:45;temperature;24.597;False
S0010;2026-01-02 09:32:45;CO2_level;987;False
S0007;2026-01-02 09:32:45;temperature;15.927;False
S0004;2026-01-02 09:32:45;CO2_level;913;False
S0001;2026-01-02 09:33:00;temperature;null;True
S0007;2026-01-02 09:33:00;temperature;22.085;False
S0005;2026-01-02 09:33:00;ventilation;0.64;False
S0009;2026-01-02 09:33:00;humidity;64.431;False
S0011;2026-01-02 09:33:00;ventilation;0.936;False
S0004;2026-01-02 09:33:00;CO2_level;614;False
S0010;2026-01-02 09:33:00;CO2_level;1168;False
S0003;2026-01-02 09:33:00;humidity;63.516;False
S0005;2026-01-02 09:33:15;ventilation;0.593;False
S0010;2026-01-02 09:33:15;CO2_level;707;False
S0001;2026-01-02 09:33:15;temperature;26.344;False
S0007;2026-01-02 09:33:15;temperature;25.603;False
S0004;2026-01-02 09:33:15;CO2_level;751;False
S0011;2026-01-02 09:33:15;ventilation;0.827;False
S0001;2026-01-02 09:33:30;temperature;22.346;False
S0004;2026-01-02 09:33:30;CO2_level;1187;False
S0010;2026-01-02 09:33:30;CO2_level;1050;False
S0005;2026-01-02 09:33:30;ventilation;0.555;False
S0003;2026-01-02 09:33:30;humidity;64.922;False
S0011;2026-01-02 09:33:30;ventilation;0.745;False
S0009;2026-01-02 09:33:30;humidity;65.305;False
S0007;2026-01-02 09:33:30;temperature;22.576;False
S0001;2026-01-02 09:33:45;temperature;16.355;False
S0010;2026-01-02 09:33:45;CO2_level;995;False
S0004;2026-01-02 09:33:45;CO2_level;710;False
S0007;2026-01-02 09:33:45;temperature;27.49;True
S0011;2026-01-02 09:33:45;ventilation;0.587;False
S0005;2026-01-02 09:33:45;ventilation;0.518;False
S0001;2026-01-02 09:34:00;temperature;22.166;False
S0009;2026-01-02 09:34:00;humidity;69.934;False
S0005;2026-01-02 09:34:00;ventilation;0.511;False
S0010;2026-01-02 09:34:00;CO2_level;1051;False
S0007;2026-01-02 09:34:00;temperature;23.995;False
S0004;2026-01-02 09:34:00;CO2_level;1207;True
S0011;2026-01-02 09:34:00;ventilation;0.922;False
S0003;2026-01-02 09:34:00;humidity;66.99;False
S0005;2026-01-02 09:34:15;ventilation;0.625;False
S0011;2026-01-02 09:34:15;ventilation;0.506;False
S0007;2026-01-02 09:34:15;temperature;23.865;False
S0010;2026-01-02 09:34:15;CO2_level;1012;False
S0004;2026-01-02 09:34:15;CO2_level;623;False
S0001;2026-01-02 09:34:15;temperature;17.271;False
S0007;2026-01-02 09:34:30;temperature;null;True
S0005;2026-01-02 09:34:30;ventilation;0.549;False
S0010;2026-01-02 09:34:30;CO2_level;1099;False
S0004;2026-01-02 09:34:30;CO2_level;885;False
S0001;2026-01-02 09:34:30;temperature;19.524;False
S0003;2026-01-02 09:34:30;humidity;61.706;False
S0011;2026-01-02 09:34:30;ventilation;0.592;False
S0009;2026-01-02 09:34:30;humidity;61.621;False
S0007;2026-01-02 09:34:45;temperature;21.76;False
S0005;2026-01-02 09:34:45;ventilation;0.903;False
S0004;2026-01-02 09:34:45;CO2_level;1043;False
S0010;2026-01-02 09:34:45;CO2_level;968;False
S0001;2026-01-02 09:34:45;temperature;19.977;False
S0011;2026-01-02 09:34:45;ventilation;0.707;False
S0003;2026-01-02 09:35:00;humidity;69.783;False
S0004;2026-01-02 09:35:00;CO2_level;1165;False
S0007;2026-01-02 09:35:00;temperature;23.621;False
S0009;2026-01-02 09:35:00;humidity;65.515;False
S0011;2026-01-02 09:35:00;ventilation;0.187;True
S0005;2026-01-02 09:35:00;ventilation;0.848;False
S0001;2026-01-02 09:35:00;temperature;23.051;False
S0010;2026-01-02 09:35:00;CO2_level;1112;False
S0011;2026-01-02 09:35:15;ventilation;0.618;False
S0005;2026-01-02 09:35:15;ventilation;0.987;False
S0004;2026-01-02 09:35:15;CO2_level;1104;False
S0001;2026-01-02 09:35:15;temperature;24.411;False
S0010;2026-01-02 09:35:15;CO2_level;749;False
S0007;2026-01-02 09:35:15;temperature;16.12;False
S0001;2026-01-02 09:35:30;temperature;21.11;False
S0005;2026-01-02 09:35:30;ventilation;0.029;True
S0011;2026-01-02 09:35:30;ventilation;0.831;False
S0003;2026-01-02 09:35:30;humidity;61.194;False
S0009;2026-01-02 09:35:30;humidity;60.487;False
S0004;2026-01-02 09:35:30;CO2_level;865;False
S0007;2026-01-02 09:35:30;temperature;23.747;False
S0010;2026-01-02 09:35:30;CO2_level;1031;False
S0011;2026-01-02 09:35:45;ventilation;0.901;False
S0007;2026-01-02 09:35:45;temperature;25.889;False
S0004;2026-01-02 09:35:45;CO2_level;1103;False
S0001;2026-01-02 09:35:45;temperature;17.809;False
S0010;2026-01-02 09:35:45;CO2_level;949;False
S0005;2026-01-02 09:35:45;ventilation;0.98;False
S0004;2026-01-02 09:36:00;CO2_level;732;False
S0010;2026-01-02 09:36:00;CO2_level;874;False
S0005;2026-01-02 09:36:00;ventilation;0.79;False
S0003;2026-01-02 09:36:00;humidity;68.313;False
S0009;2026-01-02 09:36:00;humidity;66.672;False
S0001;2026-01-02 09:36:00;temperature;18.09;False
S0007;2026-01-02 09:36:00;temperature;17.173;False
S0011;2026-01-02 09:36:00;ventilation;0.503;False
S0005;2026-01-02 09:36:15;ventilation;0.735;False
S0004;2026-01-02 09:36:15;CO2_level;879;False
S0010;2026-01-02 09:36:15;CO2_level;675;False
S0001;2026-01-02 09:36:15;temperature;20.543;False
S0011;2026-01-02 09:36:15;ventilation;0.888;False
S0007;2026-01-02 09:36:15;temperature;15.697;False
S0011;2026-01-02 09:36:30;ventilation;0.683;False
S0009;2026-01-02 09:36:30;humidity;63.263;False
S0003;2026-01-02 09:36:30;humidity;67.696;False
S0001;2026-01-02 09:36:30;temperature;25.004;False
S0007;2026-01-02 09:36:30;temperature;23.541;False
S0004;2026-01-02 09:36:30;CO2_level;1105;False
S0005;2026-01-02 09:36:30;ventilation;0.805;False
S0010;2026-01-02 09:36:30;CO2_level;1183;False
S0007;2026-01-02 09:36:45;temperature;25.363;False
S0001;2026-01-02 09:36:45;temperature;18.779;False
S0005;2026-01-02 09:36:45;ventilation;0.969;False
S0004;2026-01-02 09:36:45;CO2_level;1137;False
S0010;2026-01-02 09:36:45;CO2_level;1006;False
S0011;2026-01-02 09:36:45;ventilation;0.635;False
S0005;2026-01-02 09:37:00;ventilation;0.771;False
S0011;2026-01-02 09:37:00;ventilation;0.5;False
S0001;2026-01-02 09:37:00;temperature;18.761;False
S0007;2026-01-02 09:37:00;temperature;null;True
S0003;2026-01-02 09:37:00;humidity;67.349;False
S0010;2026-01-02 09:37:00;CO2_level;243;True
S0009;2026-01-02 09:37:00;humidity;66.47;False
S0004;2026-01-02 09:37:00;CO2_level;628;False
S0007;2026-01-02 09:37:15;temperature;22.436;False
S0005;2026-01-02 09:37:15;ventilation;0.635;False
S0004;2026-01-02 09:37:15;CO2_level;833;False
S0011;2026-01-02 09:37:15;ventilation;0.881;False
S0001;2026-01-02 09:37:15;temperature;17.545;False
S0010;2026-01-02 09:37:15;CO2_level;968;False
S0003;2026-01-02 09:37:30;humidity;62.719;False
S0007;2026-01-02 09:37:30;temperature;21.896;False
S0001;2026-01-02 09:37:30;temperature;26.696;False
S0009;2026-01-02 09:37:30;humidity;60.217;False
S0005;2026-01-02 09:37:30;ventilation;0.899;False
S0004;2026-01-02 09:37:30;CO2_level;1183;False
S0010;2026-01-02 09:37:30;CO2_level;1139;False
S0011;2026-01-02 09:37:30;ventilation;0.201;True
S0005;2026-01-02 09:37:45;ventilation;0.939;False
S0007;2026-01-02 09:37:45;temperature;18.465;False
S0011;2026-01-02 09:37:45;ventilation;0.838;False
S0004;2026-01-02 09:37:45;CO2_level;873;False
S0010;2026-01-02 09:37:45;CO2_level;661;False
S0001;2026-01-02 09:37:45;temperature;15.838;False
S0009;2026-01-02 09:38:00;humidity;69.781;False
S0004;2026-01-02 09:38:00;CO2_level;953;False
S0005;2026-01-02 09:38:00;ventilation;0.51;False
S0010;2026-01-02 09:38:00;CO2_level;880;False
S0003;2026-01-02 09:38:00;humidity;65.005;False
S0011;2026-01-02 09:38:00;ventilation;null;True
S0007;2026-01-02 09:38:00;temperature;25.84;False
S0001;2026-01-02 09:38:00;temperature;25.104;False
S0001;2026-01-02 09:38:15;temperature;25.413;False
S0005;2026-01-02 09:38:15;ventilation;0.884;False
S0004;2026-01-02 09:38:15;CO2_level;742;False
S0011;2026-01-02 09:38:15;ventilation;0.934;False
S0007;2026-01-02 09:38:15;temperature;16.845;False
S0010;2026-01-02 09:38:15;CO2_level;854;False
S0011;2026-01-02 09:38:30;ventilation;0.75;False
S0003;2026-01-02 09:38:30;humidity;62.524;False
S0010;2026-01-02 09:38:30;CO2_level;631;False
S0007;2026-01-02 09:38:30;temperature;18.865;False
S0009;2026-01-02 09:38:30;humidity;67.947;False
S0001;2026-01-02 09:38:30;temperature;16.673;False
S0005;2026-01-02 09:38:30;ventilation;0.855;False
S0004;2026-01-02 09:38:30;CO2_level;754;False
S0011;2026-01-02 09:38:45;ventilation;0.537;False
S0001;2026-01-02 09:38:45;temperature;23.575;False
S0005;2026-01-02 09:38:45;ventilation;0.553;False
S0004;2026-01-02 09:38:45;CO2_level;664;False
S0010;2026-01-02 09:38:45;CO2_level;1060;False
S0007;2026-01-02 09:38:45;temperature;25.305;False
S0011;2026-01-02 09:39:00;ventilation;0.769;False
S0007;2026-01-02 09:39:00;temperature;20.991;False
S0009;2026-01-02 09:39:00;humidity;69.333;False
S0003;2026-01-02 09:39:00;humidity;60.071;False
S0005;2026-01-02 09:39:00;ventilation;0.769;False
S0004;2026-01-02 09:39:00;CO2_level;1030;False
S0010;2026-01-02 09:39:00;CO2_level;673;False
S0001;2026-01-02 09:39:00;temperature;27.172;True
S0010;2026-01-02 09:39:15;CO2_level;708;False
S0005;2026-01-02 09:39:15;ventilation;0.872;False
S0011;2026-01-02 09:39:15;ventilation;0.595;False
S0004;2026-01-02 09:39:15;CO2_level;1134;False
S0007;2026-01-02 09:39:15;temperature;22.161;False
S0001;2026-01-02 09:39:15;temperature;19.821;False
S0010;2026-01-02 09:39:30;CO2_level;null;True
S0011;2026-01-02 09:39:30;ventilation;0.87;False
S0003;2026-01-02 09:39:30;humidity;60.873;False
S0004;2026-01-02 09:39:30;CO2_level;805;False
S0007;2026-01-02 09:39:30;temperature;18.059;False
S0001;2026-01-02 09:39:30;temperature;24.272;False
S0009;2026-01-02 09:39:30;humidity;69.987;False
S0005;2026-01-02 09:39:30;ventilation;0.378;True
S0004;2026-01-02 09:39:45;CO2_level;925;False
S0007;2026-01-02 09:39:45;temperature;24.622;False
S0010;2026-01-02 09:39:45;CO2_level;956;False
S0001;2026-01-02 09:39:45;temperature;22.235;False
S0005;2026-01-02 09:39:45;ventilation;0.697;False
S0011;2026-01-02 09:39:45;ventilation;0.586;False
S0007;2026-01-02 09:40:00;temperature;19.874;False
S0005;2026-01-02 09:40:00;ventilation;0.587;False
S0010;2026-01-02 09:40:00;CO2_level;753;False
S0011;2026-01-02 09:40:00;ventilation;0.582;False
S0004;2026-01-02 09:40:00;CO2_level;1085;False
S0003;2026-01-02 09:40:00;humidity;62.346;False
S0009;2026-01-02 09:40:00;humidity;60.598;False
S0001;2026-01-02 09:40:00;temperature;17.565;False
S0011;2026-01-02 09:40:15;ventilation;1.711;True
S0010;2026-01-02 09:40:15;CO2_level;924;False
S0007;2026-01-02 09:40:15;temperature;17.279;False
S0005;2026-01-02 09:40:15;ventilation;0.672;False
S0004;2026-01-02 09:40:15;CO2_level;675;False
S0001;2026-01-02 09:40:15;temperature;21.946;False
S0007;2026-01-02 09:40:30;temperature;16.99;False
S0011;2026-01-02 09:40:30;ventilation;0.787;False
S0009;2026-01-02 09:40:30;humidity;69.866;False
S0001;2026-01-02 09:40:30;temperature;17.328;False
S0003;2026-01-02 09:40:30;humidity;62.427;False
S0005;2026-01-02 09:40:30;ventilation;0.613;False
S0010;2026-01-02 09:40:30;CO2_level;1010;False
S0004;2026-01-02 09:40:30;CO2_level;868;False
S0011;2026-01-02 09:40:45;ventilation;0.664;False
S0004;2026-01-02 09:40:45;CO2_level;697;False
S0010;2026-01-02 09:40:45;CO2_level;1005;False
S0001;2026-01-02 09:40:45;temperature;26.384;False
S0007;2026-01-02 09:40:45;temperature;9.612;True
S0005;2026-01-02 09:40:45;ventilation;0.943;False
S0007;2026-01-02 09:41:00;temperature;28.135;True
S0004;2026-01-02 09:41:00;CO2_level;1121;False
S0001;2026-01-02 09:41:00;temperature;16.11;False
S0003;2026-01-02 09:41:00;humidity;65.835;False
S0009;2026-01-02 09:41:00;humidity;68.777;False
S0005;2026-01-02 09:41:00;ventilation;0.924;False
S0011;2026-01-02 09:41:00;ventilation;0.829;False
S0010;2026-01-02 09:41:00;CO2_level;611;False
S0010;2026-01-02 09:41:15;CO2_level;1097;False
S0005;2026-01-02 09:41:15;ventilation;0.633;False
S0004;2026-01-02 09:41:15;CO2_level;290;True
S0001;2026-01-02 09:41:15;temperature;20.125;False
S0011;2026-01-02 09:41:15;ventilation;0.965;False
S0007;2026-01-02 09:41:15;temperature;16.006;False
S0009;2026-01-02 09:41:30;humidity;73.543;True
S0004;2026-01-02 09:41:30;CO2_level;954;False
S0003;2026-01-02 09:41:30;humidity;65.302;False
S0010;2026-01-02 09:41:30;CO2_level;604;False
S0007;2026-01-02 09:41:30;temperature;25.319;False
S0005;2026-01-02 09:41:30;ventilation;0.746;False
S0011;2026-01-02 09:41:30;ventilation;1.244;True
S0001;2026-01-02 09:41:30;temperature;24.802;False
S0007;2026-01-02 09:41:45;temperature;17.825;False
S0001;2026-01-02 09:41:45;temperature;22.898;False
S0010;2026-01-02 09:41:45;CO2_level;657;False
S0004;2026-01-02 09:41:45;CO2_level;1140;False
S0011;2026-01-02 09:41:45;ventilation;0.968;False
S0005;2026-01-02 09:41:45;ventilation;0.856;False
S0001;2026-01-02 09:42:00;temperature;null;True
S0005;2026-01-02 09:42:00;ventilation;0.534;False
S0007;2026-01-02 09:42:00;temperature;16.109;False
S0011;2026-01-02 09:42:00;ventilation;0.931;False
S0009;2026-01-02 09:42:00;humidity;61.475;False
S0010;2026-01-02 09:42:00;CO2_level;1098;False
S0004;2026-01-02 09:42:00;CO2_level;920;False
S0003;2026-01-02 09:42:00;humidity;64.64;False
S0004;2026-01-02 09:42:15;CO2_level;635;False
S0005;2026-01-02 09:42:15;ventilation;0.794;False
S0001;2026-01-02 09:42:15;temperature;24.693;False
S0007;2026-01-02 09:42:15;temperature;20.07;False
S0010;2026-01-02 09:42:15;CO2_level;949;False
S0011;2026-01-02 09:42:15;ventilation;0.971;False
S0001;2026-01-02 09:42:30;temperature;24.738;False
S0007;2026-01-02 09:42:30;temperature;22.397;False
S0003;2026-01-02 09:42:30;humidity;null;True
S0009;2026-01-02 09:42:30;humidity;67.994;False
S0010;2026-01-02 09:42:30;CO2_level;1131;False
S0004;2026-01-02 09:42:30;CO2_level;603;False
S0011;2026-01-02 09:42:30;ventilation;0.659;False
S0005;2026-01-02 09:42:30;ventilation;0.589;False
S0005;2026-01-02 09:42:45;ventilation;0.719;False
S0007;2026-01-02 09:42:45;temperature;24.049;False
S0010;2026-01-02 09:42:45;CO2_level;962;False
S0004;2026-01-02 09:42:45;CO2_level;1004;False
S0001;2026-01-02 09:42:45;temperature;2.156;True
S0011;2026-01-02 09:42:45;ventilation;0.7;False
S0011;2026-01-02 09:43:00;ventilation;0.887;False
S0003;2026-01-02 09:43:00;humidity;61.704;False
S0010;2026-01-02 09:43:00;CO2_level;717;False
S0004;2026-01-02 09:43:00;CO2_level;634;False
S0007;2026-01-02 09:43:00;temperature;16.683;False
S0005;2026-01-02 09:43:00;ventilation;0.954;False
S0001;2026-01-02 09:43:00;temperature;22.012;False
S0009;2026-01-02 09:43:00;humidity;62.246;False
S0011;2026-01-02 09:43:15;ventilation;0.546;False
S0004;2026-01-02 09:43:15;CO2_level;1061;False
S0010;2026-01-02 09:43:15;CO2_level;946;False
S0001;2026-01-02 09:43:15;temperature;15.703;False
S0007;2026-01-02 09:43:15;temperature;15.415;False
S0005;2026-01-02 09:43:15;ventilation;0.936;False
S0007;2026-01-02 09:43:30;temperature;16.833;False
S0003;2026-01-02 09:43:30;humidity;78.606;True
S0005;2026-01-02 09:43:30;ventilation;0.595;False
S0010;2026-01-02 09:43:30;CO2_level;868;False
S0009;2026-01-02 09:43:30;humidity;65.291;False
S0001;2026-01-02 09:43:30;temperature;21.669;False
S0004;2026-01-02 09:43:30;CO2_level;718;False
S0011;2026-01-02 09:43:30;ventilation;0.609;False
S0010;2026-01-02 09:43:45;CO2_level;1082;False
S0005;2026-01-02 09:43:45;ventilation;0.98;False
S0007;2026-01-02 09:43:45;temperature;22.246;False
S0011;2026-01-02 09:43:45;ventilation;0.738;False
S0004;2026-01-02 09:43:45;CO2_level;854;False
S0001;2026-01-02 09:43:45;temperature;23.892;False
S0005;2026-01-02 09:44:00;ventilation;0.578;False
S0003;2026-01-02 09:44:00;humidity;62.537;False
S0007;2026-01-02 09:44:00;temperature;22.253;False
S0010;2026-01-02 09:44:00;CO2_level;1098;False
S0001;2026-01-02 09:44:00;temperature;null;True
S0004;2026-01-02 09:44:00;CO2_level;634;False
S0011;2026-01-02 09:44:00;ventilation;0.925;False
S0009;2026-01-02 09:44:00;humidity;65.793;False
S0011;2026-01-02 09:44:15;ventilation;0.748;False
S0010;2026-01-02 09:44:15;CO2_level;758;False
S0005;2026-01-02 09:44:15;ventilation;0.803;False
S0007;2026-01-02 09:44:15;temperature;21.412;False
S0004;2026-01-02 09:44:15;CO2_level;743;False
S0001;2026-01-02 09:44:15;temperature;17.579;False
S0001;2026-01-02 09:44:30;temperature;24.727;False
S0011;2026-01-02 09:44:30;ventilation;0.761;False
S0009;2026-01-02 09:44:30;humidity;64.389;False
S0010;2026-01-02 09:44:30;CO2_level;654;False
S0007;2026-01-02 09:44:30;temperature;26.107;False
S0005;2026-01-02 09:44:30;ventilation;0.893;False
S0003;2026-01-02 09:44:30;humidity;66.719;False
S0004;2026-01-02 09:44:30;CO2_level;685;False
S0007;2026-01-02 09:44:45;temperature;25.16;False
S0011;2026-01-02 09:44:45;ventilation;0.982;False
S0004;2026-01-02 09:44:45;CO2_level;1132;False
S0010;2026-01-02 09:44:45;CO2_level;882;False
S0005;2026-01-02 09:44:45;ventilation;0.864;False
S0001;2026-01-02 09:44:45;temperature;24.431;False
S0003;2026-01-02 09:45:00;humidity;66.982;False
S0009;2026-01-02 09:45:00;humidity;68.909;False
S0011;2026-01-02 09:45:00;ventilation;0.782;False
S0010;2026-01-02 09:45:00;CO2_level;1004;False
S0007;2026-01-02 09:45:00;temperature;24.362;False
S0005;2026-01-02 09:45:00;ventilation;0.857;False
S0004;2026-01-02 09:45:00;CO2_level;935;False
S0001;2026-01-02 09:45:00;temperature;25.546;False
S0011;2026-01-02 09:45:15;ventilation;0.935;False
S0001;2026-01-02 09:45:15;temperature;17.471;False
S0010;2026-01-02 09:45:15;CO2_level;1146;False
S0004;2026-01-02 09:45:15;CO2_level;858;False
S0005;2026-01-02 09:45:15;ventilation;0.895;False
S0007;2026-01-02 09:45:15;temperature;15.191;False
S0005;2026-01-02 09:45:30;ventilation;0.593;False
S0011;2026-01-02 09:45:30;ventilation;0.788;False
S0010;2026-01-02 09:45:30;CO2_level;1043;False
S0004;2026-01-02 09:45:30;CO2_level;823;False
S0001;2026-01-02 09:45:30;temperature;18.393;False
S0003;2026-01-02 09:45:30;humidity;67.398;False
S0007;2026-01-02 09:45:30;temperature;18.314;False
S0009;2026-01-02 09:45:30;humidity;null;True
S0001;2026-01-02 09:45:45;temperature;25.272;False
S0011;2026-01-02 09:45:45;ventilation;0.976;False
S0007;2026-01-02 09:45:45;temperature;24.504;False
S0005;2026-01-02 09:45:45;ventilation;0.593;False
S0004;2026-01-02 09:45:45;CO2_level;1033;False
S0010;2026-01-02 09:45:45;CO2_level;781;False
S0011;2026-01-02 09:46:00;ventilation;0.633;False
S0010;2026-01-02 09:46:00;CO2_level;1085;False
S0009;2026-01-02 09:46:00;humidity;69.791;False
S0003;2026-01-02 09:46:00;humidity;56.089;True
S0007;2026-01-02 09:46:00;temperature;24.771;False
S0004;2026-01-02 09:46:00;CO2_level;823;False
S0001;2026-01-02 09:46:00;temperature;24.514;False
S0005;2026-01-02 09:46:00;ventilation;0.568;False
S0001;2026-01-02 09:46:15;temperature;18.311;False
S0011;2026-01-02 09:46:15;ventilation;0.723;False
S0004;2026-01-02 09:46:15;CO2_level;1198;False
S0005;2026-01-02 09:46:15;ventilation;0.567;False
S0010;2026-01-02 09:46:15;CO2_level;939;False
S0007;2026-01-02 09:46:15;temperature;15.116;False
S0011;2026-01-02 09:46:30;ventilation;0.601;False
S0005;2026-01-02 09:46:30;ventilation;0.928;False
S0003;2026-01-02 09:46:30;humidity;null;True
S0004;2026-01-02 09:46:30;CO2_level;700;False
S0010;2026-01-02 09:46:30;CO2_level;849;False
S0001;2026-01-02 09:46:30;temperature;23.246;False
S0007;2026-01-02 09:46:30;temperature;25.192;False
S0009;2026-01-02 09:46:30;humidity;65.751;False
S0004;2026-01-02 09:46:45;CO2_level;1037;False
S0010;2026-01-02 09:46:45;CO2_level;616;False
S0011;2026-01-02 09:46:45;ventilation;0.802;False
S0007;2026-01-02 09:46:45;temperature;18.369;False
S0001;2026-01-02 09:46:45;temperature;18.067;False
S0005;2026-01-02 09:46:45;ventilation;0.682;False
S0009;2026-01-02 09:47:00;humidity;61.047;False
S0011;2026-01-02 09:47:00;ventilation;0.822;False
S0003;2026-01-02 09:47:00;humidity;69.415;False
S0005;2026-01-02 09:47:00;ventilation;0.514;False
S0004;2026-01-02 09:47:00;CO2_level;865;False
S0007;2026-01-02 09:47:00;temperature;26.371;False
S0010;2026-01-02 09:47:00;CO2_level;1140;False
S0001;2026-01-02 09:47:00;temperature;21.082;False
S0011;2026-01-02 09:47:15;ventilation;0.536;False
S0005;2026-01-02 09:47:15;ventilation;0.505;False
S0004;2026-01-02 09:47:15;CO2_level;664;False
S0010;2026-01-02 09:47:15;CO2_level;668;False
S0001;2026-01-02 09:47:15;temperature;22.033;False
S0007;2026-01-02 09:47:15;temperature;20.066;False
S0010;2026-01-02 09:47:30;CO2_level;976;False
S0009;2026-01-02 09:47:30;humidity;60.978;False
S0005;2026-01-02 09:47:30;ventilation;0.827;False
S0007;2026-01-02 09:47:30;temperature;25.165;False
S0001;2026-01-02 09:47:30;temperature;26.683;False
S0004;2026-01-02 09:47:30;CO2_level;939;False
S0011;2026-01-02 09:47:30;ventilation;0.813;False
S0003;2026-01-02 09:47:30;humidity;68.937;False
S0005;2026-01-02 09:47:45;ventilation;0.15;True
S0011;2026-01-02 09:47:45;ventilation;0.676;False
S0004;2026-01-02 09:47:45;CO2_level;600;False
S0007;2026-01-02 09:47:45;temperature;18.346;False
S0001;2026-01-02 09:47:45;temperature;25.303;False
S0010;2026-01-02 09:47:45;CO2_level;973;False
S0004;2026-01-02 09:48:00;CO2_level;1064;False
S0007;2026-01-02 09:48:00;temperature;26.884;False
S0010;2026-01-02 09:48:00;CO2_level;729;False
S0001;2026-01-02 09:48:00;temperature;21.093;False
S0005;2026-01-02 09:48:00;ventilation;0.994;False
S0011;2026-01-02 09:48:00;ventilation;0.549;False
S0009;2026-01-02 09:48:00;humidity;66.591;False
S0003;2026-01-02 09:48:00;humidity;68.37;False
S0007;2026-01-02 09:48:15;temperature;19.785;False
S0011;2026-01-02 09:48:15;ventilation;0.642;False
S0010;2026-01-02 09:48:15;CO2_level;669;False
S0004;2026-01-02 09:48:15;CO2_level;975;False
S0001;2026-01-02 09:48:15;temperature;23.468;False
S0005;2026-01-02 09:48:15;ventilation;0.806;False
S0003;2026-01-02 09:48:30;humidity;62.595;False
S0001;2026-01-02 09:48:30;temperature;24.331;False
S0007;2026-01-02 09:48:30;temperature;22.272;False
S0011;2026-01-02 09:48:30;ventilation;0.735;False
S0005;2026-01-02 09:48:30;ventilation;0.601;False
S0010;2026-01-02 09:48:30;CO2_level;671;False
S0009;2026-01-02 09:48:30;humidity;62.306;False
S0004;2026-01-02 09:48:30;CO2_level;925;False
S0005;2026-01-02 09:48:45;ventilation;0.916;False
S0010;2026-01-02 09:48:45;CO2_level;902;False
S0007;2026-01-02 09:48:45;temperature;26.515;False
S0001;2026-01-02 09:48:45;temperature;21.113;False
S0011;2026-01-02 09:48:45;ventilation;0.697;False
S0004;2026-01-02 09:48:45;CO2_level;1017;False
S0011;2026-01-02 09:49:00;ventilation;0.619;False
S0010;2026-01-02 09:49:00;CO2_level;1007;False
S0009;2026-01-02 09:49:00;humidity;62.278;False
S0007;2026-01-02 09:49:00;temperature;17.079;False
S0001;2026-01-02 09:49:00;temperature;15.409;False
S0004;2026-01-02 09:49:00;CO2_level;1025;False
S0003;2026-01-02 09:49:00;humidity;64.851;False
S0005;2026-01-02 09:49:00;ventilation;0.557;False
S0001;2026-01-02 09:49:15;temperature;25.961;False
S0010;2026-01-02 09:49:15;CO2_level;1055;False
S0004;2026-01-02 09:49:15;CO2_level;1085;False
S0005;2026-01-02 09:49:15;ventilation;0.918;False
S0011;2026-01-02 09:49:15;ventilation;0.778;False
S0007;2026-01-02 09:49:15;temperature;15.593;False
S0010;2026-01-02 09:49:30;CO2_level;1011;False
S0005;2026-01-02 09:49:30;ventilation;0.778;False
S0003;2026-01-02 09:49:30;humidity;68.658;False
S0007;2026-01-02 09:49:30;temperature;23.57;False
S0004;2026-01-02 09:49:30;CO2_level;1179;False
S0011;2026-01-02 09:49:30;ventilation;0.688;False
S0009;2026-01-02 09:49:30;humidity;13.535;True
S0001;2026-01-02 09:49:30;temperature;17.495;False
S0010;2026-01-02 09:49:45;CO2_level;745;False
S0007;2026-01-02 09:49:45;temperature;18.863;False
S0011;2026-01-02 09:49:45;ventilation;0.718;False
S0001;2026-01-02 09:49:45;temperature;19.908;False
S0004;2026-01-02 09:49:45;CO2_level;1174;False
S0005;2026-01-02 09:49:45;ventilation;0.823;False
S0004;2026-01-02 09:50:00;CO2_level;858;False
S0001;2026-01-02 09:50:00;temperature;15.32;False
S0009;2026-01-02 09:50:00;humidity;61.031;False
S0007;2026-01-02 09:50:00;temperature;19.102;False
S0010;2026-01-02 09:50:00;CO2_level;null;True
S0005;2026-01-02 09:50:00;ventilation;0.938;False
S0003;2026-01-02 09:50:00;humidity;62.864;False
S0011;2026-01-02 09:50:00;ventilation;0.739;False
S0011;2026-01-02 09:50:15;ventilation;0.914;False
S0007;2026-01-02 09:50:15;temperature;16.743;False
S0004;2026-01-02 09:50:15;CO2_level;1106;False
S0005;2026-01-02 09:50:15;ventilation;0.722;False
S0010;2026-01-02 09:50:15;CO2_level;895;False
S0001;2026-01-02 09:50:15;temperature;19.088;False
S0011;2026-01-02 09:50:30;ventilation;0.76;False
S0007;2026-01-02 09:50:30;temperature;18.938;False
S0009;2026-01-02 09:50:30;humidity;79.119;True
S0005;2026-01-02 09:50:30;ventilation;0.248;True
S0010;2026-01-02 09:50:30;CO2_level;727;False
S0001;2026-01-02 09:50:30;temperature;19.197;False
S0003;2026-01-02 09:50:30;humidity;66.182;False
S0004;2026-01-02 09:50:30;CO2_level;1118;False
S0001;2026-01-02 09:50:45;temperature;23.454;False
S0010;2026-01-02 09:50:45;CO2_level;949;False
S0007;2026-01-02 09:50:45;temperature;18.942;False
S0004;2026-01-02 09:50:45;CO2_level;913;False
S0011;2026-01-02 09:50:45;ventilation;0.974;False
S0005;2026-01-02 09:50:45;ventilation;0.8;False
S0004;2026-01-02 09:51:00;CO2_level;1024;False
S0007;2026-01-02 09:51:00;temperature;18.49;False
S0009;2026-01-02 09:51:00;humidity;67.42;False
S0001;2026-01-02 09:51:00;temperature;22.19;False
S0011;2026-01-02 09:51:00;ventilation;0.739;False
S0003;2026-01-02 09:51:00;humidity;66.106;False
S0010;2026-01-02 09:51:00;CO2_level;1155;False
S0005;2026-01-02 09:51:00;ventilation;0.97;False
S0005;2026-01-02 09:51:15;ventilation;0.772;False
S0004;2026-01-02 09:51:15;CO2_level;765;False
S0010;2026-01-02 09:51:15;CO2_level;875;False
S0001;2026-01-02 09:51:15;temperature;18.456;False
S0011;2026-01-02 09:51:15;ventilation;null;True
S0007;2026-01-02 09:51:15;temperature;18.911;False
S0001;2026-01-02 09:51:30;temperature;23.828;False
S0005;2026-01-02 09:51:30;ventilation;0.933;False
S0011;2026-01-02 09:51:30;ventilation;0.517;False
S0009;2026-01-02 09:51:30;humidity;61.892;False
S0007;2026-01-02 09:51:30;temperature;28.3;True
S0003;2026-01-02 09:51:30;humidity;69.447;False
S0004;2026-01-02 09:51:30;CO2_level;986;False
S0010;2026-01-02 09:51:30;CO2_level;712;False
S0011;2026-01-02 09:51:45;ventilation;0.906;False
S0001;2026-01-02 09:51:45;temperature;24.012;False
S0004;2026-01-02 09:51:45;CO2_level;1117;False
S0005;2026-01-02 09:51:45;ventilation;0.548;False
S0007;2026-01-02 09:51:45;temperature;22.437;False
S0010;2026-01-02 09:51:45;CO2_level;271;True
S0009;2026-01-02 09:52:00;humidity;62.006;False
S0007;2026-01-02 09:52:00;temperature;15.641;False
S0010;2026-01-02 09:52:00;CO2_level;725;False
S0005;2026-01-02 09:52:00;ventilation;0.742;False
S0011;2026-01-02 09:52:00;ventilation;0.549;False
S0003;2026-01-02 09:52:00;humidity;69.699;False
S0004;2026-01-02 09:52:00;CO2_level;693;False
S0001;2026-01-02 09:52:00;temperature;26.707;False
S0011;2026-01-02 09:52:15;ventilation;0.976;False
S0010;2026-01-02 09:52:15;CO2_level;685;False
S0001;2026-01-02 09:52:15;temperature;22.294;False
S0004;2026-01-02 09:52:15;CO2_level;864;False
S0007;2026-01-02 09:52:15;temperature;19.65;False
S0005;2026-01-02 09:52:15;ventilation;0.571;False
S0003;2026-01-02 09:52:30;humidity;60.421;False
S0001;2026-01-02 09:52:30;temperature;18.548;False
S0010;2026-01-02 09:52:30;CO2_level;993;False
S0005;2026-01-02 09:52:30;ventilation;0.61;False
S0011;2026-01-02 09:52:30;ventilation;0.903;False
S0009;2026-01-02 09:52:30;humidity;68.368;False
S0004;2026-01-02 09:52:30;CO2_level;1006;False
S0007;2026-01-02 09:52:30;temperature;24.445;False
S0001;2026-01-02 09:52:45;temperature;24.855;False
S0011;2026-01-02 09:52:45;ventilation;0.868;False
S0005;2026-01-02 09:52:45;ventilation;0.777;False
S0007;2026-01-02 09:52:45;temperature;17.477;False
S0010;2026-01-02 09:52:45;CO2_level;828;False
S0004;2026-01-02 09:52:45;CO2_level;777;False
S0005;2026-01-02 09:53:00;ventilation;0.824;False
S0001;2026-01-02 09:53:00;temperature;15.296;False
S0009;2026-01-02 09:53:00;humidity;68.147;False
S0010;2026-01-02 09:53:00;CO2_level;1113;False
S0003;2026-01-02 09:53:00;humidity;72.959;True
S0007;2026-01-02 09:53:00;temperature;17.412;False
S0011;2026-01-02 09:53:00;ventilation;0.992;False
S0004;2026-01-02 09:53:00;CO2_level;789;False
S0005;2026-01-02 09:53:15;ventilation;0.916;False
S0001;2026-01-02 09:53:15;temperature;21.471;False
S0010;2026-01-02 09:53:15;CO2_level;730;False
S0007;2026-01-02 09:53:15;temperature;15.208;False
S0011;2026-01-02 09:53:15;ventilation;0.576;False
S0004;2026-01-02 09:53:15;CO2_level;1197;False
S0004;2026-01-02 09:53:30;CO2_level;861;False
S0010;2026-01-02 09:53:30;CO2_level;709;False
S0011;2026-01-02 09:53:30;ventilation;0.857;False
S0005;2026-01-02 09:53:30;ventilation;0.911;False
S0001;2026-01-02 09:53:30;temperature;19.059;False
S0003;2026-01-02 09:53:30;humidity;63.327;False
S0009;2026-01-02 09:53:30;humidity;63.364;False
S0007;2026-01-02 09:53:30;temperature;17.991;False
S0001;2026-01-02 09:53:45;temperature;18.122;False
S0011;2026-01-02 09:53:45;ventilation;0.815;False
S0005;2026-01-02 09:53:45;ventilation;0.81;False
S0004;2026-01-02 09:53:45;CO2_level;890;False
S0010;2026-01-02 09:53:45;CO2_level;713;False
S0007;2026-01-02 09:53:45;temperature;19.828;False
S0009;2026-01-02 09:54:00;humidity;60.611;False
S0011;2026-01-02 09:54:00;ventilation;0.676;False
S0007;2026-01-02 09:54:00;temperature;17.809;False
S0010;2026-01-02 09:54:00;CO2_level;null;True
S0005;2026-01-02 09:54:00;ventilation;0.805;False
S0001;2026-01-02 09:54:00;temperature;22.517;False
S0003;2026-01-02 09:54:00;humidity;null;True
S0004;2026-01-02 09:54:00;CO2_level;676;False
S0010;2026-01-02 09:54:15;CO2_level;600;False
S0007;2026-01-02 09:54:15;temperature;25.02;False
S0004;2026-01-02 09:54:15;CO2_level;713;False
S0011;2026-01-02 09:54:15;ventilation;0.878;False
S0005;2026-01-02 09:54:15;ventilation;0.837;False
S0001;2026-01-02 09:54:15;temperature;20.389;False
S0007;2026-01-02 09:54:30;temperature;21.501;False
S0003;2026-01-02 09:54:30;humidity;65.513;False
S0010;2026-01-02 09:54:30;CO2_level;662;False
S0005;2026-01-02 09:54:30;ventilation;0.689;False
S0011;2026-01-02 09:54:30;ventilation;0.894;False
S0001;2026-01-02 09:54:30;temperature;22.273;False
S0004;2026-01-02 09:54:30;CO2_level;1174;False
S0009;2026-01-02 09:54:30;humidity;64.502;False
S0007;2026-01-02 09:54:45;temperature;17.495;False
S0010;2026-01-02 09:54:45;CO2_level;1089;False
S0005;2026-01-02 09:54:45;ventilation;0.942;False
S0001;2026-01-02 09:54:45;temperature;19.781;False
S0004;2026-01-02 09:54:45;CO2_level;1072;False
S0011;2026-01-02 09:54:45;ventilation;0.903;False
S0010;2026-01-02 09:55:00;CO2_level;1067;False
S0005;2026-01-02 09:55:00;ventilation;0.805;False
S0009;2026-01-02 09:55:00;humidity;60.44;False
S0007;2026-01-02 09:55:00;temperature;17.886;False
S0011;2026-01-02 09:55:00;ventilation;0.758;False
S0004;2026-01-02 09:55:00;CO2_level;1064;False
S0003;2026-01-02 09:55:00;humidity;64.525;False
S0001;2026-01-02 09:55:00;temperature;26.747;False
S0005;2026-01-02 09:55:15;ventilation;null;True
S0007;2026-01-02 09:55:15;temperature;18.904;False
S0011;2026-01-02 09:55:15;ventilation;0.733;False
S0004;2026-01-02 09:55:15;CO2_level;949;False
S0010;2026-01-02 09:55:15;CO2_level;812;False
S0001;2026-01-02 09:55:15;temperature;28.575;True
S0005;2026-01-02 09:55:30;ventilation;0.99;False
S0011;2026-01-02 09:55:30;ventilation;0.942;False
S0010;2026-01-02 09:55:30;CO2_level;993;False
S0004;2026-01-02 09:55:30;CO2_level;985;False
S0007;2026-01-02 09:55:30;temperature;22.862;False
S0009;2026-01-02 09:55:30;humidity;63.576;False
S0001;2026-01-02 09:55:30;temperature;25.966;False
S0003;2026-01-02 09:55:30;humidity;61.105;False
S0005;2026-01-02 09:55:45;ventilation;0.839;False
S0010;2026-01-02 09:55:45;CO2_level;775;False
S0007;2026-01-02 09:55:45;temperature;17.262;False
S0001;2026-01-02 09:55:45;temperature;16.108;False
S0004;2026-01-02 09:55:45;CO2_level;771;False
S0011;2026-01-02 09:55:45;ventilation;0.871;False
S0011;2026-01-02 09:56:00;ventilation;0.736;False
S0004;2026-01-02 09:56:00;CO2_level;984;False
S0003;2026-01-02 09:56:00;humidity;66.122;False
S0007;2026-01-02 09:56:00;temperature;23.826;False
S0009;2026-01-02 09:56:00;humidity;61.338;False
S0005;2026-01-02 09:56:00;ventilation;0.837;False
S0010;2026-01-02 09:56:00;CO2_level;1147;False
S0001;2026-01-02 09:56:00;temperature;23.92;False
S0004;2026-01-02 09:56:15;CO2_level;1064;False
S0005;2026-01-02 09:56:15;ventilation;0.901;False
S0010;2026-01-02 09:56:15;CO2_level;729;False
S0001;2026-01-02 09:56:15;temperature;26.229;False
S0011;2026-01-02 09:56:15;ventilation;0.664;False
S0007;2026-01-02 09:56:15;temperature;29.029;True
S0010;2026-01-02 09:56:30;CO2_level;1074;False
S0011;2026-01-02 09:56:30;ventilation;0.967;False
S0009;2026-01-02 09:56:30;humidity;61.375;False
S0005;2026-01-02 09:56:30;ventilation;0.504;False
S0007;2026-01-02 09:56:30;temperature;22.115;False
S0001;2026-01-02 09:56:30;temperature;17.542;False
S0003;2026-01-02 09:56:30;humidity;60.895;False
S0004;2026-01-02 09:56:30;CO2_level;560;True
S0005;2026-01-02 09:56:45;ventilation;null;True
S0001;2026-01-02 09:56:45;temperature;20.618;False
S0011;2026-01-02 09:56:45;ventilation;0.95;False
S0010;2026-01-02 09:56:45;CO2_level;1157;False
S0004;2026-01-02 09:56:45;CO2_level;621;False
S0007;2026-01-02 09:56:45;temperature;25.528;False
S0003;2026-01-02 09:57:00;humidity;62.138;False
S0009;2026-01-02 09:57:00;humidity;67.997;False
S0001;2026-01-02 09:57:00;temperature;24.441;False
S0011;2026-01-02 09:57:00;ventilation;0.976;False
S0007;2026-01-02 09:57:00;temperature;5.874;True
S0010;2026-01-02 09:57:00;CO2_level;1069;False
S0004;2026-01-02 09:57:00;CO2_level;744;False
S0005;2026-01-02 09:57:00;ventilation;0.862;False
S0010;2026-01-02 09:57:15;CO2_level;1040;False
S0007;2026-01-02 09:57:15;temperature;15.096;False
S0004;2026-01-02 09:57:15;CO2_level;1118;False
S0011;2026-01-02 09:57:15;ventilation;0.857;False
S0005;2026-01-02 09:57:15;ventilation;0.583;False
S0001;2026-01-02 09:57:15;temperature;22.041;False
S0011;2026-01-02 09:57:30;ventilation;0.07;True
S0007;2026-01-02 09:57:30;temperature;15.277;False
S0001;2026-01-02 09:57:30;temperature;15.475;False
S0010;2026-01-02 09:57:30;CO2_level;1188;False
S0009;2026-01-02 09:57:30;humidity;70.97;True
S0005;2026-01-02 09:57:30;ventilation;0.803;False
S0004;2026-01-02 09:57:30;CO2_level;1081;False
S0003;2026-01-02 09:57:30;humidity;69.515;False
S0001;2026-01-02 09:57:45;temperature;25.86;False
S0005;2026-01-02 09:57:45;ventilation;0.592;False
S0007;2026-01-02 09:57:45;temperature;17.132;False
S0010;2026-01-02 09:57:45;CO2_level;1139;False
S0011;2026-01-02 09:57:45;ventilation;0.87;False
S0004;2026-01-02 09:57:45;CO2_level;766;False
S0011;2026-01-02 09:58:00;ventilation;0.619;False
S0003;2026-01-02 09:58:00;humidity;68.395;False
S0004;2026-01-02 09:58:00;CO2_level;1185;False
S0010;2026-01-02 09:58:00;CO2_level;1171;False
S0009;2026-01-02 09:58:00;humidity;63.872;False
S0007;2026-01-02 09:58:00;temperature;15.834;False
S0005;2026-01-02 09:58:00;ventilation;0.64;False
S0001;2026-01-02 09:58:00;temperature;20.619;False
S0011;2026-01-02 09:58:15;ventilation;0.623;False
S0010;2026-01-02 09:58:15;CO2_level;825;False
S0001;2026-01-02 09:58:15;temperature;20.883;False
S0005;2026-01-02 09:58:15;ventilation;0.681;False
S0007;2026-01-02 09:58:15;temperature;18.872;False
S0004;2026-01-02 09:58:15;CO2_level;1167;False
S0009;2026-01-02 09:58:30;humidity;67.707;False
S0007;2026-01-02 09:58:30;temperature;24.186;False
S0001;2026-01-02 09:58:30;temperature;23.711;False
S0011;2026-01-02 09:58:30;ventilation;0.743;False
S0010;2026-01-02 09:58:30;CO2_level;1093;False
S0004;2026-01-02 09:58:30;CO2_level;1295;True
S0005;2026-01-02 09:58:30;ventilation;0.823;False
S0003;2026-01-02 09:58:30;humidity;63.37;False
S0005;2026-01-02 09:58:45;ventilation;0.794;False
S0011;2026-01-02 09:58:45;ventilation;0.669;False
S0001;2026-01-02 09:58:45;temperature;25.463;False
S0007;2026-01-02 09:58:45;temperature;19.276;False
S0004;2026-01-02 09:58:45;CO2_level;1173;False
S0010;2026-01-02 09:58:45;CO2_level;815;False
S0001;2026-01-02 09:59:00;temperature;17.626;False
S0003;2026-01-02 09:59:00;humidity;67.699;False
S0011;2026-01-02 09:59:00;ventilation;0.531;False
S0005;2026-01-02 09:59:00;ventilation;0.657;False
S0004;2026-01-02 09:59:00;CO2_level;736;False
S0007;2026-01-02 09:59:00;temperature;16.284;False
S0010;2026-01-02 09:59:00;CO2_level;1114;False
S0009;2026-01-02 09:59:00;humidity;65.914;False
S0005;2026-01-02 09:59:15;ventilation;0.608;False
S0001;2026-01-02 09:59:15;temperature;16.584;False
S0011;2026-01-02 09:59:15;ventilation;0.602;False
S0007;2026-01-02 09:59:15;temperature;21.337;False
S0010;2026-01-02 09:59:15;CO2_level;601;False
S0004;2026-01-02 09:59:15;CO2_level;1014;False
S0001;2026-01-02 09:59:30;temperature;17.232;False
S0004;2026-01-02 09:59:30;CO2_level;1197;False
S0009;2026-01-02 09:59:30;humidity;67.819;False
S0010;2026-01-02 09:59:30;CO2_level;607;False
S0003;2026-01-02 09:59:30;humidity;60.496;False
S0005;2026-01-02 09:59:30;ventilation;0.827;False
S0007;2026-01-02 09:59:30;temperature;28.205;True
S0011;2026-01-02 09:59:30;ventilation;0.762;False
S0005;2026-01-02 09:59:45;ventilation;0.582;False
S0010;2026-01-02 09:59:45;CO2_level;652;False
S0011;2026-01-02 09:59:45;ventilation;1.367;True
S0007;2026-01-02 09:59:45;temperature;17.196;False
S0004;2026-01-02 09:59:45;CO2_level;764;False
S0001;2026-01-02 09:59:45;temperature;15.001;False
S0005;2026-01-02 10:00:00;ventilation;0.753;False
S0011;2026-01-02 10:00:00;ventilation;0.96;False
S0001;2026-01-02 10:00:00;temperature;23.477;False
S0007;2026-01-02 10:00:00;temperature;18.581;False
S0004;2026-01-02 10:00:00;CO2_level;900;False
S0009;2026-01-02 10:00:00;humidity;72.492;True
S0003;2026-01-02 10:00:00;humidity;10.289;True
S0010;2026-01-02 10:00:00;CO2_level;1000;False
S0001;2026-01-02 10:00:15;temperature;19.323;False
S0007;2026-01-02 10:00:15;temperature;16.912;False
S0011;2026-01-02 10:00:15;ventilation;0.536;False
S0005;2026-01-02 10:00:15;ventilation;0.632;False
S0004;2026-01-02 10:00:15;CO2_level;1168;False
S0010;2026-01-02 10:00:15;CO2_level;935;False
S0007;2026-01-02 10:00:30;temperature;18.721;False
S0004;2026-01-02 10:00:30;CO2_level;816;False
S0009;2026-01-02 10:00:30;humidity;66.475;False
S0003;2026-01-02 10:00:30;humidity;66.872;False
S0011;2026-01-02 10:00:30;ventilation;0.549;False
S0005;2026-01-02 10:00:30;ventilation;0.72;False
S0001;2026-01-02 10:00:30;temperature;24.551;False
S0010;2026-01-02 10:00:30;CO2_level;663;False
S0010;2026-01-02 10:00:45;CO2_level;1070;False
S0007;2026-01-02 10:00:45;temperature;16.78;False
S0004;2026-01-02 10:00:45;CO2_level;867;False
S0005;2026-01-02 10:00:45;ventilation;0.606;False
S0001;2026-01-02 10:00:45;temperature;22.353;False
S0011;2026-01-02 10:00:45;ventilation;0.721;False
S0005;2026-01-02 10:01:00;ventilation;0.659;False
S0003;2026-01-02 10:01:00;humidity;61.039;False
S0011;2026-01-02 10:01:00;ventilation;0.752;False
S0004;2026-01-02 10:01:00;CO2_level;1014;False
S0009;2026-01-02 10:01:00;humidity;62.503;False
S0010;2026-01-02 10:01:00;CO2_level;883;False
S0007;2026-01-02 10:01:00;temperature;16.385;False
S0001;2026-01-02 10:01:00;temperature;26.283;False
S0005;2026-01-02 10:01:15;ventilation;0.746;False
S0001;2026-01-02 10:01:15;temperature;19.226;False
S0010;2026-01-02 10:01:15;CO2_level;1162;False
S0007;2026-01-02 10:01:15;temperature;16.118;False
S0011;2026-01-02 10:01:15;ventilation;0.85;False
S0004;2026-01-02 10:01:15;CO2_level;229;True
S0007;2026-01-02 10:01:30;temperature;19.575;False
S0011;2026-01-02 10:01:30;ventilation;0.923;False
S0003;2026-01-02 10:01:30;humidity;60.936;False
S0001;2026-01-02 10:01:30;temperature;25.971;False
S0005;2026-01-02 10:01:30;ventilation;0.983;False
S0009;2026-01-02 10:01:30;humidity;62.954;False
S0004;2026-01-02 10:01:30;CO2_level;950;False
S0010;2026-01-02 10:01:30;CO2_level;1100;False
S0007;2026-01-02 10:01:45;temperature;26.173;False
S0005;2026-01-02 10:01:45;ventilation;0.84;False
S0010;2026-01-02 10:01:45;CO2_level;1166;False
S0001;2026-01-02 10:01:45;temperature;17.513;False
S0011;2026-01-02 10:01:45;ventilation;0.92;False
S0004;2026-01-02 10:01:45;CO2_level;1072;False
S0009;2026-01-02 10:02:00;humidity;62.459;False
S0011;2026-01-02 10:02:00;ventilation;0.983;False
S0005;2026-01-02 10:02:00;ventilation;0.751;False
S0003;2026-01-02 10:02:00;humidity;66.391;False
S0001;2026-01-02 10:02:00;temperature;22.867;False
S0007;2026-01-02 10:02:00;temperature;21.413;False
S0010;2026-01-02 10:02:00;CO2_level;862;False
S0004;2026-01-02 10:02:00;CO2_level;610;False
S0010;2026-01-02 10:02:15;CO2_level;1029;False
S0004;2026-01-02 10:02:15;CO2_level;1067;False
S0007;2026-01-02 10:02:15;temperature;21.886;False
S0005;2026-01-02 10:02:15;ventilation;0.578;False
S0011;2026-01-02 10:02:15;ventilation;0.508;False
S0001;2026-01-02 10:02:15;temperature;24.519;False
S0003;2026-01-02 10:02:30;humidity;67.383;False
S0007;2026-01-02 10:02:30;temperature;21.061;False
S0009;2026-01-02 10:02:30;humidity;68.748;False
S0004;2026-01-02 10:02:30;CO2_level;787;False
S0011;2026-01-02 10:02:30;ventilation;0.566;False
S0001;2026-01-02 10:02:30;temperature;16.682;False
S0010;2026-01-02 10:02:30;CO2_level;1031;False
S0005;2026-01-02 10:02:30;ventilation;0.593;False
S0010;2026-01-02 10:02:45;CO2_level;860;False
S0004;2026-01-02 10:02:45;CO2_level;1016;False
S0005;2026-01-02 10:02:45;ventilation;null;True
S0007;2026-01-02 10:02:45;temperature;16.176;False
S0001;2026-01-02 10:02:45;temperature;25.128;False
S0011;2026-01-02 10:02:45;ventilation;0.678;False
S0001;2026-01-02 10:03:00;temperature;25.333;False
S0009;2026-01-02 10:03:00;humidity;61.122;False
S0003;2026-01-02 10:03:00;humidity;62.953;False
S0004;2026-01-02 10:03:00;CO2_level;1046;False
S0007;2026-01-02 10:03:00;temperature;23.137;False
S0010;2026-01-02 10:03:00;CO2_level;798;False
S0005;2026-01-02 10:03:00;ventilation;0.788;False
S0011;2026-01-02 10:03:00;ventilation;0.865;False
S0007;2026-01-02 10:03:15;temperature;26.519;False
S0004;2026-01-02 10:03:15;CO2_level;666;False
S0011;2026-01-02 10:03:15;ventilation;0.526;False
S0001;2026-01-02 10:03:15;temperature;25.501;False
S0010;2026-01-02 10:03:15;CO2_level;854;False
S0005;2026-01-02 10:03:15;ventilation;0.535;False
S0009;2026-01-02 10:03:30;humidity;62.256;False
S0001;2026-01-02 10:03:30;temperature;17.1;False
S0010;2026-01-02 10:03:30;CO2_level;445;True
S0003;2026-01-02 10:03:30;humidity;62.444;False
S0004;2026-01-02 10:03:30;CO2_level;1013;False
S0005;2026-01-02 10:03:30;ventilation;1.748;True
S0011;2026-01-02 10:03:30;ventilation;0.694;False
S0007;2026-01-02 10:03:30;temperature;22.276;False
S0010;2026-01-02 10:03:45;CO2_level;916;False
S0004;2026-01-02 10:03:45;CO2_level;null;True
S0007;2026-01-02 10:03:45;temperature;16.752;False
S0001;2026-01-02 10:03:45;temperature;17.086;False
S0011;2026-01-02 10:03:45;ventilation;0.729;False
S0005;2026-01-02 10:03:45;ventilation;0.706;False
S0011;2026-01-02 10:04:00;ventilation;0.893;False
S0009;2026-01-02 10:04:00;humidity;76.479;True
S0007;2026-01-02 10:04:00;temperature;18.106;False
S0010;2026-01-02 10:04:00;CO2_level;915;False
S0003;2026-01-02 10:04:00;humidity;63.257;False
S0004;2026-01-02 10:04:00;CO2_level;945;False
S0001;2026-01-02 10:04:00;temperature;18.001;False
S0005;2026-01-02 10:04:00;ventilation;0.233;True
S0005;2026-01-02 10:04:15;ventilation;0.667;False
S0011;2026-01-02 10:04:15;ventilation;0.617;False
S0010;2026-01-02 10:04:15;CO2_level;1168;False
S0004;2026-01-02 10:04:15;CO2_level;1289;True
S0007;2026-01-02 10:04:15;temperature;20.77;False
S0001;2026-01-02 10:04:15;temperature;17.551;False
S0001;2026-01-02 10:04:30;temperature;21.77;False
S0003;2026-01-02 10:04:30;humidity;66.909;False
S0011;2026-01-02 10:04:30;ventilation;0.669;False
S0007;2026-01-02 10:04:30;temperature;16.384;False
S0009;2026-01-02 10:04:30;humidity;null;True
S0005;2026-01-02 10:04:30;ventilation;0.817;False
S0010;2026-01-02 10:04:30;CO2_level;722;False
S0004;2026-01-02 10:04:30;CO2_level;622;False
S0004;2026-01-02 10:04:45;CO2_level;null;True
S0011;2026-01-02 10:04:45;ventilation;0.676;False
S0001;2026-01-02 10:04:45;temperature;19.18;False
S0007;2026-01-02 10:04:45;temperature;23.096;False
S0005;2026-01-02 10:04:45;ventilation;0.757;False
S0010;2026-01-02 10:04:45;CO2_level;760;False
S0004;2026-01-02 10:05:00;CO2_level;886;False
S0005;2026-01-02 10:05:00;ventilation;0.954;False
S0010;2026-01-02 10:05:00;CO2_level;1123;False
S0001;2026-01-02 10:05:00;temperature;17.845;False
S0003;2026-01-02 10:05:00;humidity;64.137;False
S0009;2026-01-02 10:05:00;humidity;61.499;False
S0011;2026-01-02 10:05:00;ventilation;0.982;False
S0007;2026-01-02 10:05:00;temperature;26.198;False
S0010;2026-01-02 10:05:15;CO2_level;945;False
S0001;2026-01-02 10:05:15;temperature;22.672;False
S0011;2026-01-02 10:05:15;ventilation;0.796;False
S0004;2026-01-02 10:05:15;CO2_level;1159;False
S0007;2026-01-02 10:05:15;temperature;22.509;False
S0005;2026-01-02 10:05:15;ventilation;0.75;False
S0010;2026-01-02 10:05:30;CO2_level;851;False
S0009;2026-01-02 10:05:30;humidity;69.013;False
S0004;2026-01-02 10:05:30;CO2_level;820;False
S0007;2026-01-02 10:05:30;temperature;16.292;False
S0011;2026-01-02 10:05:30;ventilation;0.541;False
S0005;2026-01-02 10:05:30;ventilation;0.877;False
S0001;2026-01-02 10:05:30;temperature;18.573;False
S0003;2026-01-02 10:05:30;humidity;null;True
S0005;2026-01-02 10:05:45;ventilation;0.719;False
S0004;2026-01-02 10:05:45;CO2_level;1115;False
S0011;2026-01-02 10:05:45;ventilation;0.505;False
S0010;2026-01-02 10:05:45;CO2_level;1038;False
S0001;2026-01-02 10:05:45;temperature;20.462;False
S0007;2026-01-02 10:05:45;temperature;19.749;False
S0005;2026-01-02 10:06:00;ventilation;0.668;False
S0011;2026-01-02 10:06:00;ventilation;0.659;False
S0009;2026-01-02 10:06:00;humidity;62.687;False
S0010;2026-01-02 10:06:00;CO2_level;766;False
S0001;2026-01-02 10:06:00;temperature;18.517;False
S0007;2026-01-02 10:06:00;temperature;18.719;False
S0003;2026-01-02 10:06:00;humidity;62.211;False
S0004;2026-01-02 10:06:00;CO2_level;700;False
S0007;2026-01-02 10:06:15;temperature;23.22;False
S0005;2026-01-02 10:06:15;ventilation;0.439;True
S0010;2026-01-02 10:06:15;CO2_level;634;False
S0004;2026-01-02 10:06:15;CO2_level;952;False
S0001;2026-01-02 10:06:15;temperature;24.812;False
S0011;2026-01-02 10:06:15;ventilation;0.685;False
S0005;2026-01-02 10:06:30;ventilation;0.617;False
S0010;2026-01-02 10:06:30;CO2_level;799;False
S0004;2026-01-02 10:06:30;CO2_level;1086;False
S0009;2026-01-02 10:06:30;humidity;68.37;False
S0003;2026-01-02 10:06:30;humidity;62.07;False
S0001;2026-01-02 10:06:30;temperature;18.386;False
S0007;2026-01-02 10:06:30;temperature;24.871;False
S0011;2026-01-02 10:06:30;ventilation;0.62;False
S0011;2026-01-02 10:06:45;ventilation;0.944;False
S0001;2026-01-02 10:06:45;temperature;17.923;False
S0005;2026-01-02 10:06:45;ventilation;0.731;False
S0004;2026-01-02 10:06:45;CO2_level;1152;False
S0010;2026-01-02 10:06:45;CO2_level;1140;False
S0007;2026-01-02 10:06:45;temperature;19.654;False
S0001;2026-01-02 10:07:00;temperature;24.897;False
S0004;2026-01-02 10:07:00;CO2_level;989;False
S0003;2026-01-02 10:07:00;humidity;64.785;False
S0011;2026-01-02 10:07:00;ventilation;0.875;False
S0010;2026-01-02 10:07:00;CO2_level;629;False
S0007;2026-01-02 10:07:00;temperature;25.818;False
S0005;2026-01-02 10:07:00;ventilation;0.887;False
S0009;2026-01-02 10:07:00;humidity;68.783;False
S0004;2026-01-02 10:07:15;CO2_level;796;False
S0007;2026-01-02 10:07:15;temperature;19.254;False
S0011;2026-01-02 10:07:15;ventilation;0.616;False
S0005;2026-01-02 10:07:15;ventilation;0.42;True
S0001;2026-01-02 10:07:15;temperature;15.113;False
S0010;2026-01-02 10:07:15;CO2_level;953;False
S0005;2026-01-02 10:07:30;ventilation;0.601;False
S0011;2026-01-02 10:07:30;ventilation;0.788;False
S0001;2026-01-02 10:07:30;temperature;15.209;False
S0009;2026-01-02 10:07:30;humidity;61.62;False
S0003;2026-01-02 10:07:30;humidity;63.039;False
S0007;2026-01-02 10:07:30;temperature;17.205;False
S0010;2026-01-02 10:07:30;CO2_level;614;False
S0004;2026-01-02 10:07:30;CO2_level;1129;False
S0010;2026-01-02 10:07:45;CO2_level;314;True
S0005;2026-01-02 10:07:45;ventilation;0.584;False
S0001;2026-01-02 10:07:45;temperature;22.407;False
S0011;2026-01-02 10:07:45;ventilation;0.637;False
S0007;2026-01-02 10:07:45;temperature;21.085;False
S0004;2026-01-02 10:07:45;CO2_level;476;True
S0005;2026-01-02 10:08:00;ventilation;0.986;False
S0003;2026-01-02 10:08:00;humidity;60.492;False
S0009;2026-01-02 10:08:00;humidity;67.223;False
S0001;2026-01-02 10:08:00;temperature;23.587;False
S0011;2026-01-02 10:08:00;ventilation;0.805;False
S0010;2026-01-02 10:08:00;CO2_level;696;False
S0007;2026-01-02 10:08:00;temperature;17.145;False
S0004;2026-01-02 10:08:00;CO2_level;1061;False
S0007;2026-01-02 10:08:15;temperature;26.038;False
S0004;2026-01-02 10:08:15;CO2_level;960;False
S0005;2026-01-02 10:08:15;ventilation;0.844;False
S0011;2026-01-02 10:08:15;ventilation;0.865;False
S0010;2026-01-02 10:08:15;CO2_level;1079;False
S0001;2026-01-02 10:08:15;temperature;25.47;False
S0001;2026-01-02 10:08:30;temperature;18.763;False
S0005;2026-01-02 10:08:30;ventilation;1.363;True
S0004;2026-01-02 10:08:30;CO2_level;698;False
S0010;2026-01-02 10:08:30;CO2_level;981;False
S0003;2026-01-02 10:08:30;humidity;64.532;False
S0011;2026-01-02 10:08:30;ventilation;0.563;False
S0009;2026-01-02 10:08:30;humidity;63.668;False
S0007;2026-01-02 10:08:30;temperature;24.034;False
S0007;2026-01-02 10:08:45;temperature;20.862;False
S0005;2026-01-02 10:08:45;ventilation;0.52;False
S0004;2026-01-02 10:08:45;CO2_level;758;False
S0001;2026-01-02 10:08:45;temperature;22.407;False
S0011;2026-01-02 10:08:45;ventilation;0.545;False
S0010;2026-01-02 10:08:45;CO2_level;763;False
S0007;2026-01-02 10:09:00;temperature;23.919;False
S0011;2026-01-02 10:09:00;ventilation;0.879;False
S0004;2026-01-02 10:09:00;CO2_level;631;False
S0009;2026-01-02 10:09:00;humidity;68.192;False
S0005;2026-01-02 10:09:00;ventilation;0.513;False
S0003;2026-01-02 10:09:00;humidity;60.641;False
S0001;2026-01-02 10:09:00;temperature;19.405;False
S0010;2026-01-02 10:09:00;CO2_level;1081;False
S0011;2026-01-02 10:09:15;ventilation;0.587;False
S0005;2026-01-02 10:09:15;ventilation;0.962;False
S0007;2026-01-02 10:09:15;temperature;26.126;False
S0001;2026-01-02 10:09:15;temperature;26.847;False
S0010;2026-01-02 10:09:15;CO2_level;972;False
S0004;2026-01-02 10:09:15;CO2_level;942;False
S0003;2026-01-02 10:09:30;humidity;62.204;False
S0007;2026-01-02 10:09:30;temperature;23.72;False
S0011;2026-01-02 10:09:30;ventilation;0.633;False
S0001;2026-01-02 10:09:30;temperature;16.635;False
S0010;2026-01-02 10:09:30;CO2_level;1199;False
S0004;2026-01-02 10:09:30;CO2_level;887;False
S0009;2026-01-02 10:09:30;humidity;63.487;False
S0005;2026-01-02 10:09:30;ventilation;0.974;False
S0001;2026-01-02 10:09:45;temperature;4.661;True
S0007;2026-01-02 10:09:45;temperature;18.609;False
S0010;2026-01-02 10:09:45;CO2_level;609;False
S0005;2026-01-02 10:09:45;ventilation;0.006;True
S0011;2026-01-02 10:09:45;ventilation;0.593;False
S0004;2026-01-02 10:09:45;CO2_level;872;False
S0004;2026-01-02 10:10:00;CO2_level;691;False
S0003;2026-01-02 10:10:00;humidity;62.681;False
S0001;2026-01-02 10:10:00;temperature;-0.786;True
S0010;2026-01-02 10:10:00;CO2_level;835;False
S0007;2026-01-02 10:10:00;temperature;17.09;False
S0005;2026-01-02 10:10:00;ventilation;0.935;False
S0009;2026-01-02 10:10:00;humidity;64.901;False
S0011;2026-01-02 10:10:00;ventilation;0.572;False
S0004;2026-01-02 10:10:15;CO2_level;929;False
S0010;2026-01-02 10:10:15;CO2_level;809;False
S0001;2026-01-02 10:10:15;temperature;18.702;False
S0007;2026-01-02 10:10:15;temperature;17.401;False
S0005;2026-01-02 10:10:15;ventilation;0.772;False
S0011;2026-01-02 10:10:15;ventilation;0.935;False
S0009;2026-01-02 10:10:30;humidity;63.036;False
S0003;2026-01-02 10:10:30;humidity;66.933;False
S0011;2026-01-02 10:10:30;ventilation;0.856;False
S0007;2026-01-02 10:10:30;temperature;18.34;False
S0005;2026-01-02 10:10:30;ventilation;0.836;False
S0004;2026-01-02 10:10:30;CO2_level;730;False
S0001;2026-01-02 10:10:30;temperature;31.998;True
S0010;2026-01-02 10:10:30;CO2_level;940;False
S0004;2026-01-02 10:10:45;CO2_level;null;True
S0005;2026-01-02 10:10:45;ventilation;0.525;False
S0007;2026-01-02 10:10:45;temperature;19.543;False
S0011;2026-01-02 10:10:45;ventilation;0.792;False
S0010;2026-01-02 10:10:45;CO2_level;767;False
S0001;2026-01-02 10:10:45;temperature;20.218;False
S0009;2026-01-02 10:11:00;humidity;63.706;False
S0003;2026-01-02 10:11:00;humidity;69.939;False
S0007;2026-01-02 10:11:00;temperature;26.825;False
S0001;2026-01-02 10:11:00;temperature;20.664;False
S0010;2026-01-02 10:11:00;CO2_level;806;False
S0011;2026-01-02 10:11:00;ventilation;0.52;False
S0005;2026-01-02 10:11:00;ventilation;0.976;False
S0004;2026-01-02 10:11:00;CO2_level;753;False
S0001;2026-01-02 10:11:15;temperature;15.499;False
S0010;2026-01-02 10:11:15;CO2_level;1038;False
S0011;2026-01-02 10:11:15;ventilation;0.875;False
S0005;2026-01-02 10:11:15;ventilation;0.985;False
S0007;2026-01-02 10:11:15;temperature;2.459;True
S0004;2026-01-02 10:11:15;CO2_level;1260;True
S0001;2026-01-02 10:11:30;temperature;21.416;False
S0009;2026-01-02 10:11:30;humidity;67.303;False
S0004;2026-01-02 10:11:30;CO2_level;786;False
S0003;2026-01-02 10:11:30;humidity;61.055;False
S0011;2026-01-02 10:11:30;ventilation;0.56;False
S0010;2026-01-02 10:11:30;CO2_level;1016;False
S0005;2026-01-02 10:11:30;ventilation;0.867;False
S0007;2026-01-02 10:11:30;temperature;17.315;False
S0005;2026-01-02 10:11:45;ventilation;0.927;False
S0001;2026-01-02 10:11:45;temperature;21.978;False
S0007;2026-01-02 10:11:45;temperature;22.262;False
S0010;2026-01-02 10:11:45;CO2_level;1039;False
S0011;2026-01-02 10:11:45;ventilation;0.773;False
S0004;2026-01-02 10:11:45;CO2_level;1096;False
S0010;2026-01-02 10:12:00;CO2_level;610;False
S0007;2026-01-02 10:12:00;temperature;21.414;False
S0004;2026-01-02 10:12:00;CO2_level;815;False
S0003;2026-01-02 10:12:00;humidity;65.523;False
S0001;2026-01-02 10:12:00;temperature;31.665;True
S0005;2026-01-02 10:12:00;ventilation;0.815;False
S0011;2026-01-02 10:12:00;ventilation;0.669;False
S0009;2026-01-02 10:12:00;humidity;64.388;False
S0011;2026-01-02 10:12:15;ventilation;0.565;False
S0004;2026-01-02 10:12:15;CO2_level;1039;False
S0005;2026-01-02 10:12:15;ventilation;0.718;False
S0007;2026-01-02 10:12:15;temperature;24.513;False
S0001;2026-01-02 10:12:15;temperature;26.895;False
S0010;2026-01-02 10:12:15;CO2_level;954;False
S0004;2026-01-02 10:12:30;CO2_level;1190;False
S0007;2026-01-02 10:12:30;temperature;null;True
S0005;2026-01-02 10:12:30;ventilation;0.837;False
S0010;2026-01-02 10:12:30;CO2_level;966;False
S0011;2026-01-02 10:12:30;ventilation;0.726;False
S0003;2026-01-02 10:12:30;humidity;61.464;False
S0001;2026-01-02 10:12:30;temperature;15.915;False
S0009;2026-01-02 10:12:30;humidity;65.189;False
S0010;2026-01-02 10:12:45;CO2_level;699;False
S0007;2026-01-02 10:12:45;temperature;24.032;False
S0001;2026-01-02 10:12:45;temperature;15.446;False
S0005;2026-01-02 10:12:45;ventilation;0.919;False
S0004;2026-01-02 10:12:45;CO2_level;1191;False
S0011;2026-01-02 10:12:45;ventilation;1.404;True
S0005;2026-01-02 10:13:00;ventilation;0.627;False
S0003;2026-01-02 10:13:00;humidity;67.586;False
S0010;2026-01-02 10:13:00;CO2_level;1201;True
S0007;2026-01-02 10:13:00;temperature;22.091;False
S0001;2026-01-02 10:13:00;temperature;16.806;False
S0011;2026-01-02 10:13:00;ventilation;0.299;True
S0004;2026-01-02 10:13:00;CO2_level;985;False
S0009;2026-01-02 10:13:00;humidity;61.364;False
S0001;2026-01-02 10:13:15;temperature;20.786;False
S0011;2026-01-02 10:13:15;ventilation;0.532;False
S0010;2026-01-02 10:13:15;CO2_level;1178;False
S0004;2026-01-02 10:13:15;CO2_level;null;True
S0007;2026-01-02 10:13:15;temperature;22.771;False
S0005;2026-01-02 10:13:15;ventilation;0.795;False
S0001;2026-01-02 10:13:30;temperature;16.157;False
S0007;2026-01-02 10:13:30;temperature;26.009;False
S0009;2026-01-02 10:13:30;humidity;69.626;False
S0011;2026-01-02 10:13:30;ventilation;0.555;False
S0005;2026-01-02 10:13:30;ventilation;0.987;False
S0004;2026-01-02 10:13:30;CO2_level;1206;True
S0010;2026-01-02 10:13:30;CO2_level;973;False
S0003;2026-01-02 10:13:30;humidity;65.031;False
S0011;2026-01-02 10:13:45;ventilation;0.719;False
S0001;2026-01-02 10:13:45;temperature;26.035;False
S0010;2026-01-02 10:13:45;CO2_level;682;False
S0007;2026-01-02 10:13:45;temperature;19.8;False
S0005;2026-01-02 10:13:45;ventilation;0.891;False
S0004;2026-01-02 10:13:45;CO2_level;629;False
S0010;2026-01-02 10:14:00;CO2_level;643;False
S0003;2026-01-02 10:14:00;humidity;68.924;False
S0001;2026-01-02 10:14:00;temperature;22.664;False
S0009;2026-01-02 10:14:00;humidity;61.988;False
S0004;2026-01-02 10:14:00;CO2_level;1189;False
S0011;2026-01-02 10:14:00;ventilation;0.778;False
S0007;2026-01-02 10:14:00;temperature;20.758;False
S0005;2026-01-02 10:14:00;ventilation;0.028;True
S0010;2026-01-02 10:14:15;CO2_level;null;True
S0011;2026-01-02 10:14:15;ventilation;0.511;False
S0007;2026-01-02 10:14:15;temperature;27.194;True
S0004;2026-01-02 10:14:15;CO2_level;454;True
S0001;2026-01-02 10:14:15;temperature;26.747;False
S0005;2026-01-02 10:14:15;ventilation;0.803;False
S0010;2026-01-02 10:14:30;CO2_level;725;False
S0001;2026-01-02 10:14:30;temperature;22.506;False
S0005;2026-01-02 10:14:30;ventilation;0.902;False
S0007;2026-01-02 10:14:30;temperature;22.238;False
S0003;2026-01-02 10:14:30;humidity;65.155;False
S0009;2026-01-02 10:14:30;humidity;62.013;False
S0004;2026-01-02 10:14:30;CO2_level;1094;False
S0011;2026-01-02 10:14:30;ventilation;0.672;False
S0007;2026-01-02 10:14:45;temperature;17.391;False
S0005;2026-01-02 10:14:45;ventilation;0.533;False
S0001;2026-01-02 10:14:45;temperature;15.388;False
S0010;2026-01-02 10:14:45;CO2_level;609;False
S0004;2026-01-02 10:14:45;CO2_level;792;False
S0011;2026-01-02 10:14:45;ventilation;0.865;False
S0005;2026-01-02 10:15:00;ventilation;0.581;False
S0001;2026-01-02 10:15:00;temperature;22.421;False
S0007;2026-01-02 10:15:00;temperature;23.341;False
S0010;2026-01-02 10:15:00;CO2_level;1077;False
S0011;2026-01-02 10:15:00;ventilation;0.64;False
S0004;2026-01-02 10:15:00;CO2_level;null;True
S0003;2026-01-02 10:15:00;humidity;68.518;False
S0009;2026-01-02 10:15:00;humidity;62.387;False
S0007;2026-01-02 10:15:15;temperature;25.557;False
S0004;2026-01-02 10:15:15;CO2_level;655;False
S0011;2026-01-02 10:15:15;ventilation;0.864;False
S0005;2026-01-02 10:15:15;ventilation;0.862;False
S0001;2026-01-02 10:15:15;temperature;8.899;True
S0010;2026-01-02 10:15:15;CO2_level;1008;False
S0007;2026-01-02 10:15:30;temperature;25.193;False
S0010;2026-01-02 10:15:30;CO2_level;646;False
S0003;2026-01-02 10:15:30;humidity;60.031;False
S0004;2026-01-02 10:15:30;CO2_level;795;False
S0001;2026-01-02 10:15:30;temperature;26.212;False
S0009;2026-01-02 10:15:30;humidity;64.224;False
S0011;2026-01-02 10:15:30;ventilation;0.926;False
S0005;2026-01-02 10:15:30;ventilation;0.597;False
S0004;2026-01-02 10:15:45;CO2_level;207;True
S0011;2026-01-02 10:15:45;ventilation;0.946;False
S0007;2026-01-02 10:15:45;temperature;25.567;False
S0010;2026-01-02 10:15:45;CO2_level;665;False
S0001;2026-01-02 10:15:45;temperature;17.079;False
S0005;2026-01-02 10:15:45;ventilation;0.516;False
S0004;2026-01-02 10:16:00;CO2_level;1070;False
S0011;2026-01-02 10:16:00;ventilation;0.016;True
S0007;2026-01-02 10:16:00;temperature;20.022;False
S0009;2026-01-02 10:16:00;humidity;65.952;False
S0003;2026-01-02 10:16:00;humidity;65.124;False
S0005;2026-01-02 10:16:00;ventilation;0.736;False
S0010;2026-01-02 10:16:00;CO2_level;1007;False
S0001;2026-01-02 10:16:00;temperature;21.189;False
S0004;2026-01-02 10:16:15;CO2_level;1165;False
S0010;2026-01-02 10:16:15;CO2_level;634;False
S0011;2026-01-02 10:16:15;ventilation;0.698;False
S0001;2026-01-02 10:16:15;temperature;24.048;False
S0005;2026-01-02 10:16:15;ventilation;0.975;False
S0007;2026-01-02 10:16:15;temperature;22.428;False
S0004;2026-01-02 10:16:30;CO2_level;1010;False
S0011;2026-01-02 10:16:30;ventilation;0.503;False
S0005;2026-01-02 10:16:30;ventilation;0.58;False
S0007;2026-01-02 10:16:30;temperature;16.448;False
S0009;2026-01-02 10:16:30;humidity;60.234;False
S0010;2026-01-02 10:16:30;CO2_level;null;True
S0001;2026-01-02 10:16:30;temperature;16.584;False
S0003;2026-01-02 10:16:30;humidity;68.896;False
S0001;2026-01-02 10:16:45;temperature;15.754;False
S0007;2026-01-02 10:16:45;temperature;21.532;False
S0004;2026-01-02 10:16:45;CO2_level;1143;False
S0005;2026-01-02 10:16:45;ventilation;0.643;False
S0011;2026-01-02 10:16:45;ventilation;0.649;False
S0010;2026-01-02 10:16:45;CO2_level;729;False
S0009;2026-01-02 10:17:00;humidity;61.004;False
S0003;2026-01-02 10:17:00;humidity;67.181;False
S0001;2026-01-02 10:17:00;temperature;25.661;False
S0010;2026-01-02 10:17:00;CO2_level;1186;False
S0005;2026-01-02 10:17:00;ventilation;0.836;False
S0007;2026-01-02 10:17:00;temperature;null;True
S0011;2026-01-02 10:17:00;ventilation;0.741;False
S0004;2026-01-02 10:17:00;CO2_level;null;True
S0005;2026-01-02 10:17:15;ventilation;0.906;False
S0010;2026-01-02 10:17:15;CO2_level;926;False
S0011;2026-01-02 10:17:15;ventilation;0.576;False
S0004;2026-01-02 10:17:15;CO2_level;1053;False
S0001;2026-01-02 10:17:15;temperature;25.084;False
S0007;2026-01-02 10:17:15;temperature;15.516;False
S0004;2026-01-02 10:17:30;CO2_level;1119;False
S0007;2026-01-02 10:17:30;temperature;21.487;False
S0001;2026-01-02 10:17:30;temperature;21.066;False
S0010;2026-01-02 10:17:30;CO2_level;648;False
S0011;2026-01-02 10:17:30;ventilation;0.858;False
S0003;2026-01-02 10:17:30;humidity;67.422;False
S0009;2026-01-02 10:17:30;humidity;62.771;False
S0005;2026-01-02 10:17:30;ventilation;0.994;False
S0005;2026-01-02 10:17:45;ventilation;0.828;False
S0011;2026-01-02 10:17:45;ventilation;0.59;False
S0007;2026-01-02 10:17:45;temperature;15.941;False
S0001;2026-01-02 10:17:45;temperature;15.541;False
S0004;2026-01-02 10:17:45;CO2_level;967;False
S0010;2026-01-02 10:17:45;CO2_level;1169;False
S0010;2026-01-02 10:18:00;CO2_level;722;False
S0005;2026-01-02 10:18:00;ventilation;0.739;False
S0009;2026-01-02 10:18:00;humidity;69.634;False
S0011;2026-01-02 10:18:00;ventilation;0.927;False
S0003;2026-01-02 10:18:00;humidity;60.996;False
S0007;2026-01-02 10:18:00;temperature;17.469;False
S0001;2026-01-02 10:18:00;temperature;17.527;False
S0004;2026-01-02 10:18:00;CO2_level;1255;True
S0005;2026-01-02 10:18:15;ventilation;0.628;False
S0007;2026-01-02 10:18:15;temperature;16.974;False
S0010;2026-01-02 10:18:15;CO2_level;995;False
S0001;2026-01-02 10:18:15;temperature;22.3;False
S0004;2026-01-02 10:18:15;CO2_level;956;False
S0011;2026-01-02 10:18:15;ventilation;0.504;False
S0007;2026-01-02 10:18:30;temperature;25.202;False
S0005;2026-01-02 10:18:30;ventilation;0.804;False
S0010;2026-01-02 10:18:30;CO2_level;902;False
S0003;2026-01-02 10:18:30;humidity;61.45;False
S0001;2026-01-02 10:18:30;temperature;25.741;False
S0004;2026-01-02 10:18:30;CO2_level;401;True
S0011;2026-01-02 10:18:30;ventilation;0.646;False
S0009;2026-01-02 10:18:30;humidity;62.622;False
S0010;2026-01-02 10:18:45;CO2_level;1025;False
S0011;2026-01-02 10:18:45;ventilation;0.732;False
S0001;2026-01-02 10:18:45;temperature;22.754;False
S0005;2026-01-02 10:18:45;ventilation;0.638;False
S0007;2026-01-02 10:18:45;temperature;25.44;False
S0004;2026-01-02 10:18:45;CO2_level;609;False
S0011;2026-01-02 10:19:00;ventilation;0.601;False
S0007;2026-01-02 10:19:00;temperature;16.874;False
S0001;2026-01-02 10:19:00;temperature;26.728;False
S0005;2026-01-02 10:19:00;ventilation;0.54;False
S0004;2026-01-02 10:19:00;CO2_level;1198;False
S0010;2026-01-02 10:19:00;CO2_level;1142;False
S0009;2026-01-02 10:19:00;humidity;65.282;False
S0003;2026-01-02 10:19:00;humidity;64.434;False
S0010;2026-01-02 10:19:15;CO2_level;1283;True
S0007;2026-01-02 10:19:15;temperature;18.408;False
S0005;2026-01-02 10:19:15;ventilation;0.556;False
S0011;2026-01-02 10:19:15;ventilation;0.684;False
S0001;2026-01-02 10:19:15;temperature;26.038;False
S0004;2026-01-02 10:19:15;CO2_level;653;False
S0011;2026-01-02 10:19:30;ventilation;0.963;False
S0001;2026-01-02 10:19:30;temperature;25.489;False
S0010;2026-01-02 10:19:30;CO2_level;743;False
S0009;2026-01-02 10:19:30;humidity;64.928;False
S0007;2026-01-02 10:19:30;temperature;18.458;False
S0003;2026-01-02 10:19:30;humidity;63.875;False
S0004;2026-01-02 10:19:30;CO2_level;875;False
S0005;2026-01-02 10:19:30;ventilation;0.806;False
S0005;2026-01-02 10:19:45;ventilation;0.547;False
S0010;2026-01-02 10:19:45;CO2_level;398;True
S0011;2026-01-02 10:19:45;ventilation;0.118;True
S0007;2026-01-02 10:19:45;temperature;21.849;False
S0004;2026-01-02 10:19:45;CO2_level;1188;False
S0001;2026-01-02 10:19:45;temperature;8.225;True
S0004;2026-01-02 10:20:00;CO2_level;810;False
S0003;2026-01-02 10:20:00;humidity;60.576;False
S0011;2026-01-02 10:20:00;ventilation;0.94;False
S0001;2026-01-02 10:20:00;temperature;25.484;False
S0010;2026-01-02 10:20:00;CO2_level;1004;False
S0005;2026-01-02 10:20:00;ventilation;0.715;False
S0007;2026-01-02 10:20:00;temperature;2.149;True
S0009;2026-01-02 10:20:00;humidity;69.636;False
S0007;2026-01-02 10:20:15;temperature;22.527;False
S0011;2026-01-02 10:20:15;ventilation;0.13;True
S0001;2026-01-02 10:20:15;temperature;22.213;False
S0005;2026-01-02 10:20:15;ventilation;0.857;False
S0004;2026-01-02 10:20:15;CO2_level;1054;False
S0010;2026-01-02 10:20:15;CO2_level;1061;False
S0011;2026-01-02 10:20:30;ventilation;0.523;False
S0003;2026-01-02 10:20:30;humidity;69.727;False
S0010;2026-01-02 10:20:30;CO2_level;955;False
S0004;2026-01-02 10:20:30;CO2_level;983;False
S0005;2026-01-02 10:20:30;ventilation;0.991;False
S0009;2026-01-02 10:20:30;humidity;16.558;True
S0007;2026-01-02 10:20:30;temperature;15.669;False
S0001;2026-01-02 10:20:30;temperature;16.338;False
S0004;2026-01-02 10:20:45;CO2_level;610;False
S0011;2026-01-02 10:20:45;ventilation;0.78;False
S0001;2026-01-02 10:20:45;temperature;19.955;False
S0005;2026-01-02 10:20:45;ventilation;0.986;False
S0010;2026-01-02 10:20:45;CO2_level;999;False
S0007;2026-01-02 10:20:45;temperature;22.334;False
S0001;2026-01-02 10:21:00;temperature;26.856;False
S0010;2026-01-02 10:21:00;CO2_level;947;False
S0007;2026-01-02 10:21:00;temperature;17.002;False
S0009;2026-01-02 10:21:00;humidity;60.36;False
S0011;2026-01-02 10:21:00;ventilation;0.975;False
S0004;2026-01-02 10:21:00;CO2_level;949;False
S0005;2026-01-02 10:21:00;ventilation;0.823;False
S0003;2026-01-02 10:21:00;humidity;68.674;False
S0005;2026-01-02 10:21:15;ventilation;0.567;False
S0001;2026-01-02 10:21:15;temperature;28.81;True
S0010;2026-01-02 10:21:15;CO2_level;967;False
S0007;2026-01-02 10:21:15;temperature;21.548;False
S0011;2026-01-02 10:21:15;ventilation;0.661;False
S0004;2026-01-02 10:21:15;CO2_level;1068;False
S0009;2026-01-02 10:21:30;humidity;69.126;False
S0007;2026-01-02 10:21:30;temperature;17.07;False
S0001;2026-01-02 10:21:30;temperature;18.624;False
S0010;2026-01-02 10:21:30;CO2_level;989;False
S0005;2026-01-02 10:21:30;ventilation;0.592;False
S0004;2026-01-02 10:21:30;CO2_level;1054;False
S0003;2026-01-02 10:21:30;humidity;61.264;False
S0011;2026-01-02 10:21:30;ventilation;0.56;False
S0001;2026-01-02 10:21:45;temperature;25.328;False
S0004;2026-01-02 10:21:45;CO2_level;863;False
S0010;2026-01-02 10:21:45;CO2_level;1050;False
S0011;2026-01-02 10:21:45;ventilation;1.751;True
S0005;2026-01-02 10:21:45;ventilation;0.979;False
S0007;2026-01-02 10:21:45;temperature;17.848;False
S0005;2026-01-02 10:22:00;ventilation;0.676;False
S0009;2026-01-02 10:22:00;humidity;65.997;False
S0010;2026-01-02 10:22:00;CO2_level;888;False
S0001;2026-01-02 10:22:00;temperature;17.84;False
S0007;2026-01-02 10:22:00;temperature;19.137;False
S0011;2026-01-02 10:22:00;ventilation;0.992;False
S0004;2026-01-02 10:22:00;CO2_level;889;False
S0003;2026-01-02 10:22:00;humidity;68.842;False
S0001;2026-01-02 10:22:15;temperature;16.911;False
S0010;2026-01-02 10:22:15;CO2_level;810;False
S0007;2026-01-02 10:22:15;temperature;15.486;False
S0011;2026-01-02 10:22:15;ventilation;null;True
S0004;2026-01-02 10:22:15;CO2_level;969;False
S0005;2026-01-02 10:22:15;ventilation;0.777;False
S0003;2026-01-02 10:22:30;humidity;60.416;False
S0007;2026-01-02 10:22:30;temperature;15.873;False
S0004;2026-01-02 10:22:30;CO2_level;965;False
S0010;2026-01-02 10:22:30;CO2_level;886;False
S0005;2026-01-02 10:22:30;ventilation;0.762;False
S0011;2026-01-02 10:22:30;ventilation;0.884;False
S0009;2026-01-02 10:22:30;humidity;69.534;False
S0001;2026-01-02 10:22:30;temperature;24.544;False
S0010;2026-01-02 10:22:45;CO2_level;891;False
S0011;2026-01-02 10:22:45;ventilation;0.93;False
S0001;2026-01-02 10:22:45;temperature;20.499;False
S0004;2026-01-02 10:22:45;CO2_level;762;False
S0005;2026-01-02 10:22:45;ventilation;0.851;False
S0007;2026-01-02 10:22:45;temperature;18.084;False
S0005;2026-01-02 10:23:00;ventilation;0.705;False
S0010;2026-01-02 10:23:00;CO2_level;null;True
S0009;2026-01-02 10:23:00;humidity;69.472;False
S0007;2026-01-02 10:23:00;temperature;22.591;False
S0004;2026-01-02 10:23:00;CO2_level;702;False
S0001;2026-01-02 10:23:00;temperature;17.202;False
S0003;2026-01-02 10:23:00;humidity;60.9;False
S0011;2026-01-02 10:23:00;ventilation;0.822;False
S0001;2026-01-02 10:23:15;temperature;21.751;False
S0004;2026-01-02 10:23:15;CO2_level;1093;False
S0010;2026-01-02 10:23:15;CO2_level;1161;False
S0011;2026-01-02 10:23:15;ventilation;0.716;False
S0007;2026-01-02 10:23:15;temperature;16.702;False
S0005;2026-01-02 10:23:15;ventilation;0.742;False
S0009;2026-01-02 10:23:30;humidity;63.489;False
S0001;2026-01-02 10:23:30;temperature;22.755;False
S0004;2026-01-02 10:23:30;CO2_level;903;False
S0011;2026-01-02 10:23:30;ventilation;0.578;False
S0007;2026-01-02 10:23:30;temperature;19.284;False
S0003;2026-01-02 10:23:30;humidity;60.017;False
S0005;2026-01-02 10:23:30;ventilation;0.594;False
S0010;2026-01-02 10:23:30;CO2_level;1089;False
S0007;2026-01-02 10:23:45;temperature;20.105;False
S0001;2026-01-02 10:23:45;temperature;19.132;False
S0010;2026-01-02 10:23:45;CO2_level;741;False
S0004;2026-01-02 10:23:45;CO2_level;692;False
S0005;2026-01-02 10:23:45;ventilation;0.882;False
S0011;2026-01-02 10:23:45;ventilation;0.92;False
S0005;2026-01-02 10:24:00;ventilation;0.811;False
S0003;2026-01-02 10:24:00;humidity;62.402;False
S0011;2026-01-02 10:24:00;ventilation;0.968;False
S0001;2026-01-02 10:24:00;temperature;24.033;False
S0004;2026-01-02 10:24:00;CO2_level;1117;False
S0007;2026-01-02 10:24:00;temperature;26.221;False
S0009;2026-01-02 10:24:00;humidity;62.707;False
S0010;2026-01-02 10:24:00;CO2_level;603;False
S0005;2026-01-02 10:24:15;ventilation;0.799;False
S0010;2026-01-02 10:24:15;CO2_level;892;False
S0004;2026-01-02 10:24:15;CO2_level;905;False
S0001;2026-01-02 10:24:15;temperature;16.141;False
S0011;2026-01-02 10:24:15;ventilation;0.553;False
S0007;2026-01-02 10:24:15;temperature;22.81;False
S0001;2026-01-02 10:24:30;temperature;17.575;False
S0005;2026-01-02 10:24:30;ventilation;0.846;False
S0011;2026-01-02 10:24:30;ventilation;0.685;False
S0009;2026-01-02 10:24:30;humidity;66.867;False
S0003;2026-01-02 10:24:30;humidity;69.307;False
S0010;2026-01-02 10:24:30;CO2_level;1178;False
S0004;2026-01-02 10:24:30;CO2_level;1124;False
S0007;2026-01-02 10:24:30;temperature;25.819;False
S0007;2026-01-02 10:24:45;temperature;null;True
S0010;2026-01-02 10:24:45;CO2_level;1065;False
S0004;2026-01-02 10:24:45;CO2_level;763;False
S0011;2026-01-02 10:24:45;ventilation;0.591;False
S0005;2026-01-02 10:24:45;ventilation;null;True
S0001;2026-01-02 10:24:45;temperature;21.063;False
S0004;2026-01-02 10:25:00;CO2_level;799;False
S0009;2026-01-02 10:25:00;humidity;68.182;False
S0007;2026-01-02 10:25:00;temperature;26.84;False
S0011;2026-01-02 10:25:00;ventilation;0.9;False
S0001;2026-01-02 10:25:00;temperature;18.698;False
S0010;2026-01-02 10:25:00;CO2_level;908;False
S0005;2026-01-02 10:25:00;ventilation;0.122;True
S0003;2026-01-02 10:25:00;humidity;65.501;False
S0007;2026-01-02 10:25:15;temperature;15.274;False
S0011;2026-01-02 10:25:15;ventilation;0.787;False
S0004;2026-01-02 10:25:15;CO2_level;852;False
S0010;2026-01-02 10:25:15;CO2_level;801;False
S0005;2026-01-02 10:25:15;ventilation;0.532;False
S0001;2026-01-02 10:25:15;temperature;19.519;False
S0001;2026-01-02 10:25:30;temperature;26.664;False
S0010;2026-01-02 10:25:30;CO2_level;1183;False
S0005;2026-01-02 10:25:30;ventilation;0.712;False
S0011;2026-01-02 10:25:30;ventilation;0.548;False
S0007;2026-01-02 10:25:30;temperature;31.35;True
S0003;2026-01-02 10:25:30;humidity;62.506;False
S0009;2026-01-02 10:25:30;humidity;69.086;False
S0004;2026-01-02 10:25:30;CO2_level;987;False
S0004;2026-01-02 10:25:45;CO2_level;709;False
S0011;2026-01-02 10:25:45;ventilation;0.514;False
S0010;2026-01-02 10:25:45;CO2_level;1083;False
S0007;2026-01-02 10:25:45;temperature;21.732;False
S0005;2026-01-02 10:25:45;ventilation;0.647;False
S0001;2026-01-02 10:25:45;temperature;18.0;False
S0003;2026-01-02 10:26:00;humidity;67.183;False
S0011;2026-01-02 10:26:00;ventilation;0.83;False
S0004;2026-01-02 10:26:00;CO2_level;864;False
S0007;2026-01-02 10:26:00;temperature;19.571;False
S0005;2026-01-02 10:26:00;ventilation;0.71;False
S0009;2026-01-02 10:26:00;humidity;66.044;False
S0001;2026-01-02 10:26:00;temperature;17.146;False
S0010;2026-01-02 10:26:00;CO2_level;664;False
S0011;2026-01-02 10:26:15;ventilation;0.547;False
S0007;2026-01-02 10:26:15;temperature;23.293;False
S0004;2026-01-02 10:26:15;CO2_level;1135;False
S0001;2026-01-02 10:26:15;temperature;21.456;False
S0010;2026-01-02 10:26:15;CO2_level;492;True
S0005;2026-01-02 10:26:15;ventilation;0.632;False
S0004;2026-01-02 10:26:30;CO2_level;940;False
S0007;2026-01-02 10:26:30;temperature;26.502;False
S0009;2026-01-02 10:26:30;humidity;66.852;False
S0001;2026-01-02 10:26:30;temperature;18.643;False
S0010;2026-01-02 10:26:30;CO2_level;1084;False
S0005;2026-01-02 10:26:30;ventilation;0.804;False
S0011;2026-01-02 10:26:30;ventilation;0.896;False
S0003;2026-01-02 10:26:30;humidity;62.171;False
S0007;2026-01-02 10:26:45;temperature;26.575;False
S0010;2026-01-02 10:26:45;CO2_level;1088;False
S0011;2026-01-02 10:26:45;ventilation;0.701;False
S0001;2026-01-02 10:26:45;temperature;25.862;False
S0005;2026-01-02 10:26:45;ventilation;0.526;False
S0004;2026-01-02 10:26:45;CO2_level;680;False
S0001;2026-01-02 10:27:00;temperature;22.223;False
S0003;2026-01-02 10:27:00;humidity;63.458;False
S0007;2026-01-02 10:27:00;temperature;20.529;False
S0011;2026-01-02 10:27:00;ventilation;0.578;False
S0004;2026-01-02 10:27:00;CO2_level;1025;False
S0010;2026-01-02 10:27:00;CO2_level;1196;False
S0009;2026-01-02 10:27:00;humidity;65.012;False
S0005;2026-01-02 10:27:00;ventilation;0.669;False
S0005;2026-01-02 10:27:15;ventilation;0.982;False
S0007;2026-01-02 10:27:15;temperature;5.181;True
S0010;2026-01-02 10:27:15;CO2_level;1139;False
S0001;2026-01-02 10:27:15;temperature;21.868;False
S0011;2026-01-02 10:27:15;ventilation;0.565;False
S0004;2026-01-02 10:27:15;CO2_level;983;False
S0001;2026-01-02 10:27:30;temperature;16.634;False
S0011;2026-01-02 10:27:30;ventilation;0.734;False
S0010;2026-01-02 10:27:30;CO2_level;960;False
S0004;2026-01-02 10:27:30;CO2_level;794;False
S0009;2026-01-02 10:27:30;humidity;63.489;False
S0005;2026-01-02 10:27:30;ventilation;0.634;False
S0007;2026-01-02 10:27:30;temperature;22.125;False
S0003;2026-01-02 10:27:30;humidity;62.82;False
S0010;2026-01-02 10:27:45;CO2_level;672;False
S0001;2026-01-02 10:27:45;temperature;15.828;False
S0007;2026-01-02 10:27:45;temperature;24.181;False
S0011;2026-01-02 10:27:45;ventilation;0.595;False
S0005;2026-01-02 10:27:45;ventilation;0.647;False
S0004;2026-01-02 10:27:45;CO2_level;636;False
S0010;2026-01-02 10:28:00;CO2_level;1155;False
S0003;2026-01-02 10:28:00;humidity;60.466;False
S0007;2026-01-02 10:28:00;temperature;19.993;False
S0009;2026-01-02 10:28:00;humidity;67.368;False
S0005;2026-01-02 10:28:00;ventilation;0.84;False
S0001;2026-01-02 10:28:00;temperature;18.632;False
S0004;2026-01-02 10:28:00;CO2_level;610;False
S0011;2026-01-02 10:28:00;ventilation;0.952;False
S0005;2026-01-02 10:28:15;ventilation;0.678;False
S0011;2026-01-02 10:28:15;ventilation;0.706;False
S0004;2026-01-02 10:28:15;CO2_level;1188;False
S0010;2026-01-02 10:28:15;CO2_level;624;False
S0007;2026-01-02 10:28:15;temperature;22.057;False
S0001;2026-01-02 10:28:15;temperature;24.099;False
S0001;2026-01-02 10:28:30;temperature;15.781;False
S0005;2026-01-02 10:28:30;ventilation;0.737;False
S0009;2026-01-02 10:28:30;humidity;68.749;False
S0004;2026-01-02 10:28:30;CO2_level;843;False
S0010;2026-01-02 10:28:30;CO2_level;1061;False
S0007;2026-01-02 10:28:30;temperature;20.134;False
S0011;2026-01-02 10:28:30;ventilation;0.906;False
S0003;2026-01-02 10:28:30;humidity;60.956;False
S0011;2026-01-02 10:28:45;ventilation;0.576;False
S0010;2026-01-02 10:28:45;CO2_level;603;False
S0007;2026-01-02 10:28:45;temperature;23.92;False
S0004;2026-01-02 10:28:45;CO2_level;694;False
S0005;2026-01-02 10:28:45;ventilation;0.695;False
S0001;2026-01-02 10:28:45;temperature;15.429;False
S0011;2026-01-02 10:29:00;ventilation;0.907;False
S0004;2026-01-02 10:29:00;CO2_level;null;True
S0003;2026-01-02 10:29:00;humidity;63.028;False
S0005;2026-01-02 10:29:00;ventilation;0.939;False
S0010;2026-01-02 10:29:00;CO2_level;1144;False
S0001;2026-01-02 10:29:00;temperature;22.212;False
S0007;2026-01-02 10:29:00;temperature;16.751;False
S0009;2026-01-02 10:29:00;humidity;61.719;False
S0007;2026-01-02 10:29:15;temperature;17.438;False
S0005;2026-01-02 10:29:15;ventilation;0.962;False
S0011;2026-01-02 10:29:15;ventilation;0.953;False
S0004;2026-01-02 10:29:15;CO2_level;null;True
S0010;2026-01-02 10:29:15;CO2_level;1114;False
S0001;2026-01-02 10:29:15;temperature;18.581;False
S0003;2026-01-02 10:29:30;humidity;75.138;True
S0011;2026-01-02 10:29:30;ventilation;0.94;False
S0004;2026-01-02 10:29:30;CO2_level;866;False
S0009;2026-01-02 10:29:30;humidity;68.79;False
S0007;2026-01-02 10:29:30;temperature;12.539;True
S0001;2026-01-02 10:29:30;temperature;10.077;True
S0010;2026-01-02 10:29:30;CO2_level;882;False
S0005;2026-01-02 10:29:30;ventilation;0.149;True
S0004;2026-01-02 10:29:45;CO2_level;1091;False
S0010;2026-01-02 10:29:45;CO2_level;634;False
S0011;2026-01-02 10:29:45;ventilation;0.703;False
S0007;2026-01-02 10:29:45;temperature;17.396;False
S0001;2026-01-02 10:29:45;temperature;18.963;False
S0005;2026-01-02 10:29:45;ventilation;0.819;False
S0011;2026-01-02 10:30:00;ventilation;0.97;False
S0010;2026-01-02 10:30:00;CO2_level;791;False
S0009;2026-01-02 10:30:00;humidity;60.769;False
S0003;2026-01-02 10:30:00;humidity;66.36;False
S0001;2026-01-02 10:30:00;temperature;null;True
S0004;2026-01-02 10:30:00;CO2_level;1040;False
S0005;2026-01-02 10:30:00;ventilation;0.523;False
S0007;2026-01-02 10:30:00;temperature;19.055;False
S0001;2026-01-02 10:30:15;temperature;19.949;False
S0005;2026-01-02 10:30:15;ventilation;0.774;False
S0007;2026-01-02 10:30:15;temperature;18.737;False
S0011;2026-01-02 10:30:15;ventilation;1.991;True
S0010;2026-01-02 10:30:15;CO2_level;954;False
S0004;2026-01-02 10:30:15;CO2_level;938;False
S0011;2026-01-02 10:30:30;ventilation;0.868;False
S0009;2026-01-02 10:30:30;humidity;62.555;False
S0010;2026-01-02 10:30:30;CO2_level;918;False
S0005;2026-01-02 10:30:30;ventilation;0.914;False
S0003;2026-01-02 10:30:30;humidity;62.807;False
S0007;2026-01-02 10:30:30;temperature;19.249;False
S0004;2026-01-02 10:30:30;CO2_level;623;False
S0001;2026-01-02 10:30:30;temperature;21.945;False
S0011;2026-01-02 10:30:45;ventilation;0.581;False
S0001;2026-01-02 10:30:45;temperature;6.64;True
S0010;2026-01-02 10:30:45;CO2_level;825;False
S0005;2026-01-02 10:30:45;ventilation;0.69;False
S0007;2026-01-02 10:30:45;temperature;20.013;False
S0004;2026-01-02 10:30:45;CO2_level;1170;False
S0007;2026-01-02 10:31:00;temperature;24.639;False
S0005;2026-01-02 10:31:00;ventilation;0.704;False
S0004;2026-01-02 10:31:00;CO2_level;901;False
S0010;2026-01-02 10:31:00;CO2_level;1158;False
S0011;2026-01-02 10:31:00;ventilation;0.834;False
S0009;2026-01-02 10:31:00;humidity;63.851;False
S0003;2026-01-02 10:31:00;humidity;63.706;False
S0001;2026-01-02 10:31:00;temperature;17.777;False
S0005;2026-01-02 10:31:15;ventilation;0.935;False
S0007;2026-01-02 10:31:15;temperature;26.523;False
S0004;2026-01-02 10:31:15;CO2_level;1148;False
S0001;2026-01-02 10:31:15;temperature;24.928;False
S0010;2026-01-02 10:31:15;CO2_level;1284;True
S0011;2026-01-02 10:31:15;ventilation;0.988;False
S0005;2026-01-02 10:31:30;ventilation;0.613;False
S0009;2026-01-02 10:31:30;humidity;64.649;False
S0011;2026-01-02 10:31:30;ventilation;0.705;False
S0001;2026-01-02 10:31:30;temperature;17.656;False
S0004;2026-01-02 10:31:30;CO2_level;1198;False
S0003;2026-01-02 10:31:30;humidity;64.077;False
S0007;2026-01-02 10:31:30;temperature;22.597;False
S0010;2026-01-02 10:31:30;CO2_level;645;False
S0011;2026-01-02 10:31:45;ventilation;0.882;False
S0001;2026-01-02 10:31:45;temperature;17.68;False
S0007;2026-01-02 10:31:45;temperature;18.565;False
S0010;2026-01-02 10:31:45;CO2_level;606;False
S0005;2026-01-02 10:31:45;ventilation;0.827;False
S0004;2026-01-02 10:31:45;CO2_level;333;True
S0010;2026-01-02 10:32:00;CO2_level;908;False
S0009;2026-01-02 10:32:00;humidity;64.216;False
S0003;2026-01-02 10:32:00;humidity;68.196;False
S0005;2026-01-02 10:32:00;ventilation;0.677;False
S0007;2026-01-02 10:32:00;temperature;25.634;False
S0011;2026-01-02 10:32:00;ventilation;null;True
S0001;2026-01-02 10:32:00;temperature;19.387;False
S0004;2026-01-02 10:32:00;CO2_level;1192;False
S0011;2026-01-02 10:32:15;ventilation;0.917;False
S0005;2026-01-02 10:32:15;ventilation;0.862;False
S0004;2026-01-02 10:32:15;CO2_level;1030;False
S0010;2026-01-02 10:32:15;CO2_level;642;False
S0007;2026-01-02 10:32:15;temperature;19.237;False
S0001;2026-01-02 10:32:15;temperature;25.83;False
S0007;2026-01-02 10:32:30;temperature;16.553;False
S0010;2026-01-02 10:32:30;CO2_level;757;False
S0011;2026-01-02 10:32:30;ventilation;0.791;False
S0004;2026-01-02 10:32:30;CO2_level;792;False
S0009;2026-01-02 10:32:30;humidity;64.254;False
S0003;2026-01-02 10:32:30;humidity;67.928;False
S0005;2026-01-02 10:32:30;ventilation;0.675;False
S0001;2026-01-02 10:32:30;temperature;19.963;False
S0001;2026-01-02 10:32:45;temperature;26.144;False
S0004;2026-01-02 10:32:45;CO2_level;773;False
S0011;2026-01-02 10:32:45;ventilation;0.92;False
S0010;2026-01-02 10:32:45;CO2_level;1002;False
S0005;2026-01-02 10:32:45;ventilation;0.619;False
S0007;2026-01-02 10:32:45;temperature;18.94;False
S0005;2026-01-02 10:33:00;ventilation;0.895;False
S0011;2026-01-02 10:33:00;ventilation;0.788;False
S0003;2026-01-02 10:33:00;humidity;64.711;False
S0010;2026-01-02 10:33:00;CO2_level;956;False
S0004;2026-01-02 10:33:00;CO2_level;822;False
S0001;2026-01-02 10:33:00;temperature;26.87;False
S0007;2026-01-02 10:33:00;temperature;20.921;False
S0009;2026-01-02 10:33:00;humidity;61.013;False
S0007;2026-01-02 10:33:15;temperature;18.68;False
S0010;2026-01-02 10:33:15;CO2_level;710;False
S0005;2026-01-02 10:33:15;ventilation;0.599;False
S0001;2026-01-02 10:33:15;temperature;23.415;False
S0011;2026-01-02 10:33:15;ventilation;0.933;False
S0004;2026-01-02 10:33:15;CO2_level;1046;False
S0001;2026-01-02 10:33:30;temperature;23.971;False
S0009;2026-01-02 10:33:30;humidity;67.718;False
S0004;2026-01-02 10:33:30;CO2_level;850;False
S0005;2026-01-02 10:33:30;ventilation;0.876;False
S0003;2026-01-02 10:33:30;humidity;61.224;False
S0011;2026-01-02 10:33:30;ventilation;0.833;False
S0007;2026-01-02 10:33:30;temperature;18.151;False
S0010;2026-01-02 10:33:30;CO2_level;1102;False
S0007;2026-01-02 10:33:45;temperature;18.937;False
S0010;2026-01-02 10:33:45;CO2_level;837;False
S0005;2026-01-02 10:33:45;ventilation;0.896;False
S0001;2026-01-02 10:33:45;temperature;19.918;False
S0011;2026-01-02 10:33:45;ventilation;0.532;False
S0004;2026-01-02 10:33:45;CO2_level;981;False
S0007;2026-01-02 10:34:00;temperature;15.334;False
S0005;2026-01-02 10:34:00;ventilation;0.85;False
S0001;2026-01-02 10:34:00;temperature;23.122;False
S0011;2026-01-02 10:34:00;ventilation;0.703;False
S0010;2026-01-02 10:34:00;CO2_level;1182;False
S0004;2026-01-02 10:34:00;CO2_level;1016;False
S0003;2026-01-02 10:34:00;humidity;63.954;False
S0009;2026-01-02 10:34:00;humidity;66.739;False
S0001;2026-01-02 10:34:15;temperature;22.147;False
S0011;2026-01-02 10:34:15;ventilation;0.714;False
S0005;2026-01-02 10:34:15;ventilation;0.584;False
S0010;2026-01-02 10:34:15;CO2_level;1059;False
S0007;2026-01-02 10:34:15;temperature;19.76;False
S0004;2026-01-02 10:34:15;CO2_level;801;False
S0005;2026-01-02 10:34:30;ventilation;0.954;False
S0004;2026-01-02 10:34:30;CO2_level;617;False
S0007;2026-01-02 10:34:30;temperature;17.347;False
S0009;2026-01-02 10:34:30;humidity;64.17;False
S0011;2026-01-02 10:34:30;ventilation;0.808;False
S0001;2026-01-02 10:34:30;temperature;19.011;False
S0003;2026-01-02 10:34:30;humidity;62.928;False
S0010;2026-01-02 10:34:30;CO2_level;962;False
S0005;2026-01-02 10:34:45;ventilation;1.651;True
S0011;2026-01-02 10:34:45;ventilation;0.708;False
S0001;2026-01-02 10:34:45;temperature;20.065;False
S0007;2026-01-02 10:34:45;temperature;26.453;False
S0010;2026-01-02 10:34:45;CO2_level;725;False
S0004;2026-01-02 10:34:45;CO2_level;1193;False
S0005;2026-01-02 10:35:00;ventilation;0.677;False
S0007;2026-01-02 10:35:00;temperature;24.682;False
S0001;2026-01-02 10:35:00;temperature;19.005;False
S0004;2026-01-02 10:35:00;CO2_level;1269;True
S0003;2026-01-02 10:35:00;humidity;62.919;False
S0011;2026-01-02 10:35:00;ventilation;0.552;False
S0009;2026-01-02 10:35:00;humidity;63.23;False
S0010;2026-01-02 10:35:00;CO2_level;1093;False
S0010;2026-01-02 10:35:15;CO2_level;797;False
S0011;2026-01-02 10:35:15;ventilation;0.801;False
S0007;2026-01-02 10:35:15;temperature;23.603;False
S0005;2026-01-02 10:35:15;ventilation;0.858;False
S0004;2026-01-02 10:35:15;CO2_level;1148;False
S0001;2026-01-02 10:35:15;temperature;17.626;False
S0005;2026-01-02 10:35:30;ventilation;0.72;False
S0007;2026-01-02 10:35:30;temperature;24.026;False
S0001;2026-01-02 10:35:30;temperature;18.785;False
S0011;2026-01-02 10:35:30;ventilation;0.701;False
S0010;2026-01-02 10:35:30;CO2_level;1147;False
S0004;2026-01-02 10:35:30;CO2_level;810;False
S0009;2026-01-02 10:35:30;humidity;62.959;False
S0003;2026-01-02 10:35:30;humidity;67.377;False
S0010;2026-01-02 10:35:45;CO2_level;850;False
S0005;2026-01-02 10:35:45;ventilation;0.645;False
S0004;2026-01-02 10:35:45;CO2_level;848;False
S0007;2026-01-02 10:35:45;temperature;18.613;False
S0011;2026-01-02 10:35:45;ventilation;0.734;False
S0001;2026-01-02 10:35:45;temperature;26.288;False
S0010;2026-01-02 10:36:00;CO2_level;1177;False
S0007;2026-01-02 10:36:00;temperature;17.076;False
S0005;2026-01-02 10:36:00;ventilation;0.599;False
S0004;2026-01-02 10:36:00;CO2_level;1046;False
S0003;2026-01-02 10:36:00;humidity;66.549;False
S0009;2026-01-02 10:36:00;humidity;61.92;False
S0011;2026-01-02 10:36:00;ventilation;0.97;False
S0001;2026-01-02 10:36:00;temperature;17.128;False
S0004;2026-01-02 10:36:15;CO2_level;1192;False
S0010;2026-01-02 10:36:15;CO2_level;991;False
S0005;2026-01-02 10:36:15;ventilation;0.985;False
S0001;2026-01-02 10:36:15;temperature;22.647;False
S0007;2026-01-02 10:36:15;temperature;16.655;False
S0011;2026-01-02 10:36:15;ventilation;0.574;False
S0003;2026-01-02 10:36:30;humidity;41.237;True
S0011;2026-01-02 10:36:30;ventilation;0.606;False
S0010;2026-01-02 10:36:30;CO2_level;787;False
S0001;2026-01-02 10:36:30;temperature;22.788;False
S0007;2026-01-02 10:36:30;temperature;22.155;False
S0009;2026-01-02 10:36:30;humidity;63.502;False
S0004;2026-01-02 10:36:30;CO2_level;996;False
S0005;2026-01-02 10:36:30;ventilation;0.93;False
S0005;2026-01-02 10:36:45;ventilation;0.57;False
S0011;2026-01-02 10:36:45;ventilation;0.673;False
S0001;2026-01-02 10:36:45;temperature;30.006;True
S0007;2026-01-02 10:36:45;temperature;15.791;False
S0010;2026-01-02 10:36:45;CO2_level;918;False
S0004;2026-01-02 10:36:45;CO2_level;1095;False
S0010;2026-01-02 10:37:00;CO2_level;747;False
S0001;2026-01-02 10:37:00;temperature;26.103;False
S0004;2026-01-02 10:37:00;CO2_level;660;False
S0007;2026-01-02 10:37:00;temperature;19.405;False
S0011;2026-01-02 10:37:00;ventilation;0.665;False
S0005;2026-01-02 10:37:00;ventilation;0.932;False
S0003;2026-01-02 10:37:00;humidity;61.34;False
S0009;2026-01-02 10:37:00;humidity;65.733;False
S0001;2026-01-02 10:37:15;temperature;24.212;False
S0010;2026-01-02 10:37:15;CO2_level;null;True
S0007;2026-01-02 10:37:15;temperature;15.878;False
S0011;2026-01-02 10:37:15;ventilation;0.842;False
S0004;2026-01-02 10:37:15;CO2_level;952;False
S0005;2026-01-02 10:37:15;ventilation;0.897;False
S0005;2026-01-02 10:37:30;ventilation;0.63;False
S0003;2026-01-02 10:37:30;humidity;69.35;False
S0010;2026-01-02 10:37:30;CO2_level;663;False
S0009;2026-01-02 10:37:30;humidity;67.091;False
S0007;2026-01-02 10:37:30;temperature;29.883;True
S0001;2026-01-02 10:37:30;temperature;22.547;False
S0011;2026-01-02 10:37:30;ventilation;0.607;False
S0004;2026-01-02 10:37:30;CO2_level;633;False
S0004;2026-01-02 10:37:45;CO2_level;809;False
S0007;2026-01-02 10:37:45;temperature;26.314;False
S0010;2026-01-02 10:37:45;CO2_level;755;False
S0011;2026-01-02 10:37:45;ventilation;0.873;False
S0005;2026-01-02 10:37:45;ventilation;0.75;False
S0001;2026-01-02 10:37:45;temperature;29.273;True
S0003;2026-01-02 10:38:00;humidity;68.954;False
S0001;2026-01-02 10:38:00;temperature;24.415;False
S0007;2026-01-02 10:38:00;temperature;22.848;False
S0009;2026-01-02 10:38:00;humidity;64.141;False
S0011;2026-01-02 10:38:00;ventilation;0.964;False
S0004;2026-01-02 10:38:00;CO2_level;761;False
S0010;2026-01-02 10:38:00;CO2_level;770;False
S0005;2026-01-02 10:38:00;ventilation;0.603;False
S0005;2026-01-02 10:38:15;ventilation;0.76;False
S0010;2026-01-02 10:38:15;CO2_level;1071;False
S0007;2026-01-02 10:38:15;temperature;23.94;False
S0011;2026-01-02 10:38:15;ventilation;0.663;False
S0001;2026-01-02 10:38:15;temperature;23.358;False
S0004;2026-01-02 10:38:15;CO2_level;1032;False
S0009;2026-01-02 10:38:30;humidity;74.499;True
S0005;2026-01-02 10:38:30;ventilation;0.823;False
S0011;2026-01-02 10:38:30;ventilation;0.848;False
S0003;2026-01-02 10:38:30;humidity;67.863;False
S0010;2026-01-02 10:38:30;CO2_level;735;False
S0001;2026-01-02 10:38:30;temperature;21.041;False
S0007;2026-01-02 10:38:30;temperature;24.27;False
S0004;2026-01-02 10:38:30;CO2_level;986;False
S0004;2026-01-02 10:38:45;CO2_level;919;False
S0011;2026-01-02 10:38:45;ventilation;0.51;False
S0005;2026-01-02 10:38:45;ventilation;0.782;False
S0001;2026-01-02 10:38:45;temperature;17.347;False
S0007;2026-01-02 10:38:45;temperature;26.308;False
S0010;2026-01-02 10:38:45;CO2_level;920;False
S0004;2026-01-02 10:39:00;CO2_level;931;False
S0003;2026-01-02 10:39:00;humidity;62.219;False
S0011;2026-01-02 10:39:00;ventilation;0.59;False
S0007;2026-01-02 10:39:00;temperature;21.025;False
S0009;2026-01-02 10:39:00;humidity;66.134;False
S0010;2026-01-02 10:39:00;CO2_level;821;False
S0001;2026-01-02 10:39:00;temperature;22.696;False
S0005;2026-01-02 10:39:00;ventilation;0.861;False
S0010;2026-01-02 10:39:15;CO2_level;1149;False
S0001;2026-01-02 10:39:15;temperature;19.396;False
S0007;2026-01-02 10:39:15;temperature;26.772;False
S0004;2026-01-02 10:39:15;CO2_level;1147;False
S0011;2026-01-02 10:39:15;ventilation;0.286;True
S0005;2026-01-02 10:39:15;ventilation;1.211;True
S0003;2026-01-02 10:39:30;humidity;65.874;False
S0007;2026-01-02 10:39:30;temperature;18.789;False
S0011;2026-01-02 10:39:30;ventilation;0.636;False
S0009;2026-01-02 10:39:30;humidity;61.502;False
S0004;2026-01-02 10:39:30;CO2_level;906;False
S0005;2026-01-02 10:39:30;ventilation;0.844;False
S0010;2026-01-02 10:39:30;CO2_level;682;False
S0001;2026-01-02 10:39:30;temperature;26.834;False
S0004;2026-01-02 10:39:45;CO2_level;1015;False
S0011;2026-01-02 10:39:45;ventilation;0.582;False
S0005;2026-01-02 10:39:45;ventilation;0.797;False
S0007;2026-01-02 10:39:45;temperature;21.15;False
S0010;2026-01-02 10:39:45;CO2_level;1192;False
S0001;2026-01-02 10:39:45;temperature;21.617;False
S0007;2026-01-02 10:40:00;temperature;15.195;False
S0005;2026-01-02 10:40:00;ventilation;0.934;False
S0003;2026-01-02 10:40:00;humidity;66.342;False
S0011;2026-01-02 10:40:00;ventilation;0.546;False
S0004;2026-01-02 10:40:00;CO2_level;855;False
S0009;2026-01-02 10:40:00;humidity;67.605;False
S0010;2026-01-02 10:40:00;CO2_level;830;False
S0001;2026-01-02 10:40:00;temperature;22.618;False
S0001;2026-01-02 10:40:15;temperature;20.148;False
S0011;2026-01-02 10:40:15;ventilation;0.775;False
S0005;2026-01-02 10:40:15;ventilation;0.87;False
S0004;2026-01-02 10:40:15;CO2_level;997;False
S0010;2026-01-02 10:40:15;CO2_level;1063;False
S0007;2026-01-02 10:40:15;temperature;25.101;False
S0007;2026-01-02 10:40:30;temperature;20.751;False
S0011;2026-01-02 10:40:30;ventilation;0.59;False
S0009;2026-01-02 10:40:30;humidity;60.956;False
S0005;2026-01-02 10:40:30;ventilation;0.817;False
S0003;2026-01-02 10:40:30;humidity;68.078;False
S0004;2026-01-02 10:40:30;CO2_level;848;False
S0001;2026-01-02 10:40:30;temperature;31.151;True
S0010;2026-01-02 10:40:30;CO2_level;1047;False
S0005;2026-01-02 10:40:45;ventilation;0.788;False
S0011;2026-01-02 10:40:45;ventilation;0.568;False
S0007;2026-01-02 10:40:45;temperature;26.316;False
S0001;2026-01-02 10:40:45;temperature;22.853;False
S0010;2026-01-02 10:40:45;CO2_level;323;True
S0004;2026-01-02 10:40:45;CO2_level;1178;False
S0003;2026-01-02 10:41:00;humidity;66.084;False
S0011;2026-01-02 10:41:00;ventilation;0.86;False
S0007;2026-01-02 10:41:00;temperature;20.28;False
S0010;2026-01-02 10:41:00;CO2_level;810;False
S0009;2026-01-02 10:41:00;humidity;64.913;False
S0001;2026-01-02 10:41:00;temperature;20.538;False
S0005;2026-01-02 10:41:00;ventilation;0.979;False
S0004;2026-01-02 10:41:00;CO2_level;798;False
S0007;2026-01-02 10:41:15;temperature;19.825;False
S0005;2026-01-02 10:41:15;ventilation;0.873;False
S0010;2026-01-02 10:41:15;CO2_level;1137;False
S0004;2026-01-02 10:41:15;CO2_level;1197;False
S0011;2026-01-02 10:41:15;ventilation;0.66;False
S0001;2026-01-02 10:41:15;temperature;25.274;False
S0009;2026-01-02 10:41:30;humidity;60.548;False
S0003;2026-01-02 10:41:30;humidity;65.28;False
S0004;2026-01-02 10:41:30;CO2_level;1136;False
S0001;2026-01-02 10:41:30;temperature;26.133;False
S0007;2026-01-02 10:41:30;temperature;19.886;False
S0010;2026-01-02 10:41:30;CO2_level;1016;False
S0011;2026-01-02 10:41:30;ventilation;0.944;False
S0005;2026-01-02 10:41:30;ventilation;0.999;False
S0005;2026-01-02 10:41:45;ventilation;0.915;False
S0007;2026-01-02 10:41:45;temperature;23.315;False
S0010;2026-01-02 10:41:45;CO2_level;625;False
S0004;2026-01-02 10:41:45;CO2_level;1235;True
S0001;2026-01-02 10:41:45;temperature;21.666;False
S0011;2026-01-02 10:41:45;ventilation;0.71;False
S0004;2026-01-02 10:42:00;CO2_level;819;False
S0010;2026-01-02 10:42:00;CO2_level;951;False
S0011;2026-01-02 10:42:00;ventilation;0.005;True
S0001;2026-01-02 10:42:00;temperature;24.197;False
S0009;2026-01-02 10:42:00;humidity;64.046;False
S0005;2026-01-02 10:42:00;ventilation;0.937;False
S0003;2026-01-02 10:42:00;humidity;61.018;False
S0007;2026-01-02 10:42:00;temperature;27.011;True
S0005;2026-01-02 10:42:15;ventilation;0.611;False
S0004;2026-01-02 10:42:15;CO2_level;657;False
S0007;2026-01-02 10:42:15;temperature;23.453;False
S0011;2026-01-02 10:42:15;ventilation;0.687;False
S0001;2026-01-02 10:42:15;temperature;11.651;True
S0010;2026-01-02 10:42:15;CO2_level;754;False
S0007;2026-01-02 10:42:30;temperature;21.812;False
S0010;2026-01-02 10:42:30;CO2_level;710;False
S0005;2026-01-02 10:42:30;ventilation;0.566;False
S0011;2026-01-02 10:42:30;ventilation;0.782;False
S0009;2026-01-02 10:42:30;humidity;65.241;False
S0001;2026-01-02 10:42:30;temperature;17.071;False
S0003;2026-01-02 10:42:30;humidity;60.32;False
S0004;2026-01-02 10:42:30;CO2_level;1082;False
S0011;2026-01-02 10:42:45;ventilation;0.646;False
S0005;2026-01-02 10:42:45;ventilation;0.727;False
S0001;2026-01-02 10:42:45;temperature;20.951;False
S0010;2026-01-02 10:42:45;CO2_level;818;False
S0007;2026-01-02 10:42:45;temperature;21.759;False
S0004;2026-01-02 10:42:45;CO2_level;937;False
S0001;2026-01-02 10:43:00;temperature;20.044;False
S0009;2026-01-02 10:43:00;humidity;64.288;False
S0011;2026-01-02 10:43:00;ventilation;0.959;False
S0004;2026-01-02 10:43:00;CO2_level;1144;False
S0003;2026-01-02 10:43:00;humidity;66.212;False
S0005;2026-01-02 10:43:00;ventilation;0.676;False
S0007;2026-01-02 10:43:00;temperature;26.548;False
S0010;2026-01-02 10:43:00;CO2_level;705;False
S0005;2026-01-02 10:43:15;ventilation;0.578;False
S0011;2026-01-02 10:43:15;ventilation;0.8;False
S0007;2026-01-02 10:43:15;temperature;25.859;False
S0001;2026-01-02 10:43:15;temperature;19.571;False
S0004;2026-01-02 10:43:15;CO2_level;1035;False
S0010;2026-01-02 10:43:15;CO2_level;677;False
S0003;2026-01-02 10:43:30;humidity;null;True
S0009;2026-01-02 10:43:30;humidity;62.482;False
S0011;2026-01-02 10:43:30;ventilation;0.535;False
S0007;2026-01-02 10:43:30;temperature;26.052;False
S0004;2026-01-02 10:43:30;CO2_level;1178;False
S0001;2026-01-02 10:43:30;temperature;18.275;False
S0010;2026-01-02 10:43:30;CO2_level;672;False
S0005;2026-01-02 10:43:30;ventilation;0.532;False
S0007;2026-01-02 10:43:45;temperature;23.405;False
S0011;2026-01-02 10:43:45;ventilation;0.857;False
S0004;2026-01-02 10:43:45;CO2_level;1009;False
S0001;2026-01-02 10:43:45;temperature;32.535;True
S0010;2026-01-02 10:43:45;CO2_level;666;False
S0005;2026-01-02 10:43:45;ventilation;0.28;True
S0011;2026-01-02 10:44:00;ventilation;0.547;False
S0003;2026-01-02 10:44:00;humidity;69.595;False
S0005;2026-01-02 10:44:00;ventilation;0.831;False
S0001;2026-01-02 10:44:00;temperature;24.557;False
S0007;2026-01-02 10:44:00;temperature;10.348;True
S0004;2026-01-02 10:44:00;CO2_level;899;False
S0010;2026-01-02 10:44:00;CO2_level;null;True
S0009;2026-01-02 10:44:00;humidity;35.656;True
S0010;2026-01-02 10:44:15;CO2_level;756;False
S0011;2026-01-02 10:44:15;ventilation;0.827;False
S0007;2026-01-02 10:44:15;temperature;22.789;False
S0005;2026-01-02 10:44:15;ventilation;0.935;False
S0004;2026-01-02 10:44:15;CO2_level;1186;False
S0001;2026-01-02 10:44:15;temperature;16.09;False
S0010;2026-01-02 10:44:30;CO2_level;709;False
S0007;2026-01-02 10:44:30;temperature;23.687;False
S0005;2026-01-02 10:44:30;ventilation;0.341;True
S0011;2026-01-02 10:44:30;ventilation;0.666;False
S0004;2026-01-02 10:44:30;CO2_level;1194;False
S0001;2026-01-02 10:44:30;temperature;21.953;False
S0003;2026-01-02 10:44:30;humidity;67.49;False
S0009;2026-01-02 10:44:30;humidity;69.149;False
S0007;2026-01-02 10:44:45;temperature;16.413;False
S0001;2026-01-02 10:44:45;temperature;15.169;False
S0011;2026-01-02 10:44:45;ventilation;0.583;False
S0005;2026-01-02 10:44:45;ventilation;0.913;False
S0004;2026-01-02 10:44:45;CO2_level;984;False
S0010;2026-01-02 10:44:45;CO2_level;1177;False
S0004;2026-01-02 10:45:00;CO2_level;644;False
S0007;2026-01-02 10:45:00;temperature;25.104;False
S0003;2026-01-02 10:45:00;humidity;50.396;True
S0010;2026-01-02 10:45:00;CO2_level;743;False
S0009;2026-01-02 10:45:00;humidity;67.539;False
S0001;2026-01-02 10:45:00;temperature;16.431;False
S0011;2026-01-02 10:45:00;ventilation;0.662;False
S0005;2026-01-02 10:45:00;ventilation;0.712;False
S0010;2026-01-02 10:45:15;CO2_level;603;False
S0005;2026-01-02 10:45:15;ventilation;0.527;False
S0011;2026-01-02 10:45:15;ventilation;1.851;True
S0004;2026-01-02 10:45:15;CO2_level;405;True
S0001;2026-01-02 10:45:15;temperature;23.823;False
S0007;2026-01-02 10:45:15;temperature;15.713;False
S0009;2026-01-02 10:45:30;humidity;62.481;False
S0007;2026-01-02 10:45:30;temperature;26.107;False
S0004;2026-01-02 10:45:30;CO2_level;1197;False
S0010;2026-01-02 10:45:30;CO2_level;830;False
S0001;2026-01-02 10:45:30;temperature;20.814;False
S0005;2026-01-02 10:45:30;ventilation;0.994;False
S0011;2026-01-02 10:45:30;ventilation;0.543;False
S0003;2026-01-02 10:45:30;humidity;68.505;False
S0004;2026-01-02 10:45:45;CO2_level;639;False
S0011;2026-01-02 10:45:45;ventilation;0.683;False
S0010;2026-01-02 10:45:45;CO2_level;1116;False
S0001;2026-01-02 10:45:45;temperature;21.568;False
S0005;2026-01-02 10:45:45;ventilation;0.908;False
S0007;2026-01-02 10:45:45;temperature;4.423;True
S0009;2026-01-02 10:46:00;humidity;60.75;False
S0003;2026-01-02 10:46:00;humidity;65.835;False
S0011;2026-01-02 10:46:00;ventilation;0.764;False
S0005;2026-01-02 10:46:00;ventilation;0.948;False
S0004;2026-01-02 10:46:00;CO2_level;776;False
S0001;2026-01-02 10:46:00;temperature;18.515;False
S0010;2026-01-02 10:46:00;CO2_level;1095;False
S0007;2026-01-02 10:46:00;temperature;20.605;False
S0010;2026-01-02 10:46:15;CO2_level;1125;False
S0007;2026-01-02 10:46:15;temperature;21.151;False
S0005;2026-01-02 10:46:15;ventilation;0.608;False
S0011;2026-01-02 10:46:15;ventilation;0.825;False
S0001;2026-01-02 10:46:15;temperature;18.952;False
S0004;2026-01-02 10:46:15;CO2_level;723;False
S0010;2026-01-02 10:46:30;CO2_level;1187;False
S0011;2026-01-02 10:46:30;ventilation;0.991;False
S0007;2026-01-02 10:46:30;temperature;25.373;False
S0003;2026-01-02 10:46:30;humidity;60.181;False
S0009;2026-01-02 10:46:30;humidity;62.846;False
S0005;2026-01-02 10:46:30;ventilation;0.935;False
S0001;2026-01-02 10:46:30;temperature;23.257;False
S0004;2026-01-02 10:46:30;CO2_level;713;False
S0005;2026-01-02 10:46:45;ventilation;0.757;False
S0010;2026-01-02 10:46:45;CO2_level;698;False
S0001;2026-01-02 10:46:45;temperature;null;True
S0007;2026-01-02 10:46:45;temperature;26.56;False
S0011;2026-01-02 10:46:45;ventilation;null;True
S0004;2026-01-02 10:46:45;CO2_level;781;False
S0001;2026-01-02 10:47:00;temperature;25.477;False
S0009;2026-01-02 10:47:00;humidity;68.055;False
S0005;2026-01-02 10:47:00;ventilation;0.702;False
S0003;2026-01-02 10:47:00;humidity;60.566;False
S0010;2026-01-02 10:47:00;CO2_level;1147;False
S0004;2026-01-02 10:47:00;CO2_level;634;False
S0011;2026-01-02 10:47:00;ventilation;0.887;False
S0007;2026-01-02 10:47:00;temperature;20.963;False
S0001;2026-01-02 10:47:15;temperature;19.683;False
S0004;2026-01-02 10:47:15;CO2_level;1004;False
S0005;2026-01-02 10:47:15;ventilation;0.515;False
S0011;2026-01-02 10:47:15;ventilation;0.719;False
S0010;2026-01-02 10:47:15;CO2_level;686;False
S0007;2026-01-02 10:47:15;temperature;17.783;False
S0003;2026-01-02 10:47:30;humidity;64.442;False
S0005;2026-01-02 10:47:30;ventilation;0.655;False
S0011;2026-01-02 10:47:30;ventilation;1.597;True
S0004;2026-01-02 10:47:30;CO2_level;1138;False
S0009;2026-01-02 10:47:30;humidity;62.892;False
S0001;2026-01-02 10:47:30;temperature;21.71;False
S0007;2026-01-02 10:47:30;temperature;17.526;False
S0010;2026-01-02 10:47:30;CO2_level;959;False
S0007;2026-01-02 10:47:45;temperature;23.463;False
S0001;2026-01-02 10:47:45;temperature;21.183;False
S0005;2026-01-02 10:47:45;ventilation;0.917;False
S0011;2026-01-02 10:47:45;ventilation;0.606;False
S0004;2026-01-02 10:47:45;CO2_level;645;False
S0010;2026-01-02 10:47:45;CO2_level;698;False
S0005;2026-01-02 10:48:00;ventilation;0.697;False
S0004;2026-01-02 10:48:00;CO2_level;989;False
S0003;2026-01-02 10:48:00;humidity;64.94;False
S0011;2026-01-02 10:48:00;ventilation;0.506;False
S0009;2026-01-02 10:48:00;humidity;65.144;False
S0010;2026-01-02 10:48:00;CO2_level;841;False
S0007;2026-01-02 10:48:00;temperature;null;True
S0001;2026-01-02 10:48:00;temperature;15.157;False
S0001;2026-01-02 10:48:15;temperature;16.433;False
S0010;2026-01-02 10:48:15;CO2_level;700;False
S0005;2026-01-02 10:48:15;ventilation;0.846;False
S0004;2026-01-02 10:48:15;CO2_level;858;False
S0007;2026-01-02 10:48:15;temperature;24.146;False
S0011;2026-01-02 10:48:15;ventilation;0.573;False
S0001;2026-01-02 10:48:30;temperature;19.744;False
S0010;2026-01-02 10:48:30;CO2_level;638;False
S0004;2026-01-02 10:48:30;CO2_level;734;False
S0003;2026-01-02 10:48:30;humidity;60.468;False
S0007;2026-01-02 10:48:30;temperature;20.729;False
S0009;2026-01-02 10:48:30;humidity;62.46;False
S0011;2026-01-02 10:48:30;ventilation;0.979;False
S0005;2026-01-02 10:48:30;ventilation;0.978;False
S0001;2026-01-02 10:48:45;temperature;25.366;False
S0010;2026-01-02 10:48:45;CO2_level;776;False
S0004;2026-01-02 10:48:45;CO2_level;907;False
S0005;2026-01-02 10:48:45;ventilation;0.672;False
S0007;2026-01-02 10:48:45;temperature;23.603;False
S0011;2026-01-02 10:48:45;ventilation;0.89;False
S0009;2026-01-02 10:49:00;humidity;63.557;False
S0004;2026-01-02 10:49:00;CO2_level;716;False
S0007;2026-01-02 10:49:00;temperature;17.505;False
S0003;2026-01-02 10:49:00;humidity;63.815;False
S0005;2026-01-02 10:49:00;ventilation;0.619;False
S0011;2026-01-02 10:49:00;ventilation;0.713;False
S0001;2026-01-02 10:49:00;temperature;18.162;False
S0010;2026-01-02 10:49:00;CO2_level;776;False
S0005;2026-01-02 10:49:15;ventilation;0.829;False
S0001;2026-01-02 10:49:15;temperature;18.669;False
S0007;2026-01-02 10:49:15;temperature;null;True
S0010;2026-01-02 10:49:15;CO2_level;852;False
S0011;2026-01-02 10:49:15;ventilation;0.762;False
S0004;2026-01-02 10:49:15;CO2_level;1228;True
S0001;2026-01-02 10:49:30;temperature;17.817;False
S0011;2026-01-02 10:49:30;ventilation;0.589;False
S0005;2026-01-02 10:49:30;ventilation;0.925;False
S0007;2026-01-02 10:49:30;temperature;17.548;False
S0004;2026-01-02 10:49:30;CO2_level;1036;False
S0010;2026-01-02 10:49:30;CO2_level;982;False
S0003;2026-01-02 10:49:30;humidity;66.438;False
S0009;2026-01-02 10:49:30;humidity;60.842;False
S0007;2026-01-02 10:49:45;temperature;31.176;True
S0010;2026-01-02 10:49:45;CO2_level;1112;False
S0001;2026-01-02 10:49:45;temperature;25.091;False
S0004;2026-01-02 10:49:45;CO2_level;968;False
S0005;2026-01-02 10:49:45;ventilation;0.842;False
S0011;2026-01-02 10:49:45;ventilation;0.567;False
S0003;2026-01-02 10:50:00;humidity;78.007;True
S0004;2026-01-02 10:50:00;CO2_level;763;False
S0005;2026-01-02 10:50:00;ventilation;0.945;False
S0010;2026-01-02 10:50:00;CO2_level;1137;False
S0011;2026-01-02 10:50:00;ventilation;0.579;False
S0009;2026-01-02 10:50:00;humidity;65.509;False
S0007;2026-01-02 10:50:00;temperature;20.011;False
S0001;2026-01-02 10:50:00;temperature;15.612;False
S0001;2026-01-02 10:50:15;temperature;16.859;False
S0010;2026-01-02 10:50:15;CO2_level;1152;False
S0004;2026-01-02 10:50:15;CO2_level;1120;False
S0005;2026-01-02 10:50:15;ventilation;0.526;False
S0007;2026-01-02 10:50:15;temperature;23.896;False
S0011;2026-01-02 10:50:15;ventilation;0.081;True
S0007;2026-01-02 10:50:30;temperature;18.192;False
S0003;2026-01-02 10:50:30;humidity;62.793;False
S0011;2026-01-02 10:50:30;ventilation;0.836;False
S0001;2026-01-02 10:50:30;temperature;22.958;False
S0005;2026-01-02 10:50:30;ventilation;null;True
S0004;2026-01-02 10:50:30;CO2_level;1063;False
S0009;2026-01-02 10:50:30;humidity;25.533;True
S0010;2026-01-02 10:50:30;CO2_level;null;True
S0001;2026-01-02 10:50:45;temperature;18.576;False
S0004;2026-01-02 10:50:45;CO2_level;946;False
S0007;2026-01-02 10:50:45;temperature;19.523;False
S0010;2026-01-02 10:50:45;CO2_level;1081;False
S0005;2026-01-02 10:50:45;ventilation;0.536;False
S0011;2026-01-02 10:50:45;ventilation;0.578;False
S0007;2026-01-02 10:51:00;temperature;23.569;False
S0009;2026-01-02 10:51:00;humidity;68.957;False
S0003;2026-01-02 10:51:00;humidity;63.444;False
S0011;2026-01-02 10:51:00;ventilation;0.727;False
S0004;2026-01-02 10:51:00;CO2_level;793;False
S0005;2026-01-02 10:51:00;ventilation;0.878;False
S0001;2026-01-02 10:51:00;temperature;26.628;False
S0010;2026-01-02 10:51:00;CO2_level;1145;False
S0007;2026-01-02 10:51:15;temperature;24.732;False
S0011;2026-01-02 10:51:15;ventilation;0.581;False
S0004;2026-01-02 10:51:15;CO2_level;727;False
S0010;2026-01-02 10:51:15;CO2_level;873;False
S0001;2026-01-02 10:51:15;temperature;24.335;False
S0005;2026-01-02 10:51:15;ventilation;0.577;False
S0001;2026-01-02 10:51:30;temperature;23.21;False
S0010;2026-01-02 10:51:30;CO2_level;1008;False
S0004;2026-01-02 10:51:30;CO2_level;1052;False
S0005;2026-01-02 10:51:30;ventilation;0.668;False
S0011;2026-01-02 10:51:30;ventilation;0.758;False
S0003;2026-01-02 10:51:30;humidity;68.961;False
S0009;2026-01-02 10:51:30;humidity;62.838;False
S0007;2026-01-02 10:51:30;temperature;23.024;False
S0010;2026-01-02 10:51:45;CO2_level;645;False
S0007;2026-01-02 10:51:45;temperature;20.136;False
S0001;2026-01-02 10:51:45;temperature;20.635;False
S0005;2026-01-02 10:51:45;ventilation;0.846;False
S0004;2026-01-02 10:51:45;CO2_level;1214;True
S0011;2026-01-02 10:51:45;ventilation;0.54;False
S0003;2026-01-02 10:52:00;humidity;63.39;False
S0010;2026-01-02 10:52:00;CO2_level;958;False
S0007;2026-01-02 10:52:00;temperature;24.615;False
S0009;2026-01-02 10:52:00;humidity;60.116;False
S0001;2026-01-02 10:52:00;temperature;20.95;False
S0004;2026-01-02 10:52:00;CO2_level;795;False
S0011;2026-01-02 10:52:00;ventilation;0.687;False
S0005;2026-01-02 10:52:00;ventilation;0.607;False
S0007;2026-01-02 10:52:15;temperature;21.705;False
S0001;2026-01-02 10:52:15;temperature;23.122;False
S0011;2026-01-02 10:52:15;ventilation;0.512;False
S0010;2026-01-02 10:52:15;CO2_level;625;False
S0004;2026-01-02 10:52:15;CO2_level;942;False
S0005;2026-01-02 10:52:15;ventilation;0.629;False
S0005;2026-01-02 10:52:30;ventilation;0.982;False
S0011;2026-01-02 10:52:30;ventilation;0.545;False
S0001;2026-01-02 10:52:30;temperature;15.298;False
S0010;2026-01-02 10:52:30;CO2_level;755;False
S0009;2026-01-02 10:52:30;humidity;46.875;True
S0004;2026-01-02 10:52:30;CO2_level;1163;False
S0007;2026-01-02 10:52:30;temperature;15.143;False
S0003;2026-01-02 10:52:30;humidity;60.129;False
S0011;2026-01-02 10:52:45;ventilation;null;True
S0001;2026-01-02 10:52:45;temperature;19.175;False
S0007;2026-01-02 10:52:45;temperature;11.643;True
S0005;2026-01-02 10:52:45;ventilation;0.98;False
S0004;2026-01-02 10:52:45;CO2_level;1117;False
S0010;2026-01-02 10:52:45;CO2_level;618;False
S0011;2026-01-02 10:53:00;ventilation;0.867;False
S0001;2026-01-02 10:53:00;temperature;16.947;False
S0005;2026-01-02 10:53:00;ventilation;0.849;False
S0004;2026-01-02 10:53:00;CO2_level;1087;False
S0007;2026-01-02 10:53:00;temperature;22.448;False
S0003;2026-01-02 10:53:00;humidity;68.014;False
S0009;2026-01-02 10:53:00;humidity;69.626;False
S0010;2026-01-02 10:53:00;CO2_level;1140;False
S0004;2026-01-02 10:53:15;CO2_level;778;False
S0005;2026-01-02 10:53:15;ventilation;0.641;False
S0010;2026-01-02 10:53:15;CO2_level;null;True
S0007;2026-01-02 10:53:15;temperature;16.035;False
S0011;2026-01-02 10:53:15;ventilation;null;True
S0001;2026-01-02 10:53:15;temperature;26.303;False
S0010;2026-01-02 10:53:30;CO2_level;611;False
S0005;2026-01-02 10:53:30;ventilation;0.327;True
S0009;2026-01-02 10:53:30;humidity;63.84;False
S0001;2026-01-02 10:53:30;temperature;26.772;False
S0007;2026-01-02 10:53:30;temperature;1.867;True
S0004;2026-01-02 10:53:30;CO2_level;826;False
S0003;2026-01-02 10:53:30;humidity;62.618;False
S0011;2026-01-02 10:53:30;ventilation;0.79;False
S0004;2026-01-02 10:53:45;CO2_level;990;False
S0010;2026-01-02 10:53:45;CO2_level;919;False
S0011;2026-01-02 10:53:45;ventilation;0.513;False
S0005;2026-01-02 10:53:45;ventilation;0.164;True
S0001;2026-01-02 10:53:45;temperature;20.168;False
S0007;2026-01-02 10:53:45;temperature;20.745;False
S0004;2026-01-02 10:54:00;CO2_level;667;False
S0001;2026-01-02 10:54:00;temperature;21.543;False
S0011;2026-01-02 10:54:00;ventilation;0.95;False
S0009;2026-01-02 10:54:00;humidity;67.586;False
S0005;2026-01-02 10:54:00;ventilation;0.956;False
S0010;2026-01-02 10:54:00;CO2_level;953;False
S0007;2026-01-02 10:54:00;temperature;18.838;False
S0003;2026-01-02 10:54:00;humidity;60.529;False
S0011;2026-01-02 10:54:15;ventilation;0.943;False
S0004;2026-01-02 10:54:15;CO2_level;1084;False
S0010;2026-01-02 10:54:15;CO2_level;828;False
S0007;2026-01-02 10:54:15;temperature;26.301;False
S0001;2026-01-02 10:54:15;temperature;25.948;False
S0005;2026-01-02 10:54:15;ventilation;0.619;False
S0005;2026-01-02 10:54:30;ventilation;0.691;False
S0009;2026-01-02 10:54:30;humidity;60.306;False
S0007;2026-01-02 10:54:30;temperature;18.032;False
S0003;2026-01-02 10:54:30;humidity;67.339;False
S0010;2026-01-02 10:54:30;CO2_level;894;False
S0011;2026-01-02 10:54:30;ventilation;0.937;False
S0004;2026-01-02 10:54:30;CO2_level;1160;False
S0001;2026-01-02 10:54:30;temperature;19.67;False
S0001;2026-01-02 10:54:45;temperature;23.831;False
S0011;2026-01-02 10:54:45;ventilation;0.779;False
S0007;2026-01-02 10:54:45;temperature;20.119;False
S0004;2026-01-02 10:54:45;CO2_level;926;False
S0005;2026-01-02 10:54:45;ventilation;0.798;False
S0010;2026-01-02 10:54:45;CO2_level;1041;False
S0004;2026-01-02 10:55:00;CO2_level;1119;False
S0009;2026-01-02 10:55:00;humidity;null;True
S0010;2026-01-02 10:55:00;CO2_level;811;False
S0005;2026-01-02 10:55:00;ventilation;0.858;False
S0001;2026-01-02 10:55:00;temperature;19.726;False
S0007;2026-01-02 10:55:00;temperature;16.971;False
S0003;2026-01-02 10:55:00;humidity;64.9;False
S0011;2026-01-02 10:55:00;ventilation;0.522;False
S0010;2026-01-02 10:55:15;CO2_level;1058;False
S0011;2026-01-02 10:55:15;ventilation;0.508;False
S0004;2026-01-02 10:55:15;CO2_level;1024;False
S0007;2026-01-02 10:55:15;temperature;17.712;False
S0001;2026-01-02 10:55:15;temperature;null;True
S0005;2026-01-02 10:55:15;ventilation;0.902;False
S0007;2026-01-02 10:55:30;temperature;20.609;False
S0010;2026-01-02 10:55:30;CO2_level;645;False
S0001;2026-01-02 10:55:30;temperature;18.789;False
S0011;2026-01-02 10:55:30;ventilation;0.549;False
S0003;2026-01-02 10:55:30;humidity;61.54;False
S0004;2026-01-02 10:55:30;CO2_level;626;False
S0005;2026-01-02 10:55:30;ventilation;0.696;False
S0009;2026-01-02 10:55:30;humidity;63.331;False
S0011;2026-01-02 10:55:45;ventilation;0.598;False
S0010;2026-01-02 10:55:45;CO2_level;1175;False
S0004;2026-01-02 10:55:45;CO2_level;1209;True
S0007;2026-01-02 10:55:45;temperature;18.434;False
S0001;2026-01-02 10:55:45;temperature;22.797;False
S0005;2026-01-02 10:55:45;ventilation;0.72;False
S0005;2026-01-02 10:56:00;ventilation;0.69;False
S0001;2026-01-02 10:56:00;temperature;18.206;False
S0011;2026-01-02 10:56:00;ventilation;0.839;False
S0007;2026-01-02 10:56:00;temperature;24.724;False
S0010;2026-01-02 10:56:00;CO2_level;900;False
S0003;2026-01-02 10:56:00;humidity;67.924;False
S0004;2026-01-02 10:56:00;CO2_level;615;False
S0009;2026-01-02 10:56:00;humidity;69.952;False
S0007;2026-01-02 10:56:15;temperature;25.99;False
S0001;2026-01-02 10:56:15;temperature;26.072;False
S0011;2026-01-02 10:56:15;ventilation;0.692;False
S0005;2026-01-02 10:56:15;ventilation;0.654;False
S0010;2026-01-02 10:56:15;CO2_level;762;False
S0004;2026-01-02 10:56:15;CO2_level;715;False
S0001;2026-01-02 10:56:30;temperature;23.037;False
S0004;2026-01-02 10:56:30;CO2_level;1010;False
S0011;2026-01-02 10:56:30;ventilation;0.846;False
S0009;2026-01-02 10:56:30;humidity;61.803;False
S0007;2026-01-02 10:56:30;temperature;22.187;False
S0003;2026-01-02 10:56:30;humidity;66.161;False
S0010;2026-01-02 10:56:30;CO2_level;1068;False
S0005;2026-01-02 10:56:30;ventilation;0.624;False
S0005;2026-01-02 10:56:45;ventilation;0.716;False
S0007;2026-01-02 10:56:45;temperature;15.755;False
S0001;2026-01-02 10:56:45;temperature;25.527;False
S0004;2026-01-02 10:56:45;CO2_level;1196;False
S0011;2026-01-02 10:56:45;ventilation;0.592;False
S0010;2026-01-02 10:56:45;CO2_level;640;False
S0011;2026-01-02 10:57:00;ventilation;0.987;False
S0003;2026-01-02 10:57:00;humidity;68.753;False
S0001;2026-01-02 10:57:00;temperature;27.672;True
S0007;2026-01-02 10:57:00;temperature;23.952;False
S0010;2026-01-02 10:57:00;CO2_level;835;False
S0005;2026-01-02 10:57:00;ventilation;0.724;False
S0004;2026-01-02 10:57:00;CO2_level;621;False
S0009;2026-01-02 10:57:00;humidity;64.443;False
S0007;2026-01-02 10:57:15;temperature;22.569;False
S0011;2026-01-02 10:57:15;ventilation;1.846;True
S0010;2026-01-02 10:57:15;CO2_level;944;False
S0004;2026-01-02 10:57:15;CO2_level;796;False
S0001;2026-01-02 10:57:15;temperature;24.017;False
S0005;2026-01-02 10:57:15;ventilation;0.591;False
S0003;2026-01-02 10:57:30;humidity;65.519;False
S0010;2026-01-02 10:57:30;CO2_level;1145;False
S0009;2026-01-02 10:57:30;humidity;69.824;False
S0007;2026-01-02 10:57:30;temperature;25.53;False
S0004;2026-01-02 10:57:30;CO2_level;627;False
S0001;2026-01-02 10:57:30;temperature;15.877;False
S0005;2026-01-02 10:57:30;ventilation;0.578;False
S0011;2026-01-02 10:57:30;ventilation;0.832;False
S0001;2026-01-02 10:57:45;temperature;19.284;False
S0005;2026-01-02 10:57:45;ventilation;0.744;False
S0004;2026-01-02 10:57:45;CO2_level;709;False
S0010;2026-01-02 10:57:45;CO2_level;1169;False
S0007;2026-01-02 10:57:45;temperature;22.032;False
S0011;2026-01-02 10:57:45;ventilation;0.527;False
S0001;2026-01-02 10:58:00;temperature;24.382;False
S0007;2026-01-02 10:58:00;temperature;19.659;False
S0005;2026-01-02 10:58:00;ventilation;0.6;False
S0010;2026-01-02 10:58:00;CO2_level;604;False
S0011;2026-01-02 10:58:00;ventilation;0.745;False
S0004;2026-01-02 10:58:00;CO2_level;1224;True
S0009;2026-01-02 10:58:00;humidity;65.761;False
S0003;2026-01-02 10:58:00;humidity;64.745;False
S0007;2026-01-02 10:58:15;temperature;23.463;False
S0005;2026-01-02 10:58:15;ventilation;0.82;False
S0001;2026-01-02 10:58:15;temperature;5.011;True
S0004;2026-01-02 10:58:15;CO2_level;903;False
S0011;2026-01-02 10:58:15;ventilation;0.681;False
S0010;2026-01-02 10:58:15;CO2_level;727;False
S0010;2026-01-02 10:58:30;CO2_level;790;False
S0011;2026-01-02 10:58:30;ventilation;0.803;False
S0007;2026-01-02 10:58:30;temperature;20.239;False
S0003;2026-01-02 10:58:30;humidity;66.557;False
S0009;2026-01-02 10:58:30;humidity;64.705;False
S0004;2026-01-02 10:58:30;CO2_level;866;False
S0005;2026-01-02 10:58:30;ventilation;0.769;False
S0001;2026-01-02 10:58:30;temperature;17.477;False
S0005;2026-01-02 10:58:45;ventilation;0.709;False
S0007;2026-01-02 10:58:45;temperature;20.125;False
S0011;2026-01-02 10:58:45;ventilation;0.947;False
S0004;2026-01-02 10:58:45;CO2_level;1154;False
S0010;2026-01-02 10:58:45;CO2_level;1195;False
S0001;2026-01-02 10:58:45;temperature;19.903;False
S0011;2026-01-02 10:59:00;ventilation;0.726;False
S0009;2026-01-02 10:59:00;humidity;null;True
S0004;2026-01-02 10:59:00;CO2_level;1184;False
S0007;2026-01-02 10:59:00;temperature;22.329;False
S0001;2026-01-02 10:59:00;temperature;22.679;False
S0010;2026-01-02 10:59:00;CO2_level;628;False
S0005;2026-01-02 10:59:00;ventilation;0.747;False
S0003;2026-01-02 10:59:00;humidity;null;True
S0004;2026-01-02 10:59:15;CO2_level;716;False
S0011;2026-01-02 10:59:15;ventilation;0.694;False
S0007;2026-01-02 10:59:15;temperature;18.592;False
S0001;2026-01-02 10:59:15;temperature;24.814;False
S0005;2026-01-02 10:59:15;ventilation;0.995;False
S0010;2026-01-02 10:59:15;CO2_level;1170;False
S0003;2026-01-02 10:59:30;humidity;60.37;False
S0007;2026-01-02 10:59:30;temperature;17.281;False
S0010;2026-01-02 10:59:30;CO2_level;991;False
S0005;2026-01-02 10:59:30;ventilation;0.058;True
S0011;2026-01-02 10:59:30;ventilation;0.799;False
S0009;2026-01-02 10:59:30;humidity;61.957;False
S0001;2026-01-02 10:59:30;temperature;25.694;False
S0004;2026-01-02 10:59:30;CO2_level;765;False
S0005;2026-01-02 10:59:45;ventilation;0.682;False
S0001;2026-01-02 10:59:45;temperature;22.94;False
S0004;2026-01-02 10:59:45;CO2_level;915;False
S0007;2026-01-02 10:59:45;temperature;26.446;False
S0010;2026-01-02 10:59:45;CO2_level;1142;False
S0011;2026-01-02 10:59:45;ventilation;0.547;False
S0006;2026-01-02 11:00:00;ph_level;6.474;False
S0012;2026-01-02 11:00:00;ph_level;6.646;False
