id_sensor;day_time;parameter_name;value;anomaly
S0001;2026-01-01 23:00:00;temperature;11.406;False
S0011;2026-01-01 23:00:00;ventilation;0.374;True
S0010;2026-01-01 23:00:00;CO2_level;934;False
S0009;2026-01-01 23:00:00;humidity;74.044;False
S0007;2026-01-01 23:00:00;temperature;15.476;False
S0012;2026-01-01 23:00:00;ph_level;6.617;False
S0005;2026-01-01 23:00:00;ventilation;0.224;False
S0004;2026-01-01 23:00:00;CO2_level;1062;False
S0003;2026-01-01 23:00:00;humidity;65.404;False
S0006;2026-01-01 23:00:00;ph_level;6.434;False
S0004;2026-01-01 23:00:15;CO2_level;894;False
S0007;2026-01-01 23:00:15;temperature;12.913;False
S0010;2026-01-01 23:00:15;CO2_level;1003;False
S0011;2026-01-01 23:00:15;ventilation;0.528;False
S0001;2026-01-01 23:00:15;temperature;10.973;False
S0005;2026-01-01 23:00:15;ventilation;0.268;False
S0003;2026-01-01 23:00:30;humidity;71.074;False
S0004;2026-01-01 23:00:30;CO2_level;1049;False
S0009;2026-01-01 23:00:30;humidity;72.15;False
S0007;2026-01-01 23:00:30;temperature;10.095;False
S0001;2026-01-01 23:00:30;temperature;10.249;False
S0011;2026-01-01 23:00:30;ventilation;0.25;False
S0005;2026-01-01 23:00:30;ventilation;0.397;False
S0010;2026-01-01 23:00:30;CO2_level;882;False
S0001;2026-01-01 23:00:45;temperature;14.889;False
S0010;2026-01-01 23:00:45;CO2_level;746;False
S0007;2026-01-01 23:00:45;temperature;14.192;False
S0005;2026-01-01 23:00:45;ventilation;0.306;False
S0011;2026-01-01 23:00:45;ventilation;0.535;False
S0004;2026-01-01 23:00:45;CO2_level;1013;False
S0010;2026-01-01 23:01:00;CO2_level;1085;False
S0007;2026-01-01 23:01:00;temperature;null;True
S0011;2026-01-01 23:01:00;ventilation;0.554;False
S0001;2026-01-01 23:01:00;temperature;10.204;False
S0004;2026-01-01 23:01:00;CO2_level;903;False
S0009;2026-01-01 23:01:00;humidity;72.306;False
S0003;2026-01-01 23:01:00;humidity;65.372;False
S0005;2026-01-01 23:01:00;ventilation;0.357;False
S0001;2026-01-01 23:01:15;temperature;12.519;False
S0004;2026-01-01 23:01:15;CO2_level;962;False
S0005;2026-01-01 23:01:15;ventilation;0.203;False
S0007;2026-01-01 23:01:15;temperature;12.85;False
S0011;2026-01-01 23:01:15;ventilation;0.385;False
S0010;2026-01-01 23:01:15;CO2_level;857;False
S0011;2026-01-01 23:01:30;ventilation;0.537;False
S0010;2026-01-01 23:01:30;CO2_level;null;True
S0005;2026-01-01 23:01:30;ventilation;0.57;False
S0004;2026-01-01 23:01:30;CO2_level;924;False
S0001;2026-01-01 23:01:30;temperature;13.45;False
S0009;2026-01-01 23:01:30;humidity;71.875;False
S0003;2026-01-01 23:01:30;humidity;70.564;False
S0007;2026-01-01 23:01:30;temperature;11.851;False
S0011;2026-01-01 23:01:45;ventilation;null;True
S0001;2026-01-01 23:01:45;temperature;12.226;False
S0005;2026-01-01 23:01:45;ventilation;0.467;False
S0010;2026-01-01 23:01:45;CO2_level;873;False
S0004;2026-01-01 23:01:45;CO2_level;921;False
S0007;2026-01-01 23:01:45;temperature;10.143;False
S0004;2026-01-01 23:02:00;CO2_level;916;False
S0003;2026-01-01 23:02:00;humidity;69.395;False
S0011;2026-01-01 23:02:00;ventilation;0.248;False
S0001;2026-01-01 23:02:00;temperature;12.733;False
S0009;2026-01-01 23:02:00;humidity;67.92;False
S0010;2026-01-01 23:02:00;CO2_level;900;False
S0005;2026-01-01 23:02:00;ventilation;0.359;False
S0007;2026-01-01 23:02:00;temperature;10.323;False
S0004;2026-01-01 23:02:15;CO2_level;790;False
S0010;2026-01-01 23:02:15;CO2_level;1099;False
S0005;2026-01-01 23:02:15;ventilation;0.402;True
S0007;2026-01-01 23:02:15;temperature;14.896;True
S0011;2026-01-01 23:02:15;ventilation;0.343;False
S0001;2026-01-01 23:02:15;temperature;13.797;False
S0011;2026-01-01 23:02:30;ventilation;0.591;False
S0007;2026-01-01 23:02:30;temperature;10.301;False
S0004;2026-01-01 23:02:30;CO2_level;743;False
S0009;2026-01-01 23:02:30;humidity;71.864;False
S0005;2026-01-01 23:02:30;ventilation;0.419;False
S0003;2026-01-01 23:02:30;humidity;74.078;False
S0010;2026-01-01 23:02:30;CO2_level;1082;False
S0001;2026-01-01 23:02:30;temperature;15.337;False
S0001;2026-01-01 23:02:45;temperature;12.306;False
S0011;2026-01-01 23:02:45;ventilation;0.514;False
S0010;2026-01-01 23:02:45;CO2_level;996;False
S0007;2026-01-01 23:02:45;temperature;13.188;False
S0005;2026-01-01 23:02:45;ventilation;0.346;False
S0004;2026-01-01 23:02:45;CO2_level;1025;False
S0004;2026-01-01 23:03:00;CO2_level;817;False
S0010;2026-01-01 23:03:00;CO2_level;829;False
S0005;2026-01-01 23:03:00;ventilation;0.448;False
S0009;2026-01-01 23:03:00;humidity;65.616;False
S0011;2026-01-01 23:03:00;ventilation;0.312;False
S0003;2026-01-01 23:03:00;humidity;65.918;False
S0007;2026-01-01 23:03:00;temperature;14.789;False
S0001;2026-01-01 23:03:00;temperature;12.238;True
S0011;2026-01-01 23:03:15;ventilation;0.386;False
S0005;2026-01-01 23:03:15;ventilation;0.331;False
S0010;2026-01-01 23:03:15;CO2_level;753;False
S0004;2026-01-01 23:03:15;CO2_level;948;False
S0001;2026-01-01 23:03:15;temperature;14.971;True
S0007;2026-01-01 23:03:15;temperature;12.609;True
S0001;2026-01-01 23:03:30;temperature;12.421;False
S0003;2026-01-01 23:03:30;humidity;69.896;False
S0011;2026-01-01 23:03:30;ventilation;0.232;False
S0005;2026-01-01 23:03:30;ventilation;0.497;False
S0007;2026-01-01 23:03:30;temperature;11.841;False
S0004;2026-01-01 23:03:30;CO2_level;782;False
S0010;2026-01-01 23:03:30;CO2_level;714;False
S0009;2026-01-01 23:03:30;humidity;66.81;False
S0010;2026-01-01 23:03:45;CO2_level;1000;True
S0011;2026-01-01 23:03:45;ventilation;0.329;False
S0005;2026-01-01 23:03:45;ventilation;0.273;False
S0001;2026-01-01 23:03:45;temperature;15.433;False
S0004;2026-01-01 23:03:45;CO2_level;1036;False
S0007;2026-01-01 23:03:45;temperature;13.251;False
S0010;2026-01-01 23:04:00;CO2_level;736;True
S0011;2026-01-01 23:04:00;ventilation;0.253;False
S0009;2026-01-01 23:04:00;humidity;72.415;False
S0001;2026-01-01 23:04:00;temperature;14.86;False
S0003;2026-01-01 23:04:00;humidity;68.261;False
S0007;2026-01-01 23:04:00;temperature;12.63;False
S0005;2026-01-01 23:04:00;ventilation;0.304;False
S0004;2026-01-01 23:04:00;CO2_level;1014;False
S0007;2026-01-01 23:04:15;temperature;15.974;False
S0011;2026-01-01 23:04:15;ventilation;0.207;True
S0010;2026-01-01 23:04:15;CO2_level;820;False
S0005;2026-01-01 23:04:15;ventilation;0.514;False
S0001;2026-01-01 23:04:15;temperature;15.693;False
S0004;2026-01-01 23:04:15;CO2_level;996;False
S0004;2026-01-01 23:04:30;CO2_level;928;False
S0005;2026-01-01 23:04:30;ventilation;0.497;False
S0001;2026-01-01 23:04:30;temperature;13.735;False
S0010;2026-01-01 23:04:30;CO2_level;926;False
S0009;2026-01-01 23:04:30;humidity;67.326;False
S0003;2026-01-01 23:04:30;humidity;74.866;False
S0007;2026-01-01 23:04:30;temperature;13.879;False
S0011;2026-01-01 23:04:30;ventilation;0.486;False
S0011;2026-01-01 23:04:45;ventilation;0.335;False
S0001;2026-01-01 23:04:45;temperature;14.118;False
S0005;2026-01-01 23:04:45;ventilation;0.347;False
S0004;2026-01-01 23:04:45;CO2_level;850;False
S0010;2026-01-01 23:04:45;CO2_level;786;False
S0007;2026-01-01 23:04:45;temperature;14.795;False
S0001;2026-01-01 23:05:00;temperature;12.863;False
S0004;2026-01-01 23:05:00;CO2_level;1041;False
S0011;2026-01-01 23:05:00;ventilation;0.278;False
S0003;2026-01-01 23:05:00;humidity;68.775;False
S0009;2026-01-01 23:05:00;humidity;73.708;False
S0007;2026-01-01 23:05:00;temperature;12.644;False
S0010;2026-01-01 23:05:00;CO2_level;755;False
S0005;2026-01-01 23:05:00;ventilation;0.412;False
S0007;2026-01-01 23:05:15;temperature;11.359;False
S0004;2026-01-01 23:05:15;CO2_level;721;False
S0001;2026-01-01 23:05:15;temperature;10.739;False
S0010;2026-01-01 23:05:15;CO2_level;947;False
S0011;2026-01-01 23:05:15;ventilation;0.205;True
S0005;2026-01-01 23:05:15;ventilation;0.358;False
S0007;2026-01-01 23:05:30;temperature;14.762;True
S0003;2026-01-01 23:05:30;humidity;74.538;False
S0009;2026-01-01 23:05:30;humidity;69.238;False
S0004;2026-01-01 23:05:30;CO2_level;968;False
S0005;2026-01-01 23:05:30;ventilation;0.569;False
S0011;2026-01-01 23:05:30;ventilation;0.571;False
S0010;2026-01-01 23:05:30;CO2_level;975;False
S0001;2026-01-01 23:05:30;temperature;10.657;True
S0010;2026-01-01 23:05:45;CO2_level;932;False
S0004;2026-01-01 23:05:45;CO2_level;943;False
S0001;2026-01-01 23:05:45;temperature;13.083;True
S0007;2026-01-01 23:05:45;temperature;12.214;False
S0005;2026-01-01 23:05:45;ventilation;0.223;False
S0011;2026-01-01 23:05:45;ventilation;0.509;False
S0003;2026-01-01 23:06:00;humidity;69.829;False
S0010;2026-01-01 23:06:00;CO2_level;928;False
S0005;2026-01-01 23:06:00;ventilation;0.326;False
S0004;2026-01-01 23:06:00;CO2_level;943;True
S0009;2026-01-01 23:06:00;humidity;71.576;False
S0001;2026-01-01 23:06:00;temperature;11.466;False
S0011;2026-01-01 23:06:00;ventilation;0.242;True
S0007;2026-01-01 23:06:00;temperature;11.788;False
S0007;2026-01-01 23:06:15;temperature;13.702;False
S0005;2026-01-01 23:06:15;ventilation;0.44;False
S0004;2026-01-01 23:06:15;CO2_level;986;False
S0010;2026-01-01 23:06:15;CO2_level;1042;False
S0011;2026-01-01 23:06:15;ventilation;0.558;False
S0001;2026-01-01 23:06:15;temperature;10.537;False
S0011;2026-01-01 23:06:30;ventilation;0.438;False
S0003;2026-01-01 23:06:30;humidity;71.43;False
S0005;2026-01-01 23:06:30;ventilation;0.351;False
S0007;2026-01-01 23:06:30;temperature;15.529;False
S0009;2026-01-01 23:06:30;humidity;70.654;False
S0004;2026-01-01 23:06:30;CO2_level;700;False
S0010;2026-01-01 23:06:30;CO2_level;1088;False
S0001;2026-01-01 23:06:30;temperature;14.495;False
S0010;2026-01-01 23:06:45;CO2_level;1020;False
S0007;2026-01-01 23:06:45;temperature;null;True
S0001;2026-01-01 23:06:45;temperature;11.397;False
S0005;2026-01-01 23:06:45;ventilation;0.556;False
S0011;2026-01-01 23:06:45;ventilation;0.473;False
S0004;2026-01-01 23:06:45;CO2_level;794;False
S0010;2026-01-01 23:07:00;CO2_level;906;False
S0011;2026-01-01 23:07:00;ventilation;0.359;False
S0003;2026-01-01 23:07:00;humidity;73.352;False
S0001;2026-01-01 23:07:00;temperature;13.758;False
S0009;2026-01-01 23:07:00;humidity;67.784;False
S0005;2026-01-01 23:07:00;ventilation;0.275;True
S0007;2026-01-01 23:07:00;temperature;12.303;False
S0004;2026-01-01 23:07:00;CO2_level;1093;False
S0004;2026-01-01 23:07:15;CO2_level;712;False
S0001;2026-01-01 23:07:15;temperature;14.884;False
S0011;2026-01-01 23:07:15;ventilation;0.439;False
S0007;2026-01-01 23:07:15;temperature;10.813;True
S0010;2026-01-01 23:07:15;CO2_level;1067;True
S0005;2026-01-01 23:07:15;ventilation;null;True
S0004;2026-01-01 23:07:30;CO2_level;1042;False
S0007;2026-01-01 23:07:30;temperature;15.178;False
S0011;2026-01-01 23:07:30;ventilation;0.296;False
S0003;2026-01-01 23:07:30;humidity;65.137;False
S0001;2026-01-01 23:07:30;temperature;10.079;False
S0009;2026-01-01 23:07:30;humidity;69.798;False
S0010;2026-01-01 23:07:30;CO2_level;709;False
S0005;2026-01-01 23:07:30;ventilation;0.386;False
S0007;2026-01-01 23:07:45;temperature;13.86;False
S0001;2026-01-01 23:07:45;temperature;14.125;False
S0010;2026-01-01 23:07:45;CO2_level;868;True
S0011;2026-01-01 23:07:45;ventilation;0.224;False
S0004;2026-01-01 23:07:45;CO2_level;762;False
S0005;2026-01-01 23:07:45;ventilation;0.228;False
S0007;2026-01-01 23:08:00;temperature;13.169;True
S0001;2026-01-01 23:08:00;temperature;12.109;False
S0011;2026-01-01 23:08:00;ventilation;0.582;False
S0004;2026-01-01 23:08:00;CO2_level;857;False
S0010;2026-01-01 23:08:00;CO2_level;1078;False
S0009;2026-01-01 23:08:00;humidity;72.543;False
S0003;2026-01-01 23:08:00;humidity;73.506;False
S0005;2026-01-01 23:08:00;ventilation;0.448;False
S0005;2026-01-01 23:08:15;ventilation;0.409;False
S0001;2026-01-01 23:08:15;temperature;12.661;False
S0004;2026-01-01 23:08:15;CO2_level;1093;False
S0007;2026-01-01 23:08:15;temperature;12.368;False
S0010;2026-01-01 23:08:15;CO2_level;911;False
S0011;2026-01-01 23:08:15;ventilation;0.337;False
S0001;2026-01-01 23:08:30;temperature;14.441;True
S0010;2026-01-01 23:08:30;CO2_level;822;False
S0003;2026-01-01 23:08:30;humidity;67.357;False
S0005;2026-01-01 23:08:30;ventilation;0.396;False
S0007;2026-01-01 23:08:30;temperature;11.703;False
S0009;2026-01-01 23:08:30;humidity;68.19;False
S0004;2026-01-01 23:08:30;CO2_level;754;False
S0011;2026-01-01 23:08:30;ventilation;0.326;False
S0005;2026-01-01 23:08:45;ventilation;0.275;True
S0004;2026-01-01 23:08:45;CO2_level;927;False
S0001;2026-01-01 23:08:45;temperature;12.975;False
S0010;2026-01-01 23:08:45;CO2_level;958;False
S0007;2026-01-01 23:08:45;temperature;11.766;False
S0011;2026-01-01 23:08:45;ventilation;0.343;False
S0009;2026-01-01 23:09:00;humidity;67.335;False
S0007;2026-01-01 23:09:00;temperature;13.699;False
S0005;2026-01-01 23:09:00;ventilation;0.379;False
S0004;2026-01-01 23:09:00;CO2_level;1049;False
S0011;2026-01-01 23:09:00;ventilation;0.377;False
S0010;2026-01-01 23:09:00;CO2_level;1067;False
S0003;2026-01-01 23:09:00;humidity;68.53;False
S0001;2026-01-01 23:09:00;temperature;13.579;False
S0001;2026-01-01 23:09:15;temperature;12.338;False
S0005;2026-01-01 23:09:15;ventilation;0.399;False
S0011;2026-01-01 23:09:15;ventilation;0.325;False
S0004;2026-01-01 23:09:15;CO2_level;null;True
S0007;2026-01-01 23:09:15;temperature;12.127;False
S0010;2026-01-01 23:09:15;CO2_level;802;False
S0001;2026-01-01 23:09:30;temperature;10.542;False
S0007;2026-01-01 23:09:30;temperature;15.272;False
S0010;2026-01-01 23:09:30;CO2_level;1010;False
S0005;2026-01-01 23:09:30;ventilation;0.504;False
S0004;2026-01-01 23:09:30;CO2_level;917;False
S0011;2026-01-01 23:09:30;ventilation;0.256;False
S0003;2026-01-01 23:09:30;humidity;74.343;False
S0009;2026-01-01 23:09:30;humidity;72.004;False
S0010;2026-01-01 23:09:45;CO2_level;1075;False
S0001;2026-01-01 23:09:45;temperature;10.923;True
S0005;2026-01-01 23:09:45;ventilation;0.409;False
S0004;2026-01-01 23:09:45;CO2_level;909;False
S0011;2026-01-01 23:09:45;ventilation;0.51;False
S0007;2026-01-01 23:09:45;temperature;10.041;False
S0001;2026-01-01 23:10:00;temperature;10.244;False
S0005;2026-01-01 23:10:00;ventilation;0.579;False
S0004;2026-01-01 23:10:00;CO2_level;978;False
S0003;2026-01-01 23:10:00;humidity;74.743;False
S0007;2026-01-01 23:10:00;temperature;10.459;False
S0009;2026-01-01 23:10:00;humidity;65.39;False
S0011;2026-01-01 23:10:00;ventilation;0.339;False
S0010;2026-01-01 23:10:00;CO2_level;956;False
S0005;2026-01-01 23:10:15;ventilation;0.557;False
S0011;2026-01-01 23:10:15;ventilation;0.478;False
S0004;2026-01-01 23:10:15;CO2_level;1018;False
S0007;2026-01-01 23:10:15;temperature;11.464;False
S0001;2026-01-01 23:10:15;temperature;11.824;False
S0010;2026-01-01 23:10:15;CO2_level;null;True
S0005;2026-01-01 23:10:30;ventilation;0.468;False
S0011;2026-01-01 23:10:30;ventilation;0.513;False
S0010;2026-01-01 23:10:30;CO2_level;1096;False
S0007;2026-01-01 23:10:30;temperature;15.623;False
S0001;2026-01-01 23:10:30;temperature;14.388;False
S0004;2026-01-01 23:10:30;CO2_level;990;False
S0009;2026-01-01 23:10:30;humidity;69.592;False
S0003;2026-01-01 23:10:30;humidity;null;True
S0005;2026-01-01 23:10:45;ventilation;0.583;False
S0004;2026-01-01 23:10:45;CO2_level;951;False
S0007;2026-01-01 23:10:45;temperature;13.815;False
S0010;2026-01-01 23:10:45;CO2_level;1096;False
S0001;2026-01-01 23:10:45;temperature;15.667;False
S0011;2026-01-01 23:10:45;ventilation;0.311;False
S0010;2026-01-01 23:11:00;CO2_level;805;False
S0005;2026-01-01 23:11:00;ventilation;0.477;False
S0011;2026-01-01 23:11:00;ventilation;0.312;False
S0009;2026-01-01 23:11:00;humidity;69.499;True
S0004;2026-01-01 23:11:00;CO2_level;1076;False
S0001;2026-01-01 23:11:00;temperature;13.875;False
S0003;2026-01-01 23:11:00;humidity;71.323;False
S0007;2026-01-01 23:11:00;temperature;15.463;False
S0005;2026-01-01 23:11:15;ventilation;0.449;False
S0001;2026-01-01 23:11:15;temperature;13.119;False
S0010;2026-01-01 23:11:15;CO2_level;1016;False
S0004;2026-01-01 23:11:15;CO2_level;886;False
S0011;2026-01-01 23:11:15;ventilation;0.264;False
S0007;2026-01-01 23:11:15;temperature;11.968;False
S0004;2026-01-01 23:11:30;CO2_level;719;False
S0005;2026-01-01 23:11:30;ventilation;0.587;False
S0009;2026-01-01 23:11:30;humidity;67.049;False
S0001;2026-01-01 23:11:30;temperature;12.532;False
S0010;2026-01-01 23:11:30;CO2_level;1010;False
S0011;2026-01-01 23:11:30;ventilation;0.4;False
S0007;2026-01-01 23:11:30;temperature;13.679;False
S0003;2026-01-01 23:11:30;humidity;67.83;False
S0001;2026-01-01 23:11:45;temperature;15.269;False
S0011;2026-01-01 23:11:45;ventilation;0.472;False
S0010;2026-01-01 23:11:45;CO2_level;860;False
S0007;2026-01-01 23:11:45;temperature;11.194;False
S0005;2026-01-01 23:11:45;ventilation;0.402;False
S0004;2026-01-01 23:11:45;CO2_level;936;False
S0001;2026-01-01 23:12:00;temperature;11.634;False
S0010;2026-01-01 23:12:00;CO2_level;746;False
S0004;2026-01-01 23:12:00;CO2_level;882;False
S0011;2026-01-01 23:12:00;ventilation;0.254;False
S0003;2026-01-01 23:12:00;humidity;68.96;False
S0009;2026-01-01 23:12:00;humidity;67.568;False
S0005;2026-01-01 23:12:00;ventilation;0.386;True
S0007;2026-01-01 23:12:00;temperature;15.159;False
S0011;2026-01-01 23:12:15;ventilation;0.446;False
S0005;2026-01-01 23:12:15;ventilation;0.478;False
S0007;2026-01-01 23:12:15;temperature;11.182;False
S0010;2026-01-01 23:12:15;CO2_level;808;False
S0004;2026-01-01 23:12:15;CO2_level;900;False
S0001;2026-01-01 23:12:15;temperature;11.3;False
S0010;2026-01-01 23:12:30;CO2_level;750;False
S0007;2026-01-01 23:12:30;temperature;15.742;False
S0003;2026-01-01 23:12:30;humidity;74.175;False
S0001;2026-01-01 23:12:30;temperature;14.005;False
S0004;2026-01-01 23:12:30;CO2_level;1044;False
S0009;2026-01-01 23:12:30;humidity;67.841;False
S0011;2026-01-01 23:12:30;ventilation;0.413;False
S0005;2026-01-01 23:12:30;ventilation;null;True
S0004;2026-01-01 23:12:45;CO2_level;1076;False
S0011;2026-01-01 23:12:45;ventilation;0.235;False
S0007;2026-01-01 23:12:45;temperature;11.894;False
S0010;2026-01-01 23:12:45;CO2_level;1045;False
S0005;2026-01-01 23:12:45;ventilation;0.516;False
S0001;2026-01-01 23:12:45;temperature;11.212;False
S0005;2026-01-01 23:13:00;ventilation;0.291;True
S0010;2026-01-01 23:13:00;CO2_level;773;False
S0003;2026-01-01 23:13:00;humidity;70.742;True
S0001;2026-01-01 23:13:00;temperature;14.419;False
S0011;2026-01-01 23:13:00;ventilation;0.553;False
S0004;2026-01-01 23:13:00;CO2_level;871;False
S0007;2026-01-01 23:13:00;temperature;10.393;False
S0009;2026-01-01 23:13:00;humidity;71.214;False
S0005;2026-01-01 23:13:15;ventilation;0.503;False
S0010;2026-01-01 23:13:15;CO2_level;838;False
S0001;2026-01-01 23:13:15;temperature;11.454;False
S0011;2026-01-01 23:13:15;ventilation;0.251;False
S0004;2026-01-01 23:13:15;CO2_level;756;False
S0007;2026-01-01 23:13:15;temperature;15.588;False
S0011;2026-01-01 23:13:30;ventilation;0.52;False
S0007;2026-01-01 23:13:30;temperature;11.91;False
S0010;2026-01-01 23:13:30;CO2_level;735;False
S0003;2026-01-01 23:13:30;humidity;66.275;False
S0004;2026-01-01 23:13:30;CO2_level;828;False
S0001;2026-01-01 23:13:30;temperature;15.55;False
S0009;2026-01-01 23:13:30;humidity;68.915;False
S0005;2026-01-01 23:13:30;ventilation;0.324;False
S0004;2026-01-01 23:13:45;CO2_level;724;False
S0001;2026-01-01 23:13:45;temperature;10.99;False
S0011;2026-01-01 23:13:45;ventilation;0.564;False
S0010;2026-01-01 23:13:45;CO2_level;888;False
S0007;2026-01-01 23:13:45;temperature;12.677;False
S0005;2026-01-01 23:13:45;ventilation;0.533;False
S0010;2026-01-01 23:14:00;CO2_level;928;False
S0004;2026-01-01 23:14:00;CO2_level;920;False
S0009;2026-01-01 23:14:00;humidity;69.971;False
S0007;2026-01-01 23:14:00;temperature;11.155;False
S0011;2026-01-01 23:14:00;ventilation;0.348;True
S0005;2026-01-01 23:14:00;ventilation;0.345;False
S0001;2026-01-01 23:14:00;temperature;13.557;False
S0003;2026-01-01 23:14:00;humidity;66.226;False
S0011;2026-01-01 23:14:15;ventilation;0.411;False
S0004;2026-01-01 23:14:15;CO2_level;872;False
S0005;2026-01-01 23:14:15;ventilation;0.416;False
S0007;2026-01-01 23:14:15;temperature;13.14;False
S0010;2026-01-01 23:14:15;CO2_level;856;False
S0001;2026-01-01 23:14:15;temperature;10.203;False
S0005;2026-01-01 23:14:30;ventilation;0.23;False
S0004;2026-01-01 23:14:30;CO2_level;859;False
S0009;2026-01-01 23:14:30;humidity;70.736;False
S0003;2026-01-01 23:14:30;humidity;67.634;False
S0001;2026-01-01 23:14:30;temperature;14.851;False
S0011;2026-01-01 23:14:30;ventilation;0.389;False
S0007;2026-01-01 23:14:30;temperature;12.008;False
S0010;2026-01-01 23:14:30;CO2_level;1069;False
S0004;2026-01-01 23:14:45;CO2_level;985;False
S0001;2026-01-01 23:14:45;temperature;14.027;False
S0011;2026-01-01 23:14:45;ventilation;0.344;False
S0007;2026-01-01 23:14:45;temperature;12.94;False
S0010;2026-01-01 23:14:45;CO2_level;934;False
S0005;2026-01-01 23:14:45;ventilation;0.492;False
S0011;2026-01-01 23:15:00;ventilation;0.389;False
S0009;2026-01-01 23:15:00;humidity;73.658;False
S0001;2026-01-01 23:15:00;temperature;15.909;False
S0007;2026-01-01 23:15:00;temperature;12.365;False
S0003;2026-01-01 23:15:00;humidity;72.521;False
S0004;2026-01-01 23:15:00;CO2_level;974;False
S0005;2026-01-01 23:15:00;ventilation;0.215;False
S0010;2026-01-01 23:15:00;CO2_level;1005;False
S0001;2026-01-01 23:15:15;temperature;12.051;False
S0005;2026-01-01 23:15:15;ventilation;0.295;True
S0011;2026-01-01 23:15:15;ventilation;0.222;False
S0010;2026-01-01 23:15:15;CO2_level;837;False
S0007;2026-01-01 23:15:15;temperature;14.839;False
S0004;2026-01-01 23:15:15;CO2_level;1022;False
S0001;2026-01-01 23:15:30;temperature;11.775;False
S0004;2026-01-01 23:15:30;CO2_level;1099;False
S0009;2026-01-01 23:15:30;humidity;66.564;False
S0010;2026-01-01 23:15:30;CO2_level;1016;False
S0003;2026-01-01 23:15:30;humidity;65.699;False
S0005;2026-01-01 23:15:30;ventilation;0.388;False
S0011;2026-01-01 23:15:30;ventilation;0.424;False
S0007;2026-01-01 23:15:30;temperature;14.542;False
S0011;2026-01-01 23:15:45;ventilation;0.27;False
S0007;2026-01-01 23:15:45;temperature;15.105;False
S0001;2026-01-01 23:15:45;temperature;14.093;False
S0004;2026-01-01 23:15:45;CO2_level;991;False
S0005;2026-01-01 23:15:45;ventilation;0.549;False
S0010;2026-01-01 23:15:45;CO2_level;743;False
S0007;2026-01-01 23:16:00;temperature;11.593;False
S0004;2026-01-01 23:16:00;CO2_level;710;True
S0009;2026-01-01 23:16:00;humidity;72.156;False
S0005;2026-01-01 23:16:00;ventilation;0.303;False
S0011;2026-01-01 23:16:00;ventilation;0.339;False
S0001;2026-01-01 23:16:00;temperature;10.621;False
S0010;2026-01-01 23:16:00;CO2_level;967;False
S0003;2026-01-01 23:16:00;humidity;66.894;False
S0005;2026-01-01 23:16:15;ventilation;0.375;False
S0011;2026-01-01 23:16:15;ventilation;0.262;False
S0001;2026-01-01 23:16:15;temperature;10.99;False
S0004;2026-01-01 23:16:15;CO2_level;817;False
S0007;2026-01-01 23:16:15;temperature;14.891;False
S0010;2026-01-01 23:16:15;CO2_level;1073;False
S0005;2026-01-01 23:16:30;ventilation;0.326;False
S0009;2026-01-01 23:16:30;humidity;68.308;False
S0001;2026-01-01 23:16:30;temperature;13.585;False
S0010;2026-01-01 23:16:30;CO2_level;null;True
S0007;2026-01-01 23:16:30;temperature;14.651;False
S0003;2026-01-01 23:16:30;humidity;65.561;False
S0011;2026-01-01 23:16:30;ventilation;0.54;False
S0004;2026-01-01 23:16:30;CO2_level;950;False
S0007;2026-01-01 23:16:45;temperature;12.958;False
S0011;2026-01-01 23:16:45;ventilation;0.41;False
S0010;2026-01-01 23:16:45;CO2_level;1044;True
S0004;2026-01-01 23:16:45;CO2_level;1020;False
S0005;2026-01-01 23:16:45;ventilation;0.529;False
S0001;2026-01-01 23:16:45;temperature;14.785;False
S0005;2026-01-01 23:17:00;ventilation;0.328;False
S0010;2026-01-01 23:17:00;CO2_level;729;False
S0007;2026-01-01 23:17:00;temperature;12.295;False
S0004;2026-01-01 23:17:00;CO2_level;1097;False
S0011;2026-01-01 23:17:00;ventilation;0.214;False
S0001;2026-01-01 23:17:00;temperature;13.321;False
S0003;2026-01-01 23:17:00;humidity;null;True
S0009;2026-01-01 23:17:00;humidity;67.859;False
S0007;2026-01-01 23:17:15;temperature;12.87;False
S0001;2026-01-01 23:17:15;temperature;12.291;False
S0005;2026-01-01 23:17:15;ventilation;0.522;False
S0010;2026-01-01 23:17:15;CO2_level;812;False
S0004;2026-01-01 23:17:15;CO2_level;835;False
S0011;2026-01-01 23:17:15;ventilation;0.412;False
S0005;2026-01-01 23:17:30;ventilation;0.29;False
S0004;2026-01-01 23:17:30;CO2_level;1096;False
S0011;2026-01-01 23:17:30;ventilation;0.312;False
S0009;2026-01-01 23:17:30;humidity;72.356;False
S0003;2026-01-01 23:17:30;humidity;66.477;False
S0007;2026-01-01 23:17:30;temperature;10.922;False
S0001;2026-01-01 23:17:30;temperature;10.617;False
S0010;2026-01-01 23:17:30;CO2_level;804;False
S0010;2026-01-01 23:17:45;CO2_level;954;False
S0004;2026-01-01 23:17:45;CO2_level;1058;False
S0001;2026-01-01 23:17:45;temperature;11.723;False
S0011;2026-01-01 23:17:45;ventilation;0.582;False
S0007;2026-01-01 23:17:45;temperature;13.861;False
S0005;2026-01-01 23:17:45;ventilation;0.526;False
S0007;2026-01-01 23:18:00;temperature;null;True
S0004;2026-01-01 23:18:00;CO2_level;null;True
S0003;2026-01-01 23:18:00;humidity;74.657;False
S0011;2026-01-01 23:18:00;ventilation;0.231;False
S0001;2026-01-01 23:18:00;temperature;10.735;False
S0009;2026-01-01 23:18:00;humidity;67.808;False
S0005;2026-01-01 23:18:00;ventilation;0.408;False
S0010;2026-01-01 23:18:00;CO2_level;1091;False
S0010;2026-01-01 23:18:15;CO2_level;984;False
S0011;2026-01-01 23:18:15;ventilation;0.389;False
S0004;2026-01-01 23:18:15;CO2_level;896;False
S0007;2026-01-01 23:18:15;temperature;14.509;False
S0001;2026-01-01 23:18:15;temperature;12.708;False
S0005;2026-01-01 23:18:15;ventilation;0.503;False
S0009;2026-01-01 23:18:30;humidity;74.36;False
S0007;2026-01-01 23:18:30;temperature;12.827;False
S0010;2026-01-01 23:18:30;CO2_level;996;False
S0005;2026-01-01 23:18:30;ventilation;0.351;False
S0011;2026-01-01 23:18:30;ventilation;0.591;False
S0001;2026-01-01 23:18:30;temperature;15.46;False
S0004;2026-01-01 23:18:30;CO2_level;1038;False
S0003;2026-01-01 23:18:30;humidity;72.357;False
S0010;2026-01-01 23:18:45;CO2_level;881;False
S0004;2026-01-01 23:18:45;CO2_level;741;False
S0007;2026-01-01 23:18:45;temperature;15.291;False
S0011;2026-01-01 23:18:45;ventilation;0.529;False
S0005;2026-01-01 23:18:45;ventilation;null;True
S0001;2026-01-01 23:18:45;temperature;10.422;False
S0003;2026-01-01 23:19:00;humidity;65.617;False
S0011;2026-01-01 23:19:00;ventilation;0.596;False
S0010;2026-01-01 23:19:00;CO2_level;1079;False
S0009;2026-01-01 23:19:00;humidity;66.257;False
S0004;2026-01-01 23:19:00;CO2_level;969;False
S0005;2026-01-01 23:19:00;ventilation;0.546;True
S0007;2026-01-01 23:19:00;temperature;13.186;False
S0001;2026-01-01 23:19:00;temperature;10.095;False
S0011;2026-01-01 23:19:15;ventilation;0.509;False
S0007;2026-01-01 23:19:15;temperature;13.166;False
S0001;2026-01-01 23:19:15;temperature;13.673;False
S0010;2026-01-01 23:19:15;CO2_level;871;False
S0004;2026-01-01 23:19:15;CO2_level;711;False
S0005;2026-01-01 23:19:15;ventilation;0.271;False
S0001;2026-01-01 23:19:30;temperature;10.683;False
S0010;2026-01-01 23:19:30;CO2_level;1044;False
S0004;2026-01-01 23:19:30;CO2_level;773;False
S0007;2026-01-01 23:19:30;temperature;13.478;False
S0005;2026-01-01 23:19:30;ventilation;0.479;False
S0003;2026-01-01 23:19:30;humidity;74.376;False
S0011;2026-01-01 23:19:30;ventilation;0.539;False
S0009;2026-01-01 23:19:30;humidity;66.342;False
S0007;2026-01-01 23:19:45;temperature;10.755;False
S0001;2026-01-01 23:19:45;temperature;11.582;False
S0011;2026-01-01 23:19:45;ventilation;0.283;False
S0005;2026-01-01 23:19:45;ventilation;0.244;False
S0004;2026-01-01 23:19:45;CO2_level;1090;False
S0010;2026-01-01 23:19:45;CO2_level;718;False
S0005;2026-01-01 23:20:00;ventilation;0.357;False
S0004;2026-01-01 23:20:00;CO2_level;800;False
S0011;2026-01-01 23:20:00;ventilation;0.344;False
S0007;2026-01-01 23:20:00;temperature;12.657;False
S0010;2026-01-01 23:20:00;CO2_level;1066;False
S0009;2026-01-01 23:20:00;humidity;73.616;False
S0003;2026-01-01 23:20:00;humidity;73.859;False
S0001;2026-01-01 23:20:00;temperature;11.027;False
S0004;2026-01-01 23:20:15;CO2_level;954;False
S0001;2026-01-01 23:20:15;temperature;13.467;False
S0005;2026-01-01 23:20:15;ventilation;0.533;False
S0011;2026-01-01 23:20:15;ventilation;0.552;False
S0010;2026-01-01 23:20:15;CO2_level;963;False
S0007;2026-01-01 23:20:15;temperature;12.093;False
S0003;2026-01-01 23:20:30;humidity;70.964;False
S0001;2026-01-01 23:20:30;temperature;15.359;False
S0011;2026-01-01 23:20:30;ventilation;0.379;False
S0010;2026-01-01 23:20:30;CO2_level;751;False
S0007;2026-01-01 23:20:30;temperature;13.788;False
S0009;2026-01-01 23:20:30;humidity;67.27;False
S0005;2026-01-01 23:20:30;ventilation;0.312;False
S0004;2026-01-01 23:20:30;CO2_level;1072;False
S0007;2026-01-01 23:20:45;temperature;13.582;False
S0001;2026-01-01 23:20:45;temperature;15.037;False
S0010;2026-01-01 23:20:45;CO2_level;951;False
S0011;2026-01-01 23:20:45;ventilation;0.327;False
S0005;2026-01-01 23:20:45;ventilation;0.518;False
S0004;2026-01-01 23:20:45;CO2_level;777;False
S0010;2026-01-01 23:21:00;CO2_level;942;False
S0009;2026-01-01 23:21:00;humidity;72.739;False
S0005;2026-01-01 23:21:00;ventilation;0.459;False
S0003;2026-01-01 23:21:00;humidity;69.689;False
S0007;2026-01-01 23:21:00;temperature;10.492;False
S0001;2026-01-01 23:21:00;temperature;11.224;False
S0011;2026-01-01 23:21:00;ventilation;0.386;True
S0004;2026-01-01 23:21:00;CO2_level;915;False
S0010;2026-01-01 23:21:15;CO2_level;761;False
S0011;2026-01-01 23:21:15;ventilation;null;True
S0005;2026-01-01 23:21:15;ventilation;0.439;False
S0007;2026-01-01 23:21:15;temperature;11.994;False
S0001;2026-01-01 23:21:15;temperature;13.66;False
S0004;2026-01-01 23:21:15;CO2_level;865;False
S0005;2026-01-01 23:21:30;ventilation;0.513;False
S0011;2026-01-01 23:21:30;ventilation;0.503;False
S0004;2026-01-01 23:21:30;CO2_level;707;False
S0001;2026-01-01 23:21:30;temperature;10.477;False
S0009;2026-01-01 23:21:30;humidity;68.873;False
S0010;2026-01-01 23:21:30;CO2_level;705;False
S0003;2026-01-01 23:21:30;humidity;69.868;False
S0007;2026-01-01 23:21:30;temperature;15.458;False
S0011;2026-01-01 23:21:45;ventilation;0.436;False
S0005;2026-01-01 23:21:45;ventilation;0.213;False
S0007;2026-01-01 23:21:45;temperature;13.582;False
S0004;2026-01-01 23:21:45;CO2_level;943;False
S0010;2026-01-01 23:21:45;CO2_level;945;False
S0001;2026-01-01 23:21:45;temperature;13.536;False
S0003;2026-01-01 23:22:00;humidity;72.584;True
S0009;2026-01-01 23:22:00;humidity;65.876;False
S0004;2026-01-01 23:22:00;CO2_level;820;False
S0010;2026-01-01 23:22:00;CO2_level;1040;False
S0001;2026-01-01 23:22:00;temperature;10.659;False
S0011;2026-01-01 23:22:00;ventilation;0.352;False
S0005;2026-01-01 23:22:00;ventilation;0.282;False
S0007;2026-01-01 23:22:00;temperature;12.999;False
S0007;2026-01-01 23:22:15;temperature;13.137;False
S0010;2026-01-01 23:22:15;CO2_level;783;False
S0004;2026-01-01 23:22:15;CO2_level;738;False
S0005;2026-01-01 23:22:15;ventilation;0.554;False
S0001;2026-01-01 23:22:15;temperature;14.727;False
S0011;2026-01-01 23:22:15;ventilation;0.332;False
S0010;2026-01-01 23:22:30;CO2_level;754;False
S0003;2026-01-01 23:22:30;humidity;73.045;False
S0005;2026-01-01 23:22:30;ventilation;0.299;False
S0011;2026-01-01 23:22:30;ventilation;0.273;False
S0004;2026-01-01 23:22:30;CO2_level;881;False
S0009;2026-01-01 23:22:30;humidity;71.084;False
S0007;2026-01-01 23:22:30;temperature;12.167;False
S0001;2026-01-01 23:22:30;temperature;13.631;False
S0010;2026-01-01 23:22:45;CO2_level;708;False
S0011;2026-01-01 23:22:45;ventilation;0.452;False
S0007;2026-01-01 23:22:45;temperature;15.034;False
S0005;2026-01-01 23:22:45;ventilation;0.373;False
S0004;2026-01-01 23:22:45;CO2_level;960;False
S0001;2026-01-01 23:22:45;temperature;12.485;True
S0009;2026-01-01 23:23:00;humidity;70.56;False
S0007;2026-01-01 23:23:00;temperature;12.025;False
S0001;2026-01-01 23:23:00;temperature;15.514;False
S0004;2026-01-01 23:23:00;CO2_level;701;False
S0010;2026-01-01 23:23:00;CO2_level;1049;False
S0011;2026-01-01 23:23:00;ventilation;0.275;False
S0003;2026-01-01 23:23:00;humidity;71.26;False
S0005;2026-01-01 23:23:00;ventilation;0.527;False
S0007;2026-01-01 23:23:15;temperature;15.102;False
S0004;2026-01-01 23:23:15;CO2_level;803;False
S0010;2026-01-01 23:23:15;CO2_level;935;False
S0001;2026-01-01 23:23:15;temperature;11.567;False
S0011;2026-01-01 23:23:15;ventilation;0.439;False
S0005;2026-01-01 23:23:15;ventilation;0.326;False
S0005;2026-01-01 23:23:30;ventilation;0.246;False
S0011;2026-01-01 23:23:30;ventilation;0.577;False
S0003;2026-01-01 23:23:30;humidity;71.831;False
S0001;2026-01-01 23:23:30;temperature;14.656;False
S0007;2026-01-01 23:23:30;temperature;13.23;False
S0010;2026-01-01 23:23:30;CO2_level;832;True
S0009;2026-01-01 23:23:30;humidity;72.071;False
S0004;2026-01-01 23:23:30;CO2_level;1002;False
S0011;2026-01-01 23:23:45;ventilation;0.504;False
S0007;2026-01-01 23:23:45;temperature;15.003;False
S0001;2026-01-01 23:23:45;temperature;10.539;False
S0004;2026-01-01 23:23:45;CO2_level;884;False
S0010;2026-01-01 23:23:45;CO2_level;null;True
S0005;2026-01-01 23:23:45;ventilation;0.255;False
S0010;2026-01-01 23:24:00;CO2_level;920;False
S0009;2026-01-01 23:24:00;humidity;69.298;False
S0007;2026-01-01 23:24:00;temperature;13.234;False
S0005;2026-01-01 23:24:00;ventilation;null;True
S0011;2026-01-01 23:24:00;ventilation;0.544;False
S0003;2026-01-01 23:24:00;humidity;74.209;False
S0004;2026-01-01 23:24:00;CO2_level;1083;False
S0001;2026-01-01 23:24:00;temperature;12.186;False
S0007;2026-01-01 23:24:15;temperature;12.262;False
S0005;2026-01-01 23:24:15;ventilation;0.472;False
S0001;2026-01-01 23:24:15;temperature;11.931;False
S0004;2026-01-01 23:24:15;CO2_level;1007;False
S0011;2026-01-01 23:24:15;ventilation;0.378;False
S0010;2026-01-01 23:24:15;CO2_level;918;False
S0001;2026-01-01 23:24:30;temperature;12.025;False
S0004;2026-01-01 23:24:30;CO2_level;709;False
S0003;2026-01-01 23:24:30;humidity;65.499;False
S0007;2026-01-01 23:24:30;temperature;14.508;False
S0009;2026-01-01 23:24:30;humidity;71.781;False
S0005;2026-01-01 23:24:30;ventilation;0.555;False
S0010;2026-01-01 23:24:30;CO2_level;895;False
S0011;2026-01-01 23:24:30;ventilation;null;True
S0005;2026-01-01 23:24:45;ventilation;0.361;False
S0001;2026-01-01 23:24:45;temperature;10.821;False
S0011;2026-01-01 23:24:45;ventilation;0.531;False
S0010;2026-01-01 23:24:45;CO2_level;1053;False
S0007;2026-01-01 23:24:45;temperature;14.103;False
S0004;2026-01-01 23:24:45;CO2_level;848;False
S0001;2026-01-01 23:25:00;temperature;11.237;False
S0005;2026-01-01 23:25:00;ventilation;0.205;False
S0010;2026-01-01 23:25:00;CO2_level;933;False
S0007;2026-01-01 23:25:00;temperature;10.956;True
S0003;2026-01-01 23:25:00;humidity;67.728;False
S0011;2026-01-01 23:25:00;ventilation;0.233;False
S0009;2026-01-01 23:25:00;humidity;67.793;False
S0004;2026-01-01 23:25:00;CO2_level;748;False
S0001;2026-01-01 23:25:15;temperature;11.044;False
S0004;2026-01-01 23:25:15;CO2_level;1069;True
S0011;2026-01-01 23:25:15;ventilation;0.387;False
S0005;2026-01-01 23:25:15;ventilation;0.583;False
S0007;2026-01-01 23:25:15;temperature;14.031;False
S0010;2026-01-01 23:25:15;CO2_level;711;False
S0005;2026-01-01 23:25:30;ventilation;0.538;False
S0011;2026-01-01 23:25:30;ventilation;0.298;False
S0003;2026-01-01 23:25:30;humidity;67.928;False
S0004;2026-01-01 23:25:30;CO2_level;939;False
S0009;2026-01-01 23:25:30;humidity;73.932;False
S0001;2026-01-01 23:25:30;temperature;15.425;False
S0007;2026-01-01 23:25:30;temperature;13.353;False
S0010;2026-01-01 23:25:30;CO2_level;702;False
S0001;2026-01-01 23:25:45;temperature;12.558;False
S0011;2026-01-01 23:25:45;ventilation;0.443;False
S0007;2026-01-01 23:25:45;temperature;12.749;False
S0005;2026-01-01 23:25:45;ventilation;0.268;False
S0010;2026-01-01 23:25:45;CO2_level;809;False
S0004;2026-01-01 23:25:45;CO2_level;1052;False
S0003;2026-01-01 23:26:00;humidity;72.118;False
S0011;2026-01-01 23:26:00;ventilation;0.416;False
S0005;2026-01-01 23:26:00;ventilation;0.254;True
S0001;2026-01-01 23:26:00;temperature;10.041;False
S0010;2026-01-01 23:26:00;CO2_level;916;False
S0007;2026-01-01 23:26:00;temperature;12.356;False
S0004;2026-01-01 23:26:00;CO2_level;994;False
S0009;2026-01-01 23:26:00;humidity;74.788;False
S0005;2026-01-01 23:26:15;ventilation;0.231;False
S0010;2026-01-01 23:26:15;CO2_level;891;False
S0011;2026-01-01 23:26:15;ventilation;0.56;False
S0007;2026-01-01 23:26:15;temperature;12.06;False
S0001;2026-01-01 23:26:15;temperature;14.297;False
S0004;2026-01-01 23:26:15;CO2_level;958;False
S0009;2026-01-01 23:26:30;humidity;72.974;False
S0005;2026-01-01 23:26:30;ventilation;0.497;False
S0010;2026-01-01 23:26:30;CO2_level;804;False
S0001;2026-01-01 23:26:30;temperature;15.353;False
S0004;2026-01-01 23:26:30;CO2_level;758;False
S0003;2026-01-01 23:26:30;humidity;67.059;False
S0011;2026-01-01 23:26:30;ventilation;0.508;False
S0007;2026-01-01 23:26:30;temperature;12.97;False
S0011;2026-01-01 23:26:45;ventilation;0.204;False
S0005;2026-01-01 23:26:45;ventilation;0.449;False
S0001;2026-01-01 23:26:45;temperature;14.879;False
S0007;2026-01-01 23:26:45;temperature;15.462;False
S0010;2026-01-01 23:26:45;CO2_level;722;False
S0004;2026-01-01 23:26:45;CO2_level;868;False
S0007;2026-01-01 23:27:00;temperature;15.048;False
S0005;2026-01-01 23:27:00;ventilation;0.262;False
S0003;2026-01-01 23:27:00;humidity;68.926;False
S0009;2026-01-01 23:27:00;humidity;69.231;False
S0004;2026-01-01 23:27:00;CO2_level;710;False
S0001;2026-01-01 23:27:00;temperature;10.168;False
S0011;2026-01-01 23:27:00;ventilation;0.375;False
S0010;2026-01-01 23:27:00;CO2_level;null;True
S0001;2026-01-01 23:27:15;temperature;15.183;False
S0010;2026-01-01 23:27:15;CO2_level;979;False
S0005;2026-01-01 23:27:15;ventilation;0.388;False
S0007;2026-01-01 23:27:15;temperature;10.519;False
S0004;2026-01-01 23:27:15;CO2_level;772;False
S0011;2026-01-01 23:27:15;ventilation;0.577;False
S0011;2026-01-01 23:27:30;ventilation;0.567;False
S0003;2026-01-01 23:27:30;humidity;65.215;False
S0004;2026-01-01 23:27:30;CO2_level;1043;False
S0007;2026-01-01 23:27:30;temperature;13.059;False
S0005;2026-01-01 23:27:30;ventilation;0.296;False
S0009;2026-01-01 23:27:30;humidity;71.228;False
S0001;2026-01-01 23:27:30;temperature;12.115;False
S0010;2026-01-01 23:27:30;CO2_level;716;False
S0010;2026-01-01 23:27:45;CO2_level;1068;False
S0011;2026-01-01 23:27:45;ventilation;0.436;False
S0004;2026-01-01 23:27:45;CO2_level;914;False
S0005;2026-01-01 23:27:45;ventilation;null;True
S0007;2026-01-01 23:27:45;temperature;13.843;False
S0001;2026-01-01 23:27:45;temperature;10.708;False
S0007;2026-01-01 23:28:00;temperature;12.517;False
S0011;2026-01-01 23:28:00;ventilation;0.217;False
S0004;2026-01-01 23:28:00;CO2_level;954;False
S0005;2026-01-01 23:28:00;ventilation;0.595;False
S0010;2026-01-01 23:28:00;CO2_level;736;False
S0003;2026-01-01 23:28:00;humidity;66.497;False
S0009;2026-01-01 23:28:00;humidity;67.886;False
S0001;2026-01-01 23:28:00;temperature;10.475;False
S0001;2026-01-01 23:28:15;temperature;15.609;False
S0007;2026-01-01 23:28:15;temperature;12.077;False
S0004;2026-01-01 23:28:15;CO2_level;850;False
S0005;2026-01-01 23:28:15;ventilation;0.54;False
S0010;2026-01-01 23:28:15;CO2_level;835;False
S0011;2026-01-01 23:28:15;ventilation;0.339;False
S0007;2026-01-01 23:28:30;temperature;12.651;False
S0011;2026-01-01 23:28:30;ventilation;0.553;False
S0005;2026-01-01 23:28:30;ventilation;0.402;False
S0004;2026-01-01 23:28:30;CO2_level;726;False
S0003;2026-01-01 23:28:30;humidity;66.987;False
S0010;2026-01-01 23:28:30;CO2_level;832;False
S0001;2026-01-01 23:28:30;temperature;15.079;False
S0009;2026-01-01 23:28:30;humidity;74.831;False
S0005;2026-01-01 23:28:45;ventilation;0.239;False
S0004;2026-01-01 23:28:45;CO2_level;1059;False
S0011;2026-01-01 23:28:45;ventilation;0.528;False
S0001;2026-01-01 23:28:45;temperature;11.509;True
S0010;2026-01-01 23:28:45;CO2_level;822;False
S0007;2026-01-01 23:28:45;temperature;14.967;False
S0001;2026-01-01 23:29:00;temperature;11.003;True
S0007;2026-01-01 23:29:00;temperature;13.438;False
S0005;2026-01-01 23:29:00;ventilation;0.595;False
S0003;2026-01-01 23:29:00;humidity;71.974;False
S0004;2026-01-01 23:29:00;CO2_level;842;False
S0010;2026-01-01 23:29:00;CO2_level;null;True
S0009;2026-01-01 23:29:00;humidity;71.012;False
S0011;2026-01-01 23:29:00;ventilation;0.498;False
S0001;2026-01-01 23:29:15;temperature;12.423;False
S0011;2026-01-01 23:29:15;ventilation;0.402;False
S0010;2026-01-01 23:29:15;CO2_level;811;True
S0007;2026-01-01 23:29:15;temperature;15.828;False
S0004;2026-01-01 23:29:15;CO2_level;736;False
S0005;2026-01-01 23:29:15;ventilation;0.231;False
S0009;2026-01-01 23:29:30;humidity;70.985;False
S0003;2026-01-01 23:29:30;humidity;66.438;True
S0004;2026-01-01 23:29:30;CO2_level;1025;False
S0011;2026-01-01 23:29:30;ventilation;0.371;False
S0001;2026-01-01 23:29:30;temperature;11.804;False
S0005;2026-01-01 23:29:30;ventilation;0.482;False
S0007;2026-01-01 23:29:30;temperature;11.619;False
S0010;2026-01-01 23:29:30;CO2_level;1037;False
S0005;2026-01-01 23:29:45;ventilation;0.403;False
S0011;2026-01-01 23:29:45;ventilation;0.29;False
S0007;2026-01-01 23:29:45;temperature;15.684;False
S0004;2026-01-01 23:29:45;CO2_level;753;False
S0010;2026-01-01 23:29:45;CO2_level;930;False
S0001;2026-01-01 23:29:45;temperature;15.99;False
S0003;2026-01-01 23:30:00;humidity;66.235;False
S0011;2026-01-01 23:30:00;ventilation;0.499;False
S0007;2026-01-01 23:30:00;temperature;12.877;False
S0004;2026-01-01 23:30:00;CO2_level;948;False
S0009;2026-01-01 23:30:00;humidity;73.121;False
S0010;2026-01-01 23:30:00;CO2_level;1082;False
S0005;2026-01-01 23:30:00;ventilation;0.228;False
S0001;2026-01-01 23:30:00;temperature;10.978;False
S0005;2026-01-01 23:30:15;ventilation;0.307;False
S0001;2026-01-01 23:30:15;temperature;10.838;False
S0011;2026-01-01 23:30:15;ventilation;0.355;False
S0010;2026-01-01 23:30:15;CO2_level;1018;False
S0007;2026-01-01 23:30:15;temperature;14.02;False
S0004;2026-01-01 23:30:15;CO2_level;1062;False
S0011;2026-01-01 23:30:30;ventilation;0.398;False
S0010;2026-01-01 23:30:30;CO2_level;921;False
S0009;2026-01-01 23:30:30;humidity;73.595;False
S0003;2026-01-01 23:30:30;humidity;73.111;False
S0005;2026-01-01 23:30:30;ventilation;0.2;False
S0007;2026-01-01 23:30:30;temperature;14.431;False
S0004;2026-01-01 23:30:30;CO2_level;816;False
S0001;2026-01-01 23:30:30;temperature;12.855;False
S0007;2026-01-01 23:30:45;temperature;14.874;False
S0001;2026-01-01 23:30:45;temperature;12.804;False
S0004;2026-01-01 23:30:45;CO2_level;842;False
S0005;2026-01-01 23:30:45;ventilation;0.213;False
S0011;2026-01-01 23:30:45;ventilation;0.403;False
S0010;2026-01-01 23:30:45;CO2_level;1038;False
S0004;2026-01-01 23:31:00;CO2_level;999;False
S0011;2026-01-01 23:31:00;ventilation;0.232;False
S0010;2026-01-01 23:31:00;CO2_level;742;False
S0003;2026-01-01 23:31:00;humidity;69.483;False
S0009;2026-01-01 23:31:00;humidity;71.242;False
S0007;2026-01-01 23:31:00;temperature;12.446;False
S0001;2026-01-01 23:31:00;temperature;14.07;False
S0005;2026-01-01 23:31:00;ventilation;0.429;False
S0010;2026-01-01 23:31:15;CO2_level;946;False
S0004;2026-01-01 23:31:15;CO2_level;1038;False
S0007;2026-01-01 23:31:15;temperature;13.53;False
S0005;2026-01-01 23:31:15;ventilation;null;True
S0001;2026-01-01 23:31:15;temperature;14.175;False
S0011;2026-01-01 23:31:15;ventilation;0.495;False
S0007;2026-01-01 23:31:30;temperature;14.046;False
S0003;2026-01-01 23:31:30;humidity;65.397;False
S0001;2026-01-01 23:31:30;temperature;12.646;False
S0011;2026-01-01 23:31:30;ventilation;0.408;False
S0009;2026-01-01 23:31:30;humidity;70.346;False
S0010;2026-01-01 23:31:30;CO2_level;938;False
S0004;2026-01-01 23:31:30;CO2_level;865;False
S0005;2026-01-01 23:31:30;ventilation;0.596;False
S0010;2026-01-01 23:31:45;CO2_level;903;False
S0007;2026-01-01 23:31:45;temperature;13.992;False
S0011;2026-01-01 23:31:45;ventilation;0.325;False
S0001;2026-01-01 23:31:45;temperature;15.786;False
S0005;2026-01-01 23:31:45;ventilation;0.245;False
S0004;2026-01-01 23:31:45;CO2_level;789;False
S0003;2026-01-01 23:32:00;humidity;74.076;False
S0010;2026-01-01 23:32:00;CO2_level;1049;False
S0011;2026-01-01 23:32:00;ventilation;null;True
S0009;2026-01-01 23:32:00;humidity;73.002;False
S0005;2026-01-01 23:32:00;ventilation;0.247;False
S0001;2026-01-01 23:32:00;temperature;14.763;False
S0004;2026-01-01 23:32:00;CO2_level;961;False
S0007;2026-01-01 23:32:00;temperature;10.006;False
S0001;2026-01-01 23:32:15;temperature;13.919;False
S0005;2026-01-01 23:32:15;ventilation;0.211;False
S0011;2026-01-01 23:32:15;ventilation;0.354;False
S0010;2026-01-01 23:32:15;CO2_level;715;True
S0004;2026-01-01 23:32:15;CO2_level;875;False
S0007;2026-01-01 23:32:15;temperature;15.005;False
S0005;2026-01-01 23:32:30;ventilation;0.449;False
S0003;2026-01-01 23:32:30;humidity;72.954;True
S0011;2026-01-01 23:32:30;ventilation;0.214;False
S0010;2026-01-01 23:32:30;CO2_level;730;False
S0004;2026-01-01 23:32:30;CO2_level;709;False
S0009;2026-01-01 23:32:30;humidity;72.544;False
S0001;2026-01-01 23:32:30;temperature;14.582;False
S0007;2026-01-01 23:32:30;temperature;10.781;False
S0007;2026-01-01 23:32:45;temperature;12.447;False
S0010;2026-01-01 23:32:45;CO2_level;843;False
S0004;2026-01-01 23:32:45;CO2_level;838;False
S0001;2026-01-01 23:32:45;temperature;11.544;False
S0005;2026-01-01 23:32:45;ventilation;0.415;False
S0011;2026-01-01 23:32:45;ventilation;0.538;False
S0007;2026-01-01 23:33:00;temperature;12.362;False
S0005;2026-01-01 23:33:00;ventilation;0.309;False
S0009;2026-01-01 23:33:00;humidity;69.569;False
S0003;2026-01-01 23:33:00;humidity;67.973;False
S0001;2026-01-01 23:33:00;temperature;10.131;False
S0011;2026-01-01 23:33:00;ventilation;0.548;False
S0004;2026-01-01 23:33:00;CO2_level;1096;False
S0010;2026-01-01 23:33:00;CO2_level;997;False
S0011;2026-01-01 23:33:15;ventilation;0.34;False
S0007;2026-01-01 23:33:15;temperature;12.802;False
S0004;2026-01-01 23:33:15;CO2_level;733;False
S0001;2026-01-01 23:33:15;temperature;11.969;False
S0005;2026-01-01 23:33:15;ventilation;0.381;False
S0010;2026-01-01 23:33:15;CO2_level;1091;False
S0004;2026-01-01 23:33:30;CO2_level;1002;False
S0001;2026-01-01 23:33:30;temperature;15.104;False
S0007;2026-01-01 23:33:30;temperature;13.179;False
S0011;2026-01-01 23:33:30;ventilation;0.511;False
S0003;2026-01-01 23:33:30;humidity;72.383;True
S0009;2026-01-01 23:33:30;humidity;72.342;False
S0005;2026-01-01 23:33:30;ventilation;0.387;False
S0010;2026-01-01 23:33:30;CO2_level;null;True
S0007;2026-01-01 23:33:45;temperature;12.485;False
S0010;2026-01-01 23:33:45;CO2_level;1046;False
S0004;2026-01-01 23:33:45;CO2_level;777;False
S0011;2026-01-01 23:33:45;ventilation;0.556;False
S0001;2026-01-01 23:33:45;temperature;12.974;False
S0005;2026-01-01 23:33:45;ventilation;0.544;False
S0009;2026-01-01 23:34:00;humidity;67.761;False
S0011;2026-01-01 23:34:00;ventilation;0.411;False
S0003;2026-01-01 23:34:00;humidity;71.19;False
S0001;2026-01-01 23:34:00;temperature;10.033;False
S0007;2026-01-01 23:34:00;temperature;10.179;False
S0004;2026-01-01 23:34:00;CO2_level;775;False
S0010;2026-01-01 23:34:00;CO2_level;1013;False
S0005;2026-01-01 23:34:00;ventilation;0.225;False
S0007;2026-01-01 23:34:15;temperature;15.904;False
S0005;2026-01-01 23:34:15;ventilation;0.26;False
S0001;2026-01-01 23:34:15;temperature;10.198;False
S0004;2026-01-01 23:34:15;CO2_level;852;False
S0011;2026-01-01 23:34:15;ventilation;0.516;False
S0010;2026-01-01 23:34:15;CO2_level;890;False
S0005;2026-01-01 23:34:30;ventilation;0.277;False
S0004;2026-01-01 23:34:30;CO2_level;942;False
S0011;2026-01-01 23:34:30;ventilation;0.479;False
S0009;2026-01-01 23:34:30;humidity;72.623;False
S0001;2026-01-01 23:34:30;temperature;15.429;False
S0010;2026-01-01 23:34:30;CO2_level;997;False
S0007;2026-01-01 23:34:30;temperature;14.969;False
S0003;2026-01-01 23:34:30;humidity;66.429;False
S0010;2026-01-01 23:34:45;CO2_level;943;False
S0007;2026-01-01 23:34:45;temperature;10.15;False
S0004;2026-01-01 23:34:45;CO2_level;864;False
S0001;2026-01-01 23:34:45;temperature;14.098;False
S0011;2026-01-01 23:34:45;ventilation;0.472;False
S0005;2026-01-01 23:34:45;ventilation;0.276;False
S0007;2026-01-01 23:35:00;temperature;15.492;False
S0001;2026-01-01 23:35:00;temperature;11.898;False
S0011;2026-01-01 23:35:00;ventilation;0.238;False
S0009;2026-01-01 23:35:00;humidity;67.917;False
S0003;2026-01-01 23:35:00;humidity;74.603;False
S0010;2026-01-01 23:35:00;CO2_level;939;False
S0004;2026-01-01 23:35:00;CO2_level;774;False
S0005;2026-01-01 23:35:00;ventilation;0.519;False
S0011;2026-01-01 23:35:15;ventilation;0.325;False
S0005;2026-01-01 23:35:15;ventilation;0.504;False
S0001;2026-01-01 23:35:15;temperature;11.487;False
S0010;2026-01-01 23:35:15;CO2_level;953;True
S0007;2026-01-01 23:35:15;temperature;12.081;False
S0004;2026-01-01 23:35:15;CO2_level;1047;False
S0009;2026-01-01 23:35:30;humidity;70.735;False
S0010;2026-01-01 23:35:30;CO2_level;958;False
S0005;2026-01-01 23:35:30;ventilation;null;True
S0007;2026-01-01 23:35:30;temperature;12.673;False
S0011;2026-01-01 23:35:30;ventilation;0.504;False
S0001;2026-01-01 23:35:30;temperature;13.771;True
S0004;2026-01-01 23:35:30;CO2_level;933;False
S0003;2026-01-01 23:35:30;humidity;65.872;False
S0010;2026-01-01 23:35:45;CO2_level;725;False
S0001;2026-01-01 23:35:45;temperature;15.821;False
S0011;2026-01-01 23:35:45;ventilation;0.41;False
S0005;2026-01-01 23:35:45;ventilation;0.377;False
S0004;2026-01-01 23:35:45;CO2_level;1038;False
S0007;2026-01-01 23:35:45;temperature;13.947;False
S0009;2026-01-01 23:36:00;humidity;66.714;False
S0007;2026-01-01 23:36:00;temperature;12.436;False
S0005;2026-01-01 23:36:00;ventilation;0.291;False
S0004;2026-01-01 23:36:00;CO2_level;1037;False
S0001;2026-01-01 23:36:00;temperature;13.293;False
S0010;2026-01-01 23:36:00;CO2_level;1022;False
S0003;2026-01-01 23:36:00;humidity;71.609;False
S0011;2026-01-01 23:36:00;ventilation;0.552;False
S0005;2026-01-01 23:36:15;ventilation;0.583;False
S0004;2026-01-01 23:36:15;CO2_level;860;False
S0007;2026-01-01 23:36:15;temperature;12.339;False
S0010;2026-01-01 23:36:15;CO2_level;1000;False
S0001;2026-01-01 23:36:15;temperature;13.603;False
S0011;2026-01-01 23:36:15;ventilation;0.569;False
S0003;2026-01-01 23:36:30;humidity;70.058;False
S0010;2026-01-01 23:36:30;CO2_level;887;False
S0009;2026-01-01 23:36:30;humidity;74.706;False
S0011;2026-01-01 23:36:30;ventilation;0.316;False
S0001;2026-01-01 23:36:30;temperature;11.22;False
S0005;2026-01-01 23:36:30;ventilation;0.428;False
S0004;2026-01-01 23:36:30;CO2_level;804;False
S0007;2026-01-01 23:36:30;temperature;15.203;False
S0001;2026-01-01 23:36:45;temperature;12.507;False
S0007;2026-01-01 23:36:45;temperature;11.808;False
S0005;2026-01-01 23:36:45;ventilation;0.532;False
S0010;2026-01-01 23:36:45;CO2_level;762;False
S0011;2026-01-01 23:36:45;ventilation;0.212;False
S0004;2026-01-01 23:36:45;CO2_level;925;False
S0010;2026-01-01 23:37:00;CO2_level;843;False
S0001;2026-01-01 23:37:00;temperature;13.274;True
S0007;2026-01-01 23:37:00;temperature;10.556;False
S0003;2026-01-01 23:37:00;humidity;74.644;False
S0009;2026-01-01 23:37:00;humidity;68.979;True
S0005;2026-01-01 23:37:00;ventilation;0.343;False
S0004;2026-01-01 23:37:00;CO2_level;1025;False
S0011;2026-01-01 23:37:00;ventilation;0.337;False
S0010;2026-01-01 23:37:15;CO2_level;805;False
S0001;2026-01-01 23:37:15;temperature;11.581;False
S0007;2026-01-01 23:37:15;temperature;15.722;False
S0011;2026-01-01 23:37:15;ventilation;0.359;False
S0004;2026-01-01 23:37:15;CO2_level;885;False
S0005;2026-01-01 23:37:15;ventilation;0.402;True
S0005;2026-01-01 23:37:30;ventilation;null;True
S0004;2026-01-01 23:37:30;CO2_level;745;False
S0007;2026-01-01 23:37:30;temperature;11.131;False
S0003;2026-01-01 23:37:30;humidity;68.113;False
S0010;2026-01-01 23:37:30;CO2_level;1062;False
S0009;2026-01-01 23:37:30;humidity;74.297;False
S0011;2026-01-01 23:37:30;ventilation;0.289;False
S0001;2026-01-01 23:37:30;temperature;11.314;False
S0001;2026-01-01 23:37:45;temperature;10.235;False
S0004;2026-01-01 23:37:45;CO2_level;707;False
S0010;2026-01-01 23:37:45;CO2_level;1091;False
S0007;2026-01-01 23:37:45;temperature;15.282;False
S0005;2026-01-01 23:37:45;ventilation;0.356;False
S0011;2026-01-01 23:37:45;ventilation;0.514;False
S0005;2026-01-01 23:38:00;ventilation;0.221;False
S0001;2026-01-01 23:38:00;temperature;14.194;False
S0007;2026-01-01 23:38:00;temperature;11.557;False
S0009;2026-01-01 23:38:00;humidity;69.724;False
S0004;2026-01-01 23:38:00;CO2_level;871;False
S0011;2026-01-01 23:38:00;ventilation;0.234;False
S0010;2026-01-01 23:38:00;CO2_level;1056;False
S0003;2026-01-01 23:38:00;humidity;67.508;False
S0011;2026-01-01 23:38:15;ventilation;null;True
S0001;2026-01-01 23:38:15;temperature;13.358;False
S0005;2026-01-01 23:38:15;ventilation;0.451;False
S0007;2026-01-01 23:38:15;temperature;15.642;False
S0004;2026-01-01 23:38:15;CO2_level;879;False
S0010;2026-01-01 23:38:15;CO2_level;930;False
S0003;2026-01-01 23:38:30;humidity;67.144;False
S0005;2026-01-01 23:38:30;ventilation;0.566;False
S0007;2026-01-01 23:38:30;temperature;11.566;False
S0010;2026-01-01 23:38:30;CO2_level;962;False
S0001;2026-01-01 23:38:30;temperature;14.148;False
S0011;2026-01-01 23:38:30;ventilation;0.321;False
S0009;2026-01-01 23:38:30;humidity;71.753;False
S0004;2026-01-01 23:38:30;CO2_level;1075;False
S0007;2026-01-01 23:38:45;temperature;12.536;False
S0001;2026-01-01 23:38:45;temperature;12.443;False
S0010;2026-01-01 23:38:45;CO2_level;772;False
S0005;2026-01-01 23:38:45;ventilation;0.333;False
S0004;2026-01-01 23:38:45;CO2_level;1019;False
S0011;2026-01-01 23:38:45;ventilation;0.552;False
S0011;2026-01-01 23:39:00;ventilation;0.354;False
S0001;2026-01-01 23:39:00;temperature;13.602;False
S0005;2026-01-01 23:39:00;ventilation;0.34;False
S0007;2026-01-01 23:39:00;temperature;11.919;False
S0009;2026-01-01 23:39:00;humidity;74.506;False
S0010;2026-01-01 23:39:00;CO2_level;1021;False
S0003;2026-01-01 23:39:00;humidity;65.871;False
S0004;2026-01-01 23:39:00;CO2_level;874;False
S0007;2026-01-01 23:39:15;temperature;11.863;False
S0001;2026-01-01 23:39:15;temperature;10.674;False
S0010;2026-01-01 23:39:15;CO2_level;1002;False
S0005;2026-01-01 23:39:15;ventilation;0.365;False
S0011;2026-01-01 23:39:15;ventilation;0.423;False
S0004;2026-01-01 23:39:15;CO2_level;1023;False
S0001;2026-01-01 23:39:30;temperature;14.883;False
S0004;2026-01-01 23:39:30;CO2_level;1054;False
S0003;2026-01-01 23:39:30;humidity;69.723;False
S0011;2026-01-01 23:39:30;ventilation;0.27;False
S0009;2026-01-01 23:39:30;humidity;68.101;True
S0010;2026-01-01 23:39:30;CO2_level;804;False
S0007;2026-01-01 23:39:30;temperature;14.55;False
S0005;2026-01-01 23:39:30;ventilation;0.563;False
S0010;2026-01-01 23:39:45;CO2_level;1016;False
S0001;2026-01-01 23:39:45;temperature;10.103;False
S0011;2026-01-01 23:39:45;ventilation;0.46;False
S0005;2026-01-01 23:39:45;ventilation;0.473;False
S0004;2026-01-01 23:39:45;CO2_level;1026;True
S0007;2026-01-01 23:39:45;temperature;11.421;False
S0009;2026-01-01 23:40:00;humidity;65.513;False
S0005;2026-01-01 23:40:00;ventilation;0.34;False
S0001;2026-01-01 23:40:00;temperature;10.856;False
S0011;2026-01-01 23:40:00;ventilation;0.306;False
S0010;2026-01-01 23:40:00;CO2_level;1048;False
S0003;2026-01-01 23:40:00;humidity;73.584;False
S0007;2026-01-01 23:40:00;temperature;12.638;False
S0004;2026-01-01 23:40:00;CO2_level;797;False
S0005;2026-01-01 23:40:15;ventilation;0.402;False
S0001;2026-01-01 23:40:15;temperature;13.054;False
S0007;2026-01-01 23:40:15;temperature;15.732;False
S0010;2026-01-01 23:40:15;CO2_level;966;False
S0004;2026-01-01 23:40:15;CO2_level;1074;False
S0011;2026-01-01 23:40:15;ventilation;0.593;False
S0007;2026-01-01 23:40:30;temperature;10.654;False
S0004;2026-01-01 23:40:30;CO2_level;1012;False
S0003;2026-01-01 23:40:30;humidity;67.138;False
S0011;2026-01-01 23:40:30;ventilation;0.589;False
S0005;2026-01-01 23:40:30;ventilation;0.455;False
S0001;2026-01-01 23:40:30;temperature;10.106;False
S0010;2026-01-01 23:40:30;CO2_level;702;False
S0009;2026-01-01 23:40:30;humidity;70.642;False
S0001;2026-01-01 23:40:45;temperature;11.191;False
S0010;2026-01-01 23:40:45;CO2_level;958;False
S0005;2026-01-01 23:40:45;ventilation;0.528;False
S0011;2026-01-01 23:40:45;ventilation;0.311;False
S0004;2026-01-01 23:40:45;CO2_level;753;False
S0007;2026-01-01 23:40:45;temperature;12.057;False
S0004;2026-01-01 23:41:00;CO2_level;715;False
S0003;2026-01-01 23:41:00;humidity;66.83;False
S0009;2026-01-01 23:41:00;humidity;72.848;True
S0011;2026-01-01 23:41:00;ventilation;0.418;False
S0010;2026-01-01 23:41:00;CO2_level;712;False
S0007;2026-01-01 23:41:00;temperature;12.41;False
S0001;2026-01-01 23:41:00;temperature;15.511;False
S0005;2026-01-01 23:41:00;ventilation;0.515;False
S0007;2026-01-01 23:41:15;temperature;11.421;False
S0011;2026-01-01 23:41:15;ventilation;0.511;False
S0010;2026-01-01 23:41:15;CO2_level;848;False
S0001;2026-01-01 23:41:15;temperature;15.474;False
S0004;2026-01-01 23:41:15;CO2_level;714;False
S0005;2026-01-01 23:41:15;ventilation;0.41;False
S0004;2026-01-01 23:41:30;CO2_level;737;False
S0009;2026-01-01 23:41:30;humidity;67.163;False
S0001;2026-01-01 23:41:30;temperature;13.076;False
S0011;2026-01-01 23:41:30;ventilation;0.344;False
S0003;2026-01-01 23:41:30;humidity;65.452;False
S0007;2026-01-01 23:41:30;temperature;15.92;False
S0005;2026-01-01 23:41:30;ventilation;0.234;False
S0010;2026-01-01 23:41:30;CO2_level;null;True
S0001;2026-01-01 23:41:45;temperature;13.947;False
S0007;2026-01-01 23:41:45;temperature;10.247;False
S0011;2026-01-01 23:41:45;ventilation;0.243;False
S0005;2026-01-01 23:41:45;ventilation;null;True
S0004;2026-01-01 23:41:45;CO2_level;791;False
S0010;2026-01-01 23:41:45;CO2_level;909;False
S0003;2026-01-01 23:42:00;humidity;67.37;False
S0001;2026-01-01 23:42:00;temperature;null;True
S0010;2026-01-01 23:42:00;CO2_level;725;False
S0004;2026-01-01 23:42:00;CO2_level;829;False
S0009;2026-01-01 23:42:00;humidity;70.997;False
S0005;2026-01-01 23:42:00;ventilation;0.214;False
S0011;2026-01-01 23:42:00;ventilation;0.439;False
S0007;2026-01-01 23:42:00;temperature;11.152;False
S0001;2026-01-01 23:42:15;temperature;12.918;False
S0005;2026-01-01 23:42:15;ventilation;0.312;False
S0010;2026-01-01 23:42:15;CO2_level;1031;False
S0004;2026-01-01 23:42:15;CO2_level;1004;False
S0011;2026-01-01 23:42:15;ventilation;0.289;False
S0007;2026-01-01 23:42:15;temperature;12.482;False
S0003;2026-01-01 23:42:30;humidity;72.682;False
S0011;2026-01-01 23:42:30;ventilation;0.205;False
S0001;2026-01-01 23:42:30;temperature;14.463;False
S0007;2026-01-01 23:42:30;temperature;14.504;False
S0005;2026-01-01 23:42:30;ventilation;0.326;False
S0004;2026-01-01 23:42:30;CO2_level;952;False
S0010;2026-01-01 23:42:30;CO2_level;811;False
S0009;2026-01-01 23:42:30;humidity;66.855;False
S0011;2026-01-01 23:42:45;ventilation;0.452;True
S0004;2026-01-01 23:42:45;CO2_level;760;False
S0007;2026-01-01 23:42:45;temperature;13.317;False
S0001;2026-01-01 23:42:45;temperature;11.848;False
S0005;2026-01-01 23:42:45;ventilation;0.377;False
S0010;2026-01-01 23:42:45;CO2_level;745;False
S0009;2026-01-01 23:43:00;humidity;73.544;False
S0011;2026-01-01 23:43:00;ventilation;0.6;False
S0005;2026-01-01 23:43:00;ventilation;0.268;False
S0001;2026-01-01 23:43:00;temperature;13.193;False
S0007;2026-01-01 23:43:00;temperature;12.084;False
S0004;2026-01-01 23:43:00;CO2_level;991;False
S0010;2026-01-01 23:43:00;CO2_level;867;False
S0003;2026-01-01 23:43:00;humidity;65.998;False
S0005;2026-01-01 23:43:15;ventilation;0.211;False
S0010;2026-01-01 23:43:15;CO2_level;914;False
S0007;2026-01-01 23:43:15;temperature;10.563;False
S0004;2026-01-01 23:43:15;CO2_level;900;False
S0001;2026-01-01 23:43:15;temperature;14.445;False
S0011;2026-01-01 23:43:15;ventilation;0.457;False
S0001;2026-01-01 23:43:30;temperature;13.674;False
S0010;2026-01-01 23:43:30;CO2_level;983;False
S0004;2026-01-01 23:43:30;CO2_level;711;False
S0011;2026-01-01 23:43:30;ventilation;0.221;False
S0007;2026-01-01 23:43:30;temperature;10.092;False
S0003;2026-01-01 23:43:30;humidity;71.284;False
S0009;2026-01-01 23:43:30;humidity;73.363;False
S0005;2026-01-01 23:43:30;ventilation;0.238;False
S0005;2026-01-01 23:43:45;ventilation;0.327;False
S0010;2026-01-01 23:43:45;CO2_level;1025;False
S0001;2026-01-01 23:43:45;temperature;15.737;False
S0007;2026-01-01 23:43:45;temperature;15.472;False
S0004;2026-01-01 23:43:45;CO2_level;801;False
S0011;2026-01-01 23:43:45;ventilation;0.581;False
S0009;2026-01-01 23:44:00;humidity;73.193;False
S0004;2026-01-01 23:44:00;CO2_level;971;False
S0003;2026-01-01 23:44:00;humidity;72.413;False
S0011;2026-01-01 23:44:00;ventilation;0.495;False
S0010;2026-01-01 23:44:00;CO2_level;754;False
S0005;2026-01-01 23:44:00;ventilation;0.326;False
S0007;2026-01-01 23:44:00;temperature;15.071;False
S0001;2026-01-01 23:44:00;temperature;11.604;False
S0011;2026-01-01 23:44:15;ventilation;0.567;False
S0005;2026-01-01 23:44:15;ventilation;0.554;False
S0001;2026-01-01 23:44:15;temperature;13.635;False
S0004;2026-01-01 23:44:15;CO2_level;985;False
S0007;2026-01-01 23:44:15;temperature;13.659;True
S0010;2026-01-01 23:44:15;CO2_level;797;False
S0003;2026-01-01 23:44:30;humidity;73.88;False
S0009;2026-01-01 23:44:30;humidity;70.368;False
S0011;2026-01-01 23:44:30;ventilation;0.334;False
S0001;2026-01-01 23:44:30;temperature;12.799;False
S0004;2026-01-01 23:44:30;CO2_level;818;False
S0007;2026-01-01 23:44:30;temperature;11.706;False
S0010;2026-01-01 23:44:30;CO2_level;964;False
S0005;2026-01-01 23:44:30;ventilation;0.412;False
S0004;2026-01-01 23:44:45;CO2_level;808;False
S0010;2026-01-01 23:44:45;CO2_level;896;False
S0001;2026-01-01 23:44:45;temperature;13.085;False
S0005;2026-01-01 23:44:45;ventilation;0.582;False
S0011;2026-01-01 23:44:45;ventilation;0.273;False
S0007;2026-01-01 23:44:45;temperature;15.99;False
S0001;2026-01-01 23:45:00;temperature;14.982;False
S0003;2026-01-01 23:45:00;humidity;68.967;False
S0010;2026-01-01 23:45:00;CO2_level;952;False
S0009;2026-01-01 23:45:00;humidity;67.414;False
S0004;2026-01-01 23:45:00;CO2_level;961;False
S0005;2026-01-01 23:45:00;ventilation;0.416;False
S0007;2026-01-01 23:45:00;temperature;15.098;False
S0011;2026-01-01 23:45:00;ventilation;0.494;False
S0001;2026-01-01 23:45:15;temperature;10.965;False
S0010;2026-01-01 23:45:15;CO2_level;941;False
S0004;2026-01-01 23:45:15;CO2_level;1013;False
S0005;2026-01-01 23:45:15;ventilation;0.361;False
S0011;2026-01-01 23:45:15;ventilation;0.467;False
S0007;2026-01-01 23:45:15;temperature;13.49;False
S0001;2026-01-01 23:45:30;temperature;14.123;False
S0010;2026-01-01 23:45:30;CO2_level;793;False
S0011;2026-01-01 23:45:30;ventilation;0.228;False
S0007;2026-01-01 23:45:30;temperature;15.322;False
S0004;2026-01-01 23:45:30;CO2_level;904;False
S0005;2026-01-01 23:45:30;ventilation;0.453;False
S0003;2026-01-01 23:45:30;humidity;69.042;False
S0009;2026-01-01 23:45:30;humidity;70.96;False
S0007;2026-01-01 23:45:45;temperature;12.756;False
S0001;2026-01-01 23:45:45;temperature;14.136;False
S0005;2026-01-01 23:45:45;ventilation;0.236;False
S0011;2026-01-01 23:45:45;ventilation;0.333;False
S0010;2026-01-01 23:45:45;CO2_level;1054;False
S0004;2026-01-01 23:45:45;CO2_level;798;False
S0011;2026-01-01 23:46:00;ventilation;0.41;False
S0003;2026-01-01 23:46:00;humidity;69.29;False
S0009;2026-01-01 23:46:00;humidity;66.357;False
S0005;2026-01-01 23:46:00;ventilation;0.399;False
S0010;2026-01-01 23:46:00;CO2_level;901;False
S0007;2026-01-01 23:46:00;temperature;10.522;True
S0004;2026-01-01 23:46:00;CO2_level;963;False
S0001;2026-01-01 23:46:00;temperature;13.486;False
S0010;2026-01-01 23:46:15;CO2_level;929;False
S0007;2026-01-01 23:46:15;temperature;13.013;False
S0004;2026-01-01 23:46:15;CO2_level;874;False
S0001;2026-01-01 23:46:15;temperature;12.391;False
S0005;2026-01-01 23:46:15;ventilation;0.365;False
S0011;2026-01-01 23:46:15;ventilation;0.372;False
S0010;2026-01-01 23:46:30;CO2_level;912;False
S0007;2026-01-01 23:46:30;temperature;13.994;False
S0005;2026-01-01 23:46:30;ventilation;0.494;False
S0009;2026-01-01 23:46:30;humidity;66.768;False
S0011;2026-01-01 23:46:30;ventilation;0.423;False
S0001;2026-01-01 23:46:30;temperature;15.701;False
S0003;2026-01-01 23:46:30;humidity;72.458;False
S0004;2026-01-01 23:46:30;CO2_level;811;False
S0007;2026-01-01 23:46:45;temperature;null;True
S0011;2026-01-01 23:46:45;ventilation;0.376;False
S0001;2026-01-01 23:46:45;temperature;13.501;False
S0005;2026-01-01 23:46:45;ventilation;0.228;False
S0004;2026-01-01 23:46:45;CO2_level;846;False
S0010;2026-01-01 23:46:45;CO2_level;1015;False
S0011;2026-01-01 23:47:00;ventilation;0.366;False
S0010;2026-01-01 23:47:00;CO2_level;1094;False
S0009;2026-01-01 23:47:00;humidity;73.29;False
S0007;2026-01-01 23:47:00;temperature;10.25;False
S0001;2026-01-01 23:47:00;temperature;15.985;False
S0004;2026-01-01 23:47:00;CO2_level;738;False
S0005;2026-01-01 23:47:00;ventilation;null;True
S0003;2026-01-01 23:47:00;humidity;74.283;False
S0011;2026-01-01 23:47:15;ventilation;0.47;False
S0007;2026-01-01 23:47:15;temperature;12.236;False
S0004;2026-01-01 23:47:15;CO2_level;1022;False
S0005;2026-01-01 23:47:15;ventilation;0.21;False
S0001;2026-01-01 23:47:15;temperature;12.216;False
S0010;2026-01-01 23:47:15;CO2_level;991;False
S0007;2026-01-01 23:47:30;temperature;13.158;False
S0005;2026-01-01 23:47:30;ventilation;0.254;False
S0001;2026-01-01 23:47:30;temperature;12.765;False
S0010;2026-01-01 23:47:30;CO2_level;728;False
S0004;2026-01-01 23:47:30;CO2_level;1000;False
S0009;2026-01-01 23:47:30;humidity;73.797;False
S0003;2026-01-01 23:47:30;humidity;66.074;False
S0011;2026-01-01 23:47:30;ventilation;0.221;False
S0007;2026-01-01 23:47:45;temperature;12.727;False
S0004;2026-01-01 23:47:45;CO2_level;717;False
S0001;2026-01-01 23:47:45;temperature;13.064;False
S0011;2026-01-01 23:47:45;ventilation;0.333;False
S0010;2026-01-01 23:47:45;CO2_level;890;False
S0005;2026-01-01 23:47:45;ventilation;0.443;False
S0001;2026-01-01 23:48:00;temperature;10.311;False
S0009;2026-01-01 23:48:00;humidity;67.498;False
S0010;2026-01-01 23:48:00;CO2_level;859;False
S0003;2026-01-01 23:48:00;humidity;68.17;False
S0005;2026-01-01 23:48:00;ventilation;0.52;False
S0004;2026-01-01 23:48:00;CO2_level;768;False
S0007;2026-01-01 23:48:00;temperature;15.912;False
S0011;2026-01-01 23:48:00;ventilation;null;True
S0005;2026-01-01 23:48:15;ventilation;0.528;False
S0004;2026-01-01 23:48:15;CO2_level;973;False
S0001;2026-01-01 23:48:15;temperature;10.808;False
S0007;2026-01-01 23:48:15;temperature;11.43;False
S0011;2026-01-01 23:48:15;ventilation;0.416;False
S0010;2026-01-01 23:48:15;CO2_level;713;False
S0005;2026-01-01 23:48:30;ventilation;0.294;True
S0007;2026-01-01 23:48:30;temperature;15.23;False
S0010;2026-01-01 23:48:30;CO2_level;1006;False
S0009;2026-01-01 23:48:30;humidity;68.813;False
S0004;2026-01-01 23:48:30;CO2_level;973;False
S0003;2026-01-01 23:48:30;humidity;65.018;False
S0001;2026-01-01 23:48:30;temperature;15.432;False
S0011;2026-01-01 23:48:30;ventilation;0.309;False
S0007;2026-01-01 23:48:45;temperature;15.785;False
S0010;2026-01-01 23:48:45;CO2_level;725;False
S0005;2026-01-01 23:48:45;ventilation;0.442;False
S0004;2026-01-01 23:48:45;CO2_level;741;False
S0001;2026-01-01 23:48:45;temperature;14.484;False
S0011;2026-01-01 23:48:45;ventilation;0.307;False
S0005;2026-01-01 23:49:00;ventilation;0.503;False
S0011;2026-01-01 23:49:00;ventilation;0.594;False
S0004;2026-01-01 23:49:00;CO2_level;913;False
S0009;2026-01-01 23:49:00;humidity;65.852;False
S0001;2026-01-01 23:49:00;temperature;15.962;False
S0010;2026-01-01 23:49:00;CO2_level;1018;False
S0003;2026-01-01 23:49:00;humidity;69.216;False
S0007;2026-01-01 23:49:00;temperature;14.355;False
S0011;2026-01-01 23:49:15;ventilation;0.578;False
S0007;2026-01-01 23:49:15;temperature;13.793;False
S0001;2026-01-01 23:49:15;temperature;13.121;False
S0004;2026-01-01 23:49:15;CO2_level;null;True
S0010;2026-01-01 23:49:15;CO2_level;1064;False
S0005;2026-01-01 23:49:15;ventilation;0.539;False
S0004;2026-01-01 23:49:30;CO2_level;1053;False
S0009;2026-01-01 23:49:30;humidity;70.175;False
S0010;2026-01-01 23:49:30;CO2_level;933;False
S0003;2026-01-01 23:49:30;humidity;71.142;False
S0011;2026-01-01 23:49:30;ventilation;0.585;False
S0001;2026-01-01 23:49:30;temperature;13.422;False
S0007;2026-01-01 23:49:30;temperature;13.205;False
S0005;2026-01-01 23:49:30;ventilation;0.57;False
S0010;2026-01-01 23:49:45;CO2_level;1033;False
S0001;2026-01-01 23:49:45;temperature;14.81;False
S0011;2026-01-01 23:49:45;ventilation;0.447;False
S0004;2026-01-01 23:49:45;CO2_level;963;False
S0007;2026-01-01 23:49:45;temperature;11.789;False
S0005;2026-01-01 23:49:45;ventilation;0.328;False
S0004;2026-01-01 23:50:00;CO2_level;810;False
S0011;2026-01-01 23:50:00;ventilation;0.461;False
S0003;2026-01-01 23:50:00;humidity;71.807;False
S0001;2026-01-01 23:50:00;temperature;11.354;False
S0010;2026-01-01 23:50:00;CO2_level;825;False
S0007;2026-01-01 23:50:00;temperature;13.503;False
S0009;2026-01-01 23:50:00;humidity;67.227;False
S0005;2026-01-01 23:50:00;ventilation;0.285;False
S0010;2026-01-01 23:50:15;CO2_level;1030;False
S0011;2026-01-01 23:50:15;ventilation;0.439;False
S0005;2026-01-01 23:50:15;ventilation;0.564;False
S0007;2026-01-01 23:50:15;temperature;10.688;False
S0001;2026-01-01 23:50:15;temperature;14.21;False
S0004;2026-01-01 23:50:15;CO2_level;756;False
S0007;2026-01-01 23:50:30;temperature;12.243;False
S0011;2026-01-01 23:50:30;ventilation;0.276;False
S0005;2026-01-01 23:50:30;ventilation;0.596;False
S0003;2026-01-01 23:50:30;humidity;66.795;False
S0001;2026-01-01 23:50:30;temperature;12.38;False
S0009;2026-01-01 23:50:30;humidity;70.832;False
S0004;2026-01-01 23:50:30;CO2_level;1081;False
S0010;2026-01-01 23:50:30;CO2_level;865;False
S0011;2026-01-01 23:50:45;ventilation;0.446;False
S0005;2026-01-01 23:50:45;ventilation;0.221;False
S0004;2026-01-01 23:50:45;CO2_level;null;True
S0010;2026-01-01 23:50:45;CO2_level;787;False
S0001;2026-01-01 23:50:45;temperature;13.214;False
S0007;2026-01-01 23:50:45;temperature;11.603;False
S0009;2026-01-01 23:51:00;humidity;73.468;False
S0005;2026-01-01 23:51:00;ventilation;0.419;False
S0007;2026-01-01 23:51:00;temperature;14.238;False
S0004;2026-01-01 23:51:00;CO2_level;1050;False
S0003;2026-01-01 23:51:00;humidity;71.039;False
S0001;2026-01-01 23:51:00;temperature;13.808;False
S0010;2026-01-01 23:51:00;CO2_level;931;False
S0011;2026-01-01 23:51:00;ventilation;0.235;True
S0011;2026-01-01 23:51:15;ventilation;0.203;False
S0005;2026-01-01 23:51:15;ventilation;0.274;False
S0004;2026-01-01 23:51:15;CO2_level;714;True
S0001;2026-01-01 23:51:15;temperature;15.929;False
S0010;2026-01-01 23:51:15;CO2_level;816;False
S0007;2026-01-01 23:51:15;temperature;14.233;False
S0005;2026-01-01 23:51:30;ventilation;0.564;False
S0001;2026-01-01 23:51:30;temperature;15.498;False
S0010;2026-01-01 23:51:30;CO2_level;951;True
S0004;2026-01-01 23:51:30;CO2_level;868;False
S0003;2026-01-01 23:51:30;humidity;69.864;False
S0009;2026-01-01 23:51:30;humidity;71.501;False
S0007;2026-01-01 23:51:30;temperature;15.049;False
S0011;2026-01-01 23:51:30;ventilation;0.329;False
S0001;2026-01-01 23:51:45;temperature;12.636;False
S0004;2026-01-01 23:51:45;CO2_level;902;True
S0007;2026-01-01 23:51:45;temperature;12.042;False
S0005;2026-01-01 23:51:45;ventilation;0.259;False
S0010;2026-01-01 23:51:45;CO2_level;964;False
S0011;2026-01-01 23:51:45;ventilation;0.54;False
S0009;2026-01-01 23:52:00;humidity;73.129;False
S0001;2026-01-01 23:52:00;temperature;13.756;False
S0003;2026-01-01 23:52:00;humidity;68.411;False
S0010;2026-01-01 23:52:00;CO2_level;1085;False
S0011;2026-01-01 23:52:00;ventilation;0.571;False
S0007;2026-01-01 23:52:00;temperature;14.897;False
S0004;2026-01-01 23:52:00;CO2_level;701;False
S0005;2026-01-01 23:52:00;ventilation;0.285;False
S0011;2026-01-01 23:52:15;ventilation;0.23;True
S0004;2026-01-01 23:52:15;CO2_level;745;False
S0001;2026-01-01 23:52:15;temperature;null;True
S0007;2026-01-01 23:52:15;temperature;10.569;False
S0005;2026-01-01 23:52:15;ventilation;0.374;False
S0010;2026-01-01 23:52:15;CO2_level;831;False
S0010;2026-01-01 23:52:30;CO2_level;723;False
S0007;2026-01-01 23:52:30;temperature;11.204;False
S0005;2026-01-01 23:52:30;ventilation;0.406;False
S0003;2026-01-01 23:52:30;humidity;74.697;False
S0001;2026-01-01 23:52:30;temperature;10.296;False
S0011;2026-01-01 23:52:30;ventilation;0.405;False
S0009;2026-01-01 23:52:30;humidity;69.083;False
S0004;2026-01-01 23:52:30;CO2_level;926;False
S0010;2026-01-01 23:52:45;CO2_level;944;False
S0001;2026-01-01 23:52:45;temperature;13.359;False
S0007;2026-01-01 23:52:45;temperature;11.991;False
S0005;2026-01-01 23:52:45;ventilation;0.309;False
S0004;2026-01-01 23:52:45;CO2_level;872;False
S0011;2026-01-01 23:52:45;ventilation;0.452;True
S0001;2026-01-01 23:53:00;temperature;13.262;False
S0005;2026-01-01 23:53:00;ventilation;0.522;False
S0011;2026-01-01 23:53:00;ventilation;0.507;False
S0004;2026-01-01 23:53:00;CO2_level;1097;False
S0007;2026-01-01 23:53:00;temperature;14.89;False
S0003;2026-01-01 23:53:00;humidity;70.401;False
S0010;2026-01-01 23:53:00;CO2_level;778;False
S0009;2026-01-01 23:53:00;humidity;70.817;False
S0011;2026-01-01 23:53:15;ventilation;0.571;False
S0007;2026-01-01 23:53:15;temperature;11.592;True
S0005;2026-01-01 23:53:15;ventilation;0.468;False
S0010;2026-01-01 23:53:15;CO2_level;938;False
S0001;2026-01-01 23:53:15;temperature;13.996;False
S0004;2026-01-01 23:53:15;CO2_level;null;True
S0005;2026-01-01 23:53:30;ventilation;0.586;False
S0009;2026-01-01 23:53:30;humidity;74.908;False
S0003;2026-01-01 23:53:30;humidity;68.944;False
S0001;2026-01-01 23:53:30;temperature;11.819;False
S0010;2026-01-01 23:53:30;CO2_level;1057;False
S0004;2026-01-01 23:53:30;CO2_level;906;False
S0007;2026-01-01 23:53:30;temperature;13.562;False
S0011;2026-01-01 23:53:30;ventilation;0.476;False
S0011;2026-01-01 23:53:45;ventilation;0.587;False
S0007;2026-01-01 23:53:45;temperature;10.972;False
S0010;2026-01-01 23:53:45;CO2_level;1064;False
S0005;2026-01-01 23:53:45;ventilation;0.258;False
S0001;2026-01-01 23:53:45;temperature;13.046;False
S0004;2026-01-01 23:53:45;CO2_level;1072;False
S0004;2026-01-01 23:54:00;CO2_level;null;True
S0005;2026-01-01 23:54:00;ventilation;0.355;False
S0001;2026-01-01 23:54:00;temperature;12.913;False
S0010;2026-01-01 23:54:00;CO2_level;852;False
S0007;2026-01-01 23:54:00;temperature;14.136;False
S0003;2026-01-01 23:54:00;humidity;65.505;False
S0011;2026-01-01 23:54:00;ventilation;0.274;False
S0009;2026-01-01 23:54:00;humidity;73.521;False
S0001;2026-01-01 23:54:15;temperature;11.103;False
S0011;2026-01-01 23:54:15;ventilation;0.412;False
S0010;2026-01-01 23:54:15;CO2_level;873;True
S0005;2026-01-01 23:54:15;ventilation;0.558;False
S0007;2026-01-01 23:54:15;temperature;10.995;False
S0004;2026-01-01 23:54:15;CO2_level;931;False
S0003;2026-01-01 23:54:30;humidity;65.951;False
S0010;2026-01-01 23:54:30;CO2_level;951;False
S0004;2026-01-01 23:54:30;CO2_level;873;False
S0009;2026-01-01 23:54:30;humidity;65.497;False
S0007;2026-01-01 23:54:30;temperature;10.914;False
S0005;2026-01-01 23:54:30;ventilation;0.518;False
S0001;2026-01-01 23:54:30;temperature;10.533;False
S0011;2026-01-01 23:54:30;ventilation;0.212;False
S0004;2026-01-01 23:54:45;CO2_level;971;False
S0007;2026-01-01 23:54:45;temperature;13.202;False
S0005;2026-01-01 23:54:45;ventilation;0.581;False
S0010;2026-01-01 23:54:45;CO2_level;867;True
S0001;2026-01-01 23:54:45;temperature;13.536;False
S0011;2026-01-01 23:54:45;ventilation;0.413;False
S0009;2026-01-01 23:55:00;humidity;70.245;False
S0007;2026-01-01 23:55:00;temperature;12.988;False
S0001;2026-01-01 23:55:00;temperature;13.613;False
S0003;2026-01-01 23:55:00;humidity;74.066;False
S0004;2026-01-01 23:55:00;CO2_level;961;False
S0010;2026-01-01 23:55:00;CO2_level;893;False
S0011;2026-01-01 23:55:00;ventilation;0.594;False
S0005;2026-01-01 23:55:00;ventilation;0.278;False
S0007;2026-01-01 23:55:15;temperature;13.562;False
S0004;2026-01-01 23:55:15;CO2_level;881;False
S0011;2026-01-01 23:55:15;ventilation;0.263;False
S0010;2026-01-01 23:55:15;CO2_level;1029;False
S0001;2026-01-01 23:55:15;temperature;15.611;True
S0005;2026-01-01 23:55:15;ventilation;0.396;False
S0005;2026-01-01 23:55:30;ventilation;0.314;False
S0001;2026-01-01 23:55:30;temperature;13.726;False
S0010;2026-01-01 23:55:30;CO2_level;858;False
S0007;2026-01-01 23:55:30;temperature;12.414;False
S0003;2026-01-01 23:55:30;humidity;74.264;False
S0009;2026-01-01 23:55:30;humidity;67.544;False
S0004;2026-01-01 23:55:30;CO2_level;826;False
S0011;2026-01-01 23:55:30;ventilation;0.434;False
S0011;2026-01-01 23:55:45;ventilation;0.312;False
S0001;2026-01-01 23:55:45;temperature;15.862;False
S0007;2026-01-01 23:55:45;temperature;11.696;False
S0004;2026-01-01 23:55:45;CO2_level;733;False
S0005;2026-01-01 23:55:45;ventilation;0.43;False
S0010;2026-01-01 23:55:45;CO2_level;null;True
S0004;2026-01-01 23:56:00;CO2_level;796;False
S0005;2026-01-01 23:56:00;ventilation;0.381;False
S0003;2026-01-01 23:56:00;humidity;71.744;False
S0007;2026-01-01 23:56:00;temperature;12.497;False
S0011;2026-01-01 23:56:00;ventilation;0.361;False
S0009;2026-01-01 23:56:00;humidity;73.595;False
S0001;2026-01-01 23:56:00;temperature;11.823;False
S0010;2026-01-01 23:56:00;CO2_level;807;False
S0010;2026-01-01 23:56:15;CO2_level;811;False
S0005;2026-01-01 23:56:15;ventilation;0.275;False
S0001;2026-01-01 23:56:15;temperature;12.614;False
S0004;2026-01-01 23:56:15;CO2_level;996;False
S0007;2026-01-01 23:56:15;temperature;10.201;False
S0011;2026-01-01 23:56:15;ventilation;0.551;False
S0004;2026-01-01 23:56:30;CO2_level;1037;False
S0011;2026-01-01 23:56:30;ventilation;0.517;False
S0003;2026-01-01 23:56:30;humidity;66.628;False
S0005;2026-01-01 23:56:30;ventilation;0.324;False
S0010;2026-01-01 23:56:30;CO2_level;852;False
S0007;2026-01-01 23:56:30;temperature;11.88;False
S0001;2026-01-01 23:56:30;temperature;13.893;False
S0009;2026-01-01 23:56:30;humidity;72.755;False
S0010;2026-01-01 23:56:45;CO2_level;876;False
S0007;2026-01-01 23:56:45;temperature;15.125;False
S0011;2026-01-01 23:56:45;ventilation;null;True
S0001;2026-01-01 23:56:45;temperature;11.415;False
S0005;2026-01-01 23:56:45;ventilation;null;True
S0004;2026-01-01 23:56:45;CO2_level;981;False
S0004;2026-01-01 23:57:00;CO2_level;940;False
S0003;2026-01-01 23:57:00;humidity;68.065;False
S0011;2026-01-01 23:57:00;ventilation;0.58;False
S0010;2026-01-01 23:57:00;CO2_level;1006;False
S0007;2026-01-01 23:57:00;temperature;14.015;False
S0009;2026-01-01 23:57:00;humidity;66.646;False
S0001;2026-01-01 23:57:00;temperature;null;True
S0005;2026-01-01 23:57:00;ventilation;0.572;False
S0011;2026-01-01 23:57:15;ventilation;0.596;False
S0005;2026-01-01 23:57:15;ventilation;0.285;False
S0001;2026-01-01 23:57:15;temperature;13.334;False
S0004;2026-01-01 23:57:15;CO2_level;776;False
S0010;2026-01-01 23:57:15;CO2_level;780;False
S0007;2026-01-01 23:57:15;temperature;11.151;False
S0004;2026-01-01 23:57:30;CO2_level;952;False
S0001;2026-01-01 23:57:30;temperature;13.459;False
S0007;2026-01-01 23:57:30;temperature;10.68;False
S0010;2026-01-01 23:57:30;CO2_level;893;False
S0011;2026-01-01 23:57:30;ventilation;0.505;False
S0003;2026-01-01 23:57:30;humidity;66.054;False
S0009;2026-01-01 23:57:30;humidity;67.248;False
S0005;2026-01-01 23:57:30;ventilation;0.506;False
S0004;2026-01-01 23:57:45;CO2_level;787;False
S0007;2026-01-01 23:57:45;temperature;11.615;False
S0001;2026-01-01 23:57:45;temperature;15.812;False
S0011;2026-01-01 23:57:45;ventilation;0.332;False
S0010;2026-01-01 23:57:45;CO2_level;871;False
S0005;2026-01-01 23:57:45;ventilation;0.496;False
S0011;2026-01-01 23:58:00;ventilation;0.246;False
S0010;2026-01-01 23:58:00;CO2_level;1052;False
S0004;2026-01-01 23:58:00;CO2_level;1024;False
S0005;2026-01-01 23:58:00;ventilation;0.515;False
S0001;2026-01-01 23:58:00;temperature;11.06;False
S0003;2026-01-01 23:58:00;humidity;69.459;False
S0007;2026-01-01 23:58:00;temperature;10.574;False
S0009;2026-01-01 23:58:00;humidity;66.821;False
S0007;2026-01-01 23:58:15;temperature;12.593;False
S0001;2026-01-01 23:58:15;temperature;12.19;False
S0010;2026-01-01 23:58:15;CO2_level;835;False
S0004;2026-01-01 23:58:15;CO2_level;1070;False
S0011;2026-01-01 23:58:15;ventilation;0.596;False
S0005;2026-01-01 23:58:15;ventilation;0.473;False
S0010;2026-01-01 23:58:30;CO2_level;749;False
S0005;2026-01-01 23:58:30;ventilation;0.289;True
S0003;2026-01-01 23:58:30;humidity;69.851;False
S0004;2026-01-01 23:58:30;CO2_level;844;False
S0009;2026-01-01 23:58:30;humidity;66.031;False
S0001;2026-01-01 23:58:30;temperature;14.371;False
S0007;2026-01-01 23:58:30;temperature;15.137;False
S0011;2026-01-01 23:58:30;ventilation;0.439;False
S0010;2026-01-01 23:58:45;CO2_level;716;False
S0001;2026-01-01 23:58:45;temperature;13.037;False
S0004;2026-01-01 23:58:45;CO2_level;904;False
S0011;2026-01-01 23:58:45;ventilation;0.341;False
S0005;2026-01-01 23:58:45;ventilation;0.5;False
S0007;2026-01-01 23:58:45;temperature;14.436;False
S0001;2026-01-01 23:59:00;temperature;11.789;False
S0003;2026-01-01 23:59:00;humidity;65.151;False
S0009;2026-01-01 23:59:00;humidity;66.232;False
S0010;2026-01-01 23:59:00;CO2_level;757;False
S0011;2026-01-01 23:59:00;ventilation;0.263;False
S0007;2026-01-01 23:59:00;temperature;11.852;False
S0005;2026-01-01 23:59:00;ventilation;0.326;False
S0004;2026-01-01 23:59:00;CO2_level;727;False
S0011;2026-01-01 23:59:15;ventilation;0.244;False
S0005;2026-01-01 23:59:15;ventilation;0.304;False
S0001;2026-01-01 23:59:15;temperature;11.336;False
S0010;2026-01-01 23:59:15;CO2_level;976;False
S0007;2026-01-01 23:59:15;temperature;15.017;False
S0004;2026-01-01 23:59:15;CO2_level;1009;False
S0010;2026-01-01 23:59:30;CO2_level;980;False
S0005;2026-01-01 23:59:30;ventilation;0.23;False
S0011;2026-01-01 23:59:30;ventilation;0.493;False
S0003;2026-01-01 23:59:30;humidity;69.7;False
S0004;2026-01-01 23:59:30;CO2_level;1039;False
S0001;2026-01-01 23:59:30;temperature;14.435;False
S0007;2026-01-01 23:59:30;temperature;15.954;False
S0009;2026-01-01 23:59:30;humidity;71.972;False
S0010;2026-01-01 23:59:45;CO2_level;null;True
S0004;2026-01-01 23:59:45;CO2_level;1042;False
S0005;2026-01-01 23:59:45;ventilation;0.523;False
S0007;2026-01-01 23:59:45;temperature;15.683;False
S0011;2026-01-01 23:59:45;ventilation;0.298;False
S0001;2026-01-01 23:59:45;temperature;11.972;False
S0004;2026-01-02 00:00:00;CO2_level;789;False
S0007;2026-01-02 00:00:00;temperature;11.568;False
S0003;2026-01-02 00:00:00;humidity;67.776;False
S0001;2026-01-02 00:00:00;temperature;12.407;False
S0009;2026-01-02 00:00:00;humidity;65.456;False
S0011;2026-01-02 00:00:00;ventilation;0.434;False
S0010;2026-01-02 00:00:00;CO2_level;855;False
S0005;2026-01-02 00:00:00;ventilation;0.549;False
S0011;2026-01-02 00:00:15;ventilation;0.27;False
S0007;2026-01-02 00:00:15;temperature;12.482;False
S0005;2026-01-02 00:00:15;ventilation;0.345;True
S0004;2026-01-02 00:00:15;CO2_level;1027;False
S0001;2026-01-02 00:00:15;temperature;10.038;False
S0010;2026-01-02 00:00:15;CO2_level;712;False
S0001;2026-01-02 00:00:30;temperature;12.692;False
S0005;2026-01-02 00:00:30;ventilation;0.368;False
S0003;2026-01-02 00:00:30;humidity;66.579;False
S0010;2026-01-02 00:00:30;CO2_level;1068;False
S0011;2026-01-02 00:00:30;ventilation;0.518;False
S0009;2026-01-02 00:00:30;humidity;73.378;False
S0007;2026-01-02 00:00:30;temperature;13.046;False
S0004;2026-01-02 00:00:30;CO2_level;844;False
S0011;2026-01-02 00:00:45;ventilation;0.542;False
S0004;2026-01-02 00:00:45;CO2_level;839;False
S0001;2026-01-02 00:00:45;temperature;12.03;False
S0010;2026-01-02 00:00:45;CO2_level;962;False
S0007;2026-01-02 00:00:45;temperature;12.77;False
S0005;2026-01-02 00:00:45;ventilation;0.275;False
S0004;2026-01-02 00:01:00;CO2_level;null;True
S0001;2026-01-02 00:01:00;temperature;15.008;True
S0009;2026-01-02 00:01:00;humidity;66.533;False
S0010;2026-01-02 00:01:00;CO2_level;797;False
S0007;2026-01-02 00:01:00;temperature;14.871;False
S0003;2026-01-02 00:01:00;humidity;74.126;False
S0011;2026-01-02 00:01:00;ventilation;0.406;False
S0005;2026-01-02 00:01:00;ventilation;0.335;False
S0007;2026-01-02 00:01:15;temperature;13.611;False
S0001;2026-01-02 00:01:15;temperature;12.13;False
S0005;2026-01-02 00:01:15;ventilation;0.218;False
S0010;2026-01-02 00:01:15;CO2_level;913;False
S0004;2026-01-02 00:01:15;CO2_level;1063;False
S0011;2026-01-02 00:01:15;ventilation;0.231;False
S0010;2026-01-02 00:01:30;CO2_level;1040;False
S0001;2026-01-02 00:01:30;temperature;15.132;False
S0005;2026-01-02 00:01:30;ventilation;0.336;False
S0007;2026-01-02 00:01:30;temperature;12.368;False
S0003;2026-01-02 00:01:30;humidity;71.345;True
S0011;2026-01-02 00:01:30;ventilation;0.33;False
S0004;2026-01-02 00:01:30;CO2_level;886;False
S0009;2026-01-02 00:01:30;humidity;70.594;False
S0004;2026-01-02 00:01:45;CO2_level;828;False
S0007;2026-01-02 00:01:45;temperature;15.092;False
S0001;2026-01-02 00:01:45;temperature;11.016;True
S0011;2026-01-02 00:01:45;ventilation;0.561;False
S0005;2026-01-02 00:01:45;ventilation;0.229;False
S0010;2026-01-02 00:01:45;CO2_level;805;False
S0005;2026-01-02 00:02:00;ventilation;0.219;False
S0004;2026-01-02 00:02:00;CO2_level;969;False
S0007;2026-01-02 00:02:00;temperature;11.729;False
S0009;2026-01-02 00:02:00;humidity;72.021;False
S0003;2026-01-02 00:02:00;humidity;68.348;False
S0010;2026-01-02 00:02:00;CO2_level;889;True
S0001;2026-01-02 00:02:00;temperature;15.832;False
S0011;2026-01-02 00:02:00;ventilation;0.556;False
S0004;2026-01-02 00:02:15;CO2_level;719;False
S0007;2026-01-02 00:02:15;temperature;12.499;False
S0001;2026-01-02 00:02:15;temperature;13.048;False
S0011;2026-01-02 00:02:15;ventilation;0.227;False
S0010;2026-01-02 00:02:15;CO2_level;718;False
S0005;2026-01-02 00:02:15;ventilation;0.451;False
S0007;2026-01-02 00:02:30;temperature;12.305;False
S0010;2026-01-02 00:02:30;CO2_level;898;False
S0004;2026-01-02 00:02:30;CO2_level;null;True
S0003;2026-01-02 00:02:30;humidity;69.766;False
S0005;2026-01-02 00:02:30;ventilation;0.51;False
S0009;2026-01-02 00:02:30;humidity;74.514;False
S0001;2026-01-02 00:02:30;temperature;13.064;False
S0011;2026-01-02 00:02:30;ventilation;0.338;False
S0004;2026-01-02 00:02:45;CO2_level;899;False
S0001;2026-01-02 00:02:45;temperature;12.624;False
S0010;2026-01-02 00:02:45;CO2_level;938;False
S0007;2026-01-02 00:02:45;temperature;13.908;False
S0011;2026-01-02 00:02:45;ventilation;0.273;False
S0005;2026-01-02 00:02:45;ventilation;0.383;False
S0010;2026-01-02 00:03:00;CO2_level;717;False
S0011;2026-01-02 00:03:00;ventilation;0.343;False
S0004;2026-01-02 00:03:00;CO2_level;983;False
S0001;2026-01-02 00:03:00;temperature;10.681;False
S0007;2026-01-02 00:03:00;temperature;10.847;False
S0003;2026-01-02 00:03:00;humidity;74.397;False
S0009;2026-01-02 00:03:00;humidity;65.707;False
S0005;2026-01-02 00:03:00;ventilation;0.423;False
S0011;2026-01-02 00:03:15;ventilation;0.424;False
S0001;2026-01-02 00:03:15;temperature;14.401;False
S0004;2026-01-02 00:03:15;CO2_level;940;False
S0007;2026-01-02 00:03:15;temperature;14.172;False
S0010;2026-01-02 00:03:15;CO2_level;724;False
S0005;2026-01-02 00:03:15;ventilation;null;True
S0003;2026-01-02 00:03:30;humidity;73.968;False
S0001;2026-01-02 00:03:30;temperature;10.612;False
S0011;2026-01-02 00:03:30;ventilation;0.289;False
S0010;2026-01-02 00:03:30;CO2_level;827;True
S0009;2026-01-02 00:03:30;humidity;72.335;False
S0007;2026-01-02 00:03:30;temperature;14.157;False
S0004;2026-01-02 00:03:30;CO2_level;745;False
S0005;2026-01-02 00:03:30;ventilation;0.312;False
S0011;2026-01-02 00:03:45;ventilation;0.251;False
S0005;2026-01-02 00:03:45;ventilation;0.283;False
S0007;2026-01-02 00:03:45;temperature;10.134;False
S0001;2026-01-02 00:03:45;temperature;13.188;False
S0004;2026-01-02 00:03:45;CO2_level;1030;False
S0010;2026-01-02 00:03:45;CO2_level;766;False
S0004;2026-01-02 00:04:00;CO2_level;718;False
S0007;2026-01-02 00:04:00;temperature;10.213;False
S0010;2026-01-02 00:04:00;CO2_level;949;False
S0005;2026-01-02 00:04:00;ventilation;0.432;False
S0009;2026-01-02 00:04:00;humidity;71.509;False
S0003;2026-01-02 00:04:00;humidity;66.374;True
S0001;2026-01-02 00:04:00;temperature;13.717;False
S0011;2026-01-02 00:04:00;ventilation;0.539;False
S0011;2026-01-02 00:04:15;ventilation;0.342;False
S0001;2026-01-02 00:04:15;temperature;14.149;False
S0007;2026-01-02 00:04:15;temperature;13.252;False
S0005;2026-01-02 00:04:15;ventilation;0.322;False
S0004;2026-01-02 00:04:15;CO2_level;817;False
S0010;2026-01-02 00:04:15;CO2_level;803;True
S0003;2026-01-02 00:04:30;humidity;67.832;False
S0007;2026-01-02 00:04:30;temperature;10.584;True
S0004;2026-01-02 00:04:30;CO2_level;984;False
S0005;2026-01-02 00:04:30;ventilation;0.549;False
S0011;2026-01-02 00:04:30;ventilation;0.256;False
S0009;2026-01-02 00:04:30;humidity;70.317;False
S0001;2026-01-02 00:04:30;temperature;13.404;False
S0010;2026-01-02 00:04:30;CO2_level;771;False
S0001;2026-01-02 00:04:45;temperature;14.978;False
S0010;2026-01-02 00:04:45;CO2_level;713;False
S0011;2026-01-02 00:04:45;ventilation;0.331;False
S0007;2026-01-02 00:04:45;temperature;10.185;False
S0004;2026-01-02 00:04:45;CO2_level;null;True
S0005;2026-01-02 00:04:45;ventilation;0.237;False
S0005;2026-01-02 00:05:00;ventilation;0.374;False
S0007;2026-01-02 00:05:00;temperature;12.204;False
S0010;2026-01-02 00:05:00;CO2_level;1026;True
S0009;2026-01-02 00:05:00;humidity;67.621;False
S0001;2026-01-02 00:05:00;temperature;11.269;False
S0004;2026-01-02 00:05:00;CO2_level;991;False
S0011;2026-01-02 00:05:00;ventilation;0.238;False
S0003;2026-01-02 00:05:00;humidity;71.376;False
S0007;2026-01-02 00:05:15;temperature;13.471;False
S0001;2026-01-02 00:05:15;temperature;11.879;False
S0010;2026-01-02 00:05:15;CO2_level;898;False
S0005;2026-01-02 00:05:15;ventilation;0.344;False
S0011;2026-01-02 00:05:15;ventilation;0.502;False
S0004;2026-01-02 00:05:15;CO2_level;818;False
S0005;2026-01-02 00:05:30;ventilation;0.462;True
S0009;2026-01-02 00:05:30;humidity;68.987;True
S0010;2026-01-02 00:05:30;CO2_level;1079;False
S0011;2026-01-02 00:05:30;ventilation;null;True
S0001;2026-01-02 00:05:30;temperature;11.315;False
S0003;2026-01-02 00:05:30;humidity;67.306;False
S0007;2026-01-02 00:05:30;temperature;12.299;False
S0004;2026-01-02 00:05:30;CO2_level;739;False
S0001;2026-01-02 00:05:45;temperature;15.497;False
S0004;2026-01-02 00:05:45;CO2_level;1044;False
S0011;2026-01-02 00:05:45;ventilation;0.403;False
S0010;2026-01-02 00:05:45;CO2_level;1040;False
S0007;2026-01-02 00:05:45;temperature;14.7;False
S0005;2026-01-02 00:05:45;ventilation;0.341;False
S0009;2026-01-02 00:06:00;humidity;74.149;False
S0007;2026-01-02 00:06:00;temperature;15.423;False
S0010;2026-01-02 00:06:00;CO2_level;703;False
S0005;2026-01-02 00:06:00;ventilation;0.555;False
S0011;2026-01-02 00:06:00;ventilation;0.446;False
S0003;2026-01-02 00:06:00;humidity;70.116;False
S0004;2026-01-02 00:06:00;CO2_level;914;False
S0001;2026-01-02 00:06:00;temperature;14.064;False
S0007;2026-01-02 00:06:15;temperature;10.245;False
S0005;2026-01-02 00:06:15;ventilation;null;True
S0011;2026-01-02 00:06:15;ventilation;0.322;False
S0001;2026-01-02 00:06:15;temperature;11.791;False
S0010;2026-01-02 00:06:15;CO2_level;1060;False
S0004;2026-01-02 00:06:15;CO2_level;944;False
S0004;2026-01-02 00:06:30;CO2_level;984;False
S0005;2026-01-02 00:06:30;ventilation;0.277;False
S0010;2026-01-02 00:06:30;CO2_level;954;False
S0001;2026-01-02 00:06:30;temperature;11.994;False
S0007;2026-01-02 00:06:30;temperature;12.0;False
S0009;2026-01-02 00:06:30;humidity;66.877;True
S0003;2026-01-02 00:06:30;humidity;66.447;False
S0011;2026-01-02 00:06:30;ventilation;null;True
S0004;2026-01-02 00:06:45;CO2_level;907;False
S0001;2026-01-02 00:06:45;temperature;14.407;False
S0010;2026-01-02 00:06:45;CO2_level;725;False
S0007;2026-01-02 00:06:45;temperature;12.881;False
S0005;2026-01-02 00:06:45;ventilation;0.265;False
S0011;2026-01-02 00:06:45;ventilation;null;True
S0009;2026-01-02 00:07:00;humidity;74.903;False
S0003;2026-01-02 00:07:00;humidity;73.191;False
S0004;2026-01-02 00:07:00;CO2_level;984;False
S0001;2026-01-02 00:07:00;temperature;14.416;False
S0005;2026-01-02 00:07:00;ventilation;0.26;False
S0007;2026-01-02 00:07:00;temperature;13.793;False
S0010;2026-01-02 00:07:00;CO2_level;807;False
S0011;2026-01-02 00:07:00;ventilation;0.571;False
S0010;2026-01-02 00:07:15;CO2_level;888;True
S0004;2026-01-02 00:07:15;CO2_level;1013;False
S0001;2026-01-02 00:07:15;temperature;15.428;False
S0007;2026-01-02 00:07:15;temperature;13.538;False
S0005;2026-01-02 00:07:15;ventilation;0.417;False
S0011;2026-01-02 00:07:15;ventilation;0.261;False
S0007;2026-01-02 00:07:30;temperature;13.615;False
S0004;2026-01-02 00:07:30;CO2_level;753;False
S0009;2026-01-02 00:07:30;humidity;68.167;False
S0001;2026-01-02 00:07:30;temperature;14.977;False
S0005;2026-01-02 00:07:30;ventilation;0.271;False
S0011;2026-01-02 00:07:30;ventilation;0.235;False
S0003;2026-01-02 00:07:30;humidity;70.287;False
S0010;2026-01-02 00:07:30;CO2_level;1086;False
S0007;2026-01-02 00:07:45;temperature;11.466;False
S0001;2026-01-02 00:07:45;temperature;13.105;False
S0005;2026-01-02 00:07:45;ventilation;0.507;False
S0004;2026-01-02 00:07:45;CO2_level;1010;False
S0010;2026-01-02 00:07:45;CO2_level;837;False
S0011;2026-01-02 00:07:45;ventilation;0.515;False
S0007;2026-01-02 00:08:00;temperature;13.561;False
S0009;2026-01-02 00:08:00;humidity;73.173;False
S0005;2026-01-02 00:08:00;ventilation;0.599;False
S0001;2026-01-02 00:08:00;temperature;13.853;False
S0010;2026-01-02 00:08:00;CO2_level;980;False
S0003;2026-01-02 00:08:00;humidity;67.116;False
S0011;2026-01-02 00:08:00;ventilation;0.445;True
S0004;2026-01-02 00:08:00;CO2_level;937;False
S0004;2026-01-02 00:08:15;CO2_level;932;False
S0007;2026-01-02 00:08:15;temperature;15.302;True
S0011;2026-01-02 00:08:15;ventilation;0.349;False
S0010;2026-01-02 00:08:15;CO2_level;1049;False
S0001;2026-01-02 00:08:15;temperature;14.853;False
S0005;2026-01-02 00:08:15;ventilation;0.468;False
S0005;2026-01-02 00:08:30;ventilation;0.401;True
S0003;2026-01-02 00:08:30;humidity;67.609;False
S0010;2026-01-02 00:08:30;CO2_level;976;False
S0007;2026-01-02 00:08:30;temperature;15.527;False
S0011;2026-01-02 00:08:30;ventilation;0.246;False
S0001;2026-01-02 00:08:30;temperature;10.926;False
S0004;2026-01-02 00:08:30;CO2_level;924;False
S0009;2026-01-02 00:08:30;humidity;70.9;False
S0001;2026-01-02 00:08:45;temperature;12.53;False
S0007;2026-01-02 00:08:45;temperature;13.538;False
S0004;2026-01-02 00:08:45;CO2_level;755;False
S0005;2026-01-02 00:08:45;ventilation;0.344;False
S0010;2026-01-02 00:08:45;CO2_level;783;True
S0011;2026-01-02 00:08:45;ventilation;0.319;False
S0011;2026-01-02 00:09:00;ventilation;0.433;False
S0005;2026-01-02 00:09:00;ventilation;0.317;False
S0003;2026-01-02 00:09:00;humidity;73.719;False
S0009;2026-01-02 00:09:00;humidity;73.092;False
S0010;2026-01-02 00:09:00;CO2_level;745;False
S0004;2026-01-02 00:09:00;CO2_level;1082;False
S0007;2026-01-02 00:09:00;temperature;11.625;False
S0001;2026-01-02 00:09:00;temperature;11.045;False
S0004;2026-01-02 00:09:15;CO2_level;740;False
S0011;2026-01-02 00:09:15;ventilation;0.581;False
S0001;2026-01-02 00:09:15;temperature;15.708;True
S0005;2026-01-02 00:09:15;ventilation;0.39;False
S0007;2026-01-02 00:09:15;temperature;10.996;False
S0010;2026-01-02 00:09:15;CO2_level;874;False
S0007;2026-01-02 00:09:30;temperature;15.262;False
S0010;2026-01-02 00:09:30;CO2_level;1098;False
S0004;2026-01-02 00:09:30;CO2_level;771;False
S0009;2026-01-02 00:09:30;humidity;73.317;True
S0001;2026-01-02 00:09:30;temperature;15.034;False
S0011;2026-01-02 00:09:30;ventilation;0.252;False
S0003;2026-01-02 00:09:30;humidity;72.183;False
S0005;2026-01-02 00:09:30;ventilation;0.33;False
S0011;2026-01-02 00:09:45;ventilation;0.573;False
S0007;2026-01-02 00:09:45;temperature;13.065;False
S0004;2026-01-02 00:09:45;CO2_level;747;False
S0005;2026-01-02 00:09:45;ventilation;0.406;False
S0001;2026-01-02 00:09:45;temperature;11.623;False
S0010;2026-01-02 00:09:45;CO2_level;756;False
S0007;2026-01-02 00:10:00;temperature;10.125;False
S0004;2026-01-02 00:10:00;CO2_level;1061;False
S0003;2026-01-02 00:10:00;humidity;66.827;False
S0005;2026-01-02 00:10:00;ventilation;0.44;True
S0011;2026-01-02 00:10:00;ventilation;0.569;False
S0001;2026-01-02 00:10:00;temperature;10.759;False
S0009;2026-01-02 00:10:00;humidity;67.036;False
S0010;2026-01-02 00:10:00;CO2_level;725;True
S0005;2026-01-02 00:10:15;ventilation;0.515;False
S0007;2026-01-02 00:10:15;temperature;10.343;False
S0010;2026-01-02 00:10:15;CO2_level;901;False
S0004;2026-01-02 00:10:15;CO2_level;1058;False
S0001;2026-01-02 00:10:15;temperature;12.362;True
S0011;2026-01-02 00:10:15;ventilation;0.292;False
S0007;2026-01-02 00:10:30;temperature;10.64;False
S0010;2026-01-02 00:10:30;CO2_level;810;False
S0011;2026-01-02 00:10:30;ventilation;0.225;False
S0009;2026-01-02 00:10:30;humidity;71.455;False
S0005;2026-01-02 00:10:30;ventilation;null;True
S0003;2026-01-02 00:10:30;humidity;73.87;False
S0001;2026-01-02 00:10:30;temperature;13.49;False
S0004;2026-01-02 00:10:30;CO2_level;null;True
S0001;2026-01-02 00:10:45;temperature;11.929;False
S0007;2026-01-02 00:10:45;temperature;15.616;False
S0010;2026-01-02 00:10:45;CO2_level;900;False
S0004;2026-01-02 00:10:45;CO2_level;1033;False
S0011;2026-01-02 00:10:45;ventilation;0.547;False
S0005;2026-01-02 00:10:45;ventilation;0.221;False
S0004;2026-01-02 00:11:00;CO2_level;745;False
S0011;2026-01-02 00:11:00;ventilation;0.245;False
S0003;2026-01-02 00:11:00;humidity;65.344;False
S0009;2026-01-02 00:11:00;humidity;66.841;False
S0007;2026-01-02 00:11:00;temperature;13.15;False
S0001;2026-01-02 00:11:00;temperature;15.936;False
S0010;2026-01-02 00:11:00;CO2_level;703;False
S0005;2026-01-02 00:11:00;ventilation;0.484;False
S0005;2026-01-02 00:11:15;ventilation;0.576;False
S0001;2026-01-02 00:11:15;temperature;15.606;False
S0011;2026-01-02 00:11:15;ventilation;0.241;False
S0004;2026-01-02 00:11:15;CO2_level;760;False
S0010;2026-01-02 00:11:15;CO2_level;779;False
S0007;2026-01-02 00:11:15;temperature;14.959;False
S0005;2026-01-02 00:11:30;ventilation;0.274;False
S0001;2026-01-02 00:11:30;temperature;12.801;False
S0003;2026-01-02 00:11:30;humidity;69.698;False
S0004;2026-01-02 00:11:30;CO2_level;894;False
S0007;2026-01-02 00:11:30;temperature;14.573;False
S0010;2026-01-02 00:11:30;CO2_level;1085;False
S0011;2026-01-02 00:11:30;ventilation;0.389;False
S0009;2026-01-02 00:11:30;humidity;65.016;False
S0004;2026-01-02 00:11:45;CO2_level;878;False
S0001;2026-01-02 00:11:45;temperature;15.619;False
S0005;2026-01-02 00:11:45;ventilation;0.252;False
S0011;2026-01-02 00:11:45;ventilation;0.584;False
S0007;2026-01-02 00:11:45;temperature;12.252;False
S0010;2026-01-02 00:11:45;CO2_level;827;False
S0009;2026-01-02 00:12:00;humidity;66.068;False
S0003;2026-01-02 00:12:00;humidity;74.529;False
S0005;2026-01-02 00:12:00;ventilation;0.306;False
S0007;2026-01-02 00:12:00;temperature;15.55;False
S0001;2026-01-02 00:12:00;temperature;12.568;False
S0011;2026-01-02 00:12:00;ventilation;0.27;False
S0010;2026-01-02 00:12:00;CO2_level;951;False
S0004;2026-01-02 00:12:00;CO2_level;732;False
S0004;2026-01-02 00:12:15;CO2_level;800;False
S0005;2026-01-02 00:12:15;ventilation;0.428;False
S0010;2026-01-02 00:12:15;CO2_level;701;True
S0001;2026-01-02 00:12:15;temperature;10.005;False
S0011;2026-01-02 00:12:15;ventilation;0.22;False
S0007;2026-01-02 00:12:15;temperature;11.615;False
S0003;2026-01-02 00:12:30;humidity;74.311;False
S0004;2026-01-02 00:12:30;CO2_level;936;False
S0005;2026-01-02 00:12:30;ventilation;0.464;False
S0009;2026-01-02 00:12:30;humidity;71.174;False
S0010;2026-01-02 00:12:30;CO2_level;772;False
S0001;2026-01-02 00:12:30;temperature;14.148;False
S0007;2026-01-02 00:12:30;temperature;15.786;False
S0011;2026-01-02 00:12:30;ventilation;0.234;False
S0001;2026-01-02 00:12:45;temperature;15.681;False
S0010;2026-01-02 00:12:45;CO2_level;885;True
S0005;2026-01-02 00:12:45;ventilation;0.354;False
S0011;2026-01-02 00:12:45;ventilation;0.455;False
S0004;2026-01-02 00:12:45;CO2_level;710;False
S0007;2026-01-02 00:12:45;temperature;11.457;False
S0011;2026-01-02 00:13:00;ventilation;0.209;False
S0009;2026-01-02 00:13:00;humidity;69.185;False
S0001;2026-01-02 00:13:00;temperature;12.426;False
S0005;2026-01-02 00:13:00;ventilation;0.479;False
S0007;2026-01-02 00:13:00;temperature;15.546;False
S0003;2026-01-02 00:13:00;humidity;65.491;False
S0004;2026-01-02 00:13:00;CO2_level;856;True
S0010;2026-01-02 00:13:00;CO2_level;812;False
S0011;2026-01-02 00:13:15;ventilation;0.447;False
S0010;2026-01-02 00:13:15;CO2_level;981;False
S0007;2026-01-02 00:13:15;temperature;10.038;False
S0004;2026-01-02 00:13:15;CO2_level;770;False
S0005;2026-01-02 00:13:15;ventilation;0.276;False
S0001;2026-01-02 00:13:15;temperature;14.958;False
S0003;2026-01-02 00:13:30;humidity;70.848;False
S0009;2026-01-02 00:13:30;humidity;67.058;False
S0011;2026-01-02 00:13:30;ventilation;0.463;False
S0001;2026-01-02 00:13:30;temperature;10.057;False
S0007;2026-01-02 00:13:30;temperature;11.396;False
S0005;2026-01-02 00:13:30;ventilation;0.37;False
S0004;2026-01-02 00:13:30;CO2_level;936;False
S0010;2026-01-02 00:13:30;CO2_level;838;False
S0011;2026-01-02 00:13:45;ventilation;0.228;False
S0010;2026-01-02 00:13:45;CO2_level;829;False
S0007;2026-01-02 00:13:45;temperature;10.745;False
S0001;2026-01-02 00:13:45;temperature;13.95;False
S0005;2026-01-02 00:13:45;ventilation;0.289;False
S0004;2026-01-02 00:13:45;CO2_level;706;False
S0007;2026-01-02 00:14:00;temperature;15.11;False
S0010;2026-01-02 00:14:00;CO2_level;785;False
S0001;2026-01-02 00:14:00;temperature;15.551;False
S0004;2026-01-02 00:14:00;CO2_level;726;False
S0009;2026-01-02 00:14:00;humidity;70.462;False
S0005;2026-01-02 00:14:00;ventilation;0.487;False
S0011;2026-01-02 00:14:00;ventilation;0.514;False
S0003;2026-01-02 00:14:00;humidity;67.165;False
S0011;2026-01-02 00:14:15;ventilation;0.479;False
S0007;2026-01-02 00:14:15;temperature;11.915;False
S0005;2026-01-02 00:14:15;ventilation;0.467;False
S0004;2026-01-02 00:14:15;CO2_level;995;False
S0010;2026-01-02 00:14:15;CO2_level;1072;False
S0001;2026-01-02 00:14:15;temperature;11.656;False
S0004;2026-01-02 00:14:30;CO2_level;987;False
S0011;2026-01-02 00:14:30;ventilation;0.278;False
S0003;2026-01-02 00:14:30;humidity;74.726;False
S0001;2026-01-02 00:14:30;temperature;11.559;False
S0007;2026-01-02 00:14:30;temperature;14.248;False
S0009;2026-01-02 00:14:30;humidity;69.589;False
S0005;2026-01-02 00:14:30;ventilation;0.443;False
S0010;2026-01-02 00:14:30;CO2_level;960;False
S0007;2026-01-02 00:14:45;temperature;10.437;False
S0004;2026-01-02 00:14:45;CO2_level;887;False
S0011;2026-01-02 00:14:45;ventilation;0.465;False
S0001;2026-01-02 00:14:45;temperature;12.838;False
S0010;2026-01-02 00:14:45;CO2_level;737;False
S0005;2026-01-02 00:14:45;ventilation;0.543;False
S0009;2026-01-02 00:15:00;humidity;68.435;False
S0007;2026-01-02 00:15:00;temperature;11.131;False
S0004;2026-01-02 00:15:00;CO2_level;807;False
S0011;2026-01-02 00:15:00;ventilation;0.341;False
S0001;2026-01-02 00:15:00;temperature;14.811;False
S0003;2026-01-02 00:15:00;humidity;68.03;False
S0005;2026-01-02 00:15:00;ventilation;0.312;False
S0010;2026-01-02 00:15:00;CO2_level;1083;False
S0010;2026-01-02 00:15:15;CO2_level;888;False
S0004;2026-01-02 00:15:15;CO2_level;993;False
S0011;2026-01-02 00:15:15;ventilation;0.252;False
S0005;2026-01-02 00:15:15;ventilation;0.457;False
S0007;2026-01-02 00:15:15;temperature;14.668;False
S0001;2026-01-02 00:15:15;temperature;14.797;False
S0007;2026-01-02 00:15:30;temperature;14.456;False
S0005;2026-01-02 00:15:30;ventilation;0.474;False
S0001;2026-01-02 00:15:30;temperature;12.803;False
S0003;2026-01-02 00:15:30;humidity;65.701;False
S0004;2026-01-02 00:15:30;CO2_level;754;False
S0010;2026-01-02 00:15:30;CO2_level;765;False
S0011;2026-01-02 00:15:30;ventilation;0.523;False
S0009;2026-01-02 00:15:30;humidity;65.109;False
S0005;2026-01-02 00:15:45;ventilation;0.597;False
S0001;2026-01-02 00:15:45;temperature;14.784;False
S0010;2026-01-02 00:15:45;CO2_level;1088;False
S0004;2026-01-02 00:15:45;CO2_level;743;True
S0011;2026-01-02 00:15:45;ventilation;0.408;False
S0007;2026-01-02 00:15:45;temperature;10.491;False
S0004;2026-01-02 00:16:00;CO2_level;887;False
S0009;2026-01-02 00:16:00;humidity;74.228;False
S0010;2026-01-02 00:16:00;CO2_level;752;False
S0001;2026-01-02 00:16:00;temperature;10.251;False
S0003;2026-01-02 00:16:00;humidity;73.927;False
S0007;2026-01-02 00:16:00;temperature;13.557;False
S0011;2026-01-02 00:16:00;ventilation;0.545;False
S0005;2026-01-02 00:16:00;ventilation;0.572;False
S0001;2026-01-02 00:16:15;temperature;13.251;False
S0005;2026-01-02 00:16:15;ventilation;0.594;False
S0011;2026-01-02 00:16:15;ventilation;0.267;False
S0010;2026-01-02 00:16:15;CO2_level;1020;False
S0007;2026-01-02 00:16:15;temperature;13.491;False
S0004;2026-01-02 00:16:15;CO2_level;null;True
S0001;2026-01-02 00:16:30;temperature;10.775;False
S0004;2026-01-02 00:16:30;CO2_level;907;False
S0005;2026-01-02 00:16:30;ventilation;0.476;False
S0003;2026-01-02 00:16:30;humidity;74.302;True
S0011;2026-01-02 00:16:30;ventilation;0.554;False
S0010;2026-01-02 00:16:30;CO2_level;763;False
S0007;2026-01-02 00:16:30;temperature;14.108;True
S0009;2026-01-02 00:16:30;humidity;73.497;False
S0005;2026-01-02 00:16:45;ventilation;0.569;True
S0010;2026-01-02 00:16:45;CO2_level;750;False
S0004;2026-01-02 00:16:45;CO2_level;784;False
S0001;2026-01-02 00:16:45;temperature;11.651;False
S0007;2026-01-02 00:16:45;temperature;12.226;False
S0011;2026-01-02 00:16:45;ventilation;0.389;False
S0005;2026-01-02 00:17:00;ventilation;0.532;False
S0009;2026-01-02 00:17:00;humidity;65.37;False
S0011;2026-01-02 00:17:00;ventilation;0.366;False
S0010;2026-01-02 00:17:00;CO2_level;1057;True
S0004;2026-01-02 00:17:00;CO2_level;718;False
S0003;2026-01-02 00:17:00;humidity;68.585;False
S0001;2026-01-02 00:17:00;temperature;11.032;False
S0007;2026-01-02 00:17:00;temperature;12.923;False
S0007;2026-01-02 00:17:15;temperature;10.352;False
S0005;2026-01-02 00:17:15;ventilation;0.24;False
S0010;2026-01-02 00:17:15;CO2_level;951;False
S0001;2026-01-02 00:17:15;temperature;13.291;True
S0011;2026-01-02 00:17:15;ventilation;0.584;False
S0004;2026-01-02 00:17:15;CO2_level;939;False
S0009;2026-01-02 00:17:30;humidity;68.924;False
S0005;2026-01-02 00:17:30;ventilation;0.42;False
S0010;2026-01-02 00:17:30;CO2_level;1022;False
S0004;2026-01-02 00:17:30;CO2_level;885;False
S0003;2026-01-02 00:17:30;humidity;67.075;False
S0007;2026-01-02 00:17:30;temperature;14.039;False
S0001;2026-01-02 00:17:30;temperature;13.461;False
S0011;2026-01-02 00:17:30;ventilation;null;True
S0010;2026-01-02 00:17:45;CO2_level;817;False
S0001;2026-01-02 00:17:45;temperature;12.692;False
S0005;2026-01-02 00:17:45;ventilation;0.22;False
S0011;2026-01-02 00:17:45;ventilation;0.217;False
S0007;2026-01-02 00:17:45;temperature;10.024;False
S0004;2026-01-02 00:17:45;CO2_level;887;False
S0003;2026-01-02 00:18:00;humidity;73.577;False
S0009;2026-01-02 00:18:00;humidity;67.276;True
S0001;2026-01-02 00:18:00;temperature;13.34;False
S0011;2026-01-02 00:18:00;ventilation;0.46;False
S0004;2026-01-02 00:18:00;CO2_level;1089;False
S0005;2026-01-02 00:18:00;ventilation;0.375;False
S0010;2026-01-02 00:18:00;CO2_level;719;False
S0007;2026-01-02 00:18:00;temperature;15.144;False
S0005;2026-01-02 00:18:15;ventilation;0.587;False
S0004;2026-01-02 00:18:15;CO2_level;811;False
S0011;2026-01-02 00:18:15;ventilation;0.475;True
S0010;2026-01-02 00:18:15;CO2_level;1074;False
S0007;2026-01-02 00:18:15;temperature;15.073;False
S0001;2026-01-02 00:18:15;temperature;14.736;False
S0003;2026-01-02 00:18:30;humidity;65.776;False
S0001;2026-01-02 00:18:30;temperature;12.765;False
S0011;2026-01-02 00:18:30;ventilation;0.447;False
S0010;2026-01-02 00:18:30;CO2_level;749;False
S0004;2026-01-02 00:18:30;CO2_level;723;False
S0007;2026-01-02 00:18:30;temperature;12.551;False
S0009;2026-01-02 00:18:30;humidity;74.646;False
S0005;2026-01-02 00:18:30;ventilation;0.504;False
S0011;2026-01-02 00:18:45;ventilation;0.26;False
S0004;2026-01-02 00:18:45;CO2_level;974;False
S0001;2026-01-02 00:18:45;temperature;13.922;False
S0007;2026-01-02 00:18:45;temperature;11.161;False
S0005;2026-01-02 00:18:45;ventilation;0.234;False
S0010;2026-01-02 00:18:45;CO2_level;767;False
S0001;2026-01-02 00:19:00;temperature;12.897;False
S0007;2026-01-02 00:19:00;temperature;12.96;False
S0003;2026-01-02 00:19:00;humidity;68.786;False
S0005;2026-01-02 00:19:00;ventilation;0.461;False
S0004;2026-01-02 00:19:00;CO2_level;872;False
S0009;2026-01-02 00:19:00;humidity;68.468;False
S0010;2026-01-02 00:19:00;CO2_level;701;False
S0011;2026-01-02 00:19:00;ventilation;0.241;False
S0005;2026-01-02 00:19:15;ventilation;0.434;False
S0001;2026-01-02 00:19:15;temperature;14.362;False
S0004;2026-01-02 00:19:15;CO2_level;1041;True
S0007;2026-01-02 00:19:15;temperature;13.436;False
S0010;2026-01-02 00:19:15;CO2_level;999;False
S0011;2026-01-02 00:19:15;ventilation;0.527;False
S0011;2026-01-02 00:19:30;ventilation;0.38;False
S0005;2026-01-02 00:19:30;ventilation;0.42;False
S0004;2026-01-02 00:19:30;CO2_level;1098;False
S0009;2026-01-02 00:19:30;humidity;74.341;True
S0007;2026-01-02 00:19:30;temperature;11.049;False
S0010;2026-01-02 00:19:30;CO2_level;781;False
S0001;2026-01-02 00:19:30;temperature;10.49;False
S0003;2026-01-02 00:19:30;humidity;66.954;False
S0007;2026-01-02 00:19:45;temperature;11.469;False
S0011;2026-01-02 00:19:45;ventilation;0.339;False
S0001;2026-01-02 00:19:45;temperature;11.61;False
S0010;2026-01-02 00:19:45;CO2_level;1010;False
S0004;2026-01-02 00:19:45;CO2_level;820;False
S0005;2026-01-02 00:19:45;ventilation;0.283;False
S0007;2026-01-02 00:20:00;temperature;10.754;False
S0001;2026-01-02 00:20:00;temperature;15.747;False
S0005;2026-01-02 00:20:00;ventilation;0.513;False
S0009;2026-01-02 00:20:00;humidity;65.732;False
S0003;2026-01-02 00:20:00;humidity;71.417;False
S0010;2026-01-02 00:20:00;CO2_level;705;False
S0004;2026-01-02 00:20:00;CO2_level;839;False
S0011;2026-01-02 00:20:00;ventilation;0.248;False
S0007;2026-01-02 00:20:15;temperature;15.416;False
S0004;2026-01-02 00:20:15;CO2_level;879;False
S0005;2026-01-02 00:20:15;ventilation;0.323;False
S0001;2026-01-02 00:20:15;temperature;15.735;False
S0011;2026-01-02 00:20:15;ventilation;0.352;False
S0010;2026-01-02 00:20:15;CO2_level;746;True
S0011;2026-01-02 00:20:30;ventilation;0.544;False
S0003;2026-01-02 00:20:30;humidity;71.724;False
S0001;2026-01-02 00:20:30;temperature;11.883;False
S0007;2026-01-02 00:20:30;temperature;11.622;False
S0004;2026-01-02 00:20:30;CO2_level;746;False
S0010;2026-01-02 00:20:30;CO2_level;1073;False
S0009;2026-01-02 00:20:30;humidity;67.683;False
S0005;2026-01-02 00:20:30;ventilation;0.298;False
S0001;2026-01-02 00:20:45;temperature;13.509;False
S0011;2026-01-02 00:20:45;ventilation;0.335;False
S0010;2026-01-02 00:20:45;CO2_level;1058;False
S0007;2026-01-02 00:20:45;temperature;15.928;False
S0004;2026-01-02 00:20:45;CO2_level;772;False
S0005;2026-01-02 00:20:45;ventilation;0.475;False
S0004;2026-01-02 00:21:00;CO2_level;1083;False
S0009;2026-01-02 00:21:00;humidity;68.89;False
S0010;2026-01-02 00:21:00;CO2_level;1062;False
S0005;2026-01-02 00:21:00;ventilation;0.555;False
S0007;2026-01-02 00:21:00;temperature;11.692;False
S0003;2026-01-02 00:21:00;humidity;72.65;False
S0011;2026-01-02 00:21:00;ventilation;0.374;False
S0001;2026-01-02 00:21:00;temperature;10.54;False
S0005;2026-01-02 00:21:15;ventilation;0.418;False
S0001;2026-01-02 00:21:15;temperature;13.192;False
S0011;2026-01-02 00:21:15;ventilation;0.266;False
S0004;2026-01-02 00:21:15;CO2_level;739;False
S0007;2026-01-02 00:21:15;temperature;10.852;False
S0010;2026-01-02 00:21:15;CO2_level;729;False
S0004;2026-01-02 00:21:30;CO2_level;819;False
S0001;2026-01-02 00:21:30;temperature;null;True
S0011;2026-01-02 00:21:30;ventilation;0.474;False
S0007;2026-01-02 00:21:30;temperature;12.694;False
S0010;2026-01-02 00:21:30;CO2_level;1098;False
S0009;2026-01-02 00:21:30;humidity;68.005;False
S0005;2026-01-02 00:21:30;ventilation;0.245;False
S0003;2026-01-02 00:21:30;humidity;67.333;False
S0010;2026-01-02 00:21:45;CO2_level;1002;False
S0001;2026-01-02 00:21:45;temperature;14.51;False
S0004;2026-01-02 00:21:45;CO2_level;884;True
S0005;2026-01-02 00:21:45;ventilation;0.297;False
S0011;2026-01-02 00:21:45;ventilation;0.539;False
S0007;2026-01-02 00:21:45;temperature;10.01;False
S0011;2026-01-02 00:22:00;ventilation;0.42;False
S0010;2026-01-02 00:22:00;CO2_level;941;False
S0007;2026-01-02 00:22:00;temperature;10.768;False
S0003;2026-01-02 00:22:00;humidity;68.907;False
S0001;2026-01-02 00:22:00;temperature;13.338;False
S0009;2026-01-02 00:22:00;humidity;66.445;False
S0004;2026-01-02 00:22:00;CO2_level;996;True
S0005;2026-01-02 00:22:00;ventilation;0.537;False
S0001;2026-01-02 00:22:15;temperature;10.556;False
S0007;2026-01-02 00:22:15;temperature;10.78;True
S0010;2026-01-02 00:22:15;CO2_level;738;False
S0011;2026-01-02 00:22:15;ventilation;0.468;True
S0005;2026-01-02 00:22:15;ventilation;0.338;False
S0004;2026-01-02 00:22:15;CO2_level;726;False
S0004;2026-01-02 00:22:30;CO2_level;null;True
S0001;2026-01-02 00:22:30;temperature;13.122;False
S0009;2026-01-02 00:22:30;humidity;71.036;False
S0005;2026-01-02 00:22:30;ventilation;0.525;False
S0010;2026-01-02 00:22:30;CO2_level;837;False
S0003;2026-01-02 00:22:30;humidity;67.907;False
S0007;2026-01-02 00:22:30;temperature;12.397;False
S0011;2026-01-02 00:22:30;ventilation;0.366;False
S0011;2026-01-02 00:22:45;ventilation;0.561;False
S0005;2026-01-02 00:22:45;ventilation;0.445;False
S0010;2026-01-02 00:22:45;CO2_level;1040;False
S0004;2026-01-02 00:22:45;CO2_level;948;False
S0007;2026-01-02 00:22:45;temperature;15.822;False
S0001;2026-01-02 00:22:45;temperature;15.013;False
S0004;2026-01-02 00:23:00;CO2_level;939;False
S0005;2026-01-02 00:23:00;ventilation;0.405;True
S0003;2026-01-02 00:23:00;humidity;70.914;False
S0010;2026-01-02 00:23:00;CO2_level;856;False
S0011;2026-01-02 00:23:00;ventilation;0.319;False
S0009;2026-01-02 00:23:00;humidity;67.345;False
S0007;2026-01-02 00:23:00;temperature;13.832;False
S0001;2026-01-02 00:23:00;temperature;13.762;False
S0010;2026-01-02 00:23:15;CO2_level;962;False
S0005;2026-01-02 00:23:15;ventilation;0.21;False
S0007;2026-01-02 00:23:15;temperature;10.784;False
S0011;2026-01-02 00:23:15;ventilation;0.399;False
S0004;2026-01-02 00:23:15;CO2_level;898;False
S0001;2026-01-02 00:23:15;temperature;14.414;False
S0005;2026-01-02 00:23:30;ventilation;0.542;False
S0009;2026-01-02 00:23:30;humidity;69.594;False
S0004;2026-01-02 00:23:30;CO2_level;924;False
S0011;2026-01-02 00:23:30;ventilation;0.256;False
S0007;2026-01-02 00:23:30;temperature;15.911;False
S0010;2026-01-02 00:23:30;CO2_level;884;False
S0001;2026-01-02 00:23:30;temperature;13.978;True
S0003;2026-01-02 00:23:30;humidity;72.861;False
S0011;2026-01-02 00:23:45;ventilation;0.587;False
S0007;2026-01-02 00:23:45;temperature;13.255;False
S0010;2026-01-02 00:23:45;CO2_level;1057;False
S0001;2026-01-02 00:23:45;temperature;11.602;False
S0004;2026-01-02 00:23:45;CO2_level;815;False
S0005;2026-01-02 00:23:45;ventilation;0.283;False
S0009;2026-01-02 00:24:00;humidity;69.408;False
S0005;2026-01-02 00:24:00;ventilation;0.254;False
S0001;2026-01-02 00:24:00;temperature;14.746;False
S0007;2026-01-02 00:24:00;temperature;11.527;False
S0010;2026-01-02 00:24:00;CO2_level;924;False
S0003;2026-01-02 00:24:00;humidity;68.625;False
S0011;2026-01-02 00:24:00;ventilation;0.326;False
S0004;2026-01-02 00:24:00;CO2_level;866;False
S0004;2026-01-02 00:24:15;CO2_level;734;False
S0001;2026-01-02 00:24:15;temperature;14.77;False
S0007;2026-01-02 00:24:15;temperature;14.2;False
S0011;2026-01-02 00:24:15;ventilation;0.491;False
S0005;2026-01-02 00:24:15;ventilation;0.581;False
S0010;2026-01-02 00:24:15;CO2_level;840;False
S0003;2026-01-02 00:24:30;humidity;66.84;False
S0001;2026-01-02 00:24:30;temperature;13.576;False
S0010;2026-01-02 00:24:30;CO2_level;740;False
S0004;2026-01-02 00:24:30;CO2_level;711;False
S0009;2026-01-02 00:24:30;humidity;74.242;False
S0011;2026-01-02 00:24:30;ventilation;0.484;False
S0007;2026-01-02 00:24:30;temperature;10.084;False
S0005;2026-01-02 00:24:30;ventilation;0.594;False
S0004;2026-01-02 00:24:45;CO2_level;851;False
S0011;2026-01-02 00:24:45;ventilation;0.338;False
S0010;2026-01-02 00:24:45;CO2_level;813;False
S0007;2026-01-02 00:24:45;temperature;14.972;False
S0001;2026-01-02 00:24:45;temperature;10.011;False
S0005;2026-01-02 00:24:45;ventilation;0.466;False
S0010;2026-01-02 00:25:00;CO2_level;754;False
S0007;2026-01-02 00:25:00;temperature;15.898;False
S0009;2026-01-02 00:25:00;humidity;74.89;False
S0004;2026-01-02 00:25:00;CO2_level;790;False
S0003;2026-01-02 00:25:00;humidity;70.004;False
S0011;2026-01-02 00:25:00;ventilation;0.444;False
S0001;2026-01-02 00:25:00;temperature;10.84;False
S0005;2026-01-02 00:25:00;ventilation;0.336;False
S0005;2026-01-02 00:25:15;ventilation;0.505;True
S0011;2026-01-02 00:25:15;ventilation;0.358;False
S0001;2026-01-02 00:25:15;temperature;10.069;False
S0007;2026-01-02 00:25:15;temperature;11.494;False
S0010;2026-01-02 00:25:15;CO2_level;701;False
S0004;2026-01-02 00:25:15;CO2_level;745;False
S0005;2026-01-02 00:25:30;ventilation;0.502;False
S0004;2026-01-02 00:25:30;CO2_level;761;False
S0001;2026-01-02 00:25:30;temperature;15.208;False
S0003;2026-01-02 00:25:30;humidity;71.782;False
S0010;2026-01-02 00:25:30;CO2_level;926;False
S0011;2026-01-02 00:25:30;ventilation;0.428;False
S0009;2026-01-02 00:25:30;humidity;null;True
S0007;2026-01-02 00:25:30;temperature;12.017;False
S0001;2026-01-02 00:25:45;temperature;14.85;False
S0011;2026-01-02 00:25:45;ventilation;0.435;False
S0010;2026-01-02 00:25:45;CO2_level;784;False
S0007;2026-01-02 00:25:45;temperature;10.782;False
S0004;2026-01-02 00:25:45;CO2_level;1049;False
S0005;2026-01-02 00:25:45;ventilation;0.488;False
S0009;2026-01-02 00:26:00;humidity;72.334;False
S0011;2026-01-02 00:26:00;ventilation;0.406;False
S0005;2026-01-02 00:26:00;ventilation;0.53;False
S0003;2026-01-02 00:26:00;humidity;72.335;False
S0007;2026-01-02 00:26:00;temperature;12.353;False
S0001;2026-01-02 00:26:00;temperature;15.55;False
S0004;2026-01-02 00:26:00;CO2_level;883;False
S0010;2026-01-02 00:26:00;CO2_level;714;True
S0010;2026-01-02 00:26:15;CO2_level;837;False
S0011;2026-01-02 00:26:15;ventilation;0.201;False
S0004;2026-01-02 00:26:15;CO2_level;733;False
S0005;2026-01-02 00:26:15;ventilation;0.556;False
S0007;2026-01-02 00:26:15;temperature;13.079;False
S0001;2026-01-02 00:26:15;temperature;14.866;False
S0009;2026-01-02 00:26:30;humidity;71.805;False
S0007;2026-01-02 00:26:30;temperature;11.624;False
S0011;2026-01-02 00:26:30;ventilation;0.255;False
S0010;2026-01-02 00:26:30;CO2_level;820;False
S0005;2026-01-02 00:26:30;ventilation;0.491;False
S0004;2026-01-02 00:26:30;CO2_level;834;False
S0003;2026-01-02 00:26:30;humidity;72.654;False
S0001;2026-01-02 00:26:30;temperature;15.635;False
S0001;2026-01-02 00:26:45;temperature;10.217;False
S0007;2026-01-02 00:26:45;temperature;11.221;False
S0010;2026-01-02 00:26:45;CO2_level;761;False
S0005;2026-01-02 00:26:45;ventilation;0.519;False
S0004;2026-01-02 00:26:45;CO2_level;840;False
S0011;2026-01-02 00:26:45;ventilation;0.249;False
S0005;2026-01-02 00:27:00;ventilation;0.274;False
S0004;2026-01-02 00:27:00;CO2_level;939;False
S0007;2026-01-02 00:27:00;temperature;11.469;False
S0011;2026-01-02 00:27:00;ventilation;0.299;False
S0009;2026-01-02 00:27:00;humidity;73.499;True
S0010;2026-01-02 00:27:00;CO2_level;987;False
S0001;2026-01-02 00:27:00;temperature;12.147;False
S0003;2026-01-02 00:27:00;humidity;65.532;False
S0004;2026-01-02 00:27:15;CO2_level;762;False
S0010;2026-01-02 00:27:15;CO2_level;1018;True
S0011;2026-01-02 00:27:15;ventilation;0.436;True
S0001;2026-01-02 00:27:15;temperature;11.797;False
S0005;2026-01-02 00:27:15;ventilation;0.234;False
S0007;2026-01-02 00:27:15;temperature;12.435;False
S0007;2026-01-02 00:27:30;temperature;13.261;False
S0009;2026-01-02 00:27:30;humidity;66.275;False
S0001;2026-01-02 00:27:30;temperature;10.983;False
S0011;2026-01-02 00:27:30;ventilation;0.441;False
S0003;2026-01-02 00:27:30;humidity;66.332;False
S0004;2026-01-02 00:27:30;CO2_level;1034;False
S0005;2026-01-02 00:27:30;ventilation;0.345;False
S0010;2026-01-02 00:27:30;CO2_level;946;False
S0010;2026-01-02 00:27:45;CO2_level;781;False
S0011;2026-01-02 00:27:45;ventilation;0.369;False
S0001;2026-01-02 00:27:45;temperature;15.381;False
S0004;2026-01-02 00:27:45;CO2_level;779;False
S0005;2026-01-02 00:27:45;ventilation;0.395;False
S0007;2026-01-02 00:27:45;temperature;14.995;False
S0001;2026-01-02 00:28:00;temperature;11.418;False
S0011;2026-01-02 00:28:00;ventilation;0.476;False
S0003;2026-01-02 00:28:00;humidity;73.178;False
S0010;2026-01-02 00:28:00;CO2_level;719;False
S0009;2026-01-02 00:28:00;humidity;68.332;False
S0004;2026-01-02 00:28:00;CO2_level;725;False
S0007;2026-01-02 00:28:00;temperature;15.306;False
S0005;2026-01-02 00:28:00;ventilation;0.257;False
S0010;2026-01-02 00:28:15;CO2_level;null;True
S0007;2026-01-02 00:28:15;temperature;14.715;False
S0004;2026-01-02 00:28:15;CO2_level;899;False
S0005;2026-01-02 00:28:15;ventilation;0.453;False
S0011;2026-01-02 00:28:15;ventilation;0.377;False
S0001;2026-01-02 00:28:15;temperature;13.034;False
S0001;2026-01-02 00:28:30;temperature;13.537;False
S0003;2026-01-02 00:28:30;humidity;68.696;False
S0010;2026-01-02 00:28:30;CO2_level;737;False
S0009;2026-01-02 00:28:30;humidity;67.303;False
S0007;2026-01-02 00:28:30;temperature;10.756;False
S0005;2026-01-02 00:28:30;ventilation;0.298;False
S0011;2026-01-02 00:28:30;ventilation;0.415;False
S0004;2026-01-02 00:28:30;CO2_level;null;True
S0011;2026-01-02 00:28:45;ventilation;0.567;False
S0001;2026-01-02 00:28:45;temperature;12.641;False
S0010;2026-01-02 00:28:45;CO2_level;892;False
S0007;2026-01-02 00:28:45;temperature;11.818;True
S0004;2026-01-02 00:28:45;CO2_level;913;False
S0005;2026-01-02 00:28:45;ventilation;0.437;False
S0003;2026-01-02 00:29:00;humidity;74.466;False
S0010;2026-01-02 00:29:00;CO2_level;896;True
S0005;2026-01-02 00:29:00;ventilation;0.298;False
S0011;2026-01-02 00:29:00;ventilation;0.54;False
S0001;2026-01-02 00:29:00;temperature;14.542;False
S0007;2026-01-02 00:29:00;temperature;12.124;False
S0004;2026-01-02 00:29:00;CO2_level;863;False
S0009;2026-01-02 00:29:00;humidity;72.131;False
S0010;2026-01-02 00:29:15;CO2_level;1089;False
S0011;2026-01-02 00:29:15;ventilation;0.268;False
S0004;2026-01-02 00:29:15;CO2_level;1071;False
S0005;2026-01-02 00:29:15;ventilation;0.329;False
S0001;2026-01-02 00:29:15;temperature;null;True
S0007;2026-01-02 00:29:15;temperature;14.87;False
S0004;2026-01-02 00:29:30;CO2_level;908;False
S0001;2026-01-02 00:29:30;temperature;14.221;False
S0003;2026-01-02 00:29:30;humidity;74.615;False
S0007;2026-01-02 00:29:30;temperature;14.055;True
S0005;2026-01-02 00:29:30;ventilation;0.245;False
S0010;2026-01-02 00:29:30;CO2_level;1098;False
S0009;2026-01-02 00:29:30;humidity;72.594;False
S0011;2026-01-02 00:29:30;ventilation;0.585;True
S0001;2026-01-02 00:29:45;temperature;12.027;False
S0005;2026-01-02 00:29:45;ventilation;0.356;False
S0010;2026-01-02 00:29:45;CO2_level;1025;False
S0004;2026-01-02 00:29:45;CO2_level;786;False
S0011;2026-01-02 00:29:45;ventilation;0.271;False
S0007;2026-01-02 00:29:45;temperature;14.449;False
S0010;2026-01-02 00:30:00;CO2_level;1076;False
S0001;2026-01-02 00:30:00;temperature;11.792;False
S0007;2026-01-02 00:30:00;temperature;10.118;False
S0004;2026-01-02 00:30:00;CO2_level;765;False
S0011;2026-01-02 00:30:00;ventilation;0.55;False
S0009;2026-01-02 00:30:00;humidity;66.59;False
S0003;2026-01-02 00:30:00;humidity;72.836;False
S0005;2026-01-02 00:30:00;ventilation;0.31;False
S0001;2026-01-02 00:30:15;temperature;12.404;False
S0004;2026-01-02 00:30:15;CO2_level;707;False
S0011;2026-01-02 00:30:15;ventilation;0.366;False
S0010;2026-01-02 00:30:15;CO2_level;848;False
S0005;2026-01-02 00:30:15;ventilation;0.464;False
S0007;2026-01-02 00:30:15;temperature;10.142;False
S0004;2026-01-02 00:30:30;CO2_level;724;False
S0003;2026-01-02 00:30:30;humidity;71.803;False
S0011;2026-01-02 00:30:30;ventilation;0.449;False
S0001;2026-01-02 00:30:30;temperature;11.154;False
S0009;2026-01-02 00:30:30;humidity;73.402;False
S0005;2026-01-02 00:30:30;ventilation;0.534;False
S0007;2026-01-02 00:30:30;temperature;15.127;False
S0010;2026-01-02 00:30:30;CO2_level;870;False
S0007;2026-01-02 00:30:45;temperature;14.516;False
S0001;2026-01-02 00:30:45;temperature;15.477;False
S0005;2026-01-02 00:30:45;ventilation;0.393;False
S0010;2026-01-02 00:30:45;CO2_level;1066;False
S0004;2026-01-02 00:30:45;CO2_level;898;False
S0011;2026-01-02 00:30:45;ventilation;0.266;False
S0011;2026-01-02 00:31:00;ventilation;0.366;False
S0009;2026-01-02 00:31:00;humidity;67.092;False
S0003;2026-01-02 00:31:00;humidity;69.444;False
S0010;2026-01-02 00:31:00;CO2_level;963;False
S0001;2026-01-02 00:31:00;temperature;15.806;False
S0007;2026-01-02 00:31:00;temperature;11.006;True
S0005;2026-01-02 00:31:00;ventilation;0.231;False
S0004;2026-01-02 00:31:00;CO2_level;776;False
S0001;2026-01-02 00:31:15;temperature;13.947;False
S0011;2026-01-02 00:31:15;ventilation;0.205;True
S0004;2026-01-02 00:31:15;CO2_level;713;False
S0005;2026-01-02 00:31:15;ventilation;0.258;False
S0007;2026-01-02 00:31:15;temperature;11.431;False
S0010;2026-01-02 00:31:15;CO2_level;946;False
S0001;2026-01-02 00:31:30;temperature;12.323;False
S0003;2026-01-02 00:31:30;humidity;74.347;False
S0004;2026-01-02 00:31:30;CO2_level;null;True
S0010;2026-01-02 00:31:30;CO2_level;1062;False
S0007;2026-01-02 00:31:30;temperature;15.139;False
S0005;2026-01-02 00:31:30;ventilation;0.257;False
S0011;2026-01-02 00:31:30;ventilation;null;True
S0009;2026-01-02 00:31:30;humidity;70.755;False
S0004;2026-01-02 00:31:45;CO2_level;894;False
S0007;2026-01-02 00:31:45;temperature;10.921;False
S0010;2026-01-02 00:31:45;CO2_level;1069;True
S0005;2026-01-02 00:31:45;ventilation;0.285;False
S0001;2026-01-02 00:31:45;temperature;11.896;False
S0011;2026-01-02 00:31:45;ventilation;0.236;False
S0011;2026-01-02 00:32:00;ventilation;0.224;False
S0004;2026-01-02 00:32:00;CO2_level;700;True
S0009;2026-01-02 00:32:00;humidity;65.362;False
S0005;2026-01-02 00:32:00;ventilation;0.29;False
S0001;2026-01-02 00:32:00;temperature;10.048;False
S0010;2026-01-02 00:32:00;CO2_level;822;False
S0007;2026-01-02 00:32:00;temperature;12.946;False
S0003;2026-01-02 00:32:00;humidity;73.458;False
S0011;2026-01-02 00:32:15;ventilation;0.209;False
S0005;2026-01-02 00:32:15;ventilation;0.457;False
S0004;2026-01-02 00:32:15;CO2_level;785;False
S0001;2026-01-02 00:32:15;temperature;14.504;False
S0007;2026-01-02 00:32:15;temperature;14.377;False
S0010;2026-01-02 00:32:15;CO2_level;862;False
S0009;2026-01-02 00:32:30;humidity;74.466;False
S0001;2026-01-02 00:32:30;temperature;10.085;False
S0005;2026-01-02 00:32:30;ventilation;0.354;False
S0011;2026-01-02 00:32:30;ventilation;0.536;True
S0003;2026-01-02 00:32:30;humidity;67.656;False
S0010;2026-01-02 00:32:30;CO2_level;1025;False
S0004;2026-01-02 00:32:30;CO2_level;1024;False
S0007;2026-01-02 00:32:30;temperature;15.119;False
S0005;2026-01-02 00:32:45;ventilation;0.209;False
S0011;2026-01-02 00:32:45;ventilation;0.336;False
S0001;2026-01-02 00:32:45;temperature;15.497;False
S0004;2026-01-02 00:32:45;CO2_level;1022;False
S0007;2026-01-02 00:32:45;temperature;10.469;False
S0010;2026-01-02 00:32:45;CO2_level;940;False
S0003;2026-01-02 00:33:00;humidity;73.831;False
S0007;2026-01-02 00:33:00;temperature;15.136;False
S0009;2026-01-02 00:33:00;humidity;68.598;False
S0010;2026-01-02 00:33:00;CO2_level;765;False
S0011;2026-01-02 00:33:00;ventilation;0.493;False
S0004;2026-01-02 00:33:00;CO2_level;759;False
S0005;2026-01-02 00:33:00;ventilation;0.224;False
S0001;2026-01-02 00:33:00;temperature;11.695;False
S0007;2026-01-02 00:33:15;temperature;10.186;False
S0005;2026-01-02 00:33:15;ventilation;0.329;False
S0001;2026-01-02 00:33:15;temperature;15.36;False
S0010;2026-01-02 00:33:15;CO2_level;918;False
S0011;2026-01-02 00:33:15;ventilation;0.326;False
S0004;2026-01-02 00:33:15;CO2_level;777;False
S0001;2026-01-02 00:33:30;temperature;14.129;False
S0009;2026-01-02 00:33:30;humidity;72.696;False
S0007;2026-01-02 00:33:30;temperature;12.104;False
S0005;2026-01-02 00:33:30;ventilation;0.454;False
S0011;2026-01-02 00:33:30;ventilation;0.269;True
S0004;2026-01-02 00:33:30;CO2_level;773;False
S0003;2026-01-02 00:33:30;humidity;68.768;False
S0010;2026-01-02 00:33:30;CO2_level;893;False
S0007;2026-01-02 00:33:45;temperature;12.983;False
S0011;2026-01-02 00:33:45;ventilation;0.42;False
S0001;2026-01-02 00:33:45;temperature;13.409;False
S0010;2026-01-02 00:33:45;CO2_level;null;True
S0004;2026-01-02 00:33:45;CO2_level;1062;False
S0005;2026-01-02 00:33:45;ventilation;0.556;False
S0004;2026-01-02 00:34:00;CO2_level;1077;False
S0010;2026-01-02 00:34:00;CO2_level;997;False
S0007;2026-01-02 00:34:00;temperature;12.821;False
S0009;2026-01-02 00:34:00;humidity;70.661;False
S0011;2026-01-02 00:34:00;ventilation;0.594;False
S0003;2026-01-02 00:34:00;humidity;70.793;False
S0001;2026-01-02 00:34:00;temperature;12.166;False
S0005;2026-01-02 00:34:00;ventilation;0.575;False
S0004;2026-01-02 00:34:15;CO2_level;728;False
S0001;2026-01-02 00:34:15;temperature;15.556;False
S0007;2026-01-02 00:34:15;temperature;12.329;False
S0010;2026-01-02 00:34:15;CO2_level;755;False
S0005;2026-01-02 00:34:15;ventilation;0.28;False
S0011;2026-01-02 00:34:15;ventilation;0.506;False
S0003;2026-01-02 00:34:30;humidity;72.169;False
S0004;2026-01-02 00:34:30;CO2_level;918;False
S0010;2026-01-02 00:34:30;CO2_level;985;False
S0001;2026-01-02 00:34:30;temperature;14.841;False
S0005;2026-01-02 00:34:30;ventilation;0.414;False
S0009;2026-01-02 00:34:30;humidity;68.581;True
S0011;2026-01-02 00:34:30;ventilation;null;True
S0007;2026-01-02 00:34:30;temperature;11.105;False
S0001;2026-01-02 00:34:45;temperature;10.756;False
S0004;2026-01-02 00:34:45;CO2_level;790;False
S0010;2026-01-02 00:34:45;CO2_level;873;False
S0011;2026-01-02 00:34:45;ventilation;0.487;True
S0005;2026-01-02 00:34:45;ventilation;0.449;False
S0007;2026-01-02 00:34:45;temperature;15.974;False
S0007;2026-01-02 00:35:00;temperature;14.653;False
S0003;2026-01-02 00:35:00;humidity;70.578;False
S0001;2026-01-02 00:35:00;temperature;15.992;False
S0004;2026-01-02 00:35:00;CO2_level;1036;False
S0010;2026-01-02 00:35:00;CO2_level;1090;False
S0011;2026-01-02 00:35:00;ventilation;0.591;False
S0005;2026-01-02 00:35:00;ventilation;0.552;False
S0009;2026-01-02 00:35:00;humidity;71.444;False
S0010;2026-01-02 00:35:15;CO2_level;1001;False
S0004;2026-01-02 00:35:15;CO2_level;863;False
S0005;2026-01-02 00:35:15;ventilation;0.337;False
S0001;2026-01-02 00:35:15;temperature;null;True
S0007;2026-01-02 00:35:15;temperature;12.101;False
S0011;2026-01-02 00:35:15;ventilation;0.504;False
S0005;2026-01-02 00:35:30;ventilation;0.332;False
S0011;2026-01-02 00:35:30;ventilation;0.571;False
S0009;2026-01-02 00:35:30;humidity;69.985;False
S0003;2026-01-02 00:35:30;humidity;69.767;False
S0010;2026-01-02 00:35:30;CO2_level;959;False
S0004;2026-01-02 00:35:30;CO2_level;986;False
S0007;2026-01-02 00:35:30;temperature;11.983;False
S0001;2026-01-02 00:35:30;temperature;10.533;False
S0004;2026-01-02 00:35:45;CO2_level;742;True
S0001;2026-01-02 00:35:45;temperature;14.444;False
S0011;2026-01-02 00:35:45;ventilation;0.361;False
S0005;2026-01-02 00:35:45;ventilation;0.479;False
S0007;2026-01-02 00:35:45;temperature;15.168;False
S0010;2026-01-02 00:35:45;CO2_level;785;False
S0011;2026-01-02 00:36:00;ventilation;null;True
S0007;2026-01-02 00:36:00;temperature;14.477;False
S0004;2026-01-02 00:36:00;CO2_level;1002;False
S0010;2026-01-02 00:36:00;CO2_level;773;False
S0003;2026-01-02 00:36:00;humidity;null;True
S0001;2026-01-02 00:36:00;temperature;15.518;False
S0005;2026-01-02 00:36:00;ventilation;0.354;False
S0009;2026-01-02 00:36:00;humidity;73.51;False
S0011;2026-01-02 00:36:15;ventilation;0.488;False
S0007;2026-01-02 00:36:15;temperature;14.576;False
S0005;2026-01-02 00:36:15;ventilation;0.331;False
S0010;2026-01-02 00:36:15;CO2_level;null;True
S0004;2026-01-02 00:36:15;CO2_level;752;False
S0001;2026-01-02 00:36:15;temperature;12.319;False
S0004;2026-01-02 00:36:30;CO2_level;1095;False
S0001;2026-01-02 00:36:30;temperature;12.192;False
S0007;2026-01-02 00:36:30;temperature;12.846;False
S0003;2026-01-02 00:36:30;humidity;67.758;False
S0009;2026-01-02 00:36:30;humidity;65.403;False
S0011;2026-01-02 00:36:30;ventilation;0.266;False
S0010;2026-01-02 00:36:30;CO2_level;1044;True
S0005;2026-01-02 00:36:30;ventilation;0.311;False
S0001;2026-01-02 00:36:45;temperature;14.809;False
S0004;2026-01-02 00:36:45;CO2_level;1018;True
S0005;2026-01-02 00:36:45;ventilation;0.403;False
S0011;2026-01-02 00:36:45;ventilation;0.416;False
S0010;2026-01-02 00:36:45;CO2_level;794;False
S0007;2026-01-02 00:36:45;temperature;15.068;False
S0011;2026-01-02 00:37:00;ventilation;0.381;False
S0005;2026-01-02 00:37:00;ventilation;0.575;False
S0004;2026-01-02 00:37:00;CO2_level;908;False
S0010;2026-01-02 00:37:00;CO2_level;1080;False
S0007;2026-01-02 00:37:00;temperature;15.651;False
S0001;2026-01-02 00:37:00;temperature;13.55;False
S0003;2026-01-02 00:37:00;humidity;65.653;False
S0009;2026-01-02 00:37:00;humidity;71.301;False
S0004;2026-01-02 00:37:15;CO2_level;1027;False
S0005;2026-01-02 00:37:15;ventilation;0.306;False
S0011;2026-01-02 00:37:15;ventilation;0.388;False
S0007;2026-01-02 00:37:15;temperature;13.484;False
S0010;2026-01-02 00:37:15;CO2_level;856;False
S0001;2026-01-02 00:37:15;temperature;15.053;False
S0005;2026-01-02 00:37:30;ventilation;0.571;False
S0007;2026-01-02 00:37:30;temperature;11.258;False
S0009;2026-01-02 00:37:30;humidity;73.318;False
S0003;2026-01-02 00:37:30;humidity;70.423;False
S0011;2026-01-02 00:37:30;ventilation;0.249;False
S0004;2026-01-02 00:37:30;CO2_level;1004;False
S0001;2026-01-02 00:37:30;temperature;15.059;False
S0010;2026-01-02 00:37:30;CO2_level;1097;True
S0007;2026-01-02 00:37:45;temperature;10.361;True
S0005;2026-01-02 00:37:45;ventilation;0.338;False
S0001;2026-01-02 00:37:45;temperature;11.799;False
S0010;2026-01-02 00:37:45;CO2_level;1093;False
S0011;2026-01-02 00:37:45;ventilation;0.364;False
S0004;2026-01-02 00:37:45;CO2_level;1007;False
S0009;2026-01-02 00:38:00;humidity;65.1;False
S0001;2026-01-02 00:38:00;temperature;14.568;True
S0010;2026-01-02 00:38:00;CO2_level;1083;False
S0004;2026-01-02 00:38:00;CO2_level;985;False
S0011;2026-01-02 00:38:00;ventilation;0.384;False
S0005;2026-01-02 00:38:00;ventilation;0.538;False
S0003;2026-01-02 00:38:00;humidity;70.076;False
S0007;2026-01-02 00:38:00;temperature;13.548;False
S0005;2026-01-02 00:38:15;ventilation;0.597;False
S0007;2026-01-02 00:38:15;temperature;12.132;False
S0004;2026-01-02 00:38:15;CO2_level;919;False
S0001;2026-01-02 00:38:15;temperature;15.621;False
S0010;2026-01-02 00:38:15;CO2_level;1079;False
S0011;2026-01-02 00:38:15;ventilation;0.315;False
S0003;2026-01-02 00:38:30;humidity;69.083;False
S0004;2026-01-02 00:38:30;CO2_level;848;False
S0009;2026-01-02 00:38:30;humidity;65.558;False
S0011;2026-01-02 00:38:30;ventilation;0.232;False
S0001;2026-01-02 00:38:30;temperature;15.899;False
S0007;2026-01-02 00:38:30;temperature;15.148;False
S0010;2026-01-02 00:38:30;CO2_level;899;True
S0005;2026-01-02 00:38:30;ventilation;0.375;True
S0011;2026-01-02 00:38:45;ventilation;0.527;False
S0007;2026-01-02 00:38:45;temperature;15.866;False
S0001;2026-01-02 00:38:45;temperature;10.737;False
S0010;2026-01-02 00:38:45;CO2_level;933;False
S0004;2026-01-02 00:38:45;CO2_level;885;False
S0005;2026-01-02 00:38:45;ventilation;0.326;False
S0004;2026-01-02 00:39:00;CO2_level;774;False
S0009;2026-01-02 00:39:00;humidity;66.738;False
S0010;2026-01-02 00:39:00;CO2_level;1073;True
S0001;2026-01-02 00:39:00;temperature;10.279;False
S0007;2026-01-02 00:39:00;temperature;10.929;False
S0003;2026-01-02 00:39:00;humidity;72.45;False
S0011;2026-01-02 00:39:00;ventilation;0.421;False
S0005;2026-01-02 00:39:00;ventilation;0.274;True
S0005;2026-01-02 00:39:15;ventilation;0.424;False
S0001;2026-01-02 00:39:15;temperature;14.385;False
S0007;2026-01-02 00:39:15;temperature;11.147;False
S0004;2026-01-02 00:39:15;CO2_level;759;False
S0010;2026-01-02 00:39:15;CO2_level;720;False
S0011;2026-01-02 00:39:15;ventilation;0.524;False
S0007;2026-01-02 00:39:30;temperature;13.295;False
S0001;2026-01-02 00:39:30;temperature;12.635;False
S0005;2026-01-02 00:39:30;ventilation;0.529;False
S0009;2026-01-02 00:39:30;humidity;69.518;False
S0011;2026-01-02 00:39:30;ventilation;0.312;False
S0010;2026-01-02 00:39:30;CO2_level;1027;False
S0003;2026-01-02 00:39:30;humidity;65.385;False
S0004;2026-01-02 00:39:30;CO2_level;831;False
S0001;2026-01-02 00:39:45;temperature;12.02;False
S0007;2026-01-02 00:39:45;temperature;12.366;False
S0010;2026-01-02 00:39:45;CO2_level;949;False
S0005;2026-01-02 00:39:45;ventilation;0.316;False
S0011;2026-01-02 00:39:45;ventilation;0.498;False
S0004;2026-01-02 00:39:45;CO2_level;920;False
S0001;2026-01-02 00:40:00;temperature;12.825;False
S0009;2026-01-02 00:40:00;humidity;65.287;False
S0004;2026-01-02 00:40:00;CO2_level;760;False
S0010;2026-01-02 00:40:00;CO2_level;1088;False
S0005;2026-01-02 00:40:00;ventilation;0.566;False
S0011;2026-01-02 00:40:00;ventilation;0.417;False
S0007;2026-01-02 00:40:00;temperature;15.913;False
S0003;2026-01-02 00:40:00;humidity;67.797;False
S0011;2026-01-02 00:40:15;ventilation;0.597;False
S0007;2026-01-02 00:40:15;temperature;15.225;False
S0004;2026-01-02 00:40:15;CO2_level;883;False
S0001;2026-01-02 00:40:15;temperature;11.259;False
S0005;2026-01-02 00:40:15;ventilation;0.294;False
S0010;2026-01-02 00:40:15;CO2_level;1018;False
S0005;2026-01-02 00:40:30;ventilation;0.395;False
S0007;2026-01-02 00:40:30;temperature;15.562;False
S0004;2026-01-02 00:40:30;CO2_level;985;False
S0003;2026-01-02 00:40:30;humidity;68.378;False
S0010;2026-01-02 00:40:30;CO2_level;1038;False
S0011;2026-01-02 00:40:30;ventilation;0.282;False
S0009;2026-01-02 00:40:30;humidity;71.365;False
S0001;2026-01-02 00:40:30;temperature;null;True
S0011;2026-01-02 00:40:45;ventilation;0.332;False
S0010;2026-01-02 00:40:45;CO2_level;944;False
S0007;2026-01-02 00:40:45;temperature;15.344;False
S0004;2026-01-02 00:40:45;CO2_level;1086;False
S0005;2026-01-02 00:40:45;ventilation;0.509;False
S0001;2026-01-02 00:40:45;temperature;14.477;False
S0007;2026-01-02 00:41:00;temperature;12.283;False
S0005;2026-01-02 00:41:00;ventilation;0.3;False
S0009;2026-01-02 00:41:00;humidity;73.911;False
S0001;2026-01-02 00:41:00;temperature;15.797;False
S0003;2026-01-02 00:41:00;humidity;74.834;False
S0004;2026-01-02 00:41:00;CO2_level;894;False
S0011;2026-01-02 00:41:00;ventilation;0.35;False
S0010;2026-01-02 00:41:00;CO2_level;814;False
S0007;2026-01-02 00:41:15;temperature;13.331;False
S0004;2026-01-02 00:41:15;CO2_level;891;False
S0010;2026-01-02 00:41:15;CO2_level;895;False
S0011;2026-01-02 00:41:15;ventilation;0.529;False
S0005;2026-01-02 00:41:15;ventilation;0.32;False
S0001;2026-01-02 00:41:15;temperature;14.368;False
S0009;2026-01-02 00:41:30;humidity;72.029;False
S0011;2026-01-02 00:41:30;ventilation;0.314;False
S0010;2026-01-02 00:41:30;CO2_level;798;False
S0001;2026-01-02 00:41:30;temperature;12.325;False
S0004;2026-01-02 00:41:30;CO2_level;1080;False
S0005;2026-01-02 00:41:30;ventilation;null;True
S0003;2026-01-02 00:41:30;humidity;70.61;False
S0007;2026-01-02 00:41:30;temperature;14.804;False
S0004;2026-01-02 00:41:45;CO2_level;793;False
S0011;2026-01-02 00:41:45;ventilation;0.351;False
S0010;2026-01-02 00:41:45;CO2_level;944;False
S0001;2026-01-02 00:41:45;temperature;12.129;False
S0005;2026-01-02 00:41:45;ventilation;0.466;False
S0007;2026-01-02 00:41:45;temperature;null;True
S0005;2026-01-02 00:42:00;ventilation;0.313;False
S0011;2026-01-02 00:42:00;ventilation;0.288;False
S0007;2026-01-02 00:42:00;temperature;14.181;False
S0004;2026-01-02 00:42:00;CO2_level;873;False
S0001;2026-01-02 00:42:00;temperature;15.415;False
S0003;2026-01-02 00:42:00;humidity;69.174;False
S0010;2026-01-02 00:42:00;CO2_level;953;False
S0009;2026-01-02 00:42:00;humidity;66.576;False
S0010;2026-01-02 00:42:15;CO2_level;737;False
S0007;2026-01-02 00:42:15;temperature;15.226;False
S0004;2026-01-02 00:42:15;CO2_level;1044;False
S0011;2026-01-02 00:42:15;ventilation;0.531;False
S0005;2026-01-02 00:42:15;ventilation;0.317;False
S0001;2026-01-02 00:42:15;temperature;12.74;False
S0010;2026-01-02 00:42:30;CO2_level;1084;False
S0007;2026-01-02 00:42:30;temperature;15.642;False
S0004;2026-01-02 00:42:30;CO2_level;897;False
S0009;2026-01-02 00:42:30;humidity;70.9;False
S0005;2026-01-02 00:42:30;ventilation;0.5;False
S0001;2026-01-02 00:42:30;temperature;11.726;False
S0011;2026-01-02 00:42:30;ventilation;0.283;False
S0003;2026-01-02 00:42:30;humidity;70.201;False
S0011;2026-01-02 00:42:45;ventilation;0.512;True
S0010;2026-01-02 00:42:45;CO2_level;788;False
S0005;2026-01-02 00:42:45;ventilation;0.596;False
S0007;2026-01-02 00:42:45;temperature;13.425;False
S0001;2026-01-02 00:42:45;temperature;14.471;False
S0004;2026-01-02 00:42:45;CO2_level;1023;False
S0010;2026-01-02 00:43:00;CO2_level;826;False
S0005;2026-01-02 00:43:00;ventilation;0.39;False
S0001;2026-01-02 00:43:00;temperature;10.849;False
S0004;2026-01-02 00:43:00;CO2_level;874;False
S0011;2026-01-02 00:43:00;ventilation;0.434;False
S0007;2026-01-02 00:43:00;temperature;11.711;False
S0009;2026-01-02 00:43:00;humidity;71.148;False
S0003;2026-01-02 00:43:00;humidity;71.286;False
S0001;2026-01-02 00:43:15;temperature;12.988;False
S0007;2026-01-02 00:43:15;temperature;11.614;False
S0010;2026-01-02 00:43:15;CO2_level;1047;False
S0005;2026-01-02 00:43:15;ventilation;0.449;False
S0004;2026-01-02 00:43:15;CO2_level;1065;False
S0011;2026-01-02 00:43:15;ventilation;0.286;False
S0007;2026-01-02 00:43:30;temperature;12.998;False
S0010;2026-01-02 00:43:30;CO2_level;968;False
S0005;2026-01-02 00:43:30;ventilation;0.575;False
S0004;2026-01-02 00:43:30;CO2_level;791;False
S0003;2026-01-02 00:43:30;humidity;67.621;False
S0011;2026-01-02 00:43:30;ventilation;0.402;False
S0001;2026-01-02 00:43:30;temperature;11.409;False
S0009;2026-01-02 00:43:30;humidity;67.513;False
S0004;2026-01-02 00:43:45;CO2_level;781;False
S0001;2026-01-02 00:43:45;temperature;12.793;False
S0005;2026-01-02 00:43:45;ventilation;0.594;False
S0011;2026-01-02 00:43:45;ventilation;0.564;False
S0010;2026-01-02 00:43:45;CO2_level;890;False
S0007;2026-01-02 00:43:45;temperature;11.267;False
S0001;2026-01-02 00:44:00;temperature;13.189;False
S0004;2026-01-02 00:44:00;CO2_level;711;False
S0005;2026-01-02 00:44:00;ventilation;0.263;False
S0003;2026-01-02 00:44:00;humidity;74.526;False
S0007;2026-01-02 00:44:00;temperature;11.4;False
S0010;2026-01-02 00:44:00;CO2_level;1010;False
S0011;2026-01-02 00:44:00;ventilation;0.467;False
S0009;2026-01-02 00:44:00;humidity;66.09;False
S0010;2026-01-02 00:44:15;CO2_level;935;False
S0005;2026-01-02 00:44:15;ventilation;0.239;False
S0004;2026-01-02 00:44:15;CO2_level;982;False
S0007;2026-01-02 00:44:15;temperature;15.324;False
S0011;2026-01-02 00:44:15;ventilation;0.276;False
S0001;2026-01-02 00:44:15;temperature;15.819;False
S0003;2026-01-02 00:44:30;humidity;65.369;False
S0009;2026-01-02 00:44:30;humidity;73.227;False
S0001;2026-01-02 00:44:30;temperature;10.493;False
S0004;2026-01-02 00:44:30;CO2_level;707;False
S0011;2026-01-02 00:44:30;ventilation;null;True
S0010;2026-01-02 00:44:30;CO2_level;870;False
S0005;2026-01-02 00:44:30;ventilation;0.575;False
S0007;2026-01-02 00:44:30;temperature;12.826;False
S0004;2026-01-02 00:44:45;CO2_level;870;False
S0001;2026-01-02 00:44:45;temperature;10.147;False
S0005;2026-01-02 00:44:45;ventilation;0.476;False
S0011;2026-01-02 00:44:45;ventilation;0.561;False
S0007;2026-01-02 00:44:45;temperature;10.274;False
S0010;2026-01-02 00:44:45;CO2_level;827;False
S0007;2026-01-02 00:45:00;temperature;11.252;False
S0011;2026-01-02 00:45:00;ventilation;null;True
S0004;2026-01-02 00:45:00;CO2_level;1050;True
S0009;2026-01-02 00:45:00;humidity;71.759;False
S0001;2026-01-02 00:45:00;temperature;13.435;False
S0010;2026-01-02 00:45:00;CO2_level;811;False
S0003;2026-01-02 00:45:00;humidity;67.88;False
S0005;2026-01-02 00:45:00;ventilation;0.391;False
S0001;2026-01-02 00:45:15;temperature;14.363;False
S0004;2026-01-02 00:45:15;CO2_level;712;False
S0011;2026-01-02 00:45:15;ventilation;0.377;False
S0010;2026-01-02 00:45:15;CO2_level;1080;False
S0005;2026-01-02 00:45:15;ventilation;0.214;False
S0007;2026-01-02 00:45:15;temperature;10.309;False
S0003;2026-01-02 00:45:30;humidity;66.2;False
S0007;2026-01-02 00:45:30;temperature;12.154;False
S0010;2026-01-02 00:45:30;CO2_level;1017;False
S0011;2026-01-02 00:45:30;ventilation;0.349;False
S0004;2026-01-02 00:45:30;CO2_level;849;False
S0001;2026-01-02 00:45:30;temperature;14.961;False
S0005;2026-01-02 00:45:30;ventilation;0.476;False
S0009;2026-01-02 00:45:30;humidity;73.082;False
S0011;2026-01-02 00:45:45;ventilation;0.428;False
S0010;2026-01-02 00:45:45;CO2_level;710;False
S0007;2026-01-02 00:45:45;temperature;11.662;False
S0001;2026-01-02 00:45:45;temperature;15.429;False
S0004;2026-01-02 00:45:45;CO2_level;789;False
S0005;2026-01-02 00:45:45;ventilation;0.258;False
S0010;2026-01-02 00:46:00;CO2_level;1063;True
S0001;2026-01-02 00:46:00;temperature;13.481;False
S0004;2026-01-02 00:46:00;CO2_level;735;False
S0009;2026-01-02 00:46:00;humidity;68.156;False
S0003;2026-01-02 00:46:00;humidity;68.659;False
S0011;2026-01-02 00:46:00;ventilation;0.371;False
S0007;2026-01-02 00:46:00;temperature;15.326;False
S0005;2026-01-02 00:46:00;ventilation;0.432;False
S0011;2026-01-02 00:46:15;ventilation;0.21;False
S0007;2026-01-02 00:46:15;temperature;11.218;False
S0001;2026-01-02 00:46:15;temperature;13.1;False
S0010;2026-01-02 00:46:15;CO2_level;1099;False
S0004;2026-01-02 00:46:15;CO2_level;1084;False
S0005;2026-01-02 00:46:15;ventilation;null;True
S0010;2026-01-02 00:46:30;CO2_level;925;False
S0004;2026-01-02 00:46:30;CO2_level;1013;False
S0009;2026-01-02 00:46:30;humidity;71.773;False
S0003;2026-01-02 00:46:30;humidity;65.898;False
S0001;2026-01-02 00:46:30;temperature;14.14;False
S0011;2026-01-02 00:46:30;ventilation;0.437;False
S0005;2026-01-02 00:46:30;ventilation;0.265;False
S0007;2026-01-02 00:46:30;temperature;14.313;False
S0001;2026-01-02 00:46:45;temperature;15.906;False
S0007;2026-01-02 00:46:45;temperature;15.071;False
S0011;2026-01-02 00:46:45;ventilation;0.247;False
S0005;2026-01-02 00:46:45;ventilation;0.338;False
S0004;2026-01-02 00:46:45;CO2_level;700;False
S0010;2026-01-02 00:46:45;CO2_level;708;False
S0007;2026-01-02 00:47:00;temperature;13.897;False
S0009;2026-01-02 00:47:00;humidity;70.093;False
S0011;2026-01-02 00:47:00;ventilation;0.37;False
S0010;2026-01-02 00:47:00;CO2_level;1000;False
S0004;2026-01-02 00:47:00;CO2_level;884;False
S0005;2026-01-02 00:47:00;ventilation;0.336;False
S0001;2026-01-02 00:47:00;temperature;11.188;False
S0003;2026-01-02 00:47:00;humidity;69.774;False
S0005;2026-01-02 00:47:15;ventilation;0.313;False
S0011;2026-01-02 00:47:15;ventilation;0.548;False
S0010;2026-01-02 00:47:15;CO2_level;718;False
S0001;2026-01-02 00:47:15;temperature;11.22;False
S0007;2026-01-02 00:47:15;temperature;12.112;False
S0004;2026-01-02 00:47:15;CO2_level;1056;False
S0009;2026-01-02 00:47:30;humidity;72.564;False
S0004;2026-01-02 00:47:30;CO2_level;1062;False
S0005;2026-01-02 00:47:30;ventilation;0.523;False
S0003;2026-01-02 00:47:30;humidity;69.188;True
S0011;2026-01-02 00:47:30;ventilation;0.316;False
S0007;2026-01-02 00:47:30;temperature;14.187;False
S0001;2026-01-02 00:47:30;temperature;14.026;False
S0010;2026-01-02 00:47:30;CO2_level;989;False
S0007;2026-01-02 00:47:45;temperature;13.145;False
S0004;2026-01-02 00:47:45;CO2_level;1052;False
S0011;2026-01-02 00:47:45;ventilation;0.372;False
S0001;2026-01-02 00:47:45;temperature;15.616;False
S0005;2026-01-02 00:47:45;ventilation;0.47;False
S0010;2026-01-02 00:47:45;CO2_level;961;False
S0010;2026-01-02 00:48:00;CO2_level;1002;False
S0001;2026-01-02 00:48:00;temperature;10.483;False
S0009;2026-01-02 00:48:00;humidity;73.167;False
S0005;2026-01-02 00:48:00;ventilation;0.431;False
S0004;2026-01-02 00:48:00;CO2_level;726;False
S0011;2026-01-02 00:48:00;ventilation;0.407;False
S0007;2026-01-02 00:48:00;temperature;10.956;False
S0003;2026-01-02 00:48:00;humidity;71.87;False
S0004;2026-01-02 00:48:15;CO2_level;700;False
S0007;2026-01-02 00:48:15;temperature;10.782;False
S0011;2026-01-02 00:48:15;ventilation;null;True
S0005;2026-01-02 00:48:15;ventilation;0.367;False
S0001;2026-01-02 00:48:15;temperature;14.74;False
S0010;2026-01-02 00:48:15;CO2_level;876;False
S0001;2026-01-02 00:48:30;temperature;14.938;False
S0004;2026-01-02 00:48:30;CO2_level;822;False
S0005;2026-01-02 00:48:30;ventilation;0.412;False
S0009;2026-01-02 00:48:30;humidity;65.069;False
S0010;2026-01-02 00:48:30;CO2_level;940;False
S0007;2026-01-02 00:48:30;temperature;10.462;False
S0011;2026-01-02 00:48:30;ventilation;0.389;True
S0003;2026-01-02 00:48:30;humidity;71.704;False
S0011;2026-01-02 00:48:45;ventilation;0.323;False
S0001;2026-01-02 00:48:45;temperature;10.8;False
S0004;2026-01-02 00:48:45;CO2_level;798;False
S0005;2026-01-02 00:48:45;ventilation;0.351;False
S0007;2026-01-02 00:48:45;temperature;12.811;False
S0010;2026-01-02 00:48:45;CO2_level;753;False
S0004;2026-01-02 00:49:00;CO2_level;809;False
S0005;2026-01-02 00:49:00;ventilation;0.485;False
S0007;2026-01-02 00:49:00;temperature;13.923;False
S0009;2026-01-02 00:49:00;humidity;72.974;False
S0003;2026-01-02 00:49:00;humidity;68.914;True
S0011;2026-01-02 00:49:00;ventilation;0.25;False
S0010;2026-01-02 00:49:00;CO2_level;724;False
S0001;2026-01-02 00:49:00;temperature;13.732;False
S0011;2026-01-02 00:49:15;ventilation;0.222;False
S0010;2026-01-02 00:49:15;CO2_level;1091;False
S0007;2026-01-02 00:49:15;temperature;11.434;False
S0004;2026-01-02 00:49:15;CO2_level;850;False
S0001;2026-01-02 00:49:15;temperature;12.43;False
S0005;2026-01-02 00:49:15;ventilation;0.566;False
S0011;2026-01-02 00:49:30;ventilation;0.495;False
S0007;2026-01-02 00:49:30;temperature;14.476;False
S0009;2026-01-02 00:49:30;humidity;69.448;False
S0003;2026-01-02 00:49:30;humidity;74.016;False
S0004;2026-01-02 00:49:30;CO2_level;870;False
S0010;2026-01-02 00:49:30;CO2_level;775;False
S0005;2026-01-02 00:49:30;ventilation;0.218;False
S0001;2026-01-02 00:49:30;temperature;13.804;False
S0010;2026-01-02 00:49:45;CO2_level;899;False
S0005;2026-01-02 00:49:45;ventilation;0.214;False
S0001;2026-01-02 00:49:45;temperature;13.385;False
S0004;2026-01-02 00:49:45;CO2_level;920;False
S0007;2026-01-02 00:49:45;temperature;10.701;False
S0011;2026-01-02 00:49:45;ventilation;0.434;False
S0001;2026-01-02 00:50:00;temperature;12.674;False
S0010;2026-01-02 00:50:00;CO2_level;null;True
S0005;2026-01-02 00:50:00;ventilation;0.294;True
S0003;2026-01-02 00:50:00;humidity;65.82;False
S0007;2026-01-02 00:50:00;temperature;14.154;False
S0011;2026-01-02 00:50:00;ventilation;0.35;False
S0009;2026-01-02 00:50:00;humidity;72.309;False
S0004;2026-01-02 00:50:00;CO2_level;1032;False
S0011;2026-01-02 00:50:15;ventilation;0.213;False
S0001;2026-01-02 00:50:15;temperature;13.522;True
S0005;2026-01-02 00:50:15;ventilation;0.4;False
S0010;2026-01-02 00:50:15;CO2_level;967;True
S0004;2026-01-02 00:50:15;CO2_level;1016;False
S0007;2026-01-02 00:50:15;temperature;10.228;False
S0010;2026-01-02 00:50:30;CO2_level;756;False
S0005;2026-01-02 00:50:30;ventilation;0.495;False
S0001;2026-01-02 00:50:30;temperature;14.007;False
S0007;2026-01-02 00:50:30;temperature;15.883;False
S0003;2026-01-02 00:50:30;humidity;74.06;False
S0011;2026-01-02 00:50:30;ventilation;0.419;False
S0009;2026-01-02 00:50:30;humidity;71.796;False
S0004;2026-01-02 00:50:30;CO2_level;765;False
S0004;2026-01-02 00:50:45;CO2_level;772;False
S0011;2026-01-02 00:50:45;ventilation;0.568;False
S0001;2026-01-02 00:50:45;temperature;10.207;False
S0010;2026-01-02 00:50:45;CO2_level;948;False
S0007;2026-01-02 00:50:45;temperature;15.311;False
S0005;2026-01-02 00:50:45;ventilation;0.417;False
S0010;2026-01-02 00:51:00;CO2_level;803;False
S0009;2026-01-02 00:51:00;humidity;67.178;False
S0005;2026-01-02 00:51:00;ventilation;0.463;False
S0007;2026-01-02 00:51:00;temperature;13.17;False
S0003;2026-01-02 00:51:00;humidity;68.953;False
S0004;2026-01-02 00:51:00;CO2_level;964;False
S0011;2026-01-02 00:51:00;ventilation;null;True
S0001;2026-01-02 00:51:00;temperature;12.016;False
S0011;2026-01-02 00:51:15;ventilation;0.355;False
S0001;2026-01-02 00:51:15;temperature;10.42;False
S0005;2026-01-02 00:51:15;ventilation;0.377;False
S0010;2026-01-02 00:51:15;CO2_level;1010;False
S0004;2026-01-02 00:51:15;CO2_level;954;False
S0007;2026-01-02 00:51:15;temperature;15.62;False
S0011;2026-01-02 00:51:30;ventilation;0.232;True
S0004;2026-01-02 00:51:30;CO2_level;1057;False
S0003;2026-01-02 00:51:30;humidity;74.446;False
S0001;2026-01-02 00:51:30;temperature;14.409;True
S0007;2026-01-02 00:51:30;temperature;13.294;False
S0009;2026-01-02 00:51:30;humidity;73.983;False
S0010;2026-01-02 00:51:30;CO2_level;992;False
S0005;2026-01-02 00:51:30;ventilation;0.21;False
S0001;2026-01-02 00:51:45;temperature;12.301;False
S0005;2026-01-02 00:51:45;ventilation;0.212;True
S0011;2026-01-02 00:51:45;ventilation;0.434;False
S0004;2026-01-02 00:51:45;CO2_level;816;False
S0007;2026-01-02 00:51:45;temperature;11.9;False
S0010;2026-01-02 00:51:45;CO2_level;944;False
S0004;2026-01-02 00:52:00;CO2_level;1018;False
S0011;2026-01-02 00:52:00;ventilation;0.465;False
S0010;2026-01-02 00:52:00;CO2_level;1023;False
S0009;2026-01-02 00:52:00;humidity;null;True
S0005;2026-01-02 00:52:00;ventilation;0.299;False
S0003;2026-01-02 00:52:00;humidity;69.367;False
S0007;2026-01-02 00:52:00;temperature;13.904;False
S0001;2026-01-02 00:52:00;temperature;14.302;False
S0005;2026-01-02 00:52:15;ventilation;0.371;True
S0010;2026-01-02 00:52:15;CO2_level;975;False
S0011;2026-01-02 00:52:15;ventilation;0.25;False
S0004;2026-01-02 00:52:15;CO2_level;1047;False
S0007;2026-01-02 00:52:15;temperature;10.047;False
S0001;2026-01-02 00:52:15;temperature;12.836;False
S0009;2026-01-02 00:52:30;humidity;74.554;False
S0005;2026-01-02 00:52:30;ventilation;0.413;False
S0010;2026-01-02 00:52:30;CO2_level;710;False
S0003;2026-01-02 00:52:30;humidity;65.975;False
S0001;2026-01-02 00:52:30;temperature;13.989;False
S0004;2026-01-02 00:52:30;CO2_level;812;False
S0007;2026-01-02 00:52:30;temperature;12.481;False
S0011;2026-01-02 00:52:30;ventilation;0.332;False
S0011;2026-01-02 00:52:45;ventilation;0.523;False
S0007;2026-01-02 00:52:45;temperature;10.377;False
S0010;2026-01-02 00:52:45;CO2_level;730;False
S0001;2026-01-02 00:52:45;temperature;10.095;False
S0005;2026-01-02 00:52:45;ventilation;0.255;False
S0004;2026-01-02 00:52:45;CO2_level;845;False
S0009;2026-01-02 00:53:00;humidity;72.406;False
S0007;2026-01-02 00:53:00;temperature;10.091;False
S0011;2026-01-02 00:53:00;ventilation;0.244;False
S0004;2026-01-02 00:53:00;CO2_level;879;False
S0010;2026-01-02 00:53:00;CO2_level;725;False
S0001;2026-01-02 00:53:00;temperature;10.766;False
S0005;2026-01-02 00:53:00;ventilation;0.26;False
S0003;2026-01-02 00:53:00;humidity;71.237;False
S0010;2026-01-02 00:53:15;CO2_level;766;False
S0011;2026-01-02 00:53:15;ventilation;0.41;False
S0001;2026-01-02 00:53:15;temperature;13.0;False
S0007;2026-01-02 00:53:15;temperature;11.86;False
S0005;2026-01-02 00:53:15;ventilation;0.559;False
S0004;2026-01-02 00:53:15;CO2_level;723;False
S0003;2026-01-02 00:53:30;humidity;66.41;False
S0009;2026-01-02 00:53:30;humidity;70.649;False
S0007;2026-01-02 00:53:30;temperature;12.801;False
S0010;2026-01-02 00:53:30;CO2_level;994;False
S0005;2026-01-02 00:53:30;ventilation;0.37;False
S0011;2026-01-02 00:53:30;ventilation;0.404;False
S0001;2026-01-02 00:53:30;temperature;13.225;True
S0004;2026-01-02 00:53:30;CO2_level;995;False
S0005;2026-01-02 00:53:45;ventilation;0.32;False
S0007;2026-01-02 00:53:45;temperature;13.217;False
S0011;2026-01-02 00:53:45;ventilation;0.372;True
S0001;2026-01-02 00:53:45;temperature;10.961;False
S0004;2026-01-02 00:53:45;CO2_level;1079;False
S0010;2026-01-02 00:53:45;CO2_level;749;False
S0001;2026-01-02 00:54:00;temperature;10.938;False
S0003;2026-01-02 00:54:00;humidity;69.651;False
S0004;2026-01-02 00:54:00;CO2_level;865;False
S0005;2026-01-02 00:54:00;ventilation;0.224;False
S0009;2026-01-02 00:54:00;humidity;69.269;False
S0010;2026-01-02 00:54:00;CO2_level;983;True
S0011;2026-01-02 00:54:00;ventilation;0.468;False
S0007;2026-01-02 00:54:00;temperature;11.774;False
S0007;2026-01-02 00:54:15;temperature;14.459;False
S0011;2026-01-02 00:54:15;ventilation;0.358;False
S0001;2026-01-02 00:54:15;temperature;12.74;False
S0010;2026-01-02 00:54:15;CO2_level;742;False
S0005;2026-01-02 00:54:15;ventilation;0.265;False
S0004;2026-01-02 00:54:15;CO2_level;856;False
S0007;2026-01-02 00:54:30;temperature;12.93;False
S0003;2026-01-02 00:54:30;humidity;67.4;False
S0004;2026-01-02 00:54:30;CO2_level;954;False
S0009;2026-01-02 00:54:30;humidity;74.976;False
S0011;2026-01-02 00:54:30;ventilation;0.486;False
S0001;2026-01-02 00:54:30;temperature;13.515;False
S0005;2026-01-02 00:54:30;ventilation;0.448;False
S0010;2026-01-02 00:54:30;CO2_level;1020;False
S0004;2026-01-02 00:54:45;CO2_level;879;False
S0005;2026-01-02 00:54:45;ventilation;0.48;False
S0010;2026-01-02 00:54:45;CO2_level;969;False
S0001;2026-01-02 00:54:45;temperature;12.395;False
S0007;2026-01-02 00:54:45;temperature;11.727;False
S0011;2026-01-02 00:54:45;ventilation;0.562;True
S0010;2026-01-02 00:55:00;CO2_level;804;False
S0003;2026-01-02 00:55:00;humidity;71.646;False
S0005;2026-01-02 00:55:00;ventilation;0.453;False
S0004;2026-01-02 00:55:00;CO2_level;773;False
S0007;2026-01-02 00:55:00;temperature;15.141;False
S0011;2026-01-02 00:55:00;ventilation;0.517;False
S0001;2026-01-02 00:55:00;temperature;14.68;False
S0009;2026-01-02 00:55:00;humidity;72.812;False
S0004;2026-01-02 00:55:15;CO2_level;812;False
S0007;2026-01-02 00:55:15;temperature;11.24;False
S0011;2026-01-02 00:55:15;ventilation;0.438;False
S0005;2026-01-02 00:55:15;ventilation;0.516;False
S0001;2026-01-02 00:55:15;temperature;14.055;False
S0010;2026-01-02 00:55:15;CO2_level;916;False
S0007;2026-01-02 00:55:30;temperature;13.216;False
S0010;2026-01-02 00:55:30;CO2_level;839;False
S0001;2026-01-02 00:55:30;temperature;11.432;False
S0009;2026-01-02 00:55:30;humidity;71.287;False
S0004;2026-01-02 00:55:30;CO2_level;917;False
S0011;2026-01-02 00:55:30;ventilation;0.24;False
S0005;2026-01-02 00:55:30;ventilation;0.21;True
S0003;2026-01-02 00:55:30;humidity;70.13;False
S0007;2026-01-02 00:55:45;temperature;14.694;False
S0010;2026-01-02 00:55:45;CO2_level;1083;False
S0005;2026-01-02 00:55:45;ventilation;0.294;False
S0004;2026-01-02 00:55:45;CO2_level;862;False
S0001;2026-01-02 00:55:45;temperature;11.112;False
S0011;2026-01-02 00:55:45;ventilation;0.303;False
S0009;2026-01-02 00:56:00;humidity;71.344;False
S0005;2026-01-02 00:56:00;ventilation;0.54;False
S0004;2026-01-02 00:56:00;CO2_level;895;False
S0003;2026-01-02 00:56:00;humidity;null;True
S0001;2026-01-02 00:56:00;temperature;12.242;False
S0011;2026-01-02 00:56:00;ventilation;0.579;False
S0007;2026-01-02 00:56:00;temperature;12.4;False
S0010;2026-01-02 00:56:00;CO2_level;835;False
S0007;2026-01-02 00:56:15;temperature;15.202;False
S0010;2026-01-02 00:56:15;CO2_level;1091;False
S0005;2026-01-02 00:56:15;ventilation;0.465;False
S0004;2026-01-02 00:56:15;CO2_level;755;False
S0001;2026-01-02 00:56:15;temperature;15.518;False
S0011;2026-01-02 00:56:15;ventilation;0.265;False
S0011;2026-01-02 00:56:30;ventilation;0.481;False
S0005;2026-01-02 00:56:30;ventilation;0.207;False
S0004;2026-01-02 00:56:30;CO2_level;777;False
S0007;2026-01-02 00:56:30;temperature;11.385;False
S0003;2026-01-02 00:56:30;humidity;72.769;True
S0010;2026-01-02 00:56:30;CO2_level;700;False
S0009;2026-01-02 00:56:30;humidity;68.363;False
S0001;2026-01-02 00:56:30;temperature;11.177;False
S0001;2026-01-02 00:56:45;temperature;10.09;False
S0011;2026-01-02 00:56:45;ventilation;0.485;False
S0007;2026-01-02 00:56:45;temperature;15.159;False
S0004;2026-01-02 00:56:45;CO2_level;929;True
S0010;2026-01-02 00:56:45;CO2_level;986;False
S0005;2026-01-02 00:56:45;ventilation;0.568;False
S0005;2026-01-02 00:57:00;ventilation;0.422;False
S0004;2026-01-02 00:57:00;CO2_level;804;False
S0009;2026-01-02 00:57:00;humidity;68.946;False
S0010;2026-01-02 00:57:00;CO2_level;953;False
S0007;2026-01-02 00:57:00;temperature;15.021;False
S0001;2026-01-02 00:57:00;temperature;15.031;False
S0003;2026-01-02 00:57:00;humidity;72.064;False
S0011;2026-01-02 00:57:00;ventilation;0.375;False
S0004;2026-01-02 00:57:15;CO2_level;868;False
S0007;2026-01-02 00:57:15;temperature;14.522;False
S0005;2026-01-02 00:57:15;ventilation;0.318;False
S0001;2026-01-02 00:57:15;temperature;10.035;False
S0010;2026-01-02 00:57:15;CO2_level;991;False
S0011;2026-01-02 00:57:15;ventilation;0.289;False
S0005;2026-01-02 00:57:30;ventilation;0.503;False
S0010;2026-01-02 00:57:30;CO2_level;884;False
S0001;2026-01-02 00:57:30;temperature;12.538;False
S0007;2026-01-02 00:57:30;temperature;15.893;False
S0003;2026-01-02 00:57:30;humidity;72.51;False
S0009;2026-01-02 00:57:30;humidity;73.288;False
S0011;2026-01-02 00:57:30;ventilation;0.457;False
S0004;2026-01-02 00:57:30;CO2_level;798;False
S0011;2026-01-02 00:57:45;ventilation;0.414;False
S0001;2026-01-02 00:57:45;temperature;15.499;False
S0007;2026-01-02 00:57:45;temperature;13.052;False
S0005;2026-01-02 00:57:45;ventilation;0.498;False
S0010;2026-01-02 00:57:45;CO2_level;868;False
S0004;2026-01-02 00:57:45;CO2_level;821;False
S0010;2026-01-02 00:58:00;CO2_level;827;False
S0003;2026-01-02 00:58:00;humidity;73.882;False
S0004;2026-01-02 00:58:00;CO2_level;859;False
S0011;2026-01-02 00:58:00;ventilation;0.465;False
S0009;2026-01-02 00:58:00;humidity;74.905;False
S0001;2026-01-02 00:58:00;temperature;15.284;False
S0005;2026-01-02 00:58:00;ventilation;0.54;False
S0007;2026-01-02 00:58:00;temperature;15.591;False
S0001;2026-01-02 00:58:15;temperature;10.516;False
S0007;2026-01-02 00:58:15;temperature;12.063;False
S0010;2026-01-02 00:58:15;CO2_level;966;False
S0005;2026-01-02 00:58:15;ventilation;0.355;False
S0004;2026-01-02 00:58:15;CO2_level;1096;False
S0011;2026-01-02 00:58:15;ventilation;0.262;False
S0001;2026-01-02 00:58:30;temperature;10.039;False
S0011;2026-01-02 00:58:30;ventilation;0.228;False
S0004;2026-01-02 00:58:30;CO2_level;887;False
S0003;2026-01-02 00:58:30;humidity;72.564;False
S0007;2026-01-02 00:58:30;temperature;10.218;False
S0010;2026-01-02 00:58:30;CO2_level;888;False
S0009;2026-01-02 00:58:30;humidity;68.66;False
S0005;2026-01-02 00:58:30;ventilation;0.285;False
S0007;2026-01-02 00:58:45;temperature;11.826;False
S0004;2026-01-02 00:58:45;CO2_level;1082;False
S0005;2026-01-02 00:58:45;ventilation;0.531;False
S0001;2026-01-02 00:58:45;temperature;12.217;False
S0011;2026-01-02 00:58:45;ventilation;0.245;False
S0010;2026-01-02 00:58:45;CO2_level;727;False
S0010;2026-01-02 00:59:00;CO2_level;845;False
S0001;2026-01-02 00:59:00;temperature;null;True
S0003;2026-01-02 00:59:00;humidity;68.251;False
S0009;2026-01-02 00:59:00;humidity;65.685;False
S0011;2026-01-02 00:59:00;ventilation;0.218;False
S0007;2026-01-02 00:59:00;temperature;14.436;False
S0005;2026-01-02 00:59:00;ventilation;0.247;False
S0004;2026-01-02 00:59:00;CO2_level;1075;False
S0007;2026-01-02 00:59:15;temperature;13.98;False
S0005;2026-01-02 00:59:15;ventilation;0.416;False
S0011;2026-01-02 00:59:15;ventilation;0.238;False
S0010;2026-01-02 00:59:15;CO2_level;796;False
S0001;2026-01-02 00:59:15;temperature;14.104;False
S0004;2026-01-02 00:59:15;CO2_level;843;False
S0011;2026-01-02 00:59:30;ventilation;0.485;False
S0004;2026-01-02 00:59:30;CO2_level;882;False
S0003;2026-01-02 00:59:30;humidity;68.935;False
S0007;2026-01-02 00:59:30;temperature;12.567;False
S0009;2026-01-02 00:59:30;humidity;71.52;False
S0010;2026-01-02 00:59:30;CO2_level;1073;False
S0001;2026-01-02 00:59:30;temperature;15.43;False
S0005;2026-01-02 00:59:30;ventilation;0.307;False
S0010;2026-01-02 00:59:45;CO2_level;726;False
S0007;2026-01-02 00:59:45;temperature;15.956;False
S0004;2026-01-02 00:59:45;CO2_level;1084;False
S0011;2026-01-02 00:59:45;ventilation;0.546;False
S0005;2026-01-02 00:59:45;ventilation;0.399;False
S0001;2026-01-02 00:59:45;temperature;10.145;False
S0001;2026-01-02 01:00:00;temperature;13.501;False
S0003;2026-01-02 01:00:00;humidity;71.556;False
S0004;2026-01-02 01:00:00;CO2_level;767;False
S0011;2026-01-02 01:00:00;ventilation;0.503;False
S0007;2026-01-02 01:00:00;temperature;15.835;True
S0005;2026-01-02 01:00:00;ventilation;0.591;False
S0009;2026-01-02 01:00:00;humidity;69.735;False
S0010;2026-01-02 01:00:00;CO2_level;814;False
S0010;2026-01-02 01:00:15;CO2_level;959;False
S0001;2026-01-02 01:00:15;temperature;14.17;False
S0007;2026-01-02 01:00:15;temperature;15.266;False
S0005;2026-01-02 01:00:15;ventilation;0.416;False
S0004;2026-01-02 01:00:15;CO2_level;960;False
S0011;2026-01-02 01:00:15;ventilation;0.319;False
S0005;2026-01-02 01:00:30;ventilation;0.426;False
S0001;2026-01-02 01:00:30;temperature;13.841;True
S0003;2026-01-02 01:00:30;humidity;70.563;False
S0007;2026-01-02 01:00:30;temperature;11.448;False
S0004;2026-01-02 01:00:30;CO2_level;971;False
S0009;2026-01-02 01:00:30;humidity;68.202;False
S0011;2026-01-02 01:00:30;ventilation;0.411;False
S0010;2026-01-02 01:00:30;CO2_level;846;False
S0010;2026-01-02 01:00:45;CO2_level;972;False
S0001;2026-01-02 01:00:45;temperature;11.54;False
S0007;2026-01-02 01:00:45;temperature;13.601;False
S0004;2026-01-02 01:00:45;CO2_level;994;False
S0005;2026-01-02 01:00:45;ventilation;0.433;False
S0011;2026-01-02 01:00:45;ventilation;0.238;False
S0007;2026-01-02 01:01:00;temperature;10.847;False
S0003;2026-01-02 01:01:00;humidity;73.031;False
S0011;2026-01-02 01:01:00;ventilation;0.472;False
S0005;2026-01-02 01:01:00;ventilation;0.375;False
S0004;2026-01-02 01:01:00;CO2_level;702;False
S0009;2026-01-02 01:01:00;humidity;71.328;False
S0010;2026-01-02 01:01:00;CO2_level;767;False
S0001;2026-01-02 01:01:00;temperature;15.237;False
S0011;2026-01-02 01:01:15;ventilation;0.356;True
S0004;2026-01-02 01:01:15;CO2_level;1039;False
S0001;2026-01-02 01:01:15;temperature;11.257;False
S0010;2026-01-02 01:01:15;CO2_level;1062;False
S0007;2026-01-02 01:01:15;temperature;13.174;False
S0005;2026-01-02 01:01:15;ventilation;0.276;False
S0004;2026-01-02 01:01:30;CO2_level;835;False
S0007;2026-01-02 01:01:30;temperature;12.104;False
S0010;2026-01-02 01:01:30;CO2_level;982;False
S0001;2026-01-02 01:01:30;temperature;11.944;False
S0005;2026-01-02 01:01:30;ventilation;0.487;False
S0011;2026-01-02 01:01:30;ventilation;0.517;False
S0009;2026-01-02 01:01:30;humidity;69.217;True
S0003;2026-01-02 01:01:30;humidity;69.878;False
S0005;2026-01-02 01:01:45;ventilation;0.501;False
S0001;2026-01-02 01:01:45;temperature;14.511;False
S0007;2026-01-02 01:01:45;temperature;12.631;False
S0011;2026-01-02 01:01:45;ventilation;0.494;False
S0004;2026-01-02 01:01:45;CO2_level;781;False
S0010;2026-01-02 01:01:45;CO2_level;1063;False
S0005;2026-01-02 01:02:00;ventilation;0.418;False
S0001;2026-01-02 01:02:00;temperature;15.977;False
S0010;2026-01-02 01:02:00;CO2_level;911;False
S0009;2026-01-02 01:02:00;humidity;72.087;False
S0011;2026-01-02 01:02:00;ventilation;null;True
S0004;2026-01-02 01:02:00;CO2_level;960;False
S0007;2026-01-02 01:02:00;temperature;13.744;False
S0003;2026-01-02 01:02:00;humidity;74.342;False
S0011;2026-01-02 01:02:15;ventilation;0.504;False
S0001;2026-01-02 01:02:15;temperature;10.32;False
S0004;2026-01-02 01:02:15;CO2_level;810;False
S0007;2026-01-02 01:02:15;temperature;13.854;False
S0005;2026-01-02 01:02:15;ventilation;0.506;False
S0010;2026-01-02 01:02:15;CO2_level;897;False
S0010;2026-01-02 01:02:30;CO2_level;776;True
S0004;2026-01-02 01:02:30;CO2_level;1025;False
S0005;2026-01-02 01:02:30;ventilation;0.307;False
S0011;2026-01-02 01:02:30;ventilation;0.244;False
S0009;2026-01-02 01:02:30;humidity;74.276;False
S0003;2026-01-02 01:02:30;humidity;66.434;False
S0007;2026-01-02 01:02:30;temperature;12.655;False
S0001;2026-01-02 01:02:30;temperature;14.005;False
S0004;2026-01-02 01:02:45;CO2_level;1003;False
S0011;2026-01-02 01:02:45;ventilation;0.555;False
S0007;2026-01-02 01:02:45;temperature;13.091;False
S0001;2026-01-02 01:02:45;temperature;14.491;False
S0005;2026-01-02 01:02:45;ventilation;0.566;False
S0010;2026-01-02 01:02:45;CO2_level;838;False
S0011;2026-01-02 01:03:00;ventilation;0.235;False
S0009;2026-01-02 01:03:00;humidity;70.846;False
S0004;2026-01-02 01:03:00;CO2_level;726;True
S0010;2026-01-02 01:03:00;CO2_level;1027;False
S0007;2026-01-02 01:03:00;temperature;14.076;False
S0001;2026-01-02 01:03:00;temperature;14.862;False
S0005;2026-01-02 01:03:00;ventilation;0.511;False
S0003;2026-01-02 01:03:00;humidity;65.242;False
S0005;2026-01-02 01:03:15;ventilation;0.43;False
S0010;2026-01-02 01:03:15;CO2_level;1090;False
S0004;2026-01-02 01:03:15;CO2_level;951;False
S0001;2026-01-02 01:03:15;temperature;14.957;False
S0011;2026-01-02 01:03:15;ventilation;0.349;False
S0007;2026-01-02 01:03:15;temperature;15.951;False
S0011;2026-01-02 01:03:30;ventilation;0.599;False
S0007;2026-01-02 01:03:30;temperature;14.151;False
S0003;2026-01-02 01:03:30;humidity;71.195;False
S0004;2026-01-02 01:03:30;CO2_level;749;True
S0005;2026-01-02 01:03:30;ventilation;0.567;False
S0010;2026-01-02 01:03:30;CO2_level;1009;False
S0009;2026-01-02 01:03:30;humidity;73.23;False
S0001;2026-01-02 01:03:30;temperature;13.386;False
S0010;2026-01-02 01:03:45;CO2_level;844;False
S0011;2026-01-02 01:03:45;ventilation;0.416;False
S0004;2026-01-02 01:03:45;CO2_level;855;False
S0005;2026-01-02 01:03:45;ventilation;0.234;False
S0001;2026-01-02 01:03:45;temperature;12.124;False
S0007;2026-01-02 01:03:45;temperature;15.954;False
S0009;2026-01-02 01:04:00;humidity;68.97;False
S0003;2026-01-02 01:04:00;humidity;71.075;False
S0005;2026-01-02 01:04:00;ventilation;0.527;False
S0001;2026-01-02 01:04:00;temperature;11.387;False
S0007;2026-01-02 01:04:00;temperature;10.517;False
S0011;2026-01-02 01:04:00;ventilation;0.544;False
S0004;2026-01-02 01:04:00;CO2_level;999;False
S0010;2026-01-02 01:04:00;CO2_level;1052;False
S0007;2026-01-02 01:04:15;temperature;13.822;False
S0010;2026-01-02 01:04:15;CO2_level;782;False
S0001;2026-01-02 01:04:15;temperature;10.03;False
S0004;2026-01-02 01:04:15;CO2_level;1037;False
S0005;2026-01-02 01:04:15;ventilation;0.413;False
S0011;2026-01-02 01:04:15;ventilation;0.433;False
S0005;2026-01-02 01:04:30;ventilation;0.399;False
S0004;2026-01-02 01:04:30;CO2_level;1077;False
S0011;2026-01-02 01:04:30;ventilation;0.314;False
S0003;2026-01-02 01:04:30;humidity;65.176;False
S0001;2026-01-02 01:04:30;temperature;15.916;False
S0010;2026-01-02 01:04:30;CO2_level;731;True
S0009;2026-01-02 01:04:30;humidity;65.713;True
S0007;2026-01-02 01:04:30;temperature;10.721;False
S0010;2026-01-02 01:04:45;CO2_level;849;False
S0001;2026-01-02 01:04:45;temperature;13.513;False
S0011;2026-01-02 01:04:45;ventilation;0.524;False
S0004;2026-01-02 01:04:45;CO2_level;785;False
S0005;2026-01-02 01:04:45;ventilation;0.356;False
S0007;2026-01-02 01:04:45;temperature;11.671;False
S0011;2026-01-02 01:05:00;ventilation;0.244;False
S0005;2026-01-02 01:05:00;ventilation;0.482;False
S0010;2026-01-02 01:05:00;CO2_level;742;False
S0003;2026-01-02 01:05:00;humidity;68.626;False
S0001;2026-01-02 01:05:00;temperature;15.487;False
S0007;2026-01-02 01:05:00;temperature;15.156;False
S0009;2026-01-02 01:05:00;humidity;73.499;False
S0004;2026-01-02 01:05:00;CO2_level;1020;False
S0010;2026-01-02 01:05:15;CO2_level;896;False
S0001;2026-01-02 01:05:15;temperature;15.683;False
S0005;2026-01-02 01:05:15;ventilation;0.339;False
S0004;2026-01-02 01:05:15;CO2_level;892;False
S0007;2026-01-02 01:05:15;temperature;14.924;False
S0011;2026-01-02 01:05:15;ventilation;0.308;True
S0004;2026-01-02 01:05:30;CO2_level;715;False
S0007;2026-01-02 01:05:30;temperature;15.657;False
S0001;2026-01-02 01:05:30;temperature;10.638;False
S0011;2026-01-02 01:05:30;ventilation;0.439;False
S0003;2026-01-02 01:05:30;humidity;65.992;False
S0010;2026-01-02 01:05:30;CO2_level;992;False
S0009;2026-01-02 01:05:30;humidity;66.979;False
S0005;2026-01-02 01:05:30;ventilation;0.326;False
S0005;2026-01-02 01:05:45;ventilation;0.227;False
S0004;2026-01-02 01:05:45;CO2_level;928;False
S0007;2026-01-02 01:05:45;temperature;14.44;False
S0001;2026-01-02 01:05:45;temperature;15.961;False
S0011;2026-01-02 01:05:45;ventilation;0.586;False
S0010;2026-01-02 01:05:45;CO2_level;957;False
S0001;2026-01-02 01:06:00;temperature;10.037;False
S0011;2026-01-02 01:06:00;ventilation;0.344;False
S0009;2026-01-02 01:06:00;humidity;69.113;False
S0007;2026-01-02 01:06:00;temperature;11.389;False
S0005;2026-01-02 01:06:00;ventilation;0.282;False
S0004;2026-01-02 01:06:00;CO2_level;1031;False
S0010;2026-01-02 01:06:00;CO2_level;1029;False
S0003;2026-01-02 01:06:00;humidity;66.109;False
S0011;2026-01-02 01:06:15;ventilation;0.236;False
S0005;2026-01-02 01:06:15;ventilation;0.284;False
S0010;2026-01-02 01:06:15;CO2_level;1047;False
S0004;2026-01-02 01:06:15;CO2_level;791;False
S0007;2026-01-02 01:06:15;temperature;13.164;False
S0001;2026-01-02 01:06:15;temperature;14.155;False
S0010;2026-01-02 01:06:30;CO2_level;987;False
S0004;2026-01-02 01:06:30;CO2_level;868;False
S0001;2026-01-02 01:06:30;temperature;13.009;False
S0009;2026-01-02 01:06:30;humidity;68.826;False
S0011;2026-01-02 01:06:30;ventilation;0.441;False
S0007;2026-01-02 01:06:30;temperature;13.081;False
S0005;2026-01-02 01:06:30;ventilation;0.244;False
S0003;2026-01-02 01:06:30;humidity;73.5;False
S0001;2026-01-02 01:06:45;temperature;null;True
S0011;2026-01-02 01:06:45;ventilation;0.572;False
S0004;2026-01-02 01:06:45;CO2_level;811;False
S0005;2026-01-02 01:06:45;ventilation;0.516;False
S0010;2026-01-02 01:06:45;CO2_level;854;False
S0007;2026-01-02 01:06:45;temperature;11.405;False
S0003;2026-01-02 01:07:00;humidity;72.9;False
S0004;2026-01-02 01:07:00;CO2_level;798;False
S0005;2026-01-02 01:07:00;ventilation;0.324;False
S0010;2026-01-02 01:07:00;CO2_level;877;False
S0011;2026-01-02 01:07:00;ventilation;0.427;False
S0001;2026-01-02 01:07:00;temperature;11.326;False
S0007;2026-01-02 01:07:00;temperature;14.295;False
S0009;2026-01-02 01:07:00;humidity;71.907;False
S0004;2026-01-02 01:07:15;CO2_level;940;False
S0005;2026-01-02 01:07:15;ventilation;0.545;False
S0007;2026-01-02 01:07:15;temperature;14.834;False
S0011;2026-01-02 01:07:15;ventilation;0.501;False
S0010;2026-01-02 01:07:15;CO2_level;771;False
S0001;2026-01-02 01:07:15;temperature;15.126;False
S0005;2026-01-02 01:07:30;ventilation;0.51;False
S0007;2026-01-02 01:07:30;temperature;10.923;False
S0009;2026-01-02 01:07:30;humidity;66.881;False
S0003;2026-01-02 01:07:30;humidity;74.487;False
S0010;2026-01-02 01:07:30;CO2_level;700;False
S0001;2026-01-02 01:07:30;temperature;15.789;False
S0004;2026-01-02 01:07:30;CO2_level;735;False
S0011;2026-01-02 01:07:30;ventilation;0.248;True
S0005;2026-01-02 01:07:45;ventilation;0.549;False
S0001;2026-01-02 01:07:45;temperature;13.9;False
S0010;2026-01-02 01:07:45;CO2_level;1029;False
S0011;2026-01-02 01:07:45;ventilation;0.496;False
S0007;2026-01-02 01:07:45;temperature;12.929;False
S0004;2026-01-02 01:07:45;CO2_level;894;False
S0003;2026-01-02 01:08:00;humidity;68.923;True
S0009;2026-01-02 01:08:00;humidity;73.27;False
S0007;2026-01-02 01:08:00;temperature;11.815;False
S0004;2026-01-02 01:08:00;CO2_level;728;False
S0010;2026-01-02 01:08:00;CO2_level;912;False
S0001;2026-01-02 01:08:00;temperature;15.047;False
S0005;2026-01-02 01:08:00;ventilation;0.365;False
S0011;2026-01-02 01:08:00;ventilation;0.518;False
S0005;2026-01-02 01:08:15;ventilation;0.363;False
S0004;2026-01-02 01:08:15;CO2_level;965;False
S0007;2026-01-02 01:08:15;temperature;13.626;False
S0001;2026-01-02 01:08:15;temperature;11.944;False
S0011;2026-01-02 01:08:15;ventilation;0.443;False
S0010;2026-01-02 01:08:15;CO2_level;1023;False
S0009;2026-01-02 01:08:30;humidity;68.959;False
S0011;2026-01-02 01:08:30;ventilation;0.292;False
S0010;2026-01-02 01:08:30;CO2_level;863;False
S0005;2026-01-02 01:08:30;ventilation;0.443;False
S0001;2026-01-02 01:08:30;temperature;14.957;False
S0004;2026-01-02 01:08:30;CO2_level;836;False
S0003;2026-01-02 01:08:30;humidity;71.954;False
S0007;2026-01-02 01:08:30;temperature;12.196;False
S0010;2026-01-02 01:08:45;CO2_level;705;False
S0011;2026-01-02 01:08:45;ventilation;0.337;False
S0004;2026-01-02 01:08:45;CO2_level;852;False
S0007;2026-01-02 01:08:45;temperature;12.612;True
S0005;2026-01-02 01:08:45;ventilation;0.46;False
S0001;2026-01-02 01:08:45;temperature;15.038;False
S0011;2026-01-02 01:09:00;ventilation;0.263;False
S0009;2026-01-02 01:09:00;humidity;68.347;False
S0010;2026-01-02 01:09:00;CO2_level;1000;False
S0007;2026-01-02 01:09:00;temperature;11.797;False
S0005;2026-01-02 01:09:00;ventilation;0.258;False
S0004;2026-01-02 01:09:00;CO2_level;740;False
S0003;2026-01-02 01:09:00;humidity;71.999;False
S0001;2026-01-02 01:09:00;temperature;12.92;False
S0001;2026-01-02 01:09:15;temperature;14.032;False
S0005;2026-01-02 01:09:15;ventilation;0.528;False
S0011;2026-01-02 01:09:15;ventilation;0.6;False
S0010;2026-01-02 01:09:15;CO2_level;879;True
S0007;2026-01-02 01:09:15;temperature;14.483;False
S0004;2026-01-02 01:09:15;CO2_level;999;False
S0005;2026-01-02 01:09:30;ventilation;0.268;False
S0007;2026-01-02 01:09:30;temperature;15.462;False
S0009;2026-01-02 01:09:30;humidity;74.341;False
S0003;2026-01-02 01:09:30;humidity;null;True
S0010;2026-01-02 01:09:30;CO2_level;864;False
S0011;2026-01-02 01:09:30;ventilation;0.478;False
S0001;2026-01-02 01:09:30;temperature;13.41;False
S0004;2026-01-02 01:09:30;CO2_level;844;False
S0004;2026-01-02 01:09:45;CO2_level;1054;False
S0011;2026-01-02 01:09:45;ventilation;0.272;False
S0007;2026-01-02 01:09:45;temperature;11.626;False
S0010;2026-01-02 01:09:45;CO2_level;1024;False
S0001;2026-01-02 01:09:45;temperature;14.809;False
S0005;2026-01-02 01:09:45;ventilation;0.321;False
S0011;2026-01-02 01:10:00;ventilation;0.516;False
S0003;2026-01-02 01:10:00;humidity;68.042;False
S0004;2026-01-02 01:10:00;CO2_level;805;False
S0010;2026-01-02 01:10:00;CO2_level;755;False
S0009;2026-01-02 01:10:00;humidity;71.009;False
S0007;2026-01-02 01:10:00;temperature;15.168;False
S0005;2026-01-02 01:10:00;ventilation;0.546;False
S0001;2026-01-02 01:10:00;temperature;14.262;False
S0007;2026-01-02 01:10:15;temperature;13.191;False
S0011;2026-01-02 01:10:15;ventilation;0.319;False
S0001;2026-01-02 01:10:15;temperature;11.998;False
S0005;2026-01-02 01:10:15;ventilation;0.395;False
S0010;2026-01-02 01:10:15;CO2_level;769;False
S0004;2026-01-02 01:10:15;CO2_level;1070;False
S0010;2026-01-02 01:10:30;CO2_level;985;False
S0007;2026-01-02 01:10:30;temperature;11.208;False
S0003;2026-01-02 01:10:30;humidity;65.513;False
S0001;2026-01-02 01:10:30;temperature;12.616;False
S0005;2026-01-02 01:10:30;ventilation;0.243;False
S0009;2026-01-02 01:10:30;humidity;66.349;False
S0011;2026-01-02 01:10:30;ventilation;0.311;False
S0004;2026-01-02 01:10:30;CO2_level;938;False
S0011;2026-01-02 01:10:45;ventilation;0.294;False
S0005;2026-01-02 01:10:45;ventilation;0.312;False
S0004;2026-01-02 01:10:45;CO2_level;810;False
S0010;2026-01-02 01:10:45;CO2_level;761;True
S0001;2026-01-02 01:10:45;temperature;14.4;False
S0007;2026-01-02 01:10:45;temperature;11.171;False
S0003;2026-01-02 01:11:00;humidity;69.557;False
S0011;2026-01-02 01:11:00;ventilation;0.481;False
S0004;2026-01-02 01:11:00;CO2_level;1051;True
S0001;2026-01-02 01:11:00;temperature;12.849;False
S0007;2026-01-02 01:11:00;temperature;10.359;False
S0005;2026-01-02 01:11:00;ventilation;0.202;False
S0010;2026-01-02 01:11:00;CO2_level;792;False
S0009;2026-01-02 01:11:00;humidity;65.091;False
S0005;2026-01-02 01:11:15;ventilation;0.384;False
S0001;2026-01-02 01:11:15;temperature;14.393;False
S0004;2026-01-02 01:11:15;CO2_level;904;False
S0010;2026-01-02 01:11:15;CO2_level;1031;False
S0007;2026-01-02 01:11:15;temperature;12.431;False
S0011;2026-01-02 01:11:15;ventilation;0.239;False
S0001;2026-01-02 01:11:30;temperature;12.756;False
S0003;2026-01-02 01:11:30;humidity;68.858;False
S0009;2026-01-02 01:11:30;humidity;70.653;False
S0005;2026-01-02 01:11:30;ventilation;0.302;False
S0010;2026-01-02 01:11:30;CO2_level;743;False
S0004;2026-01-02 01:11:30;CO2_level;886;False
S0007;2026-01-02 01:11:30;temperature;12.701;False
S0011;2026-01-02 01:11:30;ventilation;0.546;False
S0011;2026-01-02 01:11:45;ventilation;0.492;False
S0001;2026-01-02 01:11:45;temperature;14.645;False
S0007;2026-01-02 01:11:45;temperature;10.69;False
S0004;2026-01-02 01:11:45;CO2_level;939;False
S0005;2026-01-02 01:11:45;ventilation;0.29;False
S0010;2026-01-02 01:11:45;CO2_level;889;False
S0004;2026-01-02 01:12:00;CO2_level;961;False
S0007;2026-01-02 01:12:00;temperature;10.862;False
S0009;2026-01-02 01:12:00;humidity;68.169;False
S0011;2026-01-02 01:12:00;ventilation;0.504;False
S0001;2026-01-02 01:12:00;temperature;10.772;False
S0003;2026-01-02 01:12:00;humidity;66.95;False
S0010;2026-01-02 01:12:00;CO2_level;909;False
S0005;2026-01-02 01:12:00;ventilation;0.496;False
S0001;2026-01-02 01:12:15;temperature;10.088;False
S0011;2026-01-02 01:12:15;ventilation;0.552;False
S0010;2026-01-02 01:12:15;CO2_level;928;False
S0005;2026-01-02 01:12:15;ventilation;0.474;False
S0007;2026-01-02 01:12:15;temperature;10.639;False
S0004;2026-01-02 01:12:15;CO2_level;728;False
S0011;2026-01-02 01:12:30;ventilation;0.523;False
S0003;2026-01-02 01:12:30;humidity;66.314;False
S0010;2026-01-02 01:12:30;CO2_level;756;False
S0005;2026-01-02 01:12:30;ventilation;0.353;False
S0009;2026-01-02 01:12:30;humidity;71.078;False
S0001;2026-01-02 01:12:30;temperature;14.316;False
S0007;2026-01-02 01:12:30;temperature;14.175;False
S0004;2026-01-02 01:12:30;CO2_level;990;False
S0001;2026-01-02 01:12:45;temperature;15.486;False
S0005;2026-01-02 01:12:45;ventilation;0.403;False
S0011;2026-01-02 01:12:45;ventilation;0.278;False
S0010;2026-01-02 01:12:45;CO2_level;827;False
S0004;2026-01-02 01:12:45;CO2_level;791;False
S0007;2026-01-02 01:12:45;temperature;11.105;False
S0011;2026-01-02 01:13:00;ventilation;0.354;False
S0001;2026-01-02 01:13:00;temperature;13.265;False
S0009;2026-01-02 01:13:00;humidity;71.679;False
S0010;2026-01-02 01:13:00;CO2_level;838;False
S0004;2026-01-02 01:13:00;CO2_level;870;True
S0007;2026-01-02 01:13:00;temperature;10.543;False
S0003;2026-01-02 01:13:00;humidity;71.268;False
S0005;2026-01-02 01:13:00;ventilation;0.578;False
S0004;2026-01-02 01:13:15;CO2_level;1014;False
S0010;2026-01-02 01:13:15;CO2_level;890;False
S0011;2026-01-02 01:13:15;ventilation;0.398;False
S0007;2026-01-02 01:13:15;temperature;13.529;False
S0005;2026-01-02 01:13:15;ventilation;0.495;False
S0001;2026-01-02 01:13:15;temperature;14.796;False
S0004;2026-01-02 01:13:30;CO2_level;816;False
S0001;2026-01-02 01:13:30;temperature;12.637;False
S0005;2026-01-02 01:13:30;ventilation;0.56;False
S0010;2026-01-02 01:13:30;CO2_level;975;False
S0009;2026-01-02 01:13:30;humidity;67.565;True
S0007;2026-01-02 01:13:30;temperature;13.279;False
S0003;2026-01-02 01:13:30;humidity;69.686;False
S0011;2026-01-02 01:13:30;ventilation;null;True
S0001;2026-01-02 01:13:45;temperature;12.582;False
S0004;2026-01-02 01:13:45;CO2_level;775;False
S0010;2026-01-02 01:13:45;CO2_level;970;False
S0005;2026-01-02 01:13:45;ventilation;0.366;False
S0011;2026-01-02 01:13:45;ventilation;0.449;False
S0007;2026-01-02 01:13:45;temperature;12.543;False
S0010;2026-01-02 01:14:00;CO2_level;896;True
S0007;2026-01-02 01:14:00;temperature;10.067;False
S0011;2026-01-02 01:14:00;ventilation;0.405;False
S0001;2026-01-02 01:14:00;temperature;11.838;False
S0009;2026-01-02 01:14:00;humidity;69.424;False
S0004;2026-01-02 01:14:00;CO2_level;807;False
S0003;2026-01-02 01:14:00;humidity;69.071;False
S0005;2026-01-02 01:14:00;ventilation;0.583;False
S0010;2026-01-02 01:14:15;CO2_level;747;False
S0007;2026-01-02 01:14:15;temperature;10.703;False
S0005;2026-01-02 01:14:15;ventilation;0.567;False
S0011;2026-01-02 01:14:15;ventilation;0.305;False
S0001;2026-01-02 01:14:15;temperature;12.801;False
S0004;2026-01-02 01:14:15;CO2_level;1088;False
S0009;2026-01-02 01:14:30;humidity;73.478;True
S0003;2026-01-02 01:14:30;humidity;72.853;False
S0007;2026-01-02 01:14:30;temperature;10.506;True
S0004;2026-01-02 01:14:30;CO2_level;970;False
S0010;2026-01-02 01:14:30;CO2_level;854;False
S0011;2026-01-02 01:14:30;ventilation;0.278;False
S0005;2026-01-02 01:14:30;ventilation;0.41;False
S0001;2026-01-02 01:14:30;temperature;11.433;False
S0004;2026-01-02 01:14:45;CO2_level;739;False
S0010;2026-01-02 01:14:45;CO2_level;1034;False
S0011;2026-01-02 01:14:45;ventilation;0.383;False
S0005;2026-01-02 01:14:45;ventilation;0.552;False
S0001;2026-01-02 01:14:45;temperature;11.246;False
S0007;2026-01-02 01:14:45;temperature;12.199;False
S0009;2026-01-02 01:15:00;humidity;67.095;False
S0005;2026-01-02 01:15:00;ventilation;0.329;False
S0007;2026-01-02 01:15:00;temperature;15.102;False
S0001;2026-01-02 01:15:00;temperature;10.412;False
S0011;2026-01-02 01:15:00;ventilation;0.425;False
S0003;2026-01-02 01:15:00;humidity;70.378;True
S0004;2026-01-02 01:15:00;CO2_level;1096;False
S0010;2026-01-02 01:15:00;CO2_level;893;False
S0007;2026-01-02 01:15:15;temperature;10.356;False
S0005;2026-01-02 01:15:15;ventilation;0.31;False
S0004;2026-01-02 01:15:15;CO2_level;847;True
S0001;2026-01-02 01:15:15;temperature;15.084;False
S0010;2026-01-02 01:15:15;CO2_level;997;False
S0011;2026-01-02 01:15:15;ventilation;0.434;False
S0011;2026-01-02 01:15:30;ventilation;0.261;False
S0004;2026-01-02 01:15:30;CO2_level;746;False
S0007;2026-01-02 01:15:30;temperature;15.182;False
S0009;2026-01-02 01:15:30;humidity;72.599;False
S0001;2026-01-02 01:15:30;temperature;14.431;False
S0003;2026-01-02 01:15:30;humidity;71.328;False
S0005;2026-01-02 01:15:30;ventilation;0.386;False
S0010;2026-01-02 01:15:30;CO2_level;737;False
S0005;2026-01-02 01:15:45;ventilation;0.455;False
S0011;2026-01-02 01:15:45;ventilation;0.6;False
S0004;2026-01-02 01:15:45;CO2_level;727;False
S0007;2026-01-02 01:15:45;temperature;15.813;False
S0010;2026-01-02 01:15:45;CO2_level;745;False
S0001;2026-01-02 01:15:45;temperature;14.409;False
S0001;2026-01-02 01:16:00;temperature;12.204;False
S0007;2026-01-02 01:16:00;temperature;14.927;False
S0009;2026-01-02 01:16:00;humidity;70.556;False
S0011;2026-01-02 01:16:00;ventilation;0.284;True
S0004;2026-01-02 01:16:00;CO2_level;893;False
S0005;2026-01-02 01:16:00;ventilation;0.395;True
S0010;2026-01-02 01:16:00;CO2_level;777;False
S0003;2026-01-02 01:16:00;humidity;66.882;False
S0005;2026-01-02 01:16:15;ventilation;0.277;False
S0011;2026-01-02 01:16:15;ventilation;0.33;False
S0004;2026-01-02 01:16:15;CO2_level;794;False
S0007;2026-01-02 01:16:15;temperature;14.947;False
S0010;2026-01-02 01:16:15;CO2_level;995;False
S0001;2026-01-02 01:16:15;temperature;14.954;False
S0001;2026-01-02 01:16:30;temperature;13.061;False
S0010;2026-01-02 01:16:30;CO2_level;907;False
S0009;2026-01-02 01:16:30;humidity;73.538;False
S0007;2026-01-02 01:16:30;temperature;10.703;False
S0003;2026-01-02 01:16:30;humidity;70.37;False
S0005;2026-01-02 01:16:30;ventilation;0.506;False
S0004;2026-01-02 01:16:30;CO2_level;null;True
S0011;2026-01-02 01:16:30;ventilation;0.245;False
S0004;2026-01-02 01:16:45;CO2_level;1039;False
S0005;2026-01-02 01:16:45;ventilation;0.315;False
S0011;2026-01-02 01:16:45;ventilation;0.224;False
S0007;2026-01-02 01:16:45;temperature;11.823;False
S0010;2026-01-02 01:16:45;CO2_level;791;False
S0001;2026-01-02 01:16:45;temperature;15.555;False
S0003;2026-01-02 01:17:00;humidity;69.77;False
S0005;2026-01-02 01:17:00;ventilation;0.576;False
S0007;2026-01-02 01:17:00;temperature;14.094;False
S0010;2026-01-02 01:17:00;CO2_level;906;False
S0001;2026-01-02 01:17:00;temperature;14.769;False
S0009;2026-01-02 01:17:00;humidity;73.835;False
S0011;2026-01-02 01:17:00;ventilation;0.218;False
S0004;2026-01-02 01:17:00;CO2_level;923;False
S0010;2026-01-02 01:17:15;CO2_level;850;False
S0005;2026-01-02 01:17:15;ventilation;0.265;True
S0007;2026-01-02 01:17:15;temperature;10.608;True
S0011;2026-01-02 01:17:15;ventilation;0.467;False
S0004;2026-01-02 01:17:15;CO2_level;902;False
S0001;2026-01-02 01:17:15;temperature;11.609;False
S0005;2026-01-02 01:17:30;ventilation;0.47;False
S0007;2026-01-02 01:17:30;temperature;10.251;False
S0004;2026-01-02 01:17:30;CO2_level;760;False
S0003;2026-01-02 01:17:30;humidity;67.571;False
S0001;2026-01-02 01:17:30;temperature;10.425;False
S0011;2026-01-02 01:17:30;ventilation;0.39;True
S0009;2026-01-02 01:17:30;humidity;70.952;False
S0010;2026-01-02 01:17:30;CO2_level;1009;False
S0010;2026-01-02 01:17:45;CO2_level;814;False
S0004;2026-01-02 01:17:45;CO2_level;1065;False
S0001;2026-01-02 01:17:45;temperature;11.441;False
S0011;2026-01-02 01:17:45;ventilation;0.258;False
S0005;2026-01-02 01:17:45;ventilation;0.555;False
S0007;2026-01-02 01:17:45;temperature;13.646;False
S0004;2026-01-02 01:18:00;CO2_level;974;True
S0007;2026-01-02 01:18:00;temperature;15.519;False
S0011;2026-01-02 01:18:00;ventilation;0.488;False
S0009;2026-01-02 01:18:00;humidity;70.548;False
S0003;2026-01-02 01:18:00;humidity;70.771;False
S0005;2026-01-02 01:18:00;ventilation;0.504;False
S0010;2026-01-02 01:18:00;CO2_level;868;False
S0001;2026-01-02 01:18:00;temperature;15.575;False
S0005;2026-01-02 01:18:15;ventilation;0.37;False
S0010;2026-01-02 01:18:15;CO2_level;1079;False
S0004;2026-01-02 01:18:15;CO2_level;718;False
S0011;2026-01-02 01:18:15;ventilation;0.417;False
S0007;2026-01-02 01:18:15;temperature;11.867;False
S0001;2026-01-02 01:18:15;temperature;12.43;False
S0009;2026-01-02 01:18:30;humidity;69.01;False
S0010;2026-01-02 01:18:30;CO2_level;721;False
S0004;2026-01-02 01:18:30;CO2_level;929;False
S0011;2026-01-02 01:18:30;ventilation;0.368;True
S0003;2026-01-02 01:18:30;humidity;73.648;False
S0001;2026-01-02 01:18:30;temperature;15.861;False
S0005;2026-01-02 01:18:30;ventilation;0.525;False
S0007;2026-01-02 01:18:30;temperature;14.191;False
S0004;2026-01-02 01:18:45;CO2_level;921;False
S0001;2026-01-02 01:18:45;temperature;10.076;False
S0005;2026-01-02 01:18:45;ventilation;0.53;False
S0010;2026-01-02 01:18:45;CO2_level;962;False
S0007;2026-01-02 01:18:45;temperature;13.114;False
S0011;2026-01-02 01:18:45;ventilation;0.549;False
S0003;2026-01-02 01:19:00;humidity;71.64;False
S0001;2026-01-02 01:19:00;temperature;12.737;False
S0009;2026-01-02 01:19:00;humidity;66.16;False
S0010;2026-01-02 01:19:00;CO2_level;930;False
S0004;2026-01-02 01:19:00;CO2_level;942;False
S0005;2026-01-02 01:19:00;ventilation;0.475;False
S0011;2026-01-02 01:19:00;ventilation;0.384;False
S0007;2026-01-02 01:19:00;temperature;14.305;False
S0007;2026-01-02 01:19:15;temperature;11.801;False
S0004;2026-01-02 01:19:15;CO2_level;900;False
S0005;2026-01-02 01:19:15;ventilation;0.501;True
S0010;2026-01-02 01:19:15;CO2_level;898;False
S0001;2026-01-02 01:19:15;temperature;10.152;False
S0011;2026-01-02 01:19:15;ventilation;0.33;False
S0010;2026-01-02 01:19:30;CO2_level;982;False
S0009;2026-01-02 01:19:30;humidity;67.057;False
S0001;2026-01-02 01:19:30;temperature;10.282;False
S0005;2026-01-02 01:19:30;ventilation;0.586;False
S0003;2026-01-02 01:19:30;humidity;71.295;False
S0004;2026-01-02 01:19:30;CO2_level;1089;False
S0011;2026-01-02 01:19:30;ventilation;0.252;False
S0007;2026-01-02 01:19:30;temperature;12.772;False
S0007;2026-01-02 01:19:45;temperature;13.228;False
S0011;2026-01-02 01:19:45;ventilation;0.211;False
S0010;2026-01-02 01:19:45;CO2_level;1049;False
S0005;2026-01-02 01:19:45;ventilation;0.284;False
S0001;2026-01-02 01:19:45;temperature;13.461;False
S0004;2026-01-02 01:19:45;CO2_level;807;False
S0004;2026-01-02 01:20:00;CO2_level;894;False
S0001;2026-01-02 01:20:00;temperature;14.588;False
S0009;2026-01-02 01:20:00;humidity;66.882;False
S0003;2026-01-02 01:20:00;humidity;68.571;False
S0007;2026-01-02 01:20:00;temperature;15.139;False
S0005;2026-01-02 01:20:00;ventilation;0.394;False
S0011;2026-01-02 01:20:00;ventilation;0.223;False
S0010;2026-01-02 01:20:00;CO2_level;996;False
S0011;2026-01-02 01:20:15;ventilation;0.56;False
S0007;2026-01-02 01:20:15;temperature;14.709;False
S0004;2026-01-02 01:20:15;CO2_level;748;False
S0001;2026-01-02 01:20:15;temperature;12.555;False
S0010;2026-01-02 01:20:15;CO2_level;853;False
S0005;2026-01-02 01:20:15;ventilation;0.463;False
S0011;2026-01-02 01:20:30;ventilation;0.347;False
S0001;2026-01-02 01:20:30;temperature;11.218;False
S0010;2026-01-02 01:20:30;CO2_level;857;False
S0007;2026-01-02 01:20:30;temperature;15.614;False
S0009;2026-01-02 01:20:30;humidity;70.048;False
S0004;2026-01-02 01:20:30;CO2_level;1080;False
S0003;2026-01-02 01:20:30;humidity;68.772;False
S0005;2026-01-02 01:20:30;ventilation;0.305;True
S0007;2026-01-02 01:20:45;temperature;13.712;False
S0005;2026-01-02 01:20:45;ventilation;0.578;False
S0010;2026-01-02 01:20:45;CO2_level;994;False
S0004;2026-01-02 01:20:45;CO2_level;1047;False
S0001;2026-01-02 01:20:45;temperature;12.285;False
S0011;2026-01-02 01:20:45;ventilation;0.381;False
S0010;2026-01-02 01:21:00;CO2_level;850;False
S0001;2026-01-02 01:21:00;temperature;15.474;False
S0004;2026-01-02 01:21:00;CO2_level;782;False
S0003;2026-01-02 01:21:00;humidity;74.678;False
S0007;2026-01-02 01:21:00;temperature;11.185;False
S0009;2026-01-02 01:21:00;humidity;66.381;False
S0005;2026-01-02 01:21:00;ventilation;0.559;False
S0011;2026-01-02 01:21:00;ventilation;0.316;False
S0004;2026-01-02 01:21:15;CO2_level;1071;False
S0001;2026-01-02 01:21:15;temperature;15.478;True
S0005;2026-01-02 01:21:15;ventilation;0.417;True
S0010;2026-01-02 01:21:15;CO2_level;985;False
S0007;2026-01-02 01:21:15;temperature;12.684;False
S0011;2026-01-02 01:21:15;ventilation;0.325;False
S0005;2026-01-02 01:21:30;ventilation;0.359;False
S0001;2026-01-02 01:21:30;temperature;10.157;False
S0011;2026-01-02 01:21:30;ventilation;0.435;False
S0007;2026-01-02 01:21:30;temperature;12.35;False
S0003;2026-01-02 01:21:30;humidity;67.753;False
S0009;2026-01-02 01:21:30;humidity;71.29;False
S0010;2026-01-02 01:21:30;CO2_level;899;False
S0004;2026-01-02 01:21:30;CO2_level;1013;False
S0004;2026-01-02 01:21:45;CO2_level;837;False
S0010;2026-01-02 01:21:45;CO2_level;1028;False
S0007;2026-01-02 01:21:45;temperature;14.513;False
S0011;2026-01-02 01:21:45;ventilation;0.432;False
S0001;2026-01-02 01:21:45;temperature;10.065;False
S0005;2026-01-02 01:21:45;ventilation;0.46;False
S0001;2026-01-02 01:22:00;temperature;12.896;False
S0009;2026-01-02 01:22:00;humidity;70.003;False
S0010;2026-01-02 01:22:00;CO2_level;1033;False
S0003;2026-01-02 01:22:00;humidity;70.308;False
S0007;2026-01-02 01:22:00;temperature;11.373;False
S0005;2026-01-02 01:22:00;ventilation;0.463;False
S0011;2026-01-02 01:22:00;ventilation;0.471;False
S0004;2026-01-02 01:22:00;CO2_level;908;False
S0007;2026-01-02 01:22:15;temperature;10.774;False
S0010;2026-01-02 01:22:15;CO2_level;866;False
S0004;2026-01-02 01:22:15;CO2_level;769;False
S0011;2026-01-02 01:22:15;ventilation;0.533;False
S0005;2026-01-02 01:22:15;ventilation;0.32;False
S0001;2026-01-02 01:22:15;temperature;14.049;False
S0011;2026-01-02 01:22:30;ventilation;0.286;False
S0004;2026-01-02 01:22:30;CO2_level;822;False
S0010;2026-01-02 01:22:30;CO2_level;818;False
S0005;2026-01-02 01:22:30;ventilation;0.526;False
S0009;2026-01-02 01:22:30;humidity;65.025;False
S0007;2026-01-02 01:22:30;temperature;13.311;False
S0001;2026-01-02 01:22:30;temperature;10.726;False
S0003;2026-01-02 01:22:30;humidity;69.22;False
S0011;2026-01-02 01:22:45;ventilation;0.33;False
S0001;2026-01-02 01:22:45;temperature;12.752;False
S0005;2026-01-02 01:22:45;ventilation;0.404;False
S0010;2026-01-02 01:22:45;CO2_level;null;True
S0004;2026-01-02 01:22:45;CO2_level;983;False
S0007;2026-01-02 01:22:45;temperature;15.458;True
S0011;2026-01-02 01:23:00;ventilation;0.227;False
S0001;2026-01-02 01:23:00;temperature;12.833;False
S0009;2026-01-02 01:23:00;humidity;69.119;False
S0005;2026-01-02 01:23:00;ventilation;0.481;False
S0010;2026-01-02 01:23:00;CO2_level;812;False
S0004;2026-01-02 01:23:00;CO2_level;1082;False
S0003;2026-01-02 01:23:00;humidity;67.822;False
S0007;2026-01-02 01:23:00;temperature;14.951;False
S0010;2026-01-02 01:23:15;CO2_level;996;False
S0001;2026-01-02 01:23:15;temperature;13.965;False
S0011;2026-01-02 01:23:15;ventilation;0.381;False
S0005;2026-01-02 01:23:15;ventilation;0.53;False
S0007;2026-01-02 01:23:15;temperature;14.015;True
S0004;2026-01-02 01:23:15;CO2_level;898;False
S0009;2026-01-02 01:23:30;humidity;74.742;False
S0005;2026-01-02 01:23:30;ventilation;0.42;False
S0010;2026-01-02 01:23:30;CO2_level;988;False
S0003;2026-01-02 01:23:30;humidity;70.924;False
S0007;2026-01-02 01:23:30;temperature;12.739;False
S0001;2026-01-02 01:23:30;temperature;10.689;False
S0004;2026-01-02 01:23:30;CO2_level;1075;False
S0011;2026-01-02 01:23:30;ventilation;0.546;False
S0004;2026-01-02 01:23:45;CO2_level;984;False
S0001;2026-01-02 01:23:45;temperature;14.871;False
S0010;2026-01-02 01:23:45;CO2_level;1056;False
S0011;2026-01-02 01:23:45;ventilation;0.321;False
S0005;2026-01-02 01:23:45;ventilation;0.234;False
S0007;2026-01-02 01:23:45;temperature;11.675;False
S0004;2026-01-02 01:24:00;CO2_level;887;False
S0009;2026-01-02 01:24:00;humidity;71.708;False
S0001;2026-01-02 01:24:00;temperature;10.145;False
S0011;2026-01-02 01:24:00;ventilation;0.256;True
S0003;2026-01-02 01:24:00;humidity;68.977;False
S0005;2026-01-02 01:24:00;ventilation;0.351;True
S0010;2026-01-02 01:24:00;CO2_level;750;False
S0007;2026-01-02 01:24:00;temperature;12.366;False
S0011;2026-01-02 01:24:15;ventilation;0.282;False
S0010;2026-01-02 01:24:15;CO2_level;835;False
S0001;2026-01-02 01:24:15;temperature;11.966;False
S0005;2026-01-02 01:24:15;ventilation;0.337;False
S0007;2026-01-02 01:24:15;temperature;11.477;False
S0004;2026-01-02 01:24:15;CO2_level;853;False
S0009;2026-01-02 01:24:30;humidity;70.868;False
S0007;2026-01-02 01:24:30;temperature;10.826;False
S0001;2026-01-02 01:24:30;temperature;13.958;False
S0005;2026-01-02 01:24:30;ventilation;0.507;False
S0010;2026-01-02 01:24:30;CO2_level;1070;False
S0004;2026-01-02 01:24:30;CO2_level;869;False
S0011;2026-01-02 01:24:30;ventilation;0.568;False
S0003;2026-01-02 01:24:30;humidity;73.642;False
S0001;2026-01-02 01:24:45;temperature;11.248;False
S0011;2026-01-02 01:24:45;ventilation;0.585;False
S0007;2026-01-02 01:24:45;temperature;13.027;False
S0010;2026-01-02 01:24:45;CO2_level;880;False
S0004;2026-01-02 01:24:45;CO2_level;1094;False
S0005;2026-01-02 01:24:45;ventilation;0.463;False
S0009;2026-01-02 01:25:00;humidity;74.657;False
S0001;2026-01-02 01:25:00;temperature;15.268;False
S0007;2026-01-02 01:25:00;temperature;12.739;False
S0005;2026-01-02 01:25:00;ventilation;0.25;True
S0011;2026-01-02 01:25:00;ventilation;0.513;False
S0004;2026-01-02 01:25:00;CO2_level;869;True
S0010;2026-01-02 01:25:00;CO2_level;726;False
S0003;2026-01-02 01:25:00;humidity;69.998;False
S0005;2026-01-02 01:25:15;ventilation;0.569;False
S0004;2026-01-02 01:25:15;CO2_level;905;False
S0011;2026-01-02 01:25:15;ventilation;0.292;False
S0007;2026-01-02 01:25:15;temperature;14.932;False
S0010;2026-01-02 01:25:15;CO2_level;814;False
S0001;2026-01-02 01:25:15;temperature;11.101;False
S0004;2026-01-02 01:25:30;CO2_level;773;False
S0007;2026-01-02 01:25:30;temperature;12.136;False
S0010;2026-01-02 01:25:30;CO2_level;null;True
S0001;2026-01-02 01:25:30;temperature;14.979;False
S0005;2026-01-02 01:25:30;ventilation;0.469;False
S0009;2026-01-02 01:25:30;humidity;67.107;False
S0011;2026-01-02 01:25:30;ventilation;0.437;False
S0003;2026-01-02 01:25:30;humidity;69.631;False
S0011;2026-01-02 01:25:45;ventilation;0.267;False
S0004;2026-01-02 01:25:45;CO2_level;1041;False
S0010;2026-01-02 01:25:45;CO2_level;898;False
S0005;2026-01-02 01:25:45;ventilation;0.465;False
S0007;2026-01-02 01:25:45;temperature;15.549;False
S0001;2026-01-02 01:25:45;temperature;14.39;False
S0004;2026-01-02 01:26:00;CO2_level;741;False
S0003;2026-01-02 01:26:00;humidity;72.543;False
S0011;2026-01-02 01:26:00;ventilation;0.488;False
S0010;2026-01-02 01:26:00;CO2_level;861;False
S0009;2026-01-02 01:26:00;humidity;71.066;False
S0007;2026-01-02 01:26:00;temperature;12.437;False
S0005;2026-01-02 01:26:00;ventilation;0.565;False
S0001;2026-01-02 01:26:00;temperature;10.568;False
S0004;2026-01-02 01:26:15;CO2_level;894;False
S0001;2026-01-02 01:26:15;temperature;14.787;False
S0010;2026-01-02 01:26:15;CO2_level;771;False
S0005;2026-01-02 01:26:15;ventilation;0.265;False
S0011;2026-01-02 01:26:15;ventilation;0.294;False
S0007;2026-01-02 01:26:15;temperature;10.482;False
S0011;2026-01-02 01:26:30;ventilation;0.524;False
S0007;2026-01-02 01:26:30;temperature;12.748;False
S0010;2026-01-02 01:26:30;CO2_level;809;False
S0009;2026-01-02 01:26:30;humidity;71.771;False
S0005;2026-01-02 01:26:30;ventilation;0.369;False
S0001;2026-01-02 01:26:30;temperature;10.758;False
S0004;2026-01-02 01:26:30;CO2_level;1086;False
S0003;2026-01-02 01:26:30;humidity;70.424;False
S0010;2026-01-02 01:26:45;CO2_level;866;False
S0005;2026-01-02 01:26:45;ventilation;0.222;False
S0001;2026-01-02 01:26:45;temperature;13.357;False
S0011;2026-01-02 01:26:45;ventilation;0.447;False
S0004;2026-01-02 01:26:45;CO2_level;916;False
S0007;2026-01-02 01:26:45;temperature;12.414;False
S0004;2026-01-02 01:27:00;CO2_level;939;False
S0001;2026-01-02 01:27:00;temperature;12.64;False
S0005;2026-01-02 01:27:00;ventilation;0.431;False
S0010;2026-01-02 01:27:00;CO2_level;717;False
S0007;2026-01-02 01:27:00;temperature;11.186;False
S0003;2026-01-02 01:27:00;humidity;65.267;True
S0011;2026-01-02 01:27:00;ventilation;0.559;False
S0009;2026-01-02 01:27:00;humidity;67.48;False
S0010;2026-01-02 01:27:15;CO2_level;897;False
S0011;2026-01-02 01:27:15;ventilation;0.41;False
S0007;2026-01-02 01:27:15;temperature;10.905;False
S0005;2026-01-02 01:27:15;ventilation;0.531;False
S0004;2026-01-02 01:27:15;CO2_level;879;False
S0001;2026-01-02 01:27:15;temperature;15.143;False
S0005;2026-01-02 01:27:30;ventilation;0.349;False
S0004;2026-01-02 01:27:30;CO2_level;872;False
S0009;2026-01-02 01:27:30;humidity;73.371;False
S0010;2026-01-02 01:27:30;CO2_level;1037;False
S0001;2026-01-02 01:27:30;temperature;11.543;False
S0003;2026-01-02 01:27:30;humidity;74.906;False
S0011;2026-01-02 01:27:30;ventilation;0.505;False
S0007;2026-01-02 01:27:30;temperature;12.635;False
S0007;2026-01-02 01:27:45;temperature;13.847;False
S0004;2026-01-02 01:27:45;CO2_level;997;False
S0011;2026-01-02 01:27:45;ventilation;null;True
S0001;2026-01-02 01:27:45;temperature;11.699;False
S0005;2026-01-02 01:27:45;ventilation;0.475;False
S0010;2026-01-02 01:27:45;CO2_level;744;False
S0011;2026-01-02 01:28:00;ventilation;0.599;False
S0007;2026-01-02 01:28:00;temperature;15.75;False
S0009;2026-01-02 01:28:00;humidity;74.767;False
S0005;2026-01-02 01:28:00;ventilation;0.403;False
S0010;2026-01-02 01:28:00;CO2_level;798;False
S0004;2026-01-02 01:28:00;CO2_level;937;False
S0003;2026-01-02 01:28:00;humidity;69.265;False
S0001;2026-01-02 01:28:00;temperature;15.102;False
S0007;2026-01-02 01:28:15;temperature;13.298;False
S0005;2026-01-02 01:28:15;ventilation;0.407;False
S0010;2026-01-02 01:28:15;CO2_level;813;False
S0011;2026-01-02 01:28:15;ventilation;0.505;True
S0004;2026-01-02 01:28:15;CO2_level;720;False
S0001;2026-01-02 01:28:15;temperature;10.461;False
S0009;2026-01-02 01:28:30;humidity;67.806;False
S0007;2026-01-02 01:28:30;temperature;10.463;False
S0004;2026-01-02 01:28:30;CO2_level;null;True
S0005;2026-01-02 01:28:30;ventilation;0.275;False
S0011;2026-01-02 01:28:30;ventilation;0.3;False
S0003;2026-01-02 01:28:30;humidity;73.869;False
S0010;2026-01-02 01:28:30;CO2_level;978;False
S0001;2026-01-02 01:28:30;temperature;12.544;False
S0005;2026-01-02 01:28:45;ventilation;0.315;False
S0007;2026-01-02 01:28:45;temperature;14.78;False
S0010;2026-01-02 01:28:45;CO2_level;873;False
S0011;2026-01-02 01:28:45;ventilation;0.399;False
S0004;2026-01-02 01:28:45;CO2_level;1035;False
S0001;2026-01-02 01:28:45;temperature;15.756;False
S0005;2026-01-02 01:29:00;ventilation;0.599;False
S0009;2026-01-02 01:29:00;humidity;73.269;False
S0003;2026-01-02 01:29:00;humidity;73.021;False
S0007;2026-01-02 01:29:00;temperature;15.851;False
S0001;2026-01-02 01:29:00;temperature;15.48;False
S0010;2026-01-02 01:29:00;CO2_level;707;True
S0004;2026-01-02 01:29:00;CO2_level;1072;False
S0011;2026-01-02 01:29:00;ventilation;0.598;False
S0001;2026-01-02 01:29:15;temperature;14.545;False
S0005;2026-01-02 01:29:15;ventilation;0.517;False
S0007;2026-01-02 01:29:15;temperature;15.345;False
S0004;2026-01-02 01:29:15;CO2_level;1034;False
S0010;2026-01-02 01:29:15;CO2_level;1065;False
S0011;2026-01-02 01:29:15;ventilation;0.201;False
S0011;2026-01-02 01:29:30;ventilation;0.497;False
S0009;2026-01-02 01:29:30;humidity;69.82;False
S0005;2026-01-02 01:29:30;ventilation;null;True
S0004;2026-01-02 01:29:30;CO2_level;1034;False
S0007;2026-01-02 01:29:30;temperature;10.63;False
S0003;2026-01-02 01:29:30;humidity;69.327;False
S0001;2026-01-02 01:29:30;temperature;12.95;False
S0010;2026-01-02 01:29:30;CO2_level;983;False
S0007;2026-01-02 01:29:45;temperature;15.623;False
S0005;2026-01-02 01:29:45;ventilation;0.519;False
S0010;2026-01-02 01:29:45;CO2_level;876;False
S0001;2026-01-02 01:29:45;temperature;14.102;False
S0004;2026-01-02 01:29:45;CO2_level;713;False
S0011;2026-01-02 01:29:45;ventilation;0.289;False
S0010;2026-01-02 01:30:00;CO2_level;1053;False
S0004;2026-01-02 01:30:00;CO2_level;741;False
S0003;2026-01-02 01:30:00;humidity;68.783;False
S0005;2026-01-02 01:30:00;ventilation;0.515;False
S0011;2026-01-02 01:30:00;ventilation;0.512;True
S0007;2026-01-02 01:30:00;temperature;10.106;False
S0001;2026-01-02 01:30:00;temperature;13.054;False
S0009;2026-01-02 01:30:00;humidity;69.781;False
S0005;2026-01-02 01:30:15;ventilation;0.36;False
S0011;2026-01-02 01:30:15;ventilation;0.461;False
S0007;2026-01-02 01:30:15;temperature;14.516;True
S0001;2026-01-02 01:30:15;temperature;10.541;False
S0004;2026-01-02 01:30:15;CO2_level;930;False
S0010;2026-01-02 01:30:15;CO2_level;913;False
S0001;2026-01-02 01:30:30;temperature;13.051;False
S0010;2026-01-02 01:30:30;CO2_level;874;False
S0004;2026-01-02 01:30:30;CO2_level;1080;False
S0003;2026-01-02 01:30:30;humidity;72.526;False
S0009;2026-01-02 01:30:30;humidity;71.875;False
S0005;2026-01-02 01:30:30;ventilation;0.378;False
S0007;2026-01-02 01:30:30;temperature;14.231;False
S0011;2026-01-02 01:30:30;ventilation;0.393;False
S0004;2026-01-02 01:30:45;CO2_level;874;False
S0010;2026-01-02 01:30:45;CO2_level;964;False
S0011;2026-01-02 01:30:45;ventilation;0.488;False
S0001;2026-01-02 01:30:45;temperature;13.563;False
S0007;2026-01-02 01:30:45;temperature;12.521;False
S0005;2026-01-02 01:30:45;ventilation;0.292;False
S0011;2026-01-02 01:31:00;ventilation;0.303;False
S0001;2026-01-02 01:31:00;temperature;12.274;False
S0009;2026-01-02 01:31:00;humidity;72.596;False
S0005;2026-01-02 01:31:00;ventilation;0.567;False
S0007;2026-01-02 01:31:00;temperature;12.536;False
S0010;2026-01-02 01:31:00;CO2_level;798;False
S0003;2026-01-02 01:31:00;humidity;65.104;False
S0004;2026-01-02 01:31:00;CO2_level;1066;False
S0001;2026-01-02 01:31:15;temperature;11.7;True
S0010;2026-01-02 01:31:15;CO2_level;920;True
S0007;2026-01-02 01:31:15;temperature;13.517;False
S0005;2026-01-02 01:31:15;ventilation;0.568;False
S0011;2026-01-02 01:31:15;ventilation;0.311;False
S0004;2026-01-02 01:31:15;CO2_level;894;False
S0004;2026-01-02 01:31:30;CO2_level;715;False
S0003;2026-01-02 01:31:30;humidity;66.592;False
S0010;2026-01-02 01:31:30;CO2_level;731;False
S0001;2026-01-02 01:31:30;temperature;13.122;False
S0011;2026-01-02 01:31:30;ventilation;0.346;False
S0005;2026-01-02 01:31:30;ventilation;0.203;False
S0009;2026-01-02 01:31:30;humidity;68.008;False
S0007;2026-01-02 01:31:30;temperature;10.801;False
S0011;2026-01-02 01:31:45;ventilation;0.361;False
S0007;2026-01-02 01:31:45;temperature;12.881;False
S0010;2026-01-02 01:31:45;CO2_level;845;False
S0001;2026-01-02 01:31:45;temperature;15.154;False
S0004;2026-01-02 01:31:45;CO2_level;998;False
S0005;2026-01-02 01:31:45;ventilation;0.555;False
S0004;2026-01-02 01:32:00;CO2_level;940;False
S0003;2026-01-02 01:32:00;humidity;66.794;False
S0011;2026-01-02 01:32:00;ventilation;0.297;False
S0001;2026-01-02 01:32:00;temperature;14.485;False
S0005;2026-01-02 01:32:00;ventilation;0.522;False
S0009;2026-01-02 01:32:00;humidity;71.045;False
S0007;2026-01-02 01:32:00;temperature;11.288;False
S0010;2026-01-02 01:32:00;CO2_level;706;False
S0005;2026-01-02 01:32:15;ventilation;0.244;False
S0004;2026-01-02 01:32:15;CO2_level;855;False
S0010;2026-01-02 01:32:15;CO2_level;1069;False
S0011;2026-01-02 01:32:15;ventilation;0.226;False
S0001;2026-01-02 01:32:15;temperature;13.279;False
S0007;2026-01-02 01:32:15;temperature;12.754;False
S0010;2026-01-02 01:32:30;CO2_level;1043;False
S0003;2026-01-02 01:32:30;humidity;71.863;False
S0004;2026-01-02 01:32:30;CO2_level;1060;False
S0005;2026-01-02 01:32:30;ventilation;0.325;False
S0001;2026-01-02 01:32:30;temperature;11.379;False
S0009;2026-01-02 01:32:30;humidity;66.386;False
S0007;2026-01-02 01:32:30;temperature;12.3;True
S0011;2026-01-02 01:32:30;ventilation;0.445;False
S0011;2026-01-02 01:32:45;ventilation;0.289;False
S0010;2026-01-02 01:32:45;CO2_level;1033;False
S0001;2026-01-02 01:32:45;temperature;14.451;False
S0007;2026-01-02 01:32:45;temperature;14.225;True
S0004;2026-01-02 01:32:45;CO2_level;1075;False
S0005;2026-01-02 01:32:45;ventilation;0.228;False
S0009;2026-01-02 01:33:00;humidity;69.055;False
S0001;2026-01-02 01:33:00;temperature;15.035;False
S0003;2026-01-02 01:33:00;humidity;72.626;False
S0011;2026-01-02 01:33:00;ventilation;0.38;False
S0007;2026-01-02 01:33:00;temperature;15.297;False
S0010;2026-01-02 01:33:00;CO2_level;740;False
S0005;2026-01-02 01:33:00;ventilation;0.544;False
S0004;2026-01-02 01:33:00;CO2_level;1058;True
S0011;2026-01-02 01:33:15;ventilation;0.318;False
S0004;2026-01-02 01:33:15;CO2_level;962;False
S0007;2026-01-02 01:33:15;temperature;10.16;False
S0010;2026-01-02 01:33:15;CO2_level;999;False
S0001;2026-01-02 01:33:15;temperature;14.983;False
S0005;2026-01-02 01:33:15;ventilation;0.298;False
S0011;2026-01-02 01:33:30;ventilation;0.341;False
S0010;2026-01-02 01:33:30;CO2_level;815;False
S0003;2026-01-02 01:33:30;humidity;71.793;False
S0005;2026-01-02 01:33:30;ventilation;0.459;False
S0009;2026-01-02 01:33:30;humidity;74.868;False
S0001;2026-01-02 01:33:30;temperature;12.971;False
S0007;2026-01-02 01:33:30;temperature;12.403;False
S0004;2026-01-02 01:33:30;CO2_level;924;False
S0005;2026-01-02 01:33:45;ventilation;0.288;False
S0007;2026-01-02 01:33:45;temperature;12.109;False
S0010;2026-01-02 01:33:45;CO2_level;976;False
S0001;2026-01-02 01:33:45;temperature;10.69;False
S0011;2026-01-02 01:33:45;ventilation;0.581;False
S0004;2026-01-02 01:33:45;CO2_level;861;False
S0005;2026-01-02 01:34:00;ventilation;0.47;False
S0001;2026-01-02 01:34:00;temperature;15.32;False
S0011;2026-01-02 01:34:00;ventilation;0.245;False
S0010;2026-01-02 01:34:00;CO2_level;1058;False
S0003;2026-01-02 01:34:00;humidity;72.229;False
S0004;2026-01-02 01:34:00;CO2_level;882;True
S0009;2026-01-02 01:34:00;humidity;70.438;False
S0007;2026-01-02 01:34:00;temperature;12.593;False
S0001;2026-01-02 01:34:15;temperature;12.361;False
S0005;2026-01-02 01:34:15;ventilation;0.413;False
S0004;2026-01-02 01:34:15;CO2_level;877;False
S0010;2026-01-02 01:34:15;CO2_level;822;False
S0011;2026-01-02 01:34:15;ventilation;0.299;False
S0007;2026-01-02 01:34:15;temperature;15.511;False
S0011;2026-01-02 01:34:30;ventilation;0.221;False
S0001;2026-01-02 01:34:30;temperature;11.992;False
S0009;2026-01-02 01:34:30;humidity;72.375;False
S0003;2026-01-02 01:34:30;humidity;67.368;False
S0010;2026-01-02 01:34:30;CO2_level;1093;False
S0004;2026-01-02 01:34:30;CO2_level;959;False
S0005;2026-01-02 01:34:30;ventilation;0.356;False
S0007;2026-01-02 01:34:30;temperature;12.724;False
S0010;2026-01-02 01:34:45;CO2_level;924;False
S0011;2026-01-02 01:34:45;ventilation;0.238;False
S0004;2026-01-02 01:34:45;CO2_level;1068;False
S0001;2026-01-02 01:34:45;temperature;10.502;False
S0005;2026-01-02 01:34:45;ventilation;0.245;False
S0007;2026-01-02 01:34:45;temperature;12.575;False
S0011;2026-01-02 01:35:00;ventilation;0.42;False
S0005;2026-01-02 01:35:00;ventilation;0.33;False
S0001;2026-01-02 01:35:00;temperature;null;True
S0009;2026-01-02 01:35:00;humidity;70.849;True
S0007;2026-01-02 01:35:00;temperature;11.917;False
S0004;2026-01-02 01:35:00;CO2_level;793;False
S0003;2026-01-02 01:35:00;humidity;71.525;False
S0010;2026-01-02 01:35:00;CO2_level;1056;False
S0010;2026-01-02 01:35:15;CO2_level;802;False
S0005;2026-01-02 01:35:15;ventilation;0.31;False
S0001;2026-01-02 01:35:15;temperature;13.94;False
S0011;2026-01-02 01:35:15;ventilation;0.35;False
S0007;2026-01-02 01:35:15;temperature;11.95;False
S0004;2026-01-02 01:35:15;CO2_level;907;False
S0001;2026-01-02 01:35:30;temperature;11.424;False
S0004;2026-01-02 01:35:30;CO2_level;1044;False
S0003;2026-01-02 01:35:30;humidity;74.973;False
S0005;2026-01-02 01:35:30;ventilation;0.463;True
S0010;2026-01-02 01:35:30;CO2_level;902;False
S0009;2026-01-02 01:35:30;humidity;70.417;False
S0011;2026-01-02 01:35:30;ventilation;0.415;False
S0007;2026-01-02 01:35:30;temperature;11.657;False
S0004;2026-01-02 01:35:45;CO2_level;null;True
S0011;2026-01-02 01:35:45;ventilation;0.375;False
S0001;2026-01-02 01:35:45;temperature;12.776;False
S0010;2026-01-02 01:35:45;CO2_level;706;False
S0007;2026-01-02 01:35:45;temperature;14.342;False
S0005;2026-01-02 01:35:45;ventilation;0.258;False
S0011;2026-01-02 01:36:00;ventilation;0.244;False
S0003;2026-01-02 01:36:00;humidity;65.344;False
S0001;2026-01-02 01:36:00;temperature;10.827;False
S0004;2026-01-02 01:36:00;CO2_level;872;False
S0010;2026-01-02 01:36:00;CO2_level;1081;False
S0007;2026-01-02 01:36:00;temperature;14.233;False
S0005;2026-01-02 01:36:00;ventilation;0.204;False
S0009;2026-01-02 01:36:00;humidity;73.062;False
S0010;2026-01-02 01:36:15;CO2_level;793;False
S0005;2026-01-02 01:36:15;ventilation;0.5;False
S0007;2026-01-02 01:36:15;temperature;13.151;False
S0001;2026-01-02 01:36:15;temperature;11.955;False
S0011;2026-01-02 01:36:15;ventilation;0.423;False
S0004;2026-01-02 01:36:15;CO2_level;885;False
S0005;2026-01-02 01:36:30;ventilation;0.295;False
S0001;2026-01-02 01:36:30;temperature;10.448;False
S0010;2026-01-02 01:36:30;CO2_level;856;False
S0003;2026-01-02 01:36:30;humidity;65.373;False
S0007;2026-01-02 01:36:30;temperature;12.051;False
S0011;2026-01-02 01:36:30;ventilation;0.545;False
S0009;2026-01-02 01:36:30;humidity;74.543;False
S0004;2026-01-02 01:36:30;CO2_level;703;False
S0001;2026-01-02 01:36:45;temperature;10.112;False
S0011;2026-01-02 01:36:45;ventilation;0.423;False
S0005;2026-01-02 01:36:45;ventilation;0.398;False
S0007;2026-01-02 01:36:45;temperature;13.848;False
S0004;2026-01-02 01:36:45;CO2_level;980;False
S0010;2026-01-02 01:36:45;CO2_level;891;False
S0004;2026-01-02 01:37:00;CO2_level;999;False
S0003;2026-01-02 01:37:00;humidity;72.195;False
S0005;2026-01-02 01:37:00;ventilation;0.48;False
S0001;2026-01-02 01:37:00;temperature;14.76;False
S0011;2026-01-02 01:37:00;ventilation;0.272;False
S0009;2026-01-02 01:37:00;humidity;67.829;False
S0007;2026-01-02 01:37:00;temperature;14.819;False
S0010;2026-01-02 01:37:00;CO2_level;1057;False
S0001;2026-01-02 01:37:15;temperature;10.7;False
S0005;2026-01-02 01:37:15;ventilation;0.553;False
S0007;2026-01-02 01:37:15;temperature;12.38;False
S0010;2026-01-02 01:37:15;CO2_level;725;False
S0011;2026-01-02 01:37:15;ventilation;0.254;False
S0004;2026-01-02 01:37:15;CO2_level;901;False
S0004;2026-01-02 01:37:30;CO2_level;764;False
S0011;2026-01-02 01:37:30;ventilation;0.392;False
S0010;2026-01-02 01:37:30;CO2_level;707;False
S0003;2026-01-02 01:37:30;humidity;69.78;False
S0001;2026-01-02 01:37:30;temperature;12.797;False
S0009;2026-01-02 01:37:30;humidity;71.927;False
S0005;2026-01-02 01:37:30;ventilation;0.331;False
S0007;2026-01-02 01:37:30;temperature;15.342;False
S0010;2026-01-02 01:37:45;CO2_level;840;False
S0005;2026-01-02 01:37:45;ventilation;0.294;False
S0004;2026-01-02 01:37:45;CO2_level;817;False
S0011;2026-01-02 01:37:45;ventilation;0.444;False
S0007;2026-01-02 01:37:45;temperature;13.208;False
S0001;2026-01-02 01:37:45;temperature;null;True
S0007;2026-01-02 01:38:00;temperature;13.619;True
S0011;2026-01-02 01:38:00;ventilation;0.287;False
S0009;2026-01-02 01:38:00;humidity;65.334;False
S0010;2026-01-02 01:38:00;CO2_level;923;False
S0001;2026-01-02 01:38:00;temperature;15.569;False
S0005;2026-01-02 01:38:00;ventilation;0.557;False
S0004;2026-01-02 01:38:00;CO2_level;1024;False
S0003;2026-01-02 01:38:00;humidity;67.243;False
S0005;2026-01-02 01:38:15;ventilation;0.59;False
S0011;2026-01-02 01:38:15;ventilation;0.302;False
S0004;2026-01-02 01:38:15;CO2_level;780;False
S0001;2026-01-02 01:38:15;temperature;13.068;False
S0010;2026-01-02 01:38:15;CO2_level;1062;False
S0007;2026-01-02 01:38:15;temperature;15.931;False
S0003;2026-01-02 01:38:30;humidity;66.528;False
S0011;2026-01-02 01:38:30;ventilation;0.226;True
S0005;2026-01-02 01:38:30;ventilation;0.451;False
S0009;2026-01-02 01:38:30;humidity;66.157;False
S0004;2026-01-02 01:38:30;CO2_level;1025;False
S0007;2026-01-02 01:38:30;temperature;10.488;False
S0010;2026-01-02 01:38:30;CO2_level;1054;False
S0001;2026-01-02 01:38:30;temperature;13.132;False
S0011;2026-01-02 01:38:45;ventilation;0.533;False
S0007;2026-01-02 01:38:45;temperature;null;True
S0010;2026-01-02 01:38:45;CO2_level;942;False
S0004;2026-01-02 01:38:45;CO2_level;934;False
S0001;2026-01-02 01:38:45;temperature;12.479;False
S0005;2026-01-02 01:38:45;ventilation;0.284;False
S0003;2026-01-02 01:39:00;humidity;68.943;False
S0009;2026-01-02 01:39:00;humidity;70.462;False
S0001;2026-01-02 01:39:00;temperature;14.223;False
S0010;2026-01-02 01:39:00;CO2_level;750;False
S0007;2026-01-02 01:39:00;temperature;13.552;False
S0004;2026-01-02 01:39:00;CO2_level;821;False
S0005;2026-01-02 01:39:00;ventilation;0.448;False
S0011;2026-01-02 01:39:00;ventilation;0.56;False
S0010;2026-01-02 01:39:15;CO2_level;941;False
S0007;2026-01-02 01:39:15;temperature;10.127;False
S0005;2026-01-02 01:39:15;ventilation;0.322;False
S0011;2026-01-02 01:39:15;ventilation;0.456;False
S0001;2026-01-02 01:39:15;temperature;14.685;False
S0004;2026-01-02 01:39:15;CO2_level;1079;False
S0010;2026-01-02 01:39:30;CO2_level;793;False
S0003;2026-01-02 01:39:30;humidity;66.888;True
S0007;2026-01-02 01:39:30;temperature;13.487;False
S0009;2026-01-02 01:39:30;humidity;70.505;False
S0004;2026-01-02 01:39:30;CO2_level;1079;False
S0011;2026-01-02 01:39:30;ventilation;0.291;False
S0005;2026-01-02 01:39:30;ventilation;0.577;False
S0001;2026-01-02 01:39:30;temperature;15.362;False
S0010;2026-01-02 01:39:45;CO2_level;726;False
S0011;2026-01-02 01:39:45;ventilation;0.559;False
S0007;2026-01-02 01:39:45;temperature;12.912;True
S0005;2026-01-02 01:39:45;ventilation;0.343;False
S0004;2026-01-02 01:39:45;CO2_level;1099;False
S0001;2026-01-02 01:39:45;temperature;13.421;False
S0007;2026-01-02 01:40:00;temperature;12.523;False
S0010;2026-01-02 01:40:00;CO2_level;1013;False
S0005;2026-01-02 01:40:00;ventilation;0.384;False
S0004;2026-01-02 01:40:00;CO2_level;null;True
S0009;2026-01-02 01:40:00;humidity;67.163;True
S0003;2026-01-02 01:40:00;humidity;71.252;False
S0001;2026-01-02 01:40:00;temperature;15.083;False
S0011;2026-01-02 01:40:00;ventilation;0.326;True
S0001;2026-01-02 01:40:15;temperature;12.464;False
S0010;2026-01-02 01:40:15;CO2_level;780;False
S0011;2026-01-02 01:40:15;ventilation;0.518;False
S0007;2026-01-02 01:40:15;temperature;14.448;False
S0005;2026-01-02 01:40:15;ventilation;0.222;False
S0004;2026-01-02 01:40:15;CO2_level;948;False
S0009;2026-01-02 01:40:30;humidity;69.254;False
S0011;2026-01-02 01:40:30;ventilation;0.547;False
S0007;2026-01-02 01:40:30;temperature;12.973;False
S0005;2026-01-02 01:40:30;ventilation;0.267;False
S0004;2026-01-02 01:40:30;CO2_level;763;False
S0001;2026-01-02 01:40:30;temperature;12.425;False
S0010;2026-01-02 01:40:30;CO2_level;996;False
S0003;2026-01-02 01:40:30;humidity;73.354;True
S0004;2026-01-02 01:40:45;CO2_level;769;False
S0005;2026-01-02 01:40:45;ventilation;0.231;False
S0007;2026-01-02 01:40:45;temperature;12.059;False
S0001;2026-01-02 01:40:45;temperature;null;True
S0010;2026-01-02 01:40:45;CO2_level;888;False
S0011;2026-01-02 01:40:45;ventilation;0.542;False
S0001;2026-01-02 01:41:00;temperature;14.759;False
S0010;2026-01-02 01:41:00;CO2_level;1091;False
S0009;2026-01-02 01:41:00;humidity;71.618;True
S0005;2026-01-02 01:41:00;ventilation;0.417;False
S0007;2026-01-02 01:41:00;temperature;13.393;True
S0004;2026-01-02 01:41:00;CO2_level;1081;False
S0011;2026-01-02 01:41:00;ventilation;0.271;False
S0003;2026-01-02 01:41:00;humidity;74.302;False
S0004;2026-01-02 01:41:15;CO2_level;995;False
S0011;2026-01-02 01:41:15;ventilation;0.557;False
S0001;2026-01-02 01:41:15;temperature;14.172;False
S0007;2026-01-02 01:41:15;temperature;15.55;False
S0005;2026-01-02 01:41:15;ventilation;0.366;True
S0010;2026-01-02 01:41:15;CO2_level;992;True
S0009;2026-01-02 01:41:30;humidity;69.581;False
S0004;2026-01-02 01:41:30;CO2_level;969;False
S0003;2026-01-02 01:41:30;humidity;66.425;False
S0007;2026-01-02 01:41:30;temperature;15.549;False
S0001;2026-01-02 01:41:30;temperature;13.255;False
S0005;2026-01-02 01:41:30;ventilation;0.231;False
S0010;2026-01-02 01:41:30;CO2_level;910;False
S0011;2026-01-02 01:41:30;ventilation;0.455;False
S0004;2026-01-02 01:41:45;CO2_level;817;False
S0007;2026-01-02 01:41:45;temperature;11.16;False
S0005;2026-01-02 01:41:45;ventilation;0.497;False
S0010;2026-01-02 01:41:45;CO2_level;1036;False
S0011;2026-01-02 01:41:45;ventilation;0.247;False
S0001;2026-01-02 01:41:45;temperature;null;True
S0001;2026-01-02 01:42:00;temperature;15.337;False
S0003;2026-01-02 01:42:00;humidity;65.834;False
S0005;2026-01-02 01:42:00;ventilation;0.584;False
S0010;2026-01-02 01:42:00;CO2_level;843;False
S0011;2026-01-02 01:42:00;ventilation;0.518;False
S0009;2026-01-02 01:42:00;humidity;68.139;True
S0007;2026-01-02 01:42:00;temperature;10.155;False
S0004;2026-01-02 01:42:00;CO2_level;774;False
S0011;2026-01-02 01:42:15;ventilation;0.425;False
S0007;2026-01-02 01:42:15;temperature;14.191;False
S0004;2026-01-02 01:42:15;CO2_level;733;False
S0001;2026-01-02 01:42:15;temperature;14.349;False
S0010;2026-01-02 01:42:15;CO2_level;865;False
S0005;2026-01-02 01:42:15;ventilation;0.42;False
S0007;2026-01-02 01:42:30;temperature;13.782;False
S0010;2026-01-02 01:42:30;CO2_level;766;False
S0009;2026-01-02 01:42:30;humidity;73.803;False
S0011;2026-01-02 01:42:30;ventilation;0.233;False
S0005;2026-01-02 01:42:30;ventilation;0.418;False
S0004;2026-01-02 01:42:30;CO2_level;1031;False
S0003;2026-01-02 01:42:30;humidity;67.857;False
S0001;2026-01-02 01:42:30;temperature;10.225;False
S0001;2026-01-02 01:42:45;temperature;12.749;True
S0004;2026-01-02 01:42:45;CO2_level;777;False
S0010;2026-01-02 01:42:45;CO2_level;723;False
S0007;2026-01-02 01:42:45;temperature;11.667;False
S0005;2026-01-02 01:42:45;ventilation;0.389;False
S0011;2026-01-02 01:42:45;ventilation;0.555;False
S0003;2026-01-02 01:43:00;humidity;69.956;False
S0005;2026-01-02 01:43:00;ventilation;0.201;False
S0010;2026-01-02 01:43:00;CO2_level;1056;False
S0007;2026-01-02 01:43:00;temperature;14.542;True
S0009;2026-01-02 01:43:00;humidity;71.57;False
S0001;2026-01-02 01:43:00;temperature;15.035;False
S0004;2026-01-02 01:43:00;CO2_level;945;False
S0011;2026-01-02 01:43:00;ventilation;0.591;False
S0011;2026-01-02 01:43:15;ventilation;0.372;False
S0001;2026-01-02 01:43:15;temperature;12.069;True
S0005;2026-01-02 01:43:15;ventilation;0.203;False
S0004;2026-01-02 01:43:15;CO2_level;1050;False
S0010;2026-01-02 01:43:15;CO2_level;769;False
S0007;2026-01-02 01:43:15;temperature;14.173;False
S0007;2026-01-02 01:43:30;temperature;null;True
S0004;2026-01-02 01:43:30;CO2_level;null;True
S0003;2026-01-02 01:43:30;humidity;66.387;False
S0001;2026-01-02 01:43:30;temperature;12.783;False
S0010;2026-01-02 01:43:30;CO2_level;985;False
S0009;2026-01-02 01:43:30;humidity;71.818;False
S0011;2026-01-02 01:43:30;ventilation;0.329;False
S0005;2026-01-02 01:43:30;ventilation;0.244;False
S0007;2026-01-02 01:43:45;temperature;15.842;False
S0001;2026-01-02 01:43:45;temperature;10.327;False
S0004;2026-01-02 01:43:45;CO2_level;1024;False
S0011;2026-01-02 01:43:45;ventilation;null;True
S0010;2026-01-02 01:43:45;CO2_level;870;False
S0005;2026-01-02 01:43:45;ventilation;0.355;False
S0001;2026-01-02 01:44:00;temperature;12.155;False
S0010;2026-01-02 01:44:00;CO2_level;749;False
S0009;2026-01-02 01:44:00;humidity;65.69;False
S0011;2026-01-02 01:44:00;ventilation;0.367;False
S0007;2026-01-02 01:44:00;temperature;13.568;False
S0004;2026-01-02 01:44:00;CO2_level;871;False
S0005;2026-01-02 01:44:00;ventilation;0.515;False
S0003;2026-01-02 01:44:00;humidity;73.118;False
S0010;2026-01-02 01:44:15;CO2_level;937;False
S0001;2026-01-02 01:44:15;temperature;10.342;False
S0007;2026-01-02 01:44:15;temperature;10.371;False
S0011;2026-01-02 01:44:15;ventilation;0.306;False
S0004;2026-01-02 01:44:15;CO2_level;841;False
S0005;2026-01-02 01:44:15;ventilation;0.412;False
S0005;2026-01-02 01:44:30;ventilation;0.495;True
S0003;2026-01-02 01:44:30;humidity;67.123;False
S0010;2026-01-02 01:44:30;CO2_level;965;False
S0001;2026-01-02 01:44:30;temperature;14.541;False
S0009;2026-01-02 01:44:30;humidity;66.641;False
S0004;2026-01-02 01:44:30;CO2_level;1053;False
S0007;2026-01-02 01:44:30;temperature;15.582;False
S0011;2026-01-02 01:44:30;ventilation;0.569;False
S0011;2026-01-02 01:44:45;ventilation;0.488;False
S0001;2026-01-02 01:44:45;temperature;12.6;False
S0010;2026-01-02 01:44:45;CO2_level;810;False
S0004;2026-01-02 01:44:45;CO2_level;956;False
S0007;2026-01-02 01:44:45;temperature;11.682;False
S0005;2026-01-02 01:44:45;ventilation;0.499;False
S0004;2026-01-02 01:45:00;CO2_level;848;False
S0007;2026-01-02 01:45:00;temperature;10.198;False
S0009;2026-01-02 01:45:00;humidity;69.476;False
S0011;2026-01-02 01:45:00;ventilation;0.205;False
S0001;2026-01-02 01:45:00;temperature;12.53;False
S0005;2026-01-02 01:45:00;ventilation;0.359;False
S0003;2026-01-02 01:45:00;humidity;68.843;False
S0010;2026-01-02 01:45:00;CO2_level;839;False
S0004;2026-01-02 01:45:15;CO2_level;991;False
S0001;2026-01-02 01:45:15;temperature;11.159;False
S0011;2026-01-02 01:45:15;ventilation;0.524;True
S0010;2026-01-02 01:45:15;CO2_level;1018;False
S0005;2026-01-02 01:45:15;ventilation;0.592;False
S0007;2026-01-02 01:45:15;temperature;14.677;False
S0009;2026-01-02 01:45:30;humidity;73.535;False
S0003;2026-01-02 01:45:30;humidity;65.255;False
S0010;2026-01-02 01:45:30;CO2_level;763;False
S0005;2026-01-02 01:45:30;ventilation;0.372;False
S0004;2026-01-02 01:45:30;CO2_level;869;False
S0001;2026-01-02 01:45:30;temperature;14.219;False
S0011;2026-01-02 01:45:30;ventilation;0.405;False
S0007;2026-01-02 01:45:30;temperature;10.531;False
S0004;2026-01-02 01:45:45;CO2_level;903;False
S0001;2026-01-02 01:45:45;temperature;13.511;False
S0011;2026-01-02 01:45:45;ventilation;0.379;False
S0007;2026-01-02 01:45:45;temperature;13.484;False
S0010;2026-01-02 01:45:45;CO2_level;837;False
S0005;2026-01-02 01:45:45;ventilation;0.236;False
S0007;2026-01-02 01:46:00;temperature;10.223;False
S0003;2026-01-02 01:46:00;humidity;73.346;False
S0011;2026-01-02 01:46:00;ventilation;0.383;False
S0005;2026-01-02 01:46:00;ventilation;0.448;False
S0004;2026-01-02 01:46:00;CO2_level;839;False
S0001;2026-01-02 01:46:00;temperature;13.764;False
S0010;2026-01-02 01:46:00;CO2_level;1050;True
S0009;2026-01-02 01:46:00;humidity;71.68;False
S0011;2026-01-02 01:46:15;ventilation;0.32;False
S0005;2026-01-02 01:46:15;ventilation;0.485;False
S0004;2026-01-02 01:46:15;CO2_level;824;False
S0010;2026-01-02 01:46:15;CO2_level;734;True
S0007;2026-01-02 01:46:15;temperature;13.005;False
S0001;2026-01-02 01:46:15;temperature;11.323;False
S0009;2026-01-02 01:46:30;humidity;71.174;False
S0005;2026-01-02 01:46:30;ventilation;0.467;False
S0011;2026-01-02 01:46:30;ventilation;0.328;False
S0010;2026-01-02 01:46:30;CO2_level;978;False
S0001;2026-01-02 01:46:30;temperature;15.047;False
S0004;2026-01-02 01:46:30;CO2_level;789;False
S0007;2026-01-02 01:46:30;temperature;11.389;False
S0003;2026-01-02 01:46:30;humidity;74.773;False
S0001;2026-01-02 01:46:45;temperature;14.644;True
S0007;2026-01-02 01:46:45;temperature;15.084;False
S0005;2026-01-02 01:46:45;ventilation;0.251;False
S0004;2026-01-02 01:46:45;CO2_level;889;False
S0010;2026-01-02 01:46:45;CO2_level;1039;False
S0011;2026-01-02 01:46:45;ventilation;0.403;False
S0010;2026-01-02 01:47:00;CO2_level;1008;False
S0001;2026-01-02 01:47:00;temperature;12.088;False
S0011;2026-01-02 01:47:00;ventilation;0.382;False
S0009;2026-01-02 01:47:00;humidity;71.996;False
S0003;2026-01-02 01:47:00;humidity;66.079;False
S0005;2026-01-02 01:47:00;ventilation;0.369;False
S0004;2026-01-02 01:47:00;CO2_level;892;False
S0007;2026-01-02 01:47:00;temperature;13.668;False
S0001;2026-01-02 01:47:15;temperature;15.828;False
S0007;2026-01-02 01:47:15;temperature;10.499;False
S0010;2026-01-02 01:47:15;CO2_level;866;False
S0011;2026-01-02 01:47:15;ventilation;0.263;False
S0005;2026-01-02 01:47:15;ventilation;0.395;False
S0004;2026-01-02 01:47:15;CO2_level;869;False
S0010;2026-01-02 01:47:30;CO2_level;953;False
S0004;2026-01-02 01:47:30;CO2_level;null;True
S0007;2026-01-02 01:47:30;temperature;13.449;False
S0003;2026-01-02 01:47:30;humidity;71.756;False
S0009;2026-01-02 01:47:30;humidity;74.429;False
S0005;2026-01-02 01:47:30;ventilation;0.501;False
S0011;2026-01-02 01:47:30;ventilation;0.354;False
S0001;2026-01-02 01:47:30;temperature;14.316;False
S0004;2026-01-02 01:47:45;CO2_level;759;False
S0001;2026-01-02 01:47:45;temperature;15.258;False
S0005;2026-01-02 01:47:45;ventilation;0.562;False
S0011;2026-01-02 01:47:45;ventilation;0.238;False
S0007;2026-01-02 01:47:45;temperature;13.996;False
S0010;2026-01-02 01:47:45;CO2_level;917;False
S0004;2026-01-02 01:48:00;CO2_level;775;False
S0001;2026-01-02 01:48:00;temperature;11.079;False
S0010;2026-01-02 01:48:00;CO2_level;752;False
S0005;2026-01-02 01:48:00;ventilation;0.476;True
S0007;2026-01-02 01:48:00;temperature;12.866;False
S0009;2026-01-02 01:48:00;humidity;73.378;False
S0003;2026-01-02 01:48:00;humidity;67.955;False
S0011;2026-01-02 01:48:00;ventilation;0.333;False
S0001;2026-01-02 01:48:15;temperature;14.686;False
S0010;2026-01-02 01:48:15;CO2_level;796;False
S0007;2026-01-02 01:48:15;temperature;10.225;False
S0005;2026-01-02 01:48:15;ventilation;0.37;False
S0004;2026-01-02 01:48:15;CO2_level;1025;False
S0011;2026-01-02 01:48:15;ventilation;0.287;False
S0004;2026-01-02 01:48:30;CO2_level;988;False
S0001;2026-01-02 01:48:30;temperature;10.918;False
S0007;2026-01-02 01:48:30;temperature;14.776;False
S0010;2026-01-02 01:48:30;CO2_level;780;False
S0011;2026-01-02 01:48:30;ventilation;0.415;False
S0009;2026-01-02 01:48:30;humidity;72.067;False
S0005;2026-01-02 01:48:30;ventilation;0.378;False
S0003;2026-01-02 01:48:30;humidity;66.412;False
S0007;2026-01-02 01:48:45;temperature;13.405;False
S0010;2026-01-02 01:48:45;CO2_level;1091;False
S0011;2026-01-02 01:48:45;ventilation;0.22;False
S0005;2026-01-02 01:48:45;ventilation;0.438;False
S0004;2026-01-02 01:48:45;CO2_level;739;False
S0001;2026-01-02 01:48:45;temperature;11.768;False
S0003;2026-01-02 01:49:00;humidity;73.91;False
S0010;2026-01-02 01:49:00;CO2_level;989;False
S0005;2026-01-02 01:49:00;ventilation;0.416;False
S0009;2026-01-02 01:49:00;humidity;null;True
S0004;2026-01-02 01:49:00;CO2_level;840;False
S0011;2026-01-02 01:49:00;ventilation;0.275;False
S0007;2026-01-02 01:49:00;temperature;10.088;False
S0001;2026-01-02 01:49:00;temperature;10.35;False
S0010;2026-01-02 01:49:15;CO2_level;1075;False
S0004;2026-01-02 01:49:15;CO2_level;864;False
S0007;2026-01-02 01:49:15;temperature;15.967;False
S0005;2026-01-02 01:49:15;ventilation;0.299;False
S0001;2026-01-02 01:49:15;temperature;12.846;False
S0011;2026-01-02 01:49:15;ventilation;0.44;False
S0010;2026-01-02 01:49:30;CO2_level;847;False
S0007;2026-01-02 01:49:30;temperature;12.519;False
S0004;2026-01-02 01:49:30;CO2_level;973;False
S0009;2026-01-02 01:49:30;humidity;72.788;False
S0001;2026-01-02 01:49:30;temperature;12.865;False
S0003;2026-01-02 01:49:30;humidity;71.842;False
S0011;2026-01-02 01:49:30;ventilation;0.26;False
S0005;2026-01-02 01:49:30;ventilation;0.264;False
S0005;2026-01-02 01:49:45;ventilation;0.495;False
S0001;2026-01-02 01:49:45;temperature;14.886;False
S0004;2026-01-02 01:49:45;CO2_level;769;False
S0010;2026-01-02 01:49:45;CO2_level;944;False
S0011;2026-01-02 01:49:45;ventilation;0.55;False
S0007;2026-01-02 01:49:45;temperature;13.564;False
S0007;2026-01-02 01:50:00;temperature;14.285;False
S0004;2026-01-02 01:50:00;CO2_level;878;False
S0005;2026-01-02 01:50:00;ventilation;0.227;False
S0010;2026-01-02 01:50:00;CO2_level;774;False
S0001;2026-01-02 01:50:00;temperature;15.305;False
S0011;2026-01-02 01:50:00;ventilation;0.562;False
S0009;2026-01-02 01:50:00;humidity;73.148;False
S0003;2026-01-02 01:50:00;humidity;73.331;False
S0004;2026-01-02 01:50:15;CO2_level;765;False
S0010;2026-01-02 01:50:15;CO2_level;963;False
S0001;2026-01-02 01:50:15;temperature;12.008;False
S0005;2026-01-02 01:50:15;ventilation;0.346;False
S0007;2026-01-02 01:50:15;temperature;15.567;False
S0011;2026-01-02 01:50:15;ventilation;null;True
S0010;2026-01-02 01:50:30;CO2_level;727;False
S0004;2026-01-02 01:50:30;CO2_level;1094;False
S0009;2026-01-02 01:50:30;humidity;72.116;False
S0003;2026-01-02 01:50:30;humidity;70.972;False
S0005;2026-01-02 01:50:30;ventilation;0.551;False
S0011;2026-01-02 01:50:30;ventilation;0.572;False
S0001;2026-01-02 01:50:30;temperature;13.832;False
S0007;2026-01-02 01:50:30;temperature;11.373;False
S0004;2026-01-02 01:50:45;CO2_level;989;False
S0005;2026-01-02 01:50:45;ventilation;0.282;False
S0010;2026-01-02 01:50:45;CO2_level;884;False
S0011;2026-01-02 01:50:45;ventilation;0.529;False
S0007;2026-01-02 01:50:45;temperature;13.125;False
S0001;2026-01-02 01:50:45;temperature;12.599;False
S0004;2026-01-02 01:51:00;CO2_level;792;False
S0005;2026-01-02 01:51:00;ventilation;0.536;False
S0009;2026-01-02 01:51:00;humidity;73.737;False
S0007;2026-01-02 01:51:00;temperature;14.824;False
S0003;2026-01-02 01:51:00;humidity;66.337;False
S0010;2026-01-02 01:51:00;CO2_level;1006;False
S0001;2026-01-02 01:51:00;temperature;10.757;False
S0011;2026-01-02 01:51:00;ventilation;null;True
S0004;2026-01-02 01:51:15;CO2_level;1050;False
S0011;2026-01-02 01:51:15;ventilation;0.393;False
S0005;2026-01-02 01:51:15;ventilation;0.392;False
S0010;2026-01-02 01:51:15;CO2_level;896;False
S0007;2026-01-02 01:51:15;temperature;12.718;False
S0001;2026-01-02 01:51:15;temperature;14.969;False
S0007;2026-01-02 01:51:30;temperature;14.201;False
S0004;2026-01-02 01:51:30;CO2_level;741;False
S0001;2026-01-02 01:51:30;temperature;12.909;False
S0011;2026-01-02 01:51:30;ventilation;0.403;True
S0005;2026-01-02 01:51:30;ventilation;0.202;False
S0003;2026-01-02 01:51:30;humidity;74.682;False
S0010;2026-01-02 01:51:30;CO2_level;870;False
S0009;2026-01-02 01:51:30;humidity;68.911;False
S0007;2026-01-02 01:51:45;temperature;12.156;False
S0001;2026-01-02 01:51:45;temperature;13.434;False
S0004;2026-01-02 01:51:45;CO2_level;1000;False
S0011;2026-01-02 01:51:45;ventilation;0.236;False
S0010;2026-01-02 01:51:45;CO2_level;896;False
S0005;2026-01-02 01:51:45;ventilation;0.599;False
S0005;2026-01-02 01:52:00;ventilation;0.247;False
S0004;2026-01-02 01:52:00;CO2_level;818;False
S0011;2026-01-02 01:52:00;ventilation;0.582;False
S0001;2026-01-02 01:52:00;temperature;10.565;False
S0003;2026-01-02 01:52:00;humidity;67.81;True
S0009;2026-01-02 01:52:00;humidity;72.987;False
S0007;2026-01-02 01:52:00;temperature;11.13;False
S0010;2026-01-02 01:52:00;CO2_level;926;False
S0004;2026-01-02 01:52:15;CO2_level;1061;False
S0005;2026-01-02 01:52:15;ventilation;0.406;False
S0010;2026-01-02 01:52:15;CO2_level;1088;False
S0001;2026-01-02 01:52:15;temperature;11.053;False
S0011;2026-01-02 01:52:15;ventilation;0.495;False
S0007;2026-01-02 01:52:15;temperature;14.651;False
S0005;2026-01-02 01:52:30;ventilation;0.286;False
S0011;2026-01-02 01:52:30;ventilation;0.371;False
S0001;2026-01-02 01:52:30;temperature;13.482;False
S0004;2026-01-02 01:52:30;CO2_level;840;False
S0009;2026-01-02 01:52:30;humidity;66.037;False
S0010;2026-01-02 01:52:30;CO2_level;786;False
S0003;2026-01-02 01:52:30;humidity;69.507;False
S0007;2026-01-02 01:52:30;temperature;14.599;False
S0005;2026-01-02 01:52:45;ventilation;0.567;False
S0007;2026-01-02 01:52:45;temperature;13.618;False
S0010;2026-01-02 01:52:45;CO2_level;814;False
S0001;2026-01-02 01:52:45;temperature;12.679;True
S0011;2026-01-02 01:52:45;ventilation;0.467;True
S0004;2026-01-02 01:52:45;CO2_level;829;False
S0010;2026-01-02 01:53:00;CO2_level;827;False
S0003;2026-01-02 01:53:00;humidity;71.41;True
S0011;2026-01-02 01:53:00;ventilation;0.531;False
S0004;2026-01-02 01:53:00;CO2_level;820;False
S0005;2026-01-02 01:53:00;ventilation;0.591;False
S0007;2026-01-02 01:53:00;temperature;14.09;False
S0001;2026-01-02 01:53:00;temperature;14.176;True
S0009;2026-01-02 01:53:00;humidity;71.183;False
S0007;2026-01-02 01:53:15;temperature;11.322;False
S0001;2026-01-02 01:53:15;temperature;15.728;False
S0010;2026-01-02 01:53:15;CO2_level;857;False
S0005;2026-01-02 01:53:15;ventilation;0.446;False
S0004;2026-01-02 01:53:15;CO2_level;807;False
S0011;2026-01-02 01:53:15;ventilation;0.54;False
S0001;2026-01-02 01:53:30;temperature;12.593;False
S0009;2026-01-02 01:53:30;humidity;70.343;False
S0011;2026-01-02 01:53:30;ventilation;0.383;False
S0005;2026-01-02 01:53:30;ventilation;0.464;False
S0003;2026-01-02 01:53:30;humidity;74.166;False
S0007;2026-01-02 01:53:30;temperature;11.957;False
S0010;2026-01-02 01:53:30;CO2_level;877;False
S0004;2026-01-02 01:53:30;CO2_level;991;False
S0004;2026-01-02 01:53:45;CO2_level;957;False
S0011;2026-01-02 01:53:45;ventilation;0.34;False
S0001;2026-01-02 01:53:45;temperature;11.212;False
S0010;2026-01-02 01:53:45;CO2_level;771;False
S0005;2026-01-02 01:53:45;ventilation;0.505;False
S0007;2026-01-02 01:53:45;temperature;13.374;False
S0011;2026-01-02 01:54:00;ventilation;0.32;False
S0010;2026-01-02 01:54:00;CO2_level;1094;False
S0001;2026-01-02 01:54:00;temperature;15.193;False
S0009;2026-01-02 01:54:00;humidity;70.414;False
S0003;2026-01-02 01:54:00;humidity;70.669;True
S0004;2026-01-02 01:54:00;CO2_level;1058;False
S0007;2026-01-02 01:54:00;temperature;12.431;False
S0005;2026-01-02 01:54:00;ventilation;0.45;False
S0010;2026-01-02 01:54:15;CO2_level;798;False
S0011;2026-01-02 01:54:15;ventilation;0.208;False
S0005;2026-01-02 01:54:15;ventilation;0.456;False
S0004;2026-01-02 01:54:15;CO2_level;854;False
S0001;2026-01-02 01:54:15;temperature;11.816;False
S0007;2026-01-02 01:54:15;temperature;11.417;False
S0011;2026-01-02 01:54:30;ventilation;0.434;False
S0003;2026-01-02 01:54:30;humidity;65.016;False
S0004;2026-01-02 01:54:30;CO2_level;845;False
S0009;2026-01-02 01:54:30;humidity;72.967;False
S0001;2026-01-02 01:54:30;temperature;10.749;False
S0005;2026-01-02 01:54:30;ventilation;0.425;False
S0010;2026-01-02 01:54:30;CO2_level;945;False
S0007;2026-01-02 01:54:30;temperature;10.055;False
S0010;2026-01-02 01:54:45;CO2_level;881;False
S0004;2026-01-02 01:54:45;CO2_level;950;False
S0007;2026-01-02 01:54:45;temperature;12.831;False
S0005;2026-01-02 01:54:45;ventilation;0.444;False
S0011;2026-01-02 01:54:45;ventilation;0.253;False
S0001;2026-01-02 01:54:45;temperature;11.102;False
S0007;2026-01-02 01:55:00;temperature;11.33;False
S0005;2026-01-02 01:55:00;ventilation;0.204;False
S0009;2026-01-02 01:55:00;humidity;69.542;False
S0003;2026-01-02 01:55:00;humidity;70.886;False
S0010;2026-01-02 01:55:00;CO2_level;821;False
S0001;2026-01-02 01:55:00;temperature;10.192;False
S0004;2026-01-02 01:55:00;CO2_level;727;False
S0011;2026-01-02 01:55:00;ventilation;0.511;False
S0001;2026-01-02 01:55:15;temperature;15.985;False
S0004;2026-01-02 01:55:15;CO2_level;794;False
S0010;2026-01-02 01:55:15;CO2_level;748;False
S0007;2026-01-02 01:55:15;temperature;15.143;False
S0011;2026-01-02 01:55:15;ventilation;0.386;False
S0005;2026-01-02 01:55:15;ventilation;0.339;True
S0010;2026-01-02 01:55:30;CO2_level;905;False
S0011;2026-01-02 01:55:30;ventilation;0.467;False
S0005;2026-01-02 01:55:30;ventilation;0.462;False
S0007;2026-01-02 01:55:30;temperature;13.641;False
S0004;2026-01-02 01:55:30;CO2_level;799;False
S0001;2026-01-02 01:55:30;temperature;13.146;False
S0009;2026-01-02 01:55:30;humidity;66.545;False
S0003;2026-01-02 01:55:30;humidity;73.781;False
S0005;2026-01-02 01:55:45;ventilation;0.311;False
S0011;2026-01-02 01:55:45;ventilation;0.221;False
S0004;2026-01-02 01:55:45;CO2_level;890;False
S0007;2026-01-02 01:55:45;temperature;11.903;False
S0010;2026-01-02 01:55:45;CO2_level;832;False
S0001;2026-01-02 01:55:45;temperature;11.812;False
S0005;2026-01-02 01:56:00;ventilation;0.534;False
S0011;2026-01-02 01:56:00;ventilation;0.503;False
S0004;2026-01-02 01:56:00;CO2_level;1053;False
S0003;2026-01-02 01:56:00;humidity;65.859;False
S0007;2026-01-02 01:56:00;temperature;11.825;False
S0010;2026-01-02 01:56:00;CO2_level;956;True
S0009;2026-01-02 01:56:00;humidity;69.085;False
S0001;2026-01-02 01:56:00;temperature;14.858;False
S0001;2026-01-02 01:56:15;temperature;13.941;False
S0004;2026-01-02 01:56:15;CO2_level;1030;False
S0005;2026-01-02 01:56:15;ventilation;0.482;False
S0011;2026-01-02 01:56:15;ventilation;0.246;False
S0010;2026-01-02 01:56:15;CO2_level;914;False
S0007;2026-01-02 01:56:15;temperature;13.361;False
S0003;2026-01-02 01:56:30;humidity;73.139;False
S0001;2026-01-02 01:56:30;temperature;15.188;False
S0010;2026-01-02 01:56:30;CO2_level;783;False
S0009;2026-01-02 01:56:30;humidity;69.11;False
S0011;2026-01-02 01:56:30;ventilation;0.477;False
S0005;2026-01-02 01:56:30;ventilation;0.272;False
S0004;2026-01-02 01:56:30;CO2_level;1050;False
S0007;2026-01-02 01:56:30;temperature;12.424;False
S0007;2026-01-02 01:56:45;temperature;15.174;False
S0011;2026-01-02 01:56:45;ventilation;0.278;False
S0004;2026-01-02 01:56:45;CO2_level;970;False
S0001;2026-01-02 01:56:45;temperature;10.051;False
S0005;2026-01-02 01:56:45;ventilation;0.293;False
S0010;2026-01-02 01:56:45;CO2_level;null;True
S0010;2026-01-02 01:57:00;CO2_level;1026;False
S0001;2026-01-02 01:57:00;temperature;15.843;False
S0003;2026-01-02 01:57:00;humidity;67.036;True
S0004;2026-01-02 01:57:00;CO2_level;806;False
S0009;2026-01-02 01:57:00;humidity;74.688;False
S0005;2026-01-02 01:57:00;ventilation;0.235;False
S0007;2026-01-02 01:57:00;temperature;15.768;False
S0011;2026-01-02 01:57:00;ventilation;0.38;True
S0007;2026-01-02 01:57:15;temperature;14.673;False
S0005;2026-01-02 01:57:15;ventilation;0.358;False
S0010;2026-01-02 01:57:15;CO2_level;880;False
S0001;2026-01-02 01:57:15;temperature;15.379;False
S0011;2026-01-02 01:57:15;ventilation;0.307;False
S0004;2026-01-02 01:57:15;CO2_level;1000;True
S0009;2026-01-02 01:57:30;humidity;71.133;False
S0001;2026-01-02 01:57:30;temperature;10.752;False
S0011;2026-01-02 01:57:30;ventilation;0.271;False
S0007;2026-01-02 01:57:30;temperature;15.304;False
S0003;2026-01-02 01:57:30;humidity;71.239;False
S0010;2026-01-02 01:57:30;CO2_level;844;False
S0004;2026-01-02 01:57:30;CO2_level;null;True
S0005;2026-01-02 01:57:30;ventilation;0.344;False
S0004;2026-01-02 01:57:45;CO2_level;829;False
S0011;2026-01-02 01:57:45;ventilation;0.44;False
S0001;2026-01-02 01:57:45;temperature;10.641;False
S0005;2026-01-02 01:57:45;ventilation;0.508;False
S0007;2026-01-02 01:57:45;temperature;13.672;False
S0010;2026-01-02 01:57:45;CO2_level;1021;False
S0004;2026-01-02 01:58:00;CO2_level;853;False
S0009;2026-01-02 01:58:00;humidity;68.92;False
S0010;2026-01-02 01:58:00;CO2_level;943;False
S0005;2026-01-02 01:58:00;ventilation;0.479;False
S0001;2026-01-02 01:58:00;temperature;11.988;False
S0011;2026-01-02 01:58:00;ventilation;0.234;False
S0007;2026-01-02 01:58:00;temperature;15.411;False
S0003;2026-01-02 01:58:00;humidity;72.89;False
S0010;2026-01-02 01:58:15;CO2_level;732;False
S0005;2026-01-02 01:58:15;ventilation;0.498;False
S0001;2026-01-02 01:58:15;temperature;13.346;False
S0011;2026-01-02 01:58:15;ventilation;0.486;False
S0007;2026-01-02 01:58:15;temperature;13.66;False
S0004;2026-01-02 01:58:15;CO2_level;940;False
S0011;2026-01-02 01:58:30;ventilation;0.506;False
S0005;2026-01-02 01:58:30;ventilation;0.367;False
S0003;2026-01-02 01:58:30;humidity;67.95;False
S0004;2026-01-02 01:58:30;CO2_level;1010;False
S0001;2026-01-02 01:58:30;temperature;15.09;False
S0007;2026-01-02 01:58:30;temperature;14.336;False
S0010;2026-01-02 01:58:30;CO2_level;847;False
S0009;2026-01-02 01:58:30;humidity;71.234;False
S0011;2026-01-02 01:58:45;ventilation;0.527;False
S0004;2026-01-02 01:58:45;CO2_level;893;False
S0010;2026-01-02 01:58:45;CO2_level;874;False
S0005;2026-01-02 01:58:45;ventilation;0.455;False
S0001;2026-01-02 01:58:45;temperature;13.078;False
S0007;2026-01-02 01:58:45;temperature;11.81;False
S0010;2026-01-02 01:59:00;CO2_level;731;False
S0001;2026-01-02 01:59:00;temperature;14.176;False
S0004;2026-01-02 01:59:00;CO2_level;1025;False
S0007;2026-01-02 01:59:00;temperature;null;True
S0011;2026-01-02 01:59:00;ventilation;0.293;False
S0005;2026-01-02 01:59:00;ventilation;0.269;False
S0009;2026-01-02 01:59:00;humidity;65.626;False
S0003;2026-01-02 01:59:00;humidity;74.485;False
S0011;2026-01-02 01:59:15;ventilation;0.519;False
S0010;2026-01-02 01:59:15;CO2_level;899;False
S0005;2026-01-02 01:59:15;ventilation;0.456;False
S0007;2026-01-02 01:59:15;temperature;14.814;False
S0001;2026-01-02 01:59:15;temperature;11.703;False
S0004;2026-01-02 01:59:15;CO2_level;908;False
S0004;2026-01-02 01:59:30;CO2_level;1074;False
S0005;2026-01-02 01:59:30;ventilation;0.539;False
S0011;2026-01-02 01:59:30;ventilation;0.549;False
S0001;2026-01-02 01:59:30;temperature;14.311;False
S0003;2026-01-02 01:59:30;humidity;74.737;False
S0010;2026-01-02 01:59:30;CO2_level;988;False
S0009;2026-01-02 01:59:30;humidity;68.658;False
S0007;2026-01-02 01:59:30;temperature;15.394;False
S0004;2026-01-02 01:59:45;CO2_level;1037;False
S0011;2026-01-02 01:59:45;ventilation;0.286;True
S0007;2026-01-02 01:59:45;temperature;15.442;False
S0010;2026-01-02 01:59:45;CO2_level;831;False
S0001;2026-01-02 01:59:45;temperature;15.828;False
S0005;2026-01-02 01:59:45;ventilation;0.374;False
S0005;2026-01-02 02:00:00;ventilation;0.21;False
S0010;2026-01-02 02:00:00;CO2_level;846;False
S0001;2026-01-02 02:00:00;temperature;12.24;False
S0003;2026-01-02 02:00:00;humidity;71.943;False
S0004;2026-01-02 02:00:00;CO2_level;1076;False
S0009;2026-01-02 02:00:00;humidity;70.163;False
S0007;2026-01-02 02:00:00;temperature;14.522;False
S0011;2026-01-02 02:00:00;ventilation;0.386;False
S0007;2026-01-02 02:00:15;temperature;11.849;False
S0004;2026-01-02 02:00:15;CO2_level;1042;False
S0010;2026-01-02 02:00:15;CO2_level;982;False
S0011;2026-01-02 02:00:15;ventilation;0.317;False
S0001;2026-01-02 02:00:15;temperature;11.184;False
S0005;2026-01-02 02:00:15;ventilation;0.458;True
S0011;2026-01-02 02:00:30;ventilation;0.401;True
S0001;2026-01-02 02:00:30;temperature;13.838;False
S0007;2026-01-02 02:00:30;temperature;12.202;False
S0004;2026-01-02 02:00:30;CO2_level;1031;False
S0003;2026-01-02 02:00:30;humidity;70.331;False
S0005;2026-01-02 02:00:30;ventilation;0.535;False
S0009;2026-01-02 02:00:30;humidity;67.227;False
S0010;2026-01-02 02:00:30;CO2_level;953;False
S0011;2026-01-02 02:00:45;ventilation;0.474;False
S0005;2026-01-02 02:00:45;ventilation;0.301;False
S0001;2026-01-02 02:00:45;temperature;15.066;False
S0007;2026-01-02 02:00:45;temperature;13.448;False
S0010;2026-01-02 02:00:45;CO2_level;735;False
S0004;2026-01-02 02:00:45;CO2_level;1075;False
S0010;2026-01-02 02:01:00;CO2_level;993;False
S0005;2026-01-02 02:01:00;ventilation;0.519;False
S0007;2026-01-02 02:01:00;temperature;12.907;False
S0009;2026-01-02 02:01:00;humidity;70.098;False
S0004;2026-01-02 02:01:00;CO2_level;1047;True
S0003;2026-01-02 02:01:00;humidity;66.065;False
S0011;2026-01-02 02:01:00;ventilation;0.352;False
S0001;2026-01-02 02:01:00;temperature;10.786;False
S0001;2026-01-02 02:01:15;temperature;15.145;False
S0004;2026-01-02 02:01:15;CO2_level;874;False
S0010;2026-01-02 02:01:15;CO2_level;985;False
S0005;2026-01-02 02:01:15;ventilation;0.332;False
S0011;2026-01-02 02:01:15;ventilation;0.486;False
S0007;2026-01-02 02:01:15;temperature;13.004;False
S0007;2026-01-02 02:01:30;temperature;15.732;False
S0004;2026-01-02 02:01:30;CO2_level;872;False
S0009;2026-01-02 02:01:30;humidity;70.381;False
S0010;2026-01-02 02:01:30;CO2_level;838;False
S0011;2026-01-02 02:01:30;ventilation;0.311;False
S0001;2026-01-02 02:01:30;temperature;14.834;True
S0003;2026-01-02 02:01:30;humidity;73.847;True
S0005;2026-01-02 02:01:30;ventilation;0.304;False
S0005;2026-01-02 02:01:45;ventilation;0.305;False
S0001;2026-01-02 02:01:45;temperature;14.448;False
S0007;2026-01-02 02:01:45;temperature;11.361;False
S0004;2026-01-02 02:01:45;CO2_level;896;False
S0010;2026-01-02 02:01:45;CO2_level;799;False
S0011;2026-01-02 02:01:45;ventilation;0.407;False
S0005;2026-01-02 02:02:00;ventilation;0.51;False
S0004;2026-01-02 02:02:00;CO2_level;1060;False
S0007;2026-01-02 02:02:00;temperature;15.029;False
S0009;2026-01-02 02:02:00;humidity;70.805;False
S0003;2026-01-02 02:02:00;humidity;73.443;False
S0010;2026-01-02 02:02:00;CO2_level;998;False
S0001;2026-01-02 02:02:00;temperature;11.277;False
S0011;2026-01-02 02:02:00;ventilation;0.367;False
S0004;2026-01-02 02:02:15;CO2_level;1039;False
S0007;2026-01-02 02:02:15;temperature;13.406;False
S0001;2026-01-02 02:02:15;temperature;11.603;False
S0010;2026-01-02 02:02:15;CO2_level;null;True
S0005;2026-01-02 02:02:15;ventilation;0.496;False
S0011;2026-01-02 02:02:15;ventilation;0.246;False
S0009;2026-01-02 02:02:30;humidity;71.981;False
S0011;2026-01-02 02:02:30;ventilation;0.376;False
S0001;2026-01-02 02:02:30;temperature;10.165;False
S0007;2026-01-02 02:02:30;temperature;12.932;False
S0003;2026-01-02 02:02:30;humidity;65.42;False
S0005;2026-01-02 02:02:30;ventilation;0.256;False
S0004;2026-01-02 02:02:30;CO2_level;1030;False
S0010;2026-01-02 02:02:30;CO2_level;787;False
S0007;2026-01-02 02:02:45;temperature;12.235;False
S0005;2026-01-02 02:02:45;ventilation;0.599;False
S0004;2026-01-02 02:02:45;CO2_level;739;False
S0011;2026-01-02 02:02:45;ventilation;0.426;True
S0001;2026-01-02 02:02:45;temperature;12.418;False
S0010;2026-01-02 02:02:45;CO2_level;1073;False
S0011;2026-01-02 02:03:00;ventilation;0.482;False
S0005;2026-01-02 02:03:00;ventilation;0.546;True
S0001;2026-01-02 02:03:00;temperature;11.038;False
S0003;2026-01-02 02:03:00;humidity;69.04;False
S0004;2026-01-02 02:03:00;CO2_level;702;False
S0007;2026-01-02 02:03:00;temperature;14.447;False
S0010;2026-01-02 02:03:00;CO2_level;1068;False
S0009;2026-01-02 02:03:00;humidity;72.884;False
S0007;2026-01-02 02:03:15;temperature;10.168;False
S0010;2026-01-02 02:03:15;CO2_level;802;False
S0005;2026-01-02 02:03:15;ventilation;0.237;False
S0004;2026-01-02 02:03:15;CO2_level;816;False
S0011;2026-01-02 02:03:15;ventilation;0.248;True
S0001;2026-01-02 02:03:15;temperature;10.564;False
S0009;2026-01-02 02:03:30;humidity;66.124;False
S0010;2026-01-02 02:03:30;CO2_level;894;False
S0005;2026-01-02 02:03:30;ventilation;0.424;False
S0004;2026-01-02 02:03:30;CO2_level;1041;False
S0001;2026-01-02 02:03:30;temperature;10.075;False
S0011;2026-01-02 02:03:30;ventilation;0.306;False
S0007;2026-01-02 02:03:30;temperature;15.766;False
S0003;2026-01-02 02:03:30;humidity;72.158;False
S0011;2026-01-02 02:03:45;ventilation;0.286;False
S0004;2026-01-02 02:03:45;CO2_level;986;False
S0010;2026-01-02 02:03:45;CO2_level;738;False
S0007;2026-01-02 02:03:45;temperature;null;True
S0005;2026-01-02 02:03:45;ventilation;null;True
S0001;2026-01-02 02:03:45;temperature;12.42;False
S0009;2026-01-02 02:04:00;humidity;65.339;False
S0003;2026-01-02 02:04:00;humidity;71.386;False
S0007;2026-01-02 02:04:00;temperature;10.966;False
S0011;2026-01-02 02:04:00;ventilation;0.542;False
S0005;2026-01-02 02:04:00;ventilation;0.29;False
S0004;2026-01-02 02:04:00;CO2_level;979;False
S0010;2026-01-02 02:04:00;CO2_level;1040;False
S0001;2026-01-02 02:04:00;temperature;14.558;False
S0004;2026-01-02 02:04:15;CO2_level;818;False
S0010;2026-01-02 02:04:15;CO2_level;782;False
S0001;2026-01-02 02:04:15;temperature;13.451;False
S0007;2026-01-02 02:04:15;temperature;14.156;False
S0005;2026-01-02 02:04:15;ventilation;0.34;False
S0011;2026-01-02 02:04:15;ventilation;0.423;True
S0009;2026-01-02 02:04:30;humidity;66.386;False
S0011;2026-01-02 02:04:30;ventilation;0.46;False
S0004;2026-01-02 02:04:30;CO2_level;988;False
S0001;2026-01-02 02:04:30;temperature;12.044;False
S0005;2026-01-02 02:04:30;ventilation;0.433;False
S0003;2026-01-02 02:04:30;humidity;70.913;False
S0007;2026-01-02 02:04:30;temperature;11.637;False
S0010;2026-01-02 02:04:30;CO2_level;963;False
S0010;2026-01-02 02:04:45;CO2_level;1048;False
S0004;2026-01-02 02:04:45;CO2_level;926;False
S0011;2026-01-02 02:04:45;ventilation;0.272;True
S0001;2026-01-02 02:04:45;temperature;10.156;False
S0005;2026-01-02 02:04:45;ventilation;0.479;False
S0007;2026-01-02 02:04:45;temperature;10.462;False
S0007;2026-01-02 02:05:00;temperature;14.318;False
S0009;2026-01-02 02:05:00;humidity;74.27;False
S0003;2026-01-02 02:05:00;humidity;71.767;False
S0001;2026-01-02 02:05:00;temperature;10.939;False
S0005;2026-01-02 02:05:00;ventilation;0.214;False
S0011;2026-01-02 02:05:00;ventilation;0.481;False
S0010;2026-01-02 02:05:00;CO2_level;872;False
S0004;2026-01-02 02:05:00;CO2_level;706;False
S0007;2026-01-02 02:05:15;temperature;13.743;False
S0001;2026-01-02 02:05:15;temperature;14.147;False
S0005;2026-01-02 02:05:15;ventilation;0.351;False
S0010;2026-01-02 02:05:15;CO2_level;842;False
S0011;2026-01-02 02:05:15;ventilation;0.411;False
S0004;2026-01-02 02:05:15;CO2_level;1042;False
S0007;2026-01-02 02:05:30;temperature;13.515;False
S0011;2026-01-02 02:05:30;ventilation;0.588;False
S0009;2026-01-02 02:05:30;humidity;71.463;False
S0004;2026-01-02 02:05:30;CO2_level;990;False
S0001;2026-01-02 02:05:30;temperature;10.426;False
S0005;2026-01-02 02:05:30;ventilation;0.398;False
S0010;2026-01-02 02:05:30;CO2_level;936;False
S0003;2026-01-02 02:05:30;humidity;68.865;False
S0007;2026-01-02 02:05:45;temperature;10.172;False
S0001;2026-01-02 02:05:45;temperature;14.002;False
S0011;2026-01-02 02:05:45;ventilation;0.247;False
S0004;2026-01-02 02:05:45;CO2_level;1039;True
S0010;2026-01-02 02:05:45;CO2_level;1040;False
S0005;2026-01-02 02:05:45;ventilation;0.246;False
S0001;2026-01-02 02:06:00;temperature;15.405;False
S0007;2026-01-02 02:06:00;temperature;14.222;False
S0005;2026-01-02 02:06:00;ventilation;0.515;False
S0010;2026-01-02 02:06:00;CO2_level;1052;False
S0011;2026-01-02 02:06:00;ventilation;0.547;False
S0009;2026-01-02 02:06:00;humidity;65.734;False
S0004;2026-01-02 02:06:00;CO2_level;864;False
S0003;2026-01-02 02:06:00;humidity;null;True
S0010;2026-01-02 02:06:15;CO2_level;986;False
S0004;2026-01-02 02:06:15;CO2_level;825;False
S0011;2026-01-02 02:06:15;ventilation;0.413;False
S0001;2026-01-02 02:06:15;temperature;10.83;False
S0007;2026-01-02 02:06:15;temperature;12.035;False
S0005;2026-01-02 02:06:15;ventilation;0.496;False
S0009;2026-01-02 02:06:30;humidity;67.708;False
S0005;2026-01-02 02:06:30;ventilation;0.503;False
S0010;2026-01-02 02:06:30;CO2_level;736;False
S0004;2026-01-02 02:06:30;CO2_level;779;True
S0011;2026-01-02 02:06:30;ventilation;0.351;False
S0007;2026-01-02 02:06:30;temperature;12.349;False
S0003;2026-01-02 02:06:30;humidity;70.606;False
S0001;2026-01-02 02:06:30;temperature;14.597;True
S0001;2026-01-02 02:06:45;temperature;12.096;False
S0010;2026-01-02 02:06:45;CO2_level;1027;False
S0011;2026-01-02 02:06:45;ventilation;0.354;False
S0007;2026-01-02 02:06:45;temperature;10.873;False
S0005;2026-01-02 02:06:45;ventilation;0.331;False
S0004;2026-01-02 02:06:45;CO2_level;894;False
S0004;2026-01-02 02:07:00;CO2_level;973;False
S0005;2026-01-02 02:07:00;ventilation;0.499;False
S0003;2026-01-02 02:07:00;humidity;69.107;False
S0007;2026-01-02 02:07:00;temperature;13.654;False
S0011;2026-01-02 02:07:00;ventilation;0.462;False
S0010;2026-01-02 02:07:00;CO2_level;798;False
S0001;2026-01-02 02:07:00;temperature;11.436;False
S0009;2026-01-02 02:07:00;humidity;72.508;False
S0010;2026-01-02 02:07:15;CO2_level;1006;False
S0007;2026-01-02 02:07:15;temperature;11.997;False
S0004;2026-01-02 02:07:15;CO2_level;null;True
S0001;2026-01-02 02:07:15;temperature;10.288;False
S0011;2026-01-02 02:07:15;ventilation;0.498;False
S0005;2026-01-02 02:07:15;ventilation;0.424;False
S0003;2026-01-02 02:07:30;humidity;71.216;False
S0011;2026-01-02 02:07:30;ventilation;0.385;False
S0005;2026-01-02 02:07:30;ventilation;0.263;False
S0010;2026-01-02 02:07:30;CO2_level;879;False
S0009;2026-01-02 02:07:30;humidity;70.95;False
S0004;2026-01-02 02:07:30;CO2_level;740;False
S0001;2026-01-02 02:07:30;temperature;10.903;False
S0007;2026-01-02 02:07:30;temperature;12.246;False
S0007;2026-01-02 02:07:45;temperature;15.286;True
S0004;2026-01-02 02:07:45;CO2_level;825;False
S0001;2026-01-02 02:07:45;temperature;11.831;False
S0005;2026-01-02 02:07:45;ventilation;0.461;False
S0010;2026-01-02 02:07:45;CO2_level;843;False
S0011;2026-01-02 02:07:45;ventilation;0.319;False
S0009;2026-01-02 02:08:00;humidity;72.181;True
S0003;2026-01-02 02:08:00;humidity;71.69;False
S0011;2026-01-02 02:08:00;ventilation;0.34;False
S0007;2026-01-02 02:08:00;temperature;null;True
S0010;2026-01-02 02:08:00;CO2_level;1002;False
S0005;2026-01-02 02:08:00;ventilation;0.51;False
S0001;2026-01-02 02:08:00;temperature;13.669;False
S0004;2026-01-02 02:08:00;CO2_level;1028;False
S0007;2026-01-02 02:08:15;temperature;10.849;False
S0001;2026-01-02 02:08:15;temperature;10.548;True
S0004;2026-01-02 02:08:15;CO2_level;1018;False
S0005;2026-01-02 02:08:15;ventilation;0.452;False
S0011;2026-01-02 02:08:15;ventilation;0.26;False
S0010;2026-01-02 02:08:15;CO2_level;724;False
S0007;2026-01-02 02:08:30;temperature;10.151;False
S0005;2026-01-02 02:08:30;ventilation;0.267;False
S0004;2026-01-02 02:08:30;CO2_level;1010;False
S0011;2026-01-02 02:08:30;ventilation;0.529;False
S0009;2026-01-02 02:08:30;humidity;72.606;False
S0003;2026-01-02 02:08:30;humidity;65.848;False
S0001;2026-01-02 02:08:30;temperature;12.68;False
S0010;2026-01-02 02:08:30;CO2_level;959;False
S0010;2026-01-02 02:08:45;CO2_level;901;False
S0004;2026-01-02 02:08:45;CO2_level;null;True
S0007;2026-01-02 02:08:45;temperature;10.974;False
S0011;2026-01-02 02:08:45;ventilation;0.4;False
S0005;2026-01-02 02:08:45;ventilation;0.438;False
S0001;2026-01-02 02:08:45;temperature;11.912;False
S0001;2026-01-02 02:09:00;temperature;11.69;False
S0007;2026-01-02 02:09:00;temperature;11.559;False
S0009;2026-01-02 02:09:00;humidity;65.766;False
S0011;2026-01-02 02:09:00;ventilation;0.434;False
S0004;2026-01-02 02:09:00;CO2_level;891;False
S0005;2026-01-02 02:09:00;ventilation;0.276;False
S0010;2026-01-02 02:09:00;CO2_level;878;False
S0003;2026-01-02 02:09:00;humidity;72.714;False
S0011;2026-01-02 02:09:15;ventilation;0.202;False
S0010;2026-01-02 02:09:15;CO2_level;752;False
S0001;2026-01-02 02:09:15;temperature;11.651;False
S0004;2026-01-02 02:09:15;CO2_level;840;False
S0005;2026-01-02 02:09:15;ventilation;0.414;False
S0007;2026-01-02 02:09:15;temperature;13.568;False
S0005;2026-01-02 02:09:30;ventilation;0.236;False
S0001;2026-01-02 02:09:30;temperature;11.099;False
S0010;2026-01-02 02:09:30;CO2_level;838;False
S0004;2026-01-02 02:09:30;CO2_level;955;False
S0007;2026-01-02 02:09:30;temperature;10.576;False
S0011;2026-01-02 02:09:30;ventilation;0.593;False
S0009;2026-01-02 02:09:30;humidity;74.096;False
S0003;2026-01-02 02:09:30;humidity;69.467;False
S0001;2026-01-02 02:09:45;temperature;13.781;False
S0004;2026-01-02 02:09:45;CO2_level;849;False
S0010;2026-01-02 02:09:45;CO2_level;780;False
S0011;2026-01-02 02:09:45;ventilation;0.238;False
S0007;2026-01-02 02:09:45;temperature;12.277;False
S0005;2026-01-02 02:09:45;ventilation;0.41;False
S0010;2026-01-02 02:10:00;CO2_level;1074;False
S0005;2026-01-02 02:10:00;ventilation;0.52;False
S0007;2026-01-02 02:10:00;temperature;15.583;False
S0009;2026-01-02 02:10:00;humidity;65.68;False
S0011;2026-01-02 02:10:00;ventilation;0.31;False
S0001;2026-01-02 02:10:00;temperature;10.742;False
S0004;2026-01-02 02:10:00;CO2_level;726;False
S0003;2026-01-02 02:10:00;humidity;72.741;False
S0001;2026-01-02 02:10:15;temperature;12.191;False
S0011;2026-01-02 02:10:15;ventilation;0.599;False
S0005;2026-01-02 02:10:15;ventilation;0.504;False
S0004;2026-01-02 02:10:15;CO2_level;1060;False
S0007;2026-01-02 02:10:15;temperature;14.021;False
S0010;2026-01-02 02:10:15;CO2_level;954;False
S0004;2026-01-02 02:10:30;CO2_level;908;False
S0001;2026-01-02 02:10:30;temperature;12.951;False
S0011;2026-01-02 02:10:30;ventilation;0.226;False
S0005;2026-01-02 02:10:30;ventilation;0.388;False
S0007;2026-01-02 02:10:30;temperature;15.425;True
S0003;2026-01-02 02:10:30;humidity;68.008;False
S0010;2026-01-02 02:10:30;CO2_level;1058;False
S0009;2026-01-02 02:10:30;humidity;69.257;False
S0010;2026-01-02 02:10:45;CO2_level;914;False
S0004;2026-01-02 02:10:45;CO2_level;949;True
S0011;2026-01-02 02:10:45;ventilation;0.216;False
S0001;2026-01-02 02:10:45;temperature;14.08;False
S0007;2026-01-02 02:10:45;temperature;11.797;False
S0005;2026-01-02 02:10:45;ventilation;0.425;False
S0003;2026-01-02 02:11:00;humidity;73.272;False
S0010;2026-01-02 02:11:00;CO2_level;938;False
S0004;2026-01-02 02:11:00;CO2_level;980;False
S0011;2026-01-02 02:11:00;ventilation;0.547;False
S0005;2026-01-02 02:11:00;ventilation;0.221;False
S0001;2026-01-02 02:11:00;temperature;11.493;False
S0007;2026-01-02 02:11:00;temperature;14.622;False
S0009;2026-01-02 02:11:00;humidity;72.591;False
S0005;2026-01-02 02:11:15;ventilation;0.399;False
S0007;2026-01-02 02:11:15;temperature;11.104;False
S0004;2026-01-02 02:11:15;CO2_level;757;False
S0010;2026-01-02 02:11:15;CO2_level;737;False
S0011;2026-01-02 02:11:15;ventilation;0.242;False
S0001;2026-01-02 02:11:15;temperature;12.807;False
S0001;2026-01-02 02:11:30;temperature;13.032;False
S0005;2026-01-02 02:11:30;ventilation;0.282;False
S0003;2026-01-02 02:11:30;humidity;74.791;False
S0004;2026-01-02 02:11:30;CO2_level;809;True
S0010;2026-01-02 02:11:30;CO2_level;872;False
S0009;2026-01-02 02:11:30;humidity;68.417;False
S0011;2026-01-02 02:11:30;ventilation;0.416;False
S0007;2026-01-02 02:11:30;temperature;14.869;False
S0010;2026-01-02 02:11:45;CO2_level;762;False
S0004;2026-01-02 02:11:45;CO2_level;1017;False
S0007;2026-01-02 02:11:45;temperature;11.579;False
S0011;2026-01-02 02:11:45;ventilation;0.534;False
S0001;2026-01-02 02:11:45;temperature;15.882;False
S0005;2026-01-02 02:11:45;ventilation;0.224;False
S0004;2026-01-02 02:12:00;CO2_level;984;False
S0001;2026-01-02 02:12:00;temperature;11.695;False
S0007;2026-01-02 02:12:00;temperature;12.289;False
S0003;2026-01-02 02:12:00;humidity;71.594;False
S0011;2026-01-02 02:12:00;ventilation;0.373;False
S0010;2026-01-02 02:12:00;CO2_level;840;False
S0009;2026-01-02 02:12:00;humidity;72.864;False
S0005;2026-01-02 02:12:00;ventilation;0.209;False
S0005;2026-01-02 02:12:15;ventilation;0.477;False
S0011;2026-01-02 02:12:15;ventilation;0.256;False
S0001;2026-01-02 02:12:15;temperature;11.93;False
S0010;2026-01-02 02:12:15;CO2_level;769;False
S0004;2026-01-02 02:12:15;CO2_level;845;False
S0007;2026-01-02 02:12:15;temperature;12.0;False
S0005;2026-01-02 02:12:30;ventilation;0.319;False
S0010;2026-01-02 02:12:30;CO2_level;899;False
S0011;2026-01-02 02:12:30;ventilation;0.392;False
S0003;2026-01-02 02:12:30;humidity;70.086;False
S0009;2026-01-02 02:12:30;humidity;72.594;False
S0007;2026-01-02 02:12:30;temperature;13.803;False
S0001;2026-01-02 02:12:30;temperature;11.099;False
S0004;2026-01-02 02:12:30;CO2_level;1038;False
S0005;2026-01-02 02:12:45;ventilation;0.344;False
S0001;2026-01-02 02:12:45;temperature;14.196;False
S0004;2026-01-02 02:12:45;CO2_level;854;False
S0011;2026-01-02 02:12:45;ventilation;0.496;False
S0010;2026-01-02 02:12:45;CO2_level;906;False
S0007;2026-01-02 02:12:45;temperature;15.335;False
S0009;2026-01-02 02:13:00;humidity;70.28;False
S0010;2026-01-02 02:13:00;CO2_level;1068;False
S0007;2026-01-02 02:13:00;temperature;12.793;False
S0005;2026-01-02 02:13:00;ventilation;0.296;False
S0003;2026-01-02 02:13:00;humidity;68.398;False
S0004;2026-01-02 02:13:00;CO2_level;762;True
S0001;2026-01-02 02:13:00;temperature;10.375;False
S0011;2026-01-02 02:13:00;ventilation;0.529;False
S0005;2026-01-02 02:13:15;ventilation;0.376;False
S0004;2026-01-02 02:13:15;CO2_level;712;False
S0007;2026-01-02 02:13:15;temperature;12.751;False
S0011;2026-01-02 02:13:15;ventilation;0.357;True
S0001;2026-01-02 02:13:15;temperature;10.247;False
S0010;2026-01-02 02:13:15;CO2_level;1097;False
S0007;2026-01-02 02:13:30;temperature;10.769;False
S0003;2026-01-02 02:13:30;humidity;73.061;False
S0001;2026-01-02 02:13:30;temperature;13.043;False
S0010;2026-01-02 02:13:30;CO2_level;1023;True
S0011;2026-01-02 02:13:30;ventilation;0.582;False
S0004;2026-01-02 02:13:30;CO2_level;1029;False
S0009;2026-01-02 02:13:30;humidity;66.047;False
S0005;2026-01-02 02:13:30;ventilation;0.287;False
S0001;2026-01-02 02:13:45;temperature;15.54;False
S0004;2026-01-02 02:13:45;CO2_level;860;False
S0011;2026-01-02 02:13:45;ventilation;0.379;False
S0005;2026-01-02 02:13:45;ventilation;0.337;False
S0010;2026-01-02 02:13:45;CO2_level;903;False
S0007;2026-01-02 02:13:45;temperature;10.277;False
S0003;2026-01-02 02:14:00;humidity;71.712;False
S0007;2026-01-02 02:14:00;temperature;13.191;False
S0005;2026-01-02 02:14:00;ventilation;0.392;False
S0009;2026-01-02 02:14:00;humidity;66.91;False
S0004;2026-01-02 02:14:00;CO2_level;1076;False
S0010;2026-01-02 02:14:00;CO2_level;910;False
S0001;2026-01-02 02:14:00;temperature;15.542;False
S0011;2026-01-02 02:14:00;ventilation;0.357;False
S0011;2026-01-02 02:14:15;ventilation;0.449;False
S0010;2026-01-02 02:14:15;CO2_level;1056;False
S0004;2026-01-02 02:14:15;CO2_level;1099;False
S0005;2026-01-02 02:14:15;ventilation;null;True
S0001;2026-01-02 02:14:15;temperature;12.11;False
S0007;2026-01-02 02:14:15;temperature;13.119;False
S0003;2026-01-02 02:14:30;humidity;65.695;False
S0009;2026-01-02 02:14:30;humidity;74.359;False
S0010;2026-01-02 02:14:30;CO2_level;1020;True
S0004;2026-01-02 02:14:30;CO2_level;1000;False
S0011;2026-01-02 02:14:30;ventilation;0.438;False
S0005;2026-01-02 02:14:30;ventilation;0.496;False
S0007;2026-01-02 02:14:30;temperature;11.717;False
S0001;2026-01-02 02:14:30;temperature;14.521;False
S0007;2026-01-02 02:14:45;temperature;14.556;False
S0001;2026-01-02 02:14:45;temperature;14.531;True
S0010;2026-01-02 02:14:45;CO2_level;887;False
S0005;2026-01-02 02:14:45;ventilation;0.362;False
S0004;2026-01-02 02:14:45;CO2_level;null;True
S0011;2026-01-02 02:14:45;ventilation;0.518;False
S0001;2026-01-02 02:15:00;temperature;10.86;False
S0004;2026-01-02 02:15:00;CO2_level;907;False
S0005;2026-01-02 02:15:00;ventilation;0.211;False
S0011;2026-01-02 02:15:00;ventilation;0.49;False
S0003;2026-01-02 02:15:00;humidity;74.932;False
S0009;2026-01-02 02:15:00;humidity;73.598;True
S0010;2026-01-02 02:15:00;CO2_level;722;False
S0007;2026-01-02 02:15:00;temperature;11.057;False
S0005;2026-01-02 02:15:15;ventilation;0.397;False
S0004;2026-01-02 02:15:15;CO2_level;928;False
S0010;2026-01-02 02:15:15;CO2_level;802;False
S0007;2026-01-02 02:15:15;temperature;10.906;False
S0001;2026-01-02 02:15:15;temperature;13.323;False
S0011;2026-01-02 02:15:15;ventilation;0.431;False
S0001;2026-01-02 02:15:30;temperature;12.685;False
S0010;2026-01-02 02:15:30;CO2_level;1032;False
S0011;2026-01-02 02:15:30;ventilation;0.363;False
S0005;2026-01-02 02:15:30;ventilation;0.545;False
S0007;2026-01-02 02:15:30;temperature;15.537;False
S0003;2026-01-02 02:15:30;humidity;67.875;False
S0004;2026-01-02 02:15:30;CO2_level;820;False
S0009;2026-01-02 02:15:30;humidity;73.648;False
S0005;2026-01-02 02:15:45;ventilation;0.522;False
S0001;2026-01-02 02:15:45;temperature;null;True
S0011;2026-01-02 02:15:45;ventilation;0.558;False
S0007;2026-01-02 02:15:45;temperature;14.819;False
S0010;2026-01-02 02:15:45;CO2_level;1014;False
S0004;2026-01-02 02:15:45;CO2_level;773;True
S0001;2026-01-02 02:16:00;temperature;12.913;False
S0009;2026-01-02 02:16:00;humidity;74.678;False
S0007;2026-01-02 02:16:00;temperature;12.167;False
S0004;2026-01-02 02:16:00;CO2_level;905;False
S0005;2026-01-02 02:16:00;ventilation;0.338;False
S0003;2026-01-02 02:16:00;humidity;74.444;False
S0010;2026-01-02 02:16:00;CO2_level;859;False
S0011;2026-01-02 02:16:00;ventilation;0.321;False
S0001;2026-01-02 02:16:15;temperature;10.377;False
S0007;2026-01-02 02:16:15;temperature;14.127;False
S0004;2026-01-02 02:16:15;CO2_level;839;False
S0010;2026-01-02 02:16:15;CO2_level;993;False
S0011;2026-01-02 02:16:15;ventilation;0.58;False
S0005;2026-01-02 02:16:15;ventilation;0.426;False
S0004;2026-01-02 02:16:30;CO2_level;712;False
S0009;2026-01-02 02:16:30;humidity;null;True
S0007;2026-01-02 02:16:30;temperature;11.738;False
S0005;2026-01-02 02:16:30;ventilation;0.264;False
S0001;2026-01-02 02:16:30;temperature;13.669;False
S0011;2026-01-02 02:16:30;ventilation;0.499;False
S0010;2026-01-02 02:16:30;CO2_level;1089;False
S0003;2026-01-02 02:16:30;humidity;65.182;False
S0011;2026-01-02 02:16:45;ventilation;0.21;False
S0001;2026-01-02 02:16:45;temperature;14.262;False
S0004;2026-01-02 02:16:45;CO2_level;723;False
S0007;2026-01-02 02:16:45;temperature;11.726;False
S0005;2026-01-02 02:16:45;ventilation;0.354;False
S0010;2026-01-02 02:16:45;CO2_level;847;False
S0011;2026-01-02 02:17:00;ventilation;0.501;False
S0004;2026-01-02 02:17:00;CO2_level;1083;False
S0007;2026-01-02 02:17:00;temperature;15.507;False
S0005;2026-01-02 02:17:00;ventilation;0.589;False
S0009;2026-01-02 02:17:00;humidity;null;True
S0010;2026-01-02 02:17:00;CO2_level;706;False
S0003;2026-01-02 02:17:00;humidity;66.042;False
S0001;2026-01-02 02:17:00;temperature;10.486;False
S0001;2026-01-02 02:17:15;temperature;14.258;False
S0005;2026-01-02 02:17:15;ventilation;0.281;False
S0011;2026-01-02 02:17:15;ventilation;0.268;False
S0010;2026-01-02 02:17:15;CO2_level;962;False
S0004;2026-01-02 02:17:15;CO2_level;705;False
S0007;2026-01-02 02:17:15;temperature;15.712;False
S0005;2026-01-02 02:17:30;ventilation;0.506;False
S0011;2026-01-02 02:17:30;ventilation;0.429;False
S0009;2026-01-02 02:17:30;humidity;65.093;True
S0003;2026-01-02 02:17:30;humidity;74.657;False
S0004;2026-01-02 02:17:30;CO2_level;906;True
S0007;2026-01-02 02:17:30;temperature;12.891;False
S0010;2026-01-02 02:17:30;CO2_level;863;False
S0001;2026-01-02 02:17:30;temperature;15.13;False
S0010;2026-01-02 02:17:45;CO2_level;751;False
S0005;2026-01-02 02:17:45;ventilation;null;True
S0004;2026-01-02 02:17:45;CO2_level;876;False
S0011;2026-01-02 02:17:45;ventilation;0.564;False
S0007;2026-01-02 02:17:45;temperature;14.572;False
S0001;2026-01-02 02:17:45;temperature;15.091;False
S0004;2026-01-02 02:18:00;CO2_level;1037;False
S0009;2026-01-02 02:18:00;humidity;65.272;False
S0011;2026-01-02 02:18:00;ventilation;0.384;False
S0010;2026-01-02 02:18:00;CO2_level;887;True
S0003;2026-01-02 02:18:00;humidity;74.438;False
S0007;2026-01-02 02:18:00;temperature;14.487;False
S0005;2026-01-02 02:18:00;ventilation;0.591;False
S0001;2026-01-02 02:18:00;temperature;11.008;False
S0007;2026-01-02 02:18:15;temperature;15.853;False
S0011;2026-01-02 02:18:15;ventilation;0.474;False
S0010;2026-01-02 02:18:15;CO2_level;1083;False
S0005;2026-01-02 02:18:15;ventilation;null;True
S0004;2026-01-02 02:18:15;CO2_level;950;False
S0001;2026-01-02 02:18:15;temperature;null;True
S0010;2026-01-02 02:18:30;CO2_level;941;False
S0004;2026-01-02 02:18:30;CO2_level;990;False
S0003;2026-01-02 02:18:30;humidity;69.026;False
S0001;2026-01-02 02:18:30;temperature;10.817;False
S0007;2026-01-02 02:18:30;temperature;12.754;False
S0011;2026-01-02 02:18:30;ventilation;0.34;False
S0005;2026-01-02 02:18:30;ventilation;0.272;False
S0009;2026-01-02 02:18:30;humidity;65.058;True
S0004;2026-01-02 02:18:45;CO2_level;1023;False
S0010;2026-01-02 02:18:45;CO2_level;782;False
S0011;2026-01-02 02:18:45;ventilation;0.355;False
S0007;2026-01-02 02:18:45;temperature;12.101;False
S0005;2026-01-02 02:18:45;ventilation;0.351;False
S0001;2026-01-02 02:18:45;temperature;12.805;False
S0009;2026-01-02 02:19:00;humidity;null;True
S0007;2026-01-02 02:19:00;temperature;12.195;False
S0005;2026-01-02 02:19:00;ventilation;0.504;False
S0003;2026-01-02 02:19:00;humidity;73.498;False
S0011;2026-01-02 02:19:00;ventilation;0.539;False
S0010;2026-01-02 02:19:00;CO2_level;940;False
S0004;2026-01-02 02:19:00;CO2_level;867;False
S0001;2026-01-02 02:19:00;temperature;11.864;False
S0001;2026-01-02 02:19:15;temperature;14.699;False
S0005;2026-01-02 02:19:15;ventilation;0.515;False
S0011;2026-01-02 02:19:15;ventilation;0.447;False
S0004;2026-01-02 02:19:15;CO2_level;1034;False
S0010;2026-01-02 02:19:15;CO2_level;783;False
S0007;2026-01-02 02:19:15;temperature;13.687;False
S0001;2026-01-02 02:19:30;temperature;14.624;False
S0004;2026-01-02 02:19:30;CO2_level;881;False
S0010;2026-01-02 02:19:30;CO2_level;1045;True
S0009;2026-01-02 02:19:30;humidity;66.563;False
S0011;2026-01-02 02:19:30;ventilation;0.46;False
S0003;2026-01-02 02:19:30;humidity;65.499;True
S0005;2026-01-02 02:19:30;ventilation;0.447;False
S0007;2026-01-02 02:19:30;temperature;11.313;True
S0011;2026-01-02 02:19:45;ventilation;0.543;False
S0001;2026-01-02 02:19:45;temperature;12.874;False
S0004;2026-01-02 02:19:45;CO2_level;1079;False
S0007;2026-01-02 02:19:45;temperature;10.473;False
S0005;2026-01-02 02:19:45;ventilation;0.56;False
S0010;2026-01-02 02:19:45;CO2_level;1057;False
S0001;2026-01-02 02:20:00;temperature;10.366;False
S0007;2026-01-02 02:20:00;temperature;12.5;False
S0009;2026-01-02 02:20:00;humidity;70.608;True
S0011;2026-01-02 02:20:00;ventilation;0.215;False
S0005;2026-01-02 02:20:00;ventilation;0.271;False
S0004;2026-01-02 02:20:00;CO2_level;967;False
S0003;2026-01-02 02:20:00;humidity;65.95;False
S0010;2026-01-02 02:20:00;CO2_level;943;False
S0011;2026-01-02 02:20:15;ventilation;0.475;False
S0007;2026-01-02 02:20:15;temperature;15.58;False
S0005;2026-01-02 02:20:15;ventilation;0.261;False
S0004;2026-01-02 02:20:15;CO2_level;884;False
S0010;2026-01-02 02:20:15;CO2_level;1097;True
S0001;2026-01-02 02:20:15;temperature;15.226;False
S0007;2026-01-02 02:20:30;temperature;15.152;False
S0011;2026-01-02 02:20:30;ventilation;0.466;True
S0005;2026-01-02 02:20:30;ventilation;0.426;False
S0010;2026-01-02 02:20:30;CO2_level;1060;False
S0003;2026-01-02 02:20:30;humidity;70.306;False
S0001;2026-01-02 02:20:30;temperature;10.516;False
S0009;2026-01-02 02:20:30;humidity;72.656;True
S0004;2026-01-02 02:20:30;CO2_level;948;False
S0007;2026-01-02 02:20:45;temperature;15.163;False
S0010;2026-01-02 02:20:45;CO2_level;729;False
S0011;2026-01-02 02:20:45;ventilation;0.573;False
S0004;2026-01-02 02:20:45;CO2_level;825;False
S0005;2026-01-02 02:20:45;ventilation;0.315;False
S0001;2026-01-02 02:20:45;temperature;14.179;False
S0010;2026-01-02 02:21:00;CO2_level;1058;False
S0007;2026-01-02 02:21:00;temperature;12.887;False
S0001;2026-01-02 02:21:00;temperature;15.84;False
S0009;2026-01-02 02:21:00;humidity;69.853;False
S0003;2026-01-02 02:21:00;humidity;69.855;False
S0011;2026-01-02 02:21:00;ventilation;0.278;False
S0005;2026-01-02 02:21:00;ventilation;0.531;False
S0004;2026-01-02 02:21:00;CO2_level;858;False
S0001;2026-01-02 02:21:15;temperature;13.543;False
S0010;2026-01-02 02:21:15;CO2_level;975;False
S0011;2026-01-02 02:21:15;ventilation;0.366;False
S0004;2026-01-02 02:21:15;CO2_level;778;False
S0007;2026-01-02 02:21:15;temperature;13.586;False
S0005;2026-01-02 02:21:15;ventilation;0.254;False
S0010;2026-01-02 02:21:30;CO2_level;886;False
S0004;2026-01-02 02:21:30;CO2_level;932;False
S0009;2026-01-02 02:21:30;humidity;66.356;False
S0003;2026-01-02 02:21:30;humidity;68.512;False
S0005;2026-01-02 02:21:30;ventilation;0.256;False
S0007;2026-01-02 02:21:30;temperature;14.802;False
S0001;2026-01-02 02:21:30;temperature;11.413;False
S0011;2026-01-02 02:21:30;ventilation;0.278;False
S0007;2026-01-02 02:21:45;temperature;11.689;False
S0004;2026-01-02 02:21:45;CO2_level;709;False
S0011;2026-01-02 02:21:45;ventilation;null;True
S0005;2026-01-02 02:21:45;ventilation;0.422;False
S0001;2026-01-02 02:21:45;temperature;11.084;False
S0010;2026-01-02 02:21:45;CO2_level;784;False
S0004;2026-01-02 02:22:00;CO2_level;720;False
S0005;2026-01-02 02:22:00;ventilation;0.287;False
S0010;2026-01-02 02:22:00;CO2_level;901;False
S0003;2026-01-02 02:22:00;humidity;70.264;False
S0007;2026-01-02 02:22:00;temperature;14.121;False
S0001;2026-01-02 02:22:00;temperature;15.762;False
S0011;2026-01-02 02:22:00;ventilation;0.307;False
S0009;2026-01-02 02:22:00;humidity;null;True
S0010;2026-01-02 02:22:15;CO2_level;884;False
S0011;2026-01-02 02:22:15;ventilation;0.517;False
S0007;2026-01-02 02:22:15;temperature;15.06;False
S0004;2026-01-02 02:22:15;CO2_level;966;False
S0001;2026-01-02 02:22:15;temperature;14.154;False
S0005;2026-01-02 02:22:15;ventilation;0.371;False
S0001;2026-01-02 02:22:30;temperature;13.316;True
S0010;2026-01-02 02:22:30;CO2_level;1044;False
S0005;2026-01-02 02:22:30;ventilation;0.371;False
S0009;2026-01-02 02:22:30;humidity;74.451;False
S0004;2026-01-02 02:22:30;CO2_level;1062;False
S0011;2026-01-02 02:22:30;ventilation;0.475;False
S0007;2026-01-02 02:22:30;temperature;15.157;False
S0003;2026-01-02 02:22:30;humidity;69.546;False
S0007;2026-01-02 02:22:45;temperature;14.339;False
S0011;2026-01-02 02:22:45;ventilation;0.558;False
S0001;2026-01-02 02:22:45;temperature;11.369;False
S0010;2026-01-02 02:22:45;CO2_level;984;False
S0004;2026-01-02 02:22:45;CO2_level;947;False
S0005;2026-01-02 02:22:45;ventilation;0.54;False
S0004;2026-01-02 02:23:00;CO2_level;886;False
S0005;2026-01-02 02:23:00;ventilation;0.362;False
S0003;2026-01-02 02:23:00;humidity;72.207;False
S0007;2026-01-02 02:23:00;temperature;14.233;False
S0009;2026-01-02 02:23:00;humidity;70.041;False
S0011;2026-01-02 02:23:00;ventilation;0.212;False
S0010;2026-01-02 02:23:00;CO2_level;956;False
S0001;2026-01-02 02:23:00;temperature;11.194;False
S0011;2026-01-02 02:23:15;ventilation;0.462;False
S0004;2026-01-02 02:23:15;CO2_level;921;False
S0005;2026-01-02 02:23:15;ventilation;0.524;False
S0007;2026-01-02 02:23:15;temperature;11.869;False
S0010;2026-01-02 02:23:15;CO2_level;721;False
S0001;2026-01-02 02:23:15;temperature;13.362;False
S0009;2026-01-02 02:23:30;humidity;67.48;True
S0007;2026-01-02 02:23:30;temperature;14.992;False
S0003;2026-01-02 02:23:30;humidity;68.874;False
S0001;2026-01-02 02:23:30;temperature;15.673;False
S0010;2026-01-02 02:23:30;CO2_level;1087;False
S0011;2026-01-02 02:23:30;ventilation;0.564;False
S0005;2026-01-02 02:23:30;ventilation;0.58;False
S0004;2026-01-02 02:23:30;CO2_level;971;False
S0001;2026-01-02 02:23:45;temperature;12.817;False
S0004;2026-01-02 02:23:45;CO2_level;713;False
S0005;2026-01-02 02:23:45;ventilation;0.521;False
S0011;2026-01-02 02:23:45;ventilation;0.37;False
S0007;2026-01-02 02:23:45;temperature;10.104;False
S0010;2026-01-02 02:23:45;CO2_level;null;True
S0007;2026-01-02 02:24:00;temperature;13.658;False
S0001;2026-01-02 02:24:00;temperature;13.5;False
S0005;2026-01-02 02:24:00;ventilation;0.413;False
S0011;2026-01-02 02:24:00;ventilation;0.209;False
S0009;2026-01-02 02:24:00;humidity;67.897;False
S0010;2026-01-02 02:24:00;CO2_level;919;False
S0003;2026-01-02 02:24:00;humidity;73.329;False
S0004;2026-01-02 02:24:00;CO2_level;992;False
S0005;2026-01-02 02:24:15;ventilation;0.247;False
S0004;2026-01-02 02:24:15;CO2_level;985;False
S0011;2026-01-02 02:24:15;ventilation;0.309;False
S0010;2026-01-02 02:24:15;CO2_level;1016;False
S0001;2026-01-02 02:24:15;temperature;14.505;True
S0007;2026-01-02 02:24:15;temperature;15.785;False
S0001;2026-01-02 02:24:30;temperature;12.428;False
S0011;2026-01-02 02:24:30;ventilation;0.563;True
S0003;2026-01-02 02:24:30;humidity;74.982;False
S0004;2026-01-02 02:24:30;CO2_level;1095;False
S0005;2026-01-02 02:24:30;ventilation;0.556;False
S0007;2026-01-02 02:24:30;temperature;12.211;False
S0010;2026-01-02 02:24:30;CO2_level;977;False
S0009;2026-01-02 02:24:30;humidity;65.22;False
S0004;2026-01-02 02:24:45;CO2_level;null;True
S0007;2026-01-02 02:24:45;temperature;10.556;False
S0001;2026-01-02 02:24:45;temperature;11.245;False
S0011;2026-01-02 02:24:45;ventilation;0.225;False
S0010;2026-01-02 02:24:45;CO2_level;817;False
S0005;2026-01-02 02:24:45;ventilation;0.343;False
S0003;2026-01-02 02:25:00;humidity;65.321;False
S0007;2026-01-02 02:25:00;temperature;12.584;False
S0001;2026-01-02 02:25:00;temperature;14.345;False
S0004;2026-01-02 02:25:00;CO2_level;1000;False
S0005;2026-01-02 02:25:00;ventilation;0.372;False
S0009;2026-01-02 02:25:00;humidity;67.396;False
S0010;2026-01-02 02:25:00;CO2_level;1078;False
S0011;2026-01-02 02:25:00;ventilation;0.465;False
S0010;2026-01-02 02:25:15;CO2_level;827;False
S0007;2026-01-02 02:25:15;temperature;15.405;False
S0011;2026-01-02 02:25:15;ventilation;0.277;False
S0001;2026-01-02 02:25:15;temperature;12.871;False
S0005;2026-01-02 02:25:15;ventilation;0.233;False
S0004;2026-01-02 02:25:15;CO2_level;849;False
S0005;2026-01-02 02:25:30;ventilation;0.224;False
S0010;2026-01-02 02:25:30;CO2_level;1099;False
S0009;2026-01-02 02:25:30;humidity;74.232;False
S0007;2026-01-02 02:25:30;temperature;12.456;False
S0003;2026-01-02 02:25:30;humidity;69.946;False
S0001;2026-01-02 02:25:30;temperature;10.567;False
S0004;2026-01-02 02:25:30;CO2_level;843;False
S0011;2026-01-02 02:25:30;ventilation;0.353;False
S0004;2026-01-02 02:25:45;CO2_level;839;False
S0007;2026-01-02 02:25:45;temperature;15.146;True
S0011;2026-01-02 02:25:45;ventilation;0.312;False
S0005;2026-01-02 02:25:45;ventilation;0.433;False
S0010;2026-01-02 02:25:45;CO2_level;804;False
S0001;2026-01-02 02:25:45;temperature;15.069;False
S0004;2026-01-02 02:26:00;CO2_level;822;False
S0001;2026-01-02 02:26:00;temperature;13.114;False
S0005;2026-01-02 02:26:00;ventilation;0.462;False
S0009;2026-01-02 02:26:00;humidity;68.771;False
S0010;2026-01-02 02:26:00;CO2_level;957;False
S0003;2026-01-02 02:26:00;humidity;68.634;False
S0007;2026-01-02 02:26:00;temperature;12.392;False
S0011;2026-01-02 02:26:00;ventilation;0.207;False
S0005;2026-01-02 02:26:15;ventilation;0.279;True
S0007;2026-01-02 02:26:15;temperature;11.514;False
S0010;2026-01-02 02:26:15;CO2_level;751;False
S0004;2026-01-02 02:26:15;CO2_level;733;False
S0011;2026-01-02 02:26:15;ventilation;0.317;False
S0001;2026-01-02 02:26:15;temperature;15.503;False
S0004;2026-01-02 02:26:30;CO2_level;1041;False
S0007;2026-01-02 02:26:30;temperature;14.361;False
S0009;2026-01-02 02:26:30;humidity;70.138;False
S0010;2026-01-02 02:26:30;CO2_level;993;False
S0011;2026-01-02 02:26:30;ventilation;0.284;False
S0005;2026-01-02 02:26:30;ventilation;0.393;False
S0003;2026-01-02 02:26:30;humidity;65.86;False
S0001;2026-01-02 02:26:30;temperature;12.819;False
S0007;2026-01-02 02:26:45;temperature;11.614;False
S0011;2026-01-02 02:26:45;ventilation;0.294;False
S0004;2026-01-02 02:26:45;CO2_level;969;False
S0001;2026-01-02 02:26:45;temperature;10.335;False
S0010;2026-01-02 02:26:45;CO2_level;716;False
S0005;2026-01-02 02:26:45;ventilation;0.57;False
S0004;2026-01-02 02:27:00;CO2_level;867;False
S0011;2026-01-02 02:27:00;ventilation;0.256;False
S0001;2026-01-02 02:27:00;temperature;12.46;False
S0005;2026-01-02 02:27:00;ventilation;0.528;False
S0007;2026-01-02 02:27:00;temperature;12.613;False
S0009;2026-01-02 02:27:00;humidity;72.624;False
S0003;2026-01-02 02:27:00;humidity;70.416;False
S0010;2026-01-02 02:27:00;CO2_level;729;False
S0010;2026-01-02 02:27:15;CO2_level;1071;False
S0005;2026-01-02 02:27:15;ventilation;0.205;False
S0011;2026-01-02 02:27:15;ventilation;0.565;False
S0004;2026-01-02 02:27:15;CO2_level;700;False
S0007;2026-01-02 02:27:15;temperature;12.961;False
S0001;2026-01-02 02:27:15;temperature;14.387;False
S0009;2026-01-02 02:27:30;humidity;65.358;False
S0001;2026-01-02 02:27:30;temperature;13.628;False
S0004;2026-01-02 02:27:30;CO2_level;1006;False
S0011;2026-01-02 02:27:30;ventilation;0.407;False
S0003;2026-01-02 02:27:30;humidity;null;True
S0007;2026-01-02 02:27:30;temperature;11.13;False
S0005;2026-01-02 02:27:30;ventilation;0.452;False
S0010;2026-01-02 02:27:30;CO2_level;813;False
S0004;2026-01-02 02:27:45;CO2_level;902;False
S0010;2026-01-02 02:27:45;CO2_level;935;False
S0007;2026-01-02 02:27:45;temperature;10.312;False
S0001;2026-01-02 02:27:45;temperature;15.564;False
S0005;2026-01-02 02:27:45;ventilation;0.525;False
S0011;2026-01-02 02:27:45;ventilation;0.246;False
S0004;2026-01-02 02:28:00;CO2_level;1068;False
S0005;2026-01-02 02:28:00;ventilation;0.288;False
S0001;2026-01-02 02:28:00;temperature;10.548;False
S0003;2026-01-02 02:28:00;humidity;71.771;False
S0007;2026-01-02 02:28:00;temperature;12.026;False
S0011;2026-01-02 02:28:00;ventilation;0.465;False
S0010;2026-01-02 02:28:00;CO2_level;990;False
S0009;2026-01-02 02:28:00;humidity;70.278;False
S0007;2026-01-02 02:28:15;temperature;10.254;False
S0011;2026-01-02 02:28:15;ventilation;0.381;False
S0004;2026-01-02 02:28:15;CO2_level;840;False
S0005;2026-01-02 02:28:15;ventilation;0.464;False
S0010;2026-01-02 02:28:15;CO2_level;901;False
S0001;2026-01-02 02:28:15;temperature;14.332;False
S0005;2026-01-02 02:28:30;ventilation;0.486;True
S0004;2026-01-02 02:28:30;CO2_level;739;False
S0009;2026-01-02 02:28:30;humidity;70.612;False
S0010;2026-01-02 02:28:30;CO2_level;731;False
S0007;2026-01-02 02:28:30;temperature;11.594;False
S0001;2026-01-02 02:28:30;temperature;10.529;False
S0003;2026-01-02 02:28:30;humidity;72.782;False
S0011;2026-01-02 02:28:30;ventilation;0.575;False
S0004;2026-01-02 02:28:45;CO2_level;713;False
S0005;2026-01-02 02:28:45;ventilation;0.297;False
S0010;2026-01-02 02:28:45;CO2_level;1008;False
S0011;2026-01-02 02:28:45;ventilation;0.47;False
S0007;2026-01-02 02:28:45;temperature;15.245;False
S0001;2026-01-02 02:28:45;temperature;14.748;False
S0007;2026-01-02 02:29:00;temperature;11.337;False
S0009;2026-01-02 02:29:00;humidity;74.937;False
S0011;2026-01-02 02:29:00;ventilation;0.538;False
S0001;2026-01-02 02:29:00;temperature;10.114;False
S0005;2026-01-02 02:29:00;ventilation;0.576;False
S0004;2026-01-02 02:29:00;CO2_level;708;False
S0010;2026-01-02 02:29:00;CO2_level;892;True
S0003;2026-01-02 02:29:00;humidity;68.621;False
S0007;2026-01-02 02:29:15;temperature;10.554;False
S0004;2026-01-02 02:29:15;CO2_level;941;False
S0011;2026-01-02 02:29:15;ventilation;0.536;False
S0010;2026-01-02 02:29:15;CO2_level;1055;False
S0001;2026-01-02 02:29:15;temperature;10.135;False
S0005;2026-01-02 02:29:15;ventilation;0.397;False
S0005;2026-01-02 02:29:30;ventilation;0.464;False
S0010;2026-01-02 02:29:30;CO2_level;1031;False
S0004;2026-01-02 02:29:30;CO2_level;1045;False
S0001;2026-01-02 02:29:30;temperature;14.126;False
S0003;2026-01-02 02:29:30;humidity;73.239;True
S0009;2026-01-02 02:29:30;humidity;65.975;False
S0007;2026-01-02 02:29:30;temperature;null;True
S0011;2026-01-02 02:29:30;ventilation;0.259;False
S0007;2026-01-02 02:29:45;temperature;10.729;False
S0001;2026-01-02 02:29:45;temperature;14.121;False
S0010;2026-01-02 02:29:45;CO2_level;822;False
S0004;2026-01-02 02:29:45;CO2_level;848;False
S0005;2026-01-02 02:29:45;ventilation;0.517;False
S0011;2026-01-02 02:29:45;ventilation;0.54;False
S0011;2026-01-02 02:30:00;ventilation;0.395;False
S0009;2026-01-02 02:30:00;humidity;73.062;False
S0004;2026-01-02 02:30:00;CO2_level;877;False
S0005;2026-01-02 02:30:00;ventilation;0.358;False
S0007;2026-01-02 02:30:00;temperature;14.758;False
S0001;2026-01-02 02:30:00;temperature;10.709;False
S0003;2026-01-02 02:30:00;humidity;67.545;False
S0010;2026-01-02 02:30:00;CO2_level;1008;False
S0007;2026-01-02 02:30:15;temperature;15.393;False
S0004;2026-01-02 02:30:15;CO2_level;916;False
S0005;2026-01-02 02:30:15;ventilation;0.569;False
S0010;2026-01-02 02:30:15;CO2_level;715;False
S0011;2026-01-02 02:30:15;ventilation;0.398;False
S0001;2026-01-02 02:30:15;temperature;14.813;False
S0003;2026-01-02 02:30:30;humidity;66.222;True
S0010;2026-01-02 02:30:30;CO2_level;765;False
S0009;2026-01-02 02:30:30;humidity;67.442;False
S0011;2026-01-02 02:30:30;ventilation;0.441;False
S0001;2026-01-02 02:30:30;temperature;14.967;False
S0004;2026-01-02 02:30:30;CO2_level;915;False
S0007;2026-01-02 02:30:30;temperature;15.384;False
S0005;2026-01-02 02:30:30;ventilation;0.501;False
S0010;2026-01-02 02:30:45;CO2_level;942;False
S0004;2026-01-02 02:30:45;CO2_level;881;False
S0011;2026-01-02 02:30:45;ventilation;0.559;False
S0007;2026-01-02 02:30:45;temperature;11.493;False
S0001;2026-01-02 02:30:45;temperature;14.702;False
S0005;2026-01-02 02:30:45;ventilation;0.556;True
S0010;2026-01-02 02:31:00;CO2_level;756;False
S0007;2026-01-02 02:31:00;temperature;10.668;False
S0004;2026-01-02 02:31:00;CO2_level;914;False
S0011;2026-01-02 02:31:00;ventilation;0.365;False
S0001;2026-01-02 02:31:00;temperature;11.601;False
S0003;2026-01-02 02:31:00;humidity;69.383;False
S0005;2026-01-02 02:31:00;ventilation;0.23;False
S0009;2026-01-02 02:31:00;humidity;72.146;False
S0011;2026-01-02 02:31:15;ventilation;0.36;False
S0007;2026-01-02 02:31:15;temperature;10.126;False
S0001;2026-01-02 02:31:15;temperature;15.794;False
S0010;2026-01-02 02:31:15;CO2_level;850;False
S0004;2026-01-02 02:31:15;CO2_level;1073;False
S0005;2026-01-02 02:31:15;ventilation;0.255;False
S0011;2026-01-02 02:31:30;ventilation;0.409;False
S0003;2026-01-02 02:31:30;humidity;73.135;True
S0007;2026-01-02 02:31:30;temperature;14.424;False
S0001;2026-01-02 02:31:30;temperature;11.879;False
S0009;2026-01-02 02:31:30;humidity;74.706;True
S0005;2026-01-02 02:31:30;ventilation;0.213;False
S0010;2026-01-02 02:31:30;CO2_level;927;False
S0004;2026-01-02 02:31:30;CO2_level;981;False
S0010;2026-01-02 02:31:45;CO2_level;1005;False
S0001;2026-01-02 02:31:45;temperature;10.14;False
S0005;2026-01-02 02:31:45;ventilation;0.318;False
S0011;2026-01-02 02:31:45;ventilation;0.396;False
S0007;2026-01-02 02:31:45;temperature;15.634;False
S0004;2026-01-02 02:31:45;CO2_level;934;False
S0004;2026-01-02 02:32:00;CO2_level;968;True
S0003;2026-01-02 02:32:00;humidity;73.189;False
S0001;2026-01-02 02:32:00;temperature;11.133;False
S0010;2026-01-02 02:32:00;CO2_level;836;False
S0009;2026-01-02 02:32:00;humidity;68.927;False
S0005;2026-01-02 02:32:00;ventilation;0.518;False
S0007;2026-01-02 02:32:00;temperature;14.491;False
S0011;2026-01-02 02:32:00;ventilation;0.207;False
S0007;2026-01-02 02:32:15;temperature;12.637;False
S0005;2026-01-02 02:32:15;ventilation;0.448;False
S0004;2026-01-02 02:32:15;CO2_level;858;True
S0010;2026-01-02 02:32:15;CO2_level;986;False
S0001;2026-01-02 02:32:15;temperature;15.388;False
S0011;2026-01-02 02:32:15;ventilation;0.345;False
S0011;2026-01-02 02:32:30;ventilation;0.497;True
S0010;2026-01-02 02:32:30;CO2_level;803;False
S0001;2026-01-02 02:32:30;temperature;14.961;False
S0009;2026-01-02 02:32:30;humidity;68.3;False
S0007;2026-01-02 02:32:30;temperature;10.832;False
S0004;2026-01-02 02:32:30;CO2_level;943;False
S0005;2026-01-02 02:32:30;ventilation;0.48;False
S0003;2026-01-02 02:32:30;humidity;66.394;False
S0011;2026-01-02 02:32:45;ventilation;0.47;False
S0007;2026-01-02 02:32:45;temperature;12.192;False
S0001;2026-01-02 02:32:45;temperature;14.637;False
S0005;2026-01-02 02:32:45;ventilation;0.311;False
S0010;2026-01-02 02:32:45;CO2_level;899;False
S0004;2026-01-02 02:32:45;CO2_level;905;False
S0011;2026-01-02 02:33:00;ventilation;0.373;False
S0010;2026-01-02 02:33:00;CO2_level;874;False
S0005;2026-01-02 02:33:00;ventilation;0.518;False
S0009;2026-01-02 02:33:00;humidity;73.77;False
S0007;2026-01-02 02:33:00;temperature;15.25;False
S0001;2026-01-02 02:33:00;temperature;14.497;False
S0003;2026-01-02 02:33:00;humidity;71.476;False
S0004;2026-01-02 02:33:00;CO2_level;741;True
S0010;2026-01-02 02:33:15;CO2_level;845;False
S0011;2026-01-02 02:33:15;ventilation;0.224;False
S0005;2026-01-02 02:33:15;ventilation;0.388;False
S0007;2026-01-02 02:33:15;temperature;15.428;False
S0001;2026-01-02 02:33:15;temperature;15.508;False
S0004;2026-01-02 02:33:15;CO2_level;716;False
S0003;2026-01-02 02:33:30;humidity;72.992;False
S0009;2026-01-02 02:33:30;humidity;74.916;False
S0007;2026-01-02 02:33:30;temperature;12.798;False
S0004;2026-01-02 02:33:30;CO2_level;887;False
S0010;2026-01-02 02:33:30;CO2_level;974;False
S0005;2026-01-02 02:33:30;ventilation;0.401;False
S0001;2026-01-02 02:33:30;temperature;11.131;False
S0011;2026-01-02 02:33:30;ventilation;0.502;False
S0010;2026-01-02 02:33:45;CO2_level;820;False
S0011;2026-01-02 02:33:45;ventilation;0.452;False
S0001;2026-01-02 02:33:45;temperature;11.554;False
S0004;2026-01-02 02:33:45;CO2_level;897;False
S0007;2026-01-02 02:33:45;temperature;13.033;False
S0005;2026-01-02 02:33:45;ventilation;0.284;False
S0005;2026-01-02 02:34:00;ventilation;0.333;False
S0010;2026-01-02 02:34:00;CO2_level;981;False
S0003;2026-01-02 02:34:00;humidity;71.933;True
S0007;2026-01-02 02:34:00;temperature;11.265;False
S0004;2026-01-02 02:34:00;CO2_level;804;False
S0011;2026-01-02 02:34:00;ventilation;0.405;False
S0001;2026-01-02 02:34:00;temperature;11.6;False
S0009;2026-01-02 02:34:00;humidity;73.705;False
S0004;2026-01-02 02:34:15;CO2_level;1032;False
S0001;2026-01-02 02:34:15;temperature;null;True
S0005;2026-01-02 02:34:15;ventilation;0.247;False
S0011;2026-01-02 02:34:15;ventilation;0.35;False
S0010;2026-01-02 02:34:15;CO2_level;773;False
S0007;2026-01-02 02:34:15;temperature;15.953;False
S0007;2026-01-02 02:34:30;temperature;12.947;False
S0004;2026-01-02 02:34:30;CO2_level;1063;False
S0010;2026-01-02 02:34:30;CO2_level;882;False
S0003;2026-01-02 02:34:30;humidity;69.117;False
S0009;2026-01-02 02:34:30;humidity;72.479;False
S0011;2026-01-02 02:34:30;ventilation;0.582;False
S0005;2026-01-02 02:34:30;ventilation;0.317;False
S0001;2026-01-02 02:34:30;temperature;10.839;False
S0007;2026-01-02 02:34:45;temperature;13.726;False
S0001;2026-01-02 02:34:45;temperature;11.461;False
S0010;2026-01-02 02:34:45;CO2_level;1016;False
S0004;2026-01-02 02:34:45;CO2_level;724;False
S0011;2026-01-02 02:34:45;ventilation;0.288;False
S0005;2026-01-02 02:34:45;ventilation;0.331;False
S0009;2026-01-02 02:35:00;humidity;69.43;False
S0005;2026-01-02 02:35:00;ventilation;0.456;False
S0007;2026-01-02 02:35:00;temperature;11.814;False
S0010;2026-01-02 02:35:00;CO2_level;939;False
S0011;2026-01-02 02:35:00;ventilation;0.406;False
S0001;2026-01-02 02:35:00;temperature;11.625;False
S0003;2026-01-02 02:35:00;humidity;67.202;False
S0004;2026-01-02 02:35:00;CO2_level;935;False
S0007;2026-01-02 02:35:15;temperature;13.46;False
S0005;2026-01-02 02:35:15;ventilation;0.372;False
S0011;2026-01-02 02:35:15;ventilation;0.426;False
S0001;2026-01-02 02:35:15;temperature;10.658;False
S0010;2026-01-02 02:35:15;CO2_level;916;False
S0004;2026-01-02 02:35:15;CO2_level;852;False
S0004;2026-01-02 02:35:30;CO2_level;961;False
S0003;2026-01-02 02:35:30;humidity;73.028;False
S0007;2026-01-02 02:35:30;temperature;null;True
S0001;2026-01-02 02:35:30;temperature;14.133;False
S0010;2026-01-02 02:35:30;CO2_level;1034;False
S0005;2026-01-02 02:35:30;ventilation;0.415;True
S0011;2026-01-02 02:35:30;ventilation;0.29;False
S0009;2026-01-02 02:35:30;humidity;66.383;False
S0004;2026-01-02 02:35:45;CO2_level;810;True
S0001;2026-01-02 02:35:45;temperature;10.569;False
S0010;2026-01-02 02:35:45;CO2_level;893;True
S0005;2026-01-02 02:35:45;ventilation;0.481;False
S0007;2026-01-02 02:35:45;temperature;10.417;False
S0011;2026-01-02 02:35:45;ventilation;0.327;False
S0011;2026-01-02 02:36:00;ventilation;0.586;False
S0009;2026-01-02 02:36:00;humidity;65.446;False
S0001;2026-01-02 02:36:00;temperature;10.736;True
S0005;2026-01-02 02:36:00;ventilation;null;True
S0004;2026-01-02 02:36:00;CO2_level;851;False
S0010;2026-01-02 02:36:00;CO2_level;1048;False
S0003;2026-01-02 02:36:00;humidity;69.864;False
S0007;2026-01-02 02:36:00;temperature;12.288;False
S0010;2026-01-02 02:36:15;CO2_level;1019;False
S0001;2026-01-02 02:36:15;temperature;10.716;False
S0011;2026-01-02 02:36:15;ventilation;0.59;True
S0004;2026-01-02 02:36:15;CO2_level;745;False
S0005;2026-01-02 02:36:15;ventilation;0.34;False
S0007;2026-01-02 02:36:15;temperature;11.894;False
S0011;2026-01-02 02:36:30;ventilation;0.34;False
S0009;2026-01-02 02:36:30;humidity;65.577;False
S0003;2026-01-02 02:36:30;humidity;65.506;False
S0010;2026-01-02 02:36:30;CO2_level;877;False
S0007;2026-01-02 02:36:30;temperature;15.203;True
S0004;2026-01-02 02:36:30;CO2_level;868;False
S0001;2026-01-02 02:36:30;temperature;14.731;False
S0005;2026-01-02 02:36:30;ventilation;null;True
S0004;2026-01-02 02:36:45;CO2_level;1063;False
S0001;2026-01-02 02:36:45;temperature;14.078;False
S0010;2026-01-02 02:36:45;CO2_level;710;False
S0005;2026-01-02 02:36:45;ventilation;0.449;False
S0011;2026-01-02 02:36:45;ventilation;0.284;False
S0007;2026-01-02 02:36:45;temperature;15.975;False
S0004;2026-01-02 02:37:00;CO2_level;915;False
S0001;2026-01-02 02:37:00;temperature;14.218;False
S0005;2026-01-02 02:37:00;ventilation;0.373;False
S0011;2026-01-02 02:37:00;ventilation;0.292;False
S0003;2026-01-02 02:37:00;humidity;68.633;False
S0009;2026-01-02 02:37:00;humidity;71.996;False
S0007;2026-01-02 02:37:00;temperature;13.246;False
S0010;2026-01-02 02:37:00;CO2_level;880;False
S0007;2026-01-02 02:37:15;temperature;11.87;False
S0010;2026-01-02 02:37:15;CO2_level;1097;False
S0011;2026-01-02 02:37:15;ventilation;0.32;False
S0005;2026-01-02 02:37:15;ventilation;0.279;False
S0004;2026-01-02 02:37:15;CO2_level;919;False
S0001;2026-01-02 02:37:15;temperature;14.625;False
S0003;2026-01-02 02:37:30;humidity;74.745;False
S0011;2026-01-02 02:37:30;ventilation;0.435;False
S0001;2026-01-02 02:37:30;temperature;15.621;False
S0007;2026-01-02 02:37:30;temperature;14.706;False
S0009;2026-01-02 02:37:30;humidity;70.744;False
S0005;2026-01-02 02:37:30;ventilation;0.485;False
S0010;2026-01-02 02:37:30;CO2_level;960;False
S0004;2026-01-02 02:37:30;CO2_level;911;False
S0011;2026-01-02 02:37:45;ventilation;0.333;False
S0007;2026-01-02 02:37:45;temperature;13.726;False
S0001;2026-01-02 02:37:45;temperature;15.466;True
S0004;2026-01-02 02:37:45;CO2_level;878;False
S0005;2026-01-02 02:37:45;ventilation;0.468;False
S0010;2026-01-02 02:37:45;CO2_level;908;False
S0011;2026-01-02 02:38:00;ventilation;0.314;False
S0007;2026-01-02 02:38:00;temperature;10.529;False
S0001;2026-01-02 02:38:00;temperature;11.015;False
S0003;2026-01-02 02:38:00;humidity;71.531;False
S0004;2026-01-02 02:38:00;CO2_level;751;False
S0005;2026-01-02 02:38:00;ventilation;0.394;False
S0010;2026-01-02 02:38:00;CO2_level;762;False
S0009;2026-01-02 02:38:00;humidity;68.466;False
S0004;2026-01-02 02:38:15;CO2_level;944;False
S0007;2026-01-02 02:38:15;temperature;12.577;False
S0005;2026-01-02 02:38:15;ventilation;0.557;False
S0001;2026-01-02 02:38:15;temperature;13.337;False
S0011;2026-01-02 02:38:15;ventilation;0.277;False
S0010;2026-01-02 02:38:15;CO2_level;1061;False
S0004;2026-01-02 02:38:30;CO2_level;838;False
S0009;2026-01-02 02:38:30;humidity;72.183;True
S0005;2026-01-02 02:38:30;ventilation;0.393;False
S0010;2026-01-02 02:38:30;CO2_level;952;False
S0003;2026-01-02 02:38:30;humidity;68.497;False
S0007;2026-01-02 02:38:30;temperature;15.6;False
S0011;2026-01-02 02:38:30;ventilation;0.462;False
S0001;2026-01-02 02:38:30;temperature;14.869;False
S0011;2026-01-02 02:38:45;ventilation;0.3;False
S0010;2026-01-02 02:38:45;CO2_level;792;False
S0001;2026-01-02 02:38:45;temperature;13.369;False
S0005;2026-01-02 02:38:45;ventilation;0.359;False
S0007;2026-01-02 02:38:45;temperature;12.194;False
S0004;2026-01-02 02:38:45;CO2_level;823;False
S0001;2026-01-02 02:39:00;temperature;12.489;False
S0009;2026-01-02 02:39:00;humidity;68.797;False
S0004;2026-01-02 02:39:00;CO2_level;871;False
S0007;2026-01-02 02:39:00;temperature;10.841;False
S0005;2026-01-02 02:39:00;ventilation;0.485;False
S0010;2026-01-02 02:39:00;CO2_level;989;False
S0011;2026-01-02 02:39:00;ventilation;0.205;False
S0003;2026-01-02 02:39:00;humidity;71.76;False
S0004;2026-01-02 02:39:15;CO2_level;726;True
S0010;2026-01-02 02:39:15;CO2_level;815;False
S0005;2026-01-02 02:39:15;ventilation;0.574;False
S0001;2026-01-02 02:39:15;temperature;15.618;True
S0007;2026-01-02 02:39:15;temperature;10.24;False
S0011;2026-01-02 02:39:15;ventilation;0.364;False
S0007;2026-01-02 02:39:30;temperature;13.249;False
S0009;2026-01-02 02:39:30;humidity;65.204;False
S0010;2026-01-02 02:39:30;CO2_level;965;False
S0011;2026-01-02 02:39:30;ventilation;0.529;False
S0001;2026-01-02 02:39:30;temperature;15.709;False
S0005;2026-01-02 02:39:30;ventilation;0.55;False
S0003;2026-01-02 02:39:30;humidity;69.84;False
S0004;2026-01-02 02:39:30;CO2_level;1009;False
S0010;2026-01-02 02:39:45;CO2_level;903;False
S0005;2026-01-02 02:39:45;ventilation;0.307;False
S0004;2026-01-02 02:39:45;CO2_level;954;False
S0001;2026-01-02 02:39:45;temperature;14.626;False
S0007;2026-01-02 02:39:45;temperature;13.514;False
S0011;2026-01-02 02:39:45;ventilation;0.43;False
S0011;2026-01-02 02:40:00;ventilation;0.449;False
S0003;2026-01-02 02:40:00;humidity;74.074;False
S0010;2026-01-02 02:40:00;CO2_level;1047;False
S0009;2026-01-02 02:40:00;humidity;73.917;False
S0001;2026-01-02 02:40:00;temperature;12.714;False
S0004;2026-01-02 02:40:00;CO2_level;970;False
S0007;2026-01-02 02:40:00;temperature;10.634;False
S0005;2026-01-02 02:40:00;ventilation;0.453;False
S0004;2026-01-02 02:40:15;CO2_level;1053;False
S0007;2026-01-02 02:40:15;temperature;15.132;False
S0005;2026-01-02 02:40:15;ventilation;0.279;False
S0001;2026-01-02 02:40:15;temperature;12.509;False
S0011;2026-01-02 02:40:15;ventilation;0.319;True
S0010;2026-01-02 02:40:15;CO2_level;1060;False
S0009;2026-01-02 02:40:30;humidity;65.162;False
S0011;2026-01-02 02:40:30;ventilation;0.328;False
S0010;2026-01-02 02:40:30;CO2_level;932;False
S0001;2026-01-02 02:40:30;temperature;15.758;False
S0003;2026-01-02 02:40:30;humidity;66.027;False
S0004;2026-01-02 02:40:30;CO2_level;858;False
S0007;2026-01-02 02:40:30;temperature;11.656;False
S0005;2026-01-02 02:40:30;ventilation;0.433;False
S0005;2026-01-02 02:40:45;ventilation;0.584;False
S0001;2026-01-02 02:40:45;temperature;12.086;False
S0010;2026-01-02 02:40:45;CO2_level;781;False
S0011;2026-01-02 02:40:45;ventilation;0.594;False
S0007;2026-01-02 02:40:45;temperature;14.407;False
S0004;2026-01-02 02:40:45;CO2_level;816;False
S0004;2026-01-02 02:41:00;CO2_level;864;True
S0005;2026-01-02 02:41:00;ventilation;0.509;False
S0001;2026-01-02 02:41:00;temperature;13.993;False
S0009;2026-01-02 02:41:00;humidity;70.597;False
S0010;2026-01-02 02:41:00;CO2_level;777;False
S0011;2026-01-02 02:41:00;ventilation;0.205;False
S0003;2026-01-02 02:41:00;humidity;71.727;False
S0007;2026-01-02 02:41:00;temperature;15.048;False
S0001;2026-01-02 02:41:15;temperature;15.55;False
S0007;2026-01-02 02:41:15;temperature;13.45;False
S0010;2026-01-02 02:41:15;CO2_level;771;False
S0011;2026-01-02 02:41:15;ventilation;0.282;False
S0005;2026-01-02 02:41:15;ventilation;0.423;False
S0004;2026-01-02 02:41:15;CO2_level;1030;False
S0001;2026-01-02 02:41:30;temperature;11.406;False
S0003;2026-01-02 02:41:30;humidity;66.814;False
S0004;2026-01-02 02:41:30;CO2_level;886;False
S0010;2026-01-02 02:41:30;CO2_level;856;False
S0005;2026-01-02 02:41:30;ventilation;0.593;False
S0009;2026-01-02 02:41:30;humidity;68.922;False
S0011;2026-01-02 02:41:30;ventilation;0.453;False
S0007;2026-01-02 02:41:30;temperature;14.712;False
S0011;2026-01-02 02:41:45;ventilation;0.466;False
S0001;2026-01-02 02:41:45;temperature;15.244;False
S0007;2026-01-02 02:41:45;temperature;12.464;False
S0010;2026-01-02 02:41:45;CO2_level;888;False
S0005;2026-01-02 02:41:45;ventilation;0.237;False
S0004;2026-01-02 02:41:45;CO2_level;746;False
S0001;2026-01-02 02:42:00;temperature;13.208;False
S0009;2026-01-02 02:42:00;humidity;73.721;False
S0010;2026-01-02 02:42:00;CO2_level;988;False
S0005;2026-01-02 02:42:00;ventilation;0.449;False
S0011;2026-01-02 02:42:00;ventilation;0.226;False
S0007;2026-01-02 02:42:00;temperature;12.235;False
S0004;2026-01-02 02:42:00;CO2_level;793;False
S0003;2026-01-02 02:42:00;humidity;67.77;False
S0005;2026-01-02 02:42:15;ventilation;0.361;False
S0011;2026-01-02 02:42:15;ventilation;0.524;False
S0010;2026-01-02 02:42:15;CO2_level;1096;False
S0004;2026-01-02 02:42:15;CO2_level;1090;False
S0001;2026-01-02 02:42:15;temperature;13.361;False
S0007;2026-01-02 02:42:15;temperature;11.473;False
S0007;2026-01-02 02:42:30;temperature;14.629;False
S0011;2026-01-02 02:42:30;ventilation;0.446;False
S0003;2026-01-02 02:42:30;humidity;66.398;False
S0001;2026-01-02 02:42:30;temperature;11.499;False
S0005;2026-01-02 02:42:30;ventilation;0.331;False
S0004;2026-01-02 02:42:30;CO2_level;1011;False
S0010;2026-01-02 02:42:30;CO2_level;1052;False
S0009;2026-01-02 02:42:30;humidity;74.597;False
S0007;2026-01-02 02:42:45;temperature;15.097;False
S0001;2026-01-02 02:42:45;temperature;12.788;False
S0005;2026-01-02 02:42:45;ventilation;0.483;False
S0004;2026-01-02 02:42:45;CO2_level;734;False
S0011;2026-01-02 02:42:45;ventilation;0.531;False
S0010;2026-01-02 02:42:45;CO2_level;788;False
S0009;2026-01-02 02:43:00;humidity;72.67;False
S0001;2026-01-02 02:43:00;temperature;12.052;False
S0011;2026-01-02 02:43:00;ventilation;0.402;False
S0007;2026-01-02 02:43:00;temperature;15.729;False
S0003;2026-01-02 02:43:00;humidity;66.466;False
S0004;2026-01-02 02:43:00;CO2_level;769;False
S0005;2026-01-02 02:43:00;ventilation;0.502;False
S0010;2026-01-02 02:43:00;CO2_level;1074;False
S0004;2026-01-02 02:43:15;CO2_level;796;False
S0005;2026-01-02 02:43:15;ventilation;0.42;True
S0011;2026-01-02 02:43:15;ventilation;0.276;False
S0007;2026-01-02 02:43:15;temperature;12.727;False
S0001;2026-01-02 02:43:15;temperature;11.12;False
S0010;2026-01-02 02:43:15;CO2_level;721;False
S0004;2026-01-02 02:43:30;CO2_level;708;False
S0005;2026-01-02 02:43:30;ventilation;0.539;False
S0009;2026-01-02 02:43:30;humidity;70.079;False
S0003;2026-01-02 02:43:30;humidity;72.95;False
S0007;2026-01-02 02:43:30;temperature;11.191;False
S0010;2026-01-02 02:43:30;CO2_level;946;True
S0001;2026-01-02 02:43:30;temperature;12.963;False
S0011;2026-01-02 02:43:30;ventilation;0.319;False
S0005;2026-01-02 02:43:45;ventilation;0.374;False
S0001;2026-01-02 02:43:45;temperature;15.101;False
S0011;2026-01-02 02:43:45;ventilation;0.401;False
S0010;2026-01-02 02:43:45;CO2_level;821;False
S0007;2026-01-02 02:43:45;temperature;13.337;False
S0004;2026-01-02 02:43:45;CO2_level;962;False
S0004;2026-01-02 02:44:00;CO2_level;850;False
S0011;2026-01-02 02:44:00;ventilation;0.247;False
S0009;2026-01-02 02:44:00;humidity;70.943;False
S0005;2026-01-02 02:44:00;ventilation;0.511;False
S0001;2026-01-02 02:44:00;temperature;null;True
S0003;2026-01-02 02:44:00;humidity;66.952;False
S0007;2026-01-02 02:44:00;temperature;13.503;False
S0010;2026-01-02 02:44:00;CO2_level;999;False
S0007;2026-01-02 02:44:15;temperature;13.215;False
S0004;2026-01-02 02:44:15;CO2_level;862;False
S0010;2026-01-02 02:44:15;CO2_level;1049;False
S0011;2026-01-02 02:44:15;ventilation;0.28;False
S0005;2026-01-02 02:44:15;ventilation;0.446;False
S0001;2026-01-02 02:44:15;temperature;11.645;True
S0004;2026-01-02 02:44:30;CO2_level;1002;False
S0010;2026-01-02 02:44:30;CO2_level;940;False
S0011;2026-01-02 02:44:30;ventilation;0.474;False
S0009;2026-01-02 02:44:30;humidity;74.81;False
S0005;2026-01-02 02:44:30;ventilation;null;True
S0007;2026-01-02 02:44:30;temperature;13.757;False
S0003;2026-01-02 02:44:30;humidity;73.453;False
S0001;2026-01-02 02:44:30;temperature;10.45;False
S0001;2026-01-02 02:44:45;temperature;10.754;False
S0011;2026-01-02 02:44:45;ventilation;0.379;False
S0005;2026-01-02 02:44:45;ventilation;null;True
S0007;2026-01-02 02:44:45;temperature;14.109;False
S0010;2026-01-02 02:44:45;CO2_level;793;True
S0004;2026-01-02 02:44:45;CO2_level;1008;True
S0003;2026-01-02 02:45:00;humidity;72.311;False
S0010;2026-01-02 02:45:00;CO2_level;840;False
S0011;2026-01-02 02:45:00;ventilation;0.43;False
S0007;2026-01-02 02:45:00;temperature;15.566;False
S0005;2026-01-02 02:45:00;ventilation;0.422;False
S0009;2026-01-02 02:45:00;humidity;66.402;False
S0001;2026-01-02 02:45:00;temperature;14.547;False
S0004;2026-01-02 02:45:00;CO2_level;797;False
S0010;2026-01-02 02:45:15;CO2_level;891;False
S0005;2026-01-02 02:45:15;ventilation;0.571;False
S0004;2026-01-02 02:45:15;CO2_level;813;False
S0011;2026-01-02 02:45:15;ventilation;0.296;False
S0001;2026-01-02 02:45:15;temperature;14.443;False
S0007;2026-01-02 02:45:15;temperature;12.998;False
S0010;2026-01-02 02:45:30;CO2_level;734;False
S0004;2026-01-02 02:45:30;CO2_level;1066;False
S0005;2026-01-02 02:45:30;ventilation;0.482;False
S0011;2026-01-02 02:45:30;ventilation;0.226;False
S0001;2026-01-02 02:45:30;temperature;12.678;False
S0009;2026-01-02 02:45:30;humidity;66.267;False
S0003;2026-01-02 02:45:30;humidity;66.689;False
S0007;2026-01-02 02:45:30;temperature;11.926;False
S0001;2026-01-02 02:45:45;temperature;11.251;False
S0005;2026-01-02 02:45:45;ventilation;0.532;False
S0010;2026-01-02 02:45:45;CO2_level;857;False
S0011;2026-01-02 02:45:45;ventilation;0.528;False
S0004;2026-01-02 02:45:45;CO2_level;886;False
S0007;2026-01-02 02:45:45;temperature;15.832;False
S0009;2026-01-02 02:46:00;humidity;73.668;False
S0010;2026-01-02 02:46:00;CO2_level;794;False
S0004;2026-01-02 02:46:00;CO2_level;826;False
S0011;2026-01-02 02:46:00;ventilation;0.381;False
S0003;2026-01-02 02:46:00;humidity;66.775;False
S0005;2026-01-02 02:46:00;ventilation;0.228;False
S0007;2026-01-02 02:46:00;temperature;13.902;False
S0001;2026-01-02 02:46:00;temperature;12.492;False
S0010;2026-01-02 02:46:15;CO2_level;1053;False
S0011;2026-01-02 02:46:15;ventilation;0.478;False
S0001;2026-01-02 02:46:15;temperature;15.552;False
S0007;2026-01-02 02:46:15;temperature;12.951;False
S0004;2026-01-02 02:46:15;CO2_level;961;True
S0005;2026-01-02 02:46:15;ventilation;0.2;False
S0007;2026-01-02 02:46:30;temperature;12.895;False
S0009;2026-01-02 02:46:30;humidity;72.47;False
S0010;2026-01-02 02:46:30;CO2_level;784;False
S0005;2026-01-02 02:46:30;ventilation;0.326;False
S0001;2026-01-02 02:46:30;temperature;12.081;False
S0003;2026-01-02 02:46:30;humidity;71.713;False
S0004;2026-01-02 02:46:30;CO2_level;860;False
S0011;2026-01-02 02:46:30;ventilation;0.571;False
S0001;2026-01-02 02:46:45;temperature;10.854;False
S0007;2026-01-02 02:46:45;temperature;15.895;False
S0010;2026-01-02 02:46:45;CO2_level;807;False
S0005;2026-01-02 02:46:45;ventilation;0.546;False
S0004;2026-01-02 02:46:45;CO2_level;726;True
S0011;2026-01-02 02:46:45;ventilation;0.24;False
S0011;2026-01-02 02:47:00;ventilation;0.245;False
S0003;2026-01-02 02:47:00;humidity;74.299;True
S0010;2026-01-02 02:47:00;CO2_level;912;False
S0005;2026-01-02 02:47:00;ventilation;0.42;False
S0001;2026-01-02 02:47:00;temperature;10.869;False
S0004;2026-01-02 02:47:00;CO2_level;1037;False
S0009;2026-01-02 02:47:00;humidity;71.22;True
S0007;2026-01-02 02:47:00;temperature;13.879;False
S0001;2026-01-02 02:47:15;temperature;11.944;False
S0004;2026-01-02 02:47:15;CO2_level;883;False
S0010;2026-01-02 02:47:15;CO2_level;904;False
S0011;2026-01-02 02:47:15;ventilation;0.416;False
S0007;2026-01-02 02:47:15;temperature;13.008;False
S0005;2026-01-02 02:47:15;ventilation;0.322;False
S0004;2026-01-02 02:47:30;CO2_level;776;False
S0009;2026-01-02 02:47:30;humidity;69.775;False
S0005;2026-01-02 02:47:30;ventilation;0.488;False
S0011;2026-01-02 02:47:30;ventilation;0.549;False
S0007;2026-01-02 02:47:30;temperature;14.505;False
S0003;2026-01-02 02:47:30;humidity;69.219;False
S0001;2026-01-02 02:47:30;temperature;10.522;False
S0010;2026-01-02 02:47:30;CO2_level;903;False
S0011;2026-01-02 02:47:45;ventilation;0.306;False
S0007;2026-01-02 02:47:45;temperature;12.357;False
S0004;2026-01-02 02:47:45;CO2_level;1086;False
S0001;2026-01-02 02:47:45;temperature;13.38;False
S0010;2026-01-02 02:47:45;CO2_level;871;False
S0005;2026-01-02 02:47:45;ventilation;0.274;False
S0005;2026-01-02 02:48:00;ventilation;0.565;False
S0011;2026-01-02 02:48:00;ventilation;0.488;False
S0004;2026-01-02 02:48:00;CO2_level;773;False
S0001;2026-01-02 02:48:00;temperature;12.574;False
S0007;2026-01-02 02:48:00;temperature;12.418;False
S0009;2026-01-02 02:48:00;humidity;67.983;False
S0003;2026-01-02 02:48:00;humidity;68.218;False
S0010;2026-01-02 02:48:00;CO2_level;835;False
S0005;2026-01-02 02:48:15;ventilation;0.436;False
S0001;2026-01-02 02:48:15;temperature;10.592;False
S0004;2026-01-02 02:48:15;CO2_level;1062;False
S0007;2026-01-02 02:48:15;temperature;11.913;False
S0011;2026-01-02 02:48:15;ventilation;0.25;True
S0010;2026-01-02 02:48:15;CO2_level;1043;False
S0004;2026-01-02 02:48:30;CO2_level;883;False
S0009;2026-01-02 02:48:30;humidity;71.053;False
S0003;2026-01-02 02:48:30;humidity;72.205;True
S0011;2026-01-02 02:48:30;ventilation;0.492;False
S0001;2026-01-02 02:48:30;temperature;13.555;False
S0010;2026-01-02 02:48:30;CO2_level;943;False
S0007;2026-01-02 02:48:30;temperature;13.494;False
S0005;2026-01-02 02:48:30;ventilation;0.242;False
S0011;2026-01-02 02:48:45;ventilation;0.488;False
S0001;2026-01-02 02:48:45;temperature;11.36;False
S0010;2026-01-02 02:48:45;CO2_level;984;False
S0007;2026-01-02 02:48:45;temperature;11.038;False
S0005;2026-01-02 02:48:45;ventilation;0.444;False
S0004;2026-01-02 02:48:45;CO2_level;1068;False
S0009;2026-01-02 02:49:00;humidity;67.324;False
S0007;2026-01-02 02:49:00;temperature;10.267;False
S0004;2026-01-02 02:49:00;CO2_level;704;False
S0010;2026-01-02 02:49:00;CO2_level;1096;False
S0003;2026-01-02 02:49:00;humidity;71.57;False
S0001;2026-01-02 02:49:00;temperature;10.784;False
S0011;2026-01-02 02:49:00;ventilation;0.291;True
S0005;2026-01-02 02:49:00;ventilation;0.532;False
S0001;2026-01-02 02:49:15;temperature;11.306;False
S0004;2026-01-02 02:49:15;CO2_level;806;False
S0005;2026-01-02 02:49:15;ventilation;0.379;False
S0007;2026-01-02 02:49:15;temperature;15.847;False
S0010;2026-01-02 02:49:15;CO2_level;722;False
S0011;2026-01-02 02:49:15;ventilation;0.403;False
S0004;2026-01-02 02:49:30;CO2_level;969;False
S0005;2026-01-02 02:49:30;ventilation;0.418;False
S0011;2026-01-02 02:49:30;ventilation;0.33;False
S0003;2026-01-02 02:49:30;humidity;67.557;False
S0001;2026-01-02 02:49:30;temperature;13.523;False
S0010;2026-01-02 02:49:30;CO2_level;1012;False
S0009;2026-01-02 02:49:30;humidity;65.581;False
S0007;2026-01-02 02:49:30;temperature;13.371;False
S0007;2026-01-02 02:49:45;temperature;11.976;True
S0005;2026-01-02 02:49:45;ventilation;0.416;False
S0011;2026-01-02 02:49:45;ventilation;0.278;False
S0010;2026-01-02 02:49:45;CO2_level;1081;False
S0004;2026-01-02 02:49:45;CO2_level;1047;False
S0001;2026-01-02 02:49:45;temperature;11.921;False
S0010;2026-01-02 02:50:00;CO2_level;818;False
S0003;2026-01-02 02:50:00;humidity;70.486;False
S0001;2026-01-02 02:50:00;temperature;15.286;False
S0007;2026-01-02 02:50:00;temperature;11.597;False
S0009;2026-01-02 02:50:00;humidity;72.664;False
S0011;2026-01-02 02:50:00;ventilation;0.294;False
S0004;2026-01-02 02:50:00;CO2_level;988;False
S0005;2026-01-02 02:50:00;ventilation;0.459;False
S0007;2026-01-02 02:50:15;temperature;14.2;False
S0001;2026-01-02 02:50:15;temperature;15.59;False
S0004;2026-01-02 02:50:15;CO2_level;1038;False
S0005;2026-01-02 02:50:15;ventilation;0.204;False
S0010;2026-01-02 02:50:15;CO2_level;1089;False
S0011;2026-01-02 02:50:15;ventilation;0.203;False
S0011;2026-01-02 02:50:30;ventilation;0.286;False
S0003;2026-01-02 02:50:30;humidity;72.676;False
S0005;2026-01-02 02:50:30;ventilation;0.327;False
S0007;2026-01-02 02:50:30;temperature;14.256;False
S0009;2026-01-02 02:50:30;humidity;69.39;False
S0004;2026-01-02 02:50:30;CO2_level;785;False
S0001;2026-01-02 02:50:30;temperature;10.312;False
S0010;2026-01-02 02:50:30;CO2_level;969;False
S0005;2026-01-02 02:50:45;ventilation;0.521;False
S0004;2026-01-02 02:50:45;CO2_level;724;False
S0007;2026-01-02 02:50:45;temperature;10.198;False
S0010;2026-01-02 02:50:45;CO2_level;843;False
S0011;2026-01-02 02:50:45;ventilation;0.358;False
S0001;2026-01-02 02:50:45;temperature;11.389;False
S0010;2026-01-02 02:51:00;CO2_level;830;True
S0003;2026-01-02 02:51:00;humidity;73.318;False
S0005;2026-01-02 02:51:00;ventilation;0.267;False
S0011;2026-01-02 02:51:00;ventilation;0.277;False
S0001;2026-01-02 02:51:00;temperature;13.435;False
S0009;2026-01-02 02:51:00;humidity;73.961;False
S0004;2026-01-02 02:51:00;CO2_level;894;False
S0007;2026-01-02 02:51:00;temperature;12.88;False
S0004;2026-01-02 02:51:15;CO2_level;833;False
S0011;2026-01-02 02:51:15;ventilation;0.538;False
S0010;2026-01-02 02:51:15;CO2_level;811;False
S0001;2026-01-02 02:51:15;temperature;12.559;False
S0005;2026-01-02 02:51:15;ventilation;0.409;False
S0007;2026-01-02 02:51:15;temperature;15.983;False
S0007;2026-01-02 02:51:30;temperature;null;True
S0004;2026-01-02 02:51:30;CO2_level;1091;False
S0011;2026-01-02 02:51:30;ventilation;0.493;True
S0009;2026-01-02 02:51:30;humidity;74.892;False
S0010;2026-01-02 02:51:30;CO2_level;760;False
S0003;2026-01-02 02:51:30;humidity;71.485;False
S0001;2026-01-02 02:51:30;temperature;14.083;False
S0005;2026-01-02 02:51:30;ventilation;0.489;False
S0001;2026-01-02 02:51:45;temperature;13.473;False
S0010;2026-01-02 02:51:45;CO2_level;900;False
S0007;2026-01-02 02:51:45;temperature;13.937;False
S0004;2026-01-02 02:51:45;CO2_level;1023;False
S0011;2026-01-02 02:51:45;ventilation;0.49;False
S0005;2026-01-02 02:51:45;ventilation;0.257;False
S0001;2026-01-02 02:52:00;temperature;15.317;False
S0007;2026-01-02 02:52:00;temperature;12.855;False
S0003;2026-01-02 02:52:00;humidity;66.645;False
S0005;2026-01-02 02:52:00;ventilation;0.389;False
S0004;2026-01-02 02:52:00;CO2_level;936;True
S0010;2026-01-02 02:52:00;CO2_level;879;True
S0011;2026-01-02 02:52:00;ventilation;0.583;False
S0009;2026-01-02 02:52:00;humidity;73.494;False
S0001;2026-01-02 02:52:15;temperature;13.392;False
S0004;2026-01-02 02:52:15;CO2_level;null;True
S0011;2026-01-02 02:52:15;ventilation;0.285;False
S0010;2026-01-02 02:52:15;CO2_level;912;False
S0007;2026-01-02 02:52:15;temperature;11.178;False
S0005;2026-01-02 02:52:15;ventilation;0.469;False
S0003;2026-01-02 02:52:30;humidity;70.351;False
S0009;2026-01-02 02:52:30;humidity;72.66;False
S0005;2026-01-02 02:52:30;ventilation;0.231;False
S0001;2026-01-02 02:52:30;temperature;13.015;False
S0004;2026-01-02 02:52:30;CO2_level;773;False
S0010;2026-01-02 02:52:30;CO2_level;739;False
S0007;2026-01-02 02:52:30;temperature;14.562;False
S0011;2026-01-02 02:52:30;ventilation;0.222;False
S0001;2026-01-02 02:52:45;temperature;13.211;False
S0005;2026-01-02 02:52:45;ventilation;0.314;False
S0010;2026-01-02 02:52:45;CO2_level;937;False
S0004;2026-01-02 02:52:45;CO2_level;853;False
S0007;2026-01-02 02:52:45;temperature;14.318;False
S0011;2026-01-02 02:52:45;ventilation;0.395;False
S0003;2026-01-02 02:53:00;humidity;71.563;False
S0001;2026-01-02 02:53:00;temperature;10.404;False
S0009;2026-01-02 02:53:00;humidity;73.794;False
S0011;2026-01-02 02:53:00;ventilation;0.404;False
S0010;2026-01-02 02:53:00;CO2_level;772;False
S0007;2026-01-02 02:53:00;temperature;14.386;True
S0005;2026-01-02 02:53:00;ventilation;0.517;False
S0004;2026-01-02 02:53:00;CO2_level;730;False
S0011;2026-01-02 02:53:15;ventilation;0.27;False
S0007;2026-01-02 02:53:15;temperature;13.794;False
S0010;2026-01-02 02:53:15;CO2_level;716;False
S0005;2026-01-02 02:53:15;ventilation;0.378;False
S0001;2026-01-02 02:53:15;temperature;10.775;False
S0004;2026-01-02 02:53:15;CO2_level;837;False
S0004;2026-01-02 02:53:30;CO2_level;715;True
S0001;2026-01-02 02:53:30;temperature;14.517;False
S0009;2026-01-02 02:53:30;humidity;70.178;False
S0003;2026-01-02 02:53:30;humidity;65.888;False
S0007;2026-01-02 02:53:30;temperature;14.747;False
S0011;2026-01-02 02:53:30;ventilation;0.348;False
S0010;2026-01-02 02:53:30;CO2_level;996;False
S0005;2026-01-02 02:53:30;ventilation;0.425;False
S0001;2026-01-02 02:53:45;temperature;14.982;False
S0004;2026-01-02 02:53:45;CO2_level;844;False
S0011;2026-01-02 02:53:45;ventilation;0.37;False
S0005;2026-01-02 02:53:45;ventilation;0.388;False
S0010;2026-01-02 02:53:45;CO2_level;965;False
S0007;2026-01-02 02:53:45;temperature;14.331;False
S0005;2026-01-02 02:54:00;ventilation;0.308;False
S0011;2026-01-02 02:54:00;ventilation;0.439;False
S0010;2026-01-02 02:54:00;CO2_level;1003;False
S0007;2026-01-02 02:54:00;temperature;15.839;False
S0004;2026-01-02 02:54:00;CO2_level;1026;False
S0009;2026-01-02 02:54:00;humidity;68.666;False
S0003;2026-01-02 02:54:00;humidity;66.763;True
S0001;2026-01-02 02:54:00;temperature;12.222;False
S0011;2026-01-02 02:54:15;ventilation;0.397;False
S0010;2026-01-02 02:54:15;CO2_level;778;False
S0007;2026-01-02 02:54:15;temperature;11.625;False
S0005;2026-01-02 02:54:15;ventilation;0.372;False
S0001;2026-01-02 02:54:15;temperature;10.164;False
S0004;2026-01-02 02:54:15;CO2_level;706;False
S0001;2026-01-02 02:54:30;temperature;13.992;False
S0005;2026-01-02 02:54:30;ventilation;0.488;False
S0011;2026-01-02 02:54:30;ventilation;0.441;False
S0004;2026-01-02 02:54:30;CO2_level;868;False
S0010;2026-01-02 02:54:30;CO2_level;855;False
S0007;2026-01-02 02:54:30;temperature;12.461;False
S0003;2026-01-02 02:54:30;humidity;74.872;False
S0009;2026-01-02 02:54:30;humidity;71.871;False
S0005;2026-01-02 02:54:45;ventilation;0.204;False
S0011;2026-01-02 02:54:45;ventilation;0.513;False
S0010;2026-01-02 02:54:45;CO2_level;743;False
S0007;2026-01-02 02:54:45;temperature;11.813;False
S0001;2026-01-02 02:54:45;temperature;15.294;False
S0004;2026-01-02 02:54:45;CO2_level;816;False
S0011;2026-01-02 02:55:00;ventilation;null;True
S0005;2026-01-02 02:55:00;ventilation;0.478;False
S0010;2026-01-02 02:55:00;CO2_level;906;False
S0009;2026-01-02 02:55:00;humidity;71.288;False
S0003;2026-01-02 02:55:00;humidity;65.411;False
S0007;2026-01-02 02:55:00;temperature;15.516;False
S0001;2026-01-02 02:55:00;temperature;12.342;False
S0004;2026-01-02 02:55:00;CO2_level;1096;False
S0004;2026-01-02 02:55:15;CO2_level;889;False
S0007;2026-01-02 02:55:15;temperature;15.63;False
S0010;2026-01-02 02:55:15;CO2_level;744;False
S0001;2026-01-02 02:55:15;temperature;10.743;False
S0011;2026-01-02 02:55:15;ventilation;0.595;False
S0005;2026-01-02 02:55:15;ventilation;0.425;False
S0001;2026-01-02 02:55:30;temperature;13.226;False
S0003;2026-01-02 02:55:30;humidity;73.171;False
S0009;2026-01-02 02:55:30;humidity;69.464;False
S0011;2026-01-02 02:55:30;ventilation;0.521;False
S0010;2026-01-02 02:55:30;CO2_level;720;False
S0007;2026-01-02 02:55:30;temperature;15.77;False
S0004;2026-01-02 02:55:30;CO2_level;765;False
S0005;2026-01-02 02:55:30;ventilation;0.32;False
S0011;2026-01-02 02:55:45;ventilation;0.551;False
S0005;2026-01-02 02:55:45;ventilation;0.371;False
S0010;2026-01-02 02:55:45;CO2_level;1083;False
S0004;2026-01-02 02:55:45;CO2_level;1038;False
S0001;2026-01-02 02:55:45;temperature;10.269;False
S0007;2026-01-02 02:55:45;temperature;13.887;False
S0005;2026-01-02 02:56:00;ventilation;0.566;False
S0007;2026-01-02 02:56:00;temperature;15.283;False
S0010;2026-01-02 02:56:00;CO2_level;931;False
S0009;2026-01-02 02:56:00;humidity;67.578;False
S0001;2026-01-02 02:56:00;temperature;11.47;False
S0004;2026-01-02 02:56:00;CO2_level;852;False
S0003;2026-01-02 02:56:00;humidity;67.748;False
S0011;2026-01-02 02:56:00;ventilation;0.391;False
S0007;2026-01-02 02:56:15;temperature;14.162;False
S0001;2026-01-02 02:56:15;temperature;11.136;False
S0004;2026-01-02 02:56:15;CO2_level;861;False
S0010;2026-01-02 02:56:15;CO2_level;817;False
S0005;2026-01-02 02:56:15;ventilation;0.37;True
S0011;2026-01-02 02:56:15;ventilation;0.516;False
S0001;2026-01-02 02:56:30;temperature;10.794;False
S0009;2026-01-02 02:56:30;humidity;72.032;False
S0007;2026-01-02 02:56:30;temperature;13.722;False
S0003;2026-01-02 02:56:30;humidity;71.965;False
S0005;2026-01-02 02:56:30;ventilation;0.405;False
S0011;2026-01-02 02:56:30;ventilation;0.449;False
S0004;2026-01-02 02:56:30;CO2_level;841;False
S0010;2026-01-02 02:56:30;CO2_level;919;True
S0011;2026-01-02 02:56:45;ventilation;0.426;False
S0004;2026-01-02 02:56:45;CO2_level;1053;False
S0007;2026-01-02 02:56:45;temperature;10.73;False
S0010;2026-01-02 02:56:45;CO2_level;739;False
S0001;2026-01-02 02:56:45;temperature;14.493;False
S0005;2026-01-02 02:56:45;ventilation;0.514;False
S0003;2026-01-02 02:57:00;humidity;68.867;False
S0009;2026-01-02 02:57:00;humidity;67.337;False
S0010;2026-01-02 02:57:00;CO2_level;1095;False
S0007;2026-01-02 02:57:00;temperature;13.268;True
S0004;2026-01-02 02:57:00;CO2_level;891;False
S0001;2026-01-02 02:57:00;temperature;13.667;False
S0005;2026-01-02 02:57:00;ventilation;0.242;False
S0011;2026-01-02 02:57:00;ventilation;0.597;False
S0005;2026-01-02 02:57:15;ventilation;0.366;False
S0001;2026-01-02 02:57:15;temperature;12.329;False
S0010;2026-01-02 02:57:15;CO2_level;903;True
S0007;2026-01-02 02:57:15;temperature;15.962;False
S0004;2026-01-02 02:57:15;CO2_level;1037;False
S0011;2026-01-02 02:57:15;ventilation;0.597;False
S0010;2026-01-02 02:57:30;CO2_level;866;False
S0005;2026-01-02 02:57:30;ventilation;0.43;False
S0009;2026-01-02 02:57:30;humidity;66.728;False
S0011;2026-01-02 02:57:30;ventilation;0.448;False
S0007;2026-01-02 02:57:30;temperature;14.988;False
S0003;2026-01-02 02:57:30;humidity;67.303;False
S0004;2026-01-02 02:57:30;CO2_level;864;False
S0001;2026-01-02 02:57:30;temperature;11.665;False
S0011;2026-01-02 02:57:45;ventilation;0.567;False
S0001;2026-01-02 02:57:45;temperature;14.754;False
S0007;2026-01-02 02:57:45;temperature;15.822;False
S0005;2026-01-02 02:57:45;ventilation;0.542;False
S0004;2026-01-02 02:57:45;CO2_level;962;False
S0010;2026-01-02 02:57:45;CO2_level;948;True
S0011;2026-01-02 02:58:00;ventilation;0.377;True
S0005;2026-01-02 02:58:00;ventilation;0.367;False
S0010;2026-01-02 02:58:00;CO2_level;897;False
S0004;2026-01-02 02:58:00;CO2_level;1001;False
S0007;2026-01-02 02:58:00;temperature;14.099;True
S0001;2026-01-02 02:58:00;temperature;11.706;False
S0009;2026-01-02 02:58:00;humidity;71.878;False
S0003;2026-01-02 02:58:00;humidity;70.139;False
S0011;2026-01-02 02:58:15;ventilation;0.443;False
S0007;2026-01-02 02:58:15;temperature;13.482;False
S0004;2026-01-02 02:58:15;CO2_level;939;False
S0005;2026-01-02 02:58:15;ventilation;0.216;True
S0010;2026-01-02 02:58:15;CO2_level;781;False
S0001;2026-01-02 02:58:15;temperature;13.602;False
S0005;2026-01-02 02:58:30;ventilation;0.268;False
S0003;2026-01-02 02:58:30;humidity;74.481;False
S0010;2026-01-02 02:58:30;CO2_level;918;True
S0007;2026-01-02 02:58:30;temperature;10.145;False
S0009;2026-01-02 02:58:30;humidity;65.557;False
S0004;2026-01-02 02:58:30;CO2_level;792;False
S0011;2026-01-02 02:58:30;ventilation;0.559;False
S0001;2026-01-02 02:58:30;temperature;10.839;False
S0007;2026-01-02 02:58:45;temperature;10.778;False
S0004;2026-01-02 02:58:45;CO2_level;954;False
S0005;2026-01-02 02:58:45;ventilation;0.595;False
S0010;2026-01-02 02:58:45;CO2_level;987;False
S0001;2026-01-02 02:58:45;temperature;12.017;False
S0011;2026-01-02 02:58:45;ventilation;0.432;False
S0003;2026-01-02 02:59:00;humidity;72.714;False
S0010;2026-01-02 02:59:00;CO2_level;732;True
S0001;2026-01-02 02:59:00;temperature;14.508;True
S0007;2026-01-02 02:59:00;temperature;10.164;False
S0005;2026-01-02 02:59:00;ventilation;0.297;False
S0009;2026-01-02 02:59:00;humidity;71.087;False
S0011;2026-01-02 02:59:00;ventilation;0.509;False
S0004;2026-01-02 02:59:00;CO2_level;1099;True
S0001;2026-01-02 02:59:15;temperature;10.877;False
S0010;2026-01-02 02:59:15;CO2_level;833;False
S0004;2026-01-02 02:59:15;CO2_level;786;False
S0011;2026-01-02 02:59:15;ventilation;0.353;False
S0005;2026-01-02 02:59:15;ventilation;0.229;True
S0007;2026-01-02 02:59:15;temperature;14.817;False
S0004;2026-01-02 02:59:30;CO2_level;786;True
S0003;2026-01-02 02:59:30;humidity;67.799;False
S0009;2026-01-02 02:59:30;humidity;66.083;False
S0011;2026-01-02 02:59:30;ventilation;0.573;False
S0001;2026-01-02 02:59:30;temperature;13.021;False
S0007;2026-01-02 02:59:30;temperature;13.596;False
S0005;2026-01-02 02:59:30;ventilation;0.22;False
S0010;2026-01-02 02:59:30;CO2_level;777;False
S0001;2026-01-02 02:59:45;temperature;14.488;False
S0005;2026-01-02 02:59:45;ventilation;0.467;False
S0010;2026-01-02 02:59:45;CO2_level;783;False
S0007;2026-01-02 02:59:45;temperature;14.108;False
S0011;2026-01-02 02:59:45;ventilation;0.444;False
S0004;2026-01-02 02:59:45;CO2_level;897;False
S0009;2026-01-02 03:00:00;humidity;67.164;False
S0011;2026-01-02 03:00:00;ventilation;0.32;False
S0001;2026-01-02 03:00:00;temperature;13.753;False
S0003;2026-01-02 03:00:00;humidity;72.456;False
S0004;2026-01-02 03:00:00;CO2_level;835;False
S0010;2026-01-02 03:00:00;CO2_level;898;False
S0007;2026-01-02 03:00:00;temperature;14.606;False
S0005;2026-01-02 03:00:00;ventilation;0.287;False
S0005;2026-01-02 03:00:15;ventilation;0.34;False
S0011;2026-01-02 03:00:15;ventilation;0.535;False
S0010;2026-01-02 03:00:15;CO2_level;755;False
S0007;2026-01-02 03:00:15;temperature;null;True
S0004;2026-01-02 03:00:15;CO2_level;920;False
S0001;2026-01-02 03:00:15;temperature;11.193;False
S0010;2026-01-02 03:00:30;CO2_level;787;False
S0011;2026-01-02 03:00:30;ventilation;0.517;False
S0004;2026-01-02 03:00:30;CO2_level;715;True
S0003;2026-01-02 03:00:30;humidity;66.521;False
S0001;2026-01-02 03:00:30;temperature;11.489;False
S0009;2026-01-02 03:00:30;humidity;65.573;False
S0005;2026-01-02 03:00:30;ventilation;null;True
S0007;2026-01-02 03:00:30;temperature;10.063;False
S0004;2026-01-02 03:00:45;CO2_level;809;False
S0005;2026-01-02 03:00:45;ventilation;0.345;False
S0011;2026-01-02 03:00:45;ventilation;0.261;False
S0010;2026-01-02 03:00:45;CO2_level;709;False
S0001;2026-01-02 03:00:45;temperature;14.456;False
S0007;2026-01-02 03:00:45;temperature;15.155;False
S0007;2026-01-02 03:01:00;temperature;10.565;False
S0010;2026-01-02 03:01:00;CO2_level;942;False
S0003;2026-01-02 03:01:00;humidity;67.261;False
S0004;2026-01-02 03:01:00;CO2_level;921;False
S0011;2026-01-02 03:01:00;ventilation;0.556;False
S0005;2026-01-02 03:01:00;ventilation;0.39;False
S0009;2026-01-02 03:01:00;humidity;70.713;False
S0001;2026-01-02 03:01:00;temperature;15.748;False
S0005;2026-01-02 03:01:15;ventilation;0.573;False
S0004;2026-01-02 03:01:15;CO2_level;705;False
S0010;2026-01-02 03:01:15;CO2_level;959;False
S0007;2026-01-02 03:01:15;temperature;15.134;False
S0001;2026-01-02 03:01:15;temperature;null;True
S0011;2026-01-02 03:01:15;ventilation;0.322;False
S0010;2026-01-02 03:01:30;CO2_level;933;False
S0005;2026-01-02 03:01:30;ventilation;0.371;False
S0009;2026-01-02 03:01:30;humidity;73.988;False
S0001;2026-01-02 03:01:30;temperature;13.189;False
S0003;2026-01-02 03:01:30;humidity;67.895;False
S0007;2026-01-02 03:01:30;temperature;11.978;False
S0011;2026-01-02 03:01:30;ventilation;0.598;False
S0004;2026-01-02 03:01:30;CO2_level;1073;False
S0010;2026-01-02 03:01:45;CO2_level;849;False
S0005;2026-01-02 03:01:45;ventilation;0.223;False
S0001;2026-01-02 03:01:45;temperature;12.816;False
S0011;2026-01-02 03:01:45;ventilation;0.439;False
S0007;2026-01-02 03:01:45;temperature;13.087;False
S0004;2026-01-02 03:01:45;CO2_level;732;False
S0010;2026-01-02 03:02:00;CO2_level;1006;True
S0011;2026-01-02 03:02:00;ventilation;0.423;True
S0009;2026-01-02 03:02:00;humidity;68.024;False
S0003;2026-01-02 03:02:00;humidity;68.627;False
S0005;2026-01-02 03:02:00;ventilation;0.53;False
S0004;2026-01-02 03:02:00;CO2_level;851;False
S0001;2026-01-02 03:02:00;temperature;13.143;False
S0007;2026-01-02 03:02:00;temperature;12.339;True
S0004;2026-01-02 03:02:15;CO2_level;910;False
S0001;2026-01-02 03:02:15;temperature;14.04;False
S0011;2026-01-02 03:02:15;ventilation;0.262;False
S0007;2026-01-02 03:02:15;temperature;15.658;False
S0010;2026-01-02 03:02:15;CO2_level;1007;False
S0005;2026-01-02 03:02:15;ventilation;0.362;False
S0005;2026-01-02 03:02:30;ventilation;0.491;False
S0003;2026-01-02 03:02:30;humidity;68.765;False
S0009;2026-01-02 03:02:30;humidity;70.222;False
S0001;2026-01-02 03:02:30;temperature;10.047;False
S0010;2026-01-02 03:02:30;CO2_level;855;False
S0011;2026-01-02 03:02:30;ventilation;0.255;True
S0004;2026-01-02 03:02:30;CO2_level;794;False
S0007;2026-01-02 03:02:30;temperature;null;True
S0001;2026-01-02 03:02:45;temperature;12.044;False
S0011;2026-01-02 03:02:45;ventilation;0.493;False
S0004;2026-01-02 03:02:45;CO2_level;783;False
S0005;2026-01-02 03:02:45;ventilation;0.444;False
S0007;2026-01-02 03:02:45;temperature;13.891;False
S0010;2026-01-02 03:02:45;CO2_level;813;False
S0009;2026-01-02 03:03:00;humidity;73.968;False
S0011;2026-01-02 03:03:00;ventilation;0.491;False
S0003;2026-01-02 03:03:00;humidity;70.29;False
S0004;2026-01-02 03:03:00;CO2_level;925;True
S0005;2026-01-02 03:03:00;ventilation;0.451;False
S0007;2026-01-02 03:03:00;temperature;14.495;False
S0001;2026-01-02 03:03:00;temperature;15.652;False
S0010;2026-01-02 03:03:00;CO2_level;938;False
S0001;2026-01-02 03:03:15;temperature;15.669;False
S0004;2026-01-02 03:03:15;CO2_level;741;False
S0007;2026-01-02 03:03:15;temperature;null;True
S0011;2026-01-02 03:03:15;ventilation;0.322;False
S0010;2026-01-02 03:03:15;CO2_level;702;False
S0005;2026-01-02 03:03:15;ventilation;0.258;False
S0003;2026-01-02 03:03:30;humidity;67.026;False
S0004;2026-01-02 03:03:30;CO2_level;823;False
S0001;2026-01-02 03:03:30;temperature;13.568;False
S0007;2026-01-02 03:03:30;temperature;14.081;False
S0011;2026-01-02 03:03:30;ventilation;0.522;False
S0009;2026-01-02 03:03:30;humidity;74.184;False
S0005;2026-01-02 03:03:30;ventilation;null;True
S0010;2026-01-02 03:03:30;CO2_level;779;False
S0011;2026-01-02 03:03:45;ventilation;0.524;False
S0005;2026-01-02 03:03:45;ventilation;0.429;False
S0010;2026-01-02 03:03:45;CO2_level;786;False
S0007;2026-01-02 03:03:45;temperature;14.442;False
S0001;2026-01-02 03:03:45;temperature;15.261;False
S0004;2026-01-02 03:03:45;CO2_level;1072;False
S0009;2026-01-02 03:04:00;humidity;74.923;False
S0011;2026-01-02 03:04:00;ventilation;0.252;False
S0010;2026-01-02 03:04:00;CO2_level;951;False
S0001;2026-01-02 03:04:00;temperature;10.525;False
S0003;2026-01-02 03:04:00;humidity;66.873;False
S0007;2026-01-02 03:04:00;temperature;10.684;False
S0005;2026-01-02 03:04:00;ventilation;0.354;False
S0004;2026-01-02 03:04:00;CO2_level;1080;False
S0004;2026-01-02 03:04:15;CO2_level;894;False
S0001;2026-01-02 03:04:15;temperature;11.269;False
S0010;2026-01-02 03:04:15;CO2_level;788;False
S0011;2026-01-02 03:04:15;ventilation;0.274;False
S0007;2026-01-02 03:04:15;temperature;11.958;False
S0005;2026-01-02 03:04:15;ventilation;0.479;False
S0009;2026-01-02 03:04:30;humidity;69.136;True
S0007;2026-01-02 03:04:30;temperature;10.462;False
S0010;2026-01-02 03:04:30;CO2_level;1074;False
S0005;2026-01-02 03:04:30;ventilation;0.24;False
S0011;2026-01-02 03:04:30;ventilation;0.517;False
S0003;2026-01-02 03:04:30;humidity;71.637;False
S0001;2026-01-02 03:04:30;temperature;12.904;False
S0004;2026-01-02 03:04:30;CO2_level;776;False
S0007;2026-01-02 03:04:45;temperature;14.957;False
S0011;2026-01-02 03:04:45;ventilation;0.577;False
S0004;2026-01-02 03:04:45;CO2_level;716;False
S0010;2026-01-02 03:04:45;CO2_level;862;False
S0005;2026-01-02 03:04:45;ventilation;0.587;False
S0001;2026-01-02 03:04:45;temperature;15.834;False
S0003;2026-01-02 03:05:00;humidity;72.046;False
S0001;2026-01-02 03:05:00;temperature;12.681;False
S0005;2026-01-02 03:05:00;ventilation;0.52;False
S0010;2026-01-02 03:05:00;CO2_level;1045;False
S0011;2026-01-02 03:05:00;ventilation;0.389;False
S0007;2026-01-02 03:05:00;temperature;14.706;False
S0004;2026-01-02 03:05:00;CO2_level;866;False
S0009;2026-01-02 03:05:00;humidity;70.29;True
S0011;2026-01-02 03:05:15;ventilation;0.201;False
S0007;2026-01-02 03:05:15;temperature;11.848;False
S0005;2026-01-02 03:05:15;ventilation;0.543;False
S0004;2026-01-02 03:05:15;CO2_level;876;False
S0001;2026-01-02 03:05:15;temperature;15.77;False
S0010;2026-01-02 03:05:15;CO2_level;754;False
S0009;2026-01-02 03:05:30;humidity;69.454;False
S0004;2026-01-02 03:05:30;CO2_level;848;False
S0010;2026-01-02 03:05:30;CO2_level;790;False
S0003;2026-01-02 03:05:30;humidity;71.486;False
S0007;2026-01-02 03:05:30;temperature;13.711;False
S0011;2026-01-02 03:05:30;ventilation;0.3;False
S0001;2026-01-02 03:05:30;temperature;13.866;False
S0005;2026-01-02 03:05:30;ventilation;0.333;False
S0001;2026-01-02 03:05:45;temperature;15.419;False
S0004;2026-01-02 03:05:45;CO2_level;1005;False
S0011;2026-01-02 03:05:45;ventilation;0.266;False
S0007;2026-01-02 03:05:45;temperature;13.543;False
S0010;2026-01-02 03:05:45;CO2_level;996;False
S0005;2026-01-02 03:05:45;ventilation;0.523;False
S0001;2026-01-02 03:06:00;temperature;13.378;True
S0007;2026-01-02 03:06:00;temperature;10.257;False
S0004;2026-01-02 03:06:00;CO2_level;874;False
S0003;2026-01-02 03:06:00;humidity;70.319;False
S0009;2026-01-02 03:06:00;humidity;69.249;False
S0005;2026-01-02 03:06:00;ventilation;0.434;False
S0010;2026-01-02 03:06:00;CO2_level;992;False
S0011;2026-01-02 03:06:00;ventilation;0.473;False
S0001;2026-01-02 03:06:15;temperature;13.001;False
S0004;2026-01-02 03:06:15;CO2_level;1008;False
S0010;2026-01-02 03:06:15;CO2_level;712;False
S0007;2026-01-02 03:06:15;temperature;12.509;False
S0005;2026-01-02 03:06:15;ventilation;0.274;False
S0011;2026-01-02 03:06:15;ventilation;0.305;False
S0009;2026-01-02 03:06:30;humidity;68.292;False
S0003;2026-01-02 03:06:30;humidity;70.06;False
S0011;2026-01-02 03:06:30;ventilation;0.355;False
S0007;2026-01-02 03:06:30;temperature;13.687;False
S0004;2026-01-02 03:06:30;CO2_level;1061;False
S0001;2026-01-02 03:06:30;temperature;15.822;False
S0005;2026-01-02 03:06:30;ventilation;0.528;False
S0010;2026-01-02 03:06:30;CO2_level;977;False
S0007;2026-01-02 03:06:45;temperature;11.402;False
S0005;2026-01-02 03:06:45;ventilation;0.39;False
S0011;2026-01-02 03:06:45;ventilation;0.471;False
S0001;2026-01-02 03:06:45;temperature;15.027;True
S0010;2026-01-02 03:06:45;CO2_level;808;False
S0004;2026-01-02 03:06:45;CO2_level;842;False
S0004;2026-01-02 03:07:00;CO2_level;890;True
S0007;2026-01-02 03:07:00;temperature;13.614;False
S0005;2026-01-02 03:07:00;ventilation;0.284;False
S0009;2026-01-02 03:07:00;humidity;74.843;False
S0003;2026-01-02 03:07:00;humidity;65.816;False
S0001;2026-01-02 03:07:00;temperature;11.135;False
S0011;2026-01-02 03:07:00;ventilation;0.468;False
S0010;2026-01-02 03:07:00;CO2_level;1047;False
S0011;2026-01-02 03:07:15;ventilation;0.551;False
S0001;2026-01-02 03:07:15;temperature;11.108;False
S0005;2026-01-02 03:07:15;ventilation;0.485;False
S0004;2026-01-02 03:07:15;CO2_level;936;False
S0010;2026-01-02 03:07:15;CO2_level;939;False
S0007;2026-01-02 03:07:15;temperature;10.541;False
S0003;2026-01-02 03:07:30;humidity;72.272;False
S0004;2026-01-02 03:07:30;CO2_level;771;False
S0005;2026-01-02 03:07:30;ventilation;0.445;False
S0007;2026-01-02 03:07:30;temperature;14.583;False
S0001;2026-01-02 03:07:30;temperature;11.45;False
S0010;2026-01-02 03:07:30;CO2_level;892;True
S0011;2026-01-02 03:07:30;ventilation;0.273;False
S0009;2026-01-02 03:07:30;humidity;74.792;False
S0011;2026-01-02 03:07:45;ventilation;0.432;False
S0001;2026-01-02 03:07:45;temperature;14.192;False
S0005;2026-01-02 03:07:45;ventilation;0.556;False
S0004;2026-01-02 03:07:45;CO2_level;858;False
S0007;2026-01-02 03:07:45;temperature;11.708;False
S0010;2026-01-02 03:07:45;CO2_level;762;False
S0004;2026-01-02 03:08:00;CO2_level;966;False
S0003;2026-01-02 03:08:00;humidity;68.502;True
S0009;2026-01-02 03:08:00;humidity;74.081;False
S0011;2026-01-02 03:08:00;ventilation;0.403;False
S0007;2026-01-02 03:08:00;temperature;15.567;False
S0001;2026-01-02 03:08:00;temperature;11.692;False
S0010;2026-01-02 03:08:00;CO2_level;917;False
S0005;2026-01-02 03:08:00;ventilation;0.391;False
S0005;2026-01-02 03:08:15;ventilation;0.384;False
S0007;2026-01-02 03:08:15;temperature;15.944;False
S0010;2026-01-02 03:08:15;CO2_level;728;False
S0011;2026-01-02 03:08:15;ventilation;0.472;False
S0001;2026-01-02 03:08:15;temperature;10.77;False
S0004;2026-01-02 03:08:15;CO2_level;792;True
S0004;2026-01-02 03:08:30;CO2_level;835;False
S0001;2026-01-02 03:08:30;temperature;14.724;False
S0007;2026-01-02 03:08:30;temperature;14.385;False
S0010;2026-01-02 03:08:30;CO2_level;894;False
S0005;2026-01-02 03:08:30;ventilation;0.522;False
S0003;2026-01-02 03:08:30;humidity;71.328;False
S0009;2026-01-02 03:08:30;humidity;73.695;False
S0011;2026-01-02 03:08:30;ventilation;0.224;False
S0010;2026-01-02 03:08:45;CO2_level;831;True
S0001;2026-01-02 03:08:45;temperature;12.945;False
S0004;2026-01-02 03:08:45;CO2_level;849;False
S0005;2026-01-02 03:08:45;ventilation;0.411;False
S0007;2026-01-02 03:08:45;temperature;15.06;False
S0011;2026-01-02 03:08:45;ventilation;0.429;False
S0004;2026-01-02 03:09:00;CO2_level;864;False
S0005;2026-01-02 03:09:00;ventilation;0.291;False
S0007;2026-01-02 03:09:00;temperature;14.902;False
S0003;2026-01-02 03:09:00;humidity;70.399;False
S0009;2026-01-02 03:09:00;humidity;74.432;False
S0001;2026-01-02 03:09:00;temperature;15.903;False
S0011;2026-01-02 03:09:00;ventilation;0.294;False
S0010;2026-01-02 03:09:00;CO2_level;null;True
S0005;2026-01-02 03:09:15;ventilation;0.574;False
S0007;2026-01-02 03:09:15;temperature;12.726;False
S0011;2026-01-02 03:09:15;ventilation;0.289;False
S0001;2026-01-02 03:09:15;temperature;null;True
S0010;2026-01-02 03:09:15;CO2_level;734;False
S0004;2026-01-02 03:09:15;CO2_level;1064;False
S0010;2026-01-02 03:09:30;CO2_level;827;False
S0003;2026-01-02 03:09:30;humidity;72.191;False
S0005;2026-01-02 03:09:30;ventilation;0.529;False
S0007;2026-01-02 03:09:30;temperature;14.927;False
S0004;2026-01-02 03:09:30;CO2_level;813;False
S0011;2026-01-02 03:09:30;ventilation;0.336;False
S0009;2026-01-02 03:09:30;humidity;66.647;False
S0001;2026-01-02 03:09:30;temperature;11.114;False
S0011;2026-01-02 03:09:45;ventilation;0.276;False
S0004;2026-01-02 03:09:45;CO2_level;1027;False
S0010;2026-01-02 03:09:45;CO2_level;843;False
S0005;2026-01-02 03:09:45;ventilation;0.518;False
S0001;2026-01-02 03:09:45;temperature;14.275;False
S0007;2026-01-02 03:09:45;temperature;15.448;False
S0005;2026-01-02 03:10:00;ventilation;0.247;False
S0011;2026-01-02 03:10:00;ventilation;0.243;False
S0009;2026-01-02 03:10:00;humidity;69.414;False
S0007;2026-01-02 03:10:00;temperature;14.559;False
S0001;2026-01-02 03:10:00;temperature;12.455;False
S0004;2026-01-02 03:10:00;CO2_level;937;False
S0003;2026-01-02 03:10:00;humidity;68.264;True
S0010;2026-01-02 03:10:00;CO2_level;null;True
S0004;2026-01-02 03:10:15;CO2_level;838;False
S0007;2026-01-02 03:10:15;temperature;14.362;False
S0001;2026-01-02 03:10:15;temperature;11.152;False
S0005;2026-01-02 03:10:15;ventilation;0.216;False
S0010;2026-01-02 03:10:15;CO2_level;1093;False
S0011;2026-01-02 03:10:15;ventilation;0.388;False
S0003;2026-01-02 03:10:30;humidity;71.137;False
S0005;2026-01-02 03:10:30;ventilation;0.461;False
S0007;2026-01-02 03:10:30;temperature;15.226;False
S0010;2026-01-02 03:10:30;CO2_level;1087;False
S0009;2026-01-02 03:10:30;humidity;71.825;False
S0001;2026-01-02 03:10:30;temperature;12.182;False
S0004;2026-01-02 03:10:30;CO2_level;748;False
S0011;2026-01-02 03:10:30;ventilation;0.486;False
S0007;2026-01-02 03:10:45;temperature;15.776;False
S0011;2026-01-02 03:10:45;ventilation;0.575;False
S0005;2026-01-02 03:10:45;ventilation;0.543;False
S0010;2026-01-02 03:10:45;CO2_level;929;False
S0004;2026-01-02 03:10:45;CO2_level;1082;False
S0001;2026-01-02 03:10:45;temperature;12.33;False
S0010;2026-01-02 03:11:00;CO2_level;965;False
S0007;2026-01-02 03:11:00;temperature;12.754;False
S0011;2026-01-02 03:11:00;ventilation;0.265;False
S0009;2026-01-02 03:11:00;humidity;66.352;False
S0003;2026-01-02 03:11:00;humidity;70.017;False
S0004;2026-01-02 03:11:00;CO2_level;714;False
S0001;2026-01-02 03:11:00;temperature;null;True
S0005;2026-01-02 03:11:00;ventilation;0.456;False
S0005;2026-01-02 03:11:15;ventilation;0.362;False
S0011;2026-01-02 03:11:15;ventilation;null;True
S0001;2026-01-02 03:11:15;temperature;13.699;False
S0010;2026-01-02 03:11:15;CO2_level;811;False
S0004;2026-01-02 03:11:15;CO2_level;853;False
S0007;2026-01-02 03:11:15;temperature;null;True
S0011;2026-01-02 03:11:30;ventilation;0.396;False
S0005;2026-01-02 03:11:30;ventilation;0.552;False
S0004;2026-01-02 03:11:30;CO2_level;1080;False
S0010;2026-01-02 03:11:30;CO2_level;925;False
S0009;2026-01-02 03:11:30;humidity;70.146;False
S0001;2026-01-02 03:11:30;temperature;12.051;False
S0003;2026-01-02 03:11:30;humidity;65.675;True
S0007;2026-01-02 03:11:30;temperature;13.348;False
S0010;2026-01-02 03:11:45;CO2_level;814;False
S0001;2026-01-02 03:11:45;temperature;13.318;False
S0005;2026-01-02 03:11:45;ventilation;0.32;False
S0011;2026-01-02 03:11:45;ventilation;0.47;False
S0004;2026-01-02 03:11:45;CO2_level;1061;False
S0007;2026-01-02 03:11:45;temperature;14.676;False
S0004;2026-01-02 03:12:00;CO2_level;842;False
S0009;2026-01-02 03:12:00;humidity;73.023;False
S0001;2026-01-02 03:12:00;temperature;14.391;False
S0010;2026-01-02 03:12:00;CO2_level;898;False
S0005;2026-01-02 03:12:00;ventilation;0.224;False
S0003;2026-01-02 03:12:00;humidity;73.135;False
S0007;2026-01-02 03:12:00;temperature;15.802;True
S0011;2026-01-02 03:12:00;ventilation;0.208;False
S0011;2026-01-02 03:12:15;ventilation;0.228;False
S0004;2026-01-02 03:12:15;CO2_level;997;False
S0005;2026-01-02 03:12:15;ventilation;0.339;False
S0001;2026-01-02 03:12:15;temperature;15.86;False
S0007;2026-01-02 03:12:15;temperature;11.012;True
S0010;2026-01-02 03:12:15;CO2_level;848;False
S0005;2026-01-02 03:12:30;ventilation;0.537;False
S0004;2026-01-02 03:12:30;CO2_level;729;False
S0010;2026-01-02 03:12:30;CO2_level;896;False
S0003;2026-01-02 03:12:30;humidity;71.159;False
S0007;2026-01-02 03:12:30;temperature;11.076;False
S0009;2026-01-02 03:12:30;humidity;71.746;False
S0011;2026-01-02 03:12:30;ventilation;0.331;False
S0001;2026-01-02 03:12:30;temperature;10.976;True
S0007;2026-01-02 03:12:45;temperature;13.311;False
S0010;2026-01-02 03:12:45;CO2_level;1043;False
S0004;2026-01-02 03:12:45;CO2_level;878;False
S0011;2026-01-02 03:12:45;ventilation;0.285;False
S0001;2026-01-02 03:12:45;temperature;12.506;False
S0005;2026-01-02 03:12:45;ventilation;0.243;False
S0001;2026-01-02 03:13:00;temperature;15.464;False
S0005;2026-01-02 03:13:00;ventilation;0.505;False
S0010;2026-01-02 03:13:00;CO2_level;982;False
S0003;2026-01-02 03:13:00;humidity;68.795;False
S0009;2026-01-02 03:13:00;humidity;70.797;False
S0011;2026-01-02 03:13:00;ventilation;0.506;False
S0004;2026-01-02 03:13:00;CO2_level;882;False
S0007;2026-01-02 03:13:00;temperature;12.259;True
S0005;2026-01-02 03:13:15;ventilation;0.552;False
S0007;2026-01-02 03:13:15;temperature;11.68;False
S0010;2026-01-02 03:13:15;CO2_level;829;False
S0004;2026-01-02 03:13:15;CO2_level;994;False
S0011;2026-01-02 03:13:15;ventilation;0.424;False
S0001;2026-01-02 03:13:15;temperature;13.694;False
S0005;2026-01-02 03:13:30;ventilation;0.532;False
S0009;2026-01-02 03:13:30;humidity;73.272;True
S0010;2026-01-02 03:13:30;CO2_level;836;False
S0007;2026-01-02 03:13:30;temperature;15.901;False
S0011;2026-01-02 03:13:30;ventilation;0.469;False
S0003;2026-01-02 03:13:30;humidity;65.991;False
S0001;2026-01-02 03:13:30;temperature;12.716;False
S0004;2026-01-02 03:13:30;CO2_level;771;False
S0005;2026-01-02 03:13:45;ventilation;0.247;False
S0007;2026-01-02 03:13:45;temperature;15.435;False
S0010;2026-01-02 03:13:45;CO2_level;936;False
S0011;2026-01-02 03:13:45;ventilation;0.242;False
S0004;2026-01-02 03:13:45;CO2_level;1008;False
S0001;2026-01-02 03:13:45;temperature;11.153;False
S0011;2026-01-02 03:14:00;ventilation;0.342;True
S0009;2026-01-02 03:14:00;humidity;71.986;False
S0010;2026-01-02 03:14:00;CO2_level;720;False
S0005;2026-01-02 03:14:00;ventilation;0.376;False
S0003;2026-01-02 03:14:00;humidity;68.315;False
S0007;2026-01-02 03:14:00;temperature;11.743;False
S0004;2026-01-02 03:14:00;CO2_level;924;False
S0001;2026-01-02 03:14:00;temperature;15.587;False
S0010;2026-01-02 03:14:15;CO2_level;1042;False
S0005;2026-01-02 03:14:15;ventilation;0.412;False
S0007;2026-01-02 03:14:15;temperature;10.221;False
S0004;2026-01-02 03:14:15;CO2_level;904;False
S0011;2026-01-02 03:14:15;ventilation;0.442;False
S0001;2026-01-02 03:14:15;temperature;13.856;False
S0010;2026-01-02 03:14:30;CO2_level;724;True
S0005;2026-01-02 03:14:30;ventilation;0.513;False
S0011;2026-01-02 03:14:30;ventilation;0.403;False
S0001;2026-01-02 03:14:30;temperature;12.495;False
S0009;2026-01-02 03:14:30;humidity;70.969;False
S0004;2026-01-02 03:14:30;CO2_level;1037;False
S0003;2026-01-02 03:14:30;humidity;69.99;False
S0007;2026-01-02 03:14:30;temperature;12.952;True
S0004;2026-01-02 03:14:45;CO2_level;837;False
S0001;2026-01-02 03:14:45;temperature;12.075;False
S0010;2026-01-02 03:14:45;CO2_level;826;False
S0005;2026-01-02 03:14:45;ventilation;0.246;False
S0011;2026-01-02 03:14:45;ventilation;0.323;False
S0007;2026-01-02 03:14:45;temperature;14.126;False
S0009;2026-01-02 03:15:00;humidity;66.757;False
S0004;2026-01-02 03:15:00;CO2_level;821;False
S0003;2026-01-02 03:15:00;humidity;70.194;False
S0005;2026-01-02 03:15:00;ventilation;0.572;False
S0001;2026-01-02 03:15:00;temperature;11.682;False
S0010;2026-01-02 03:15:00;CO2_level;788;False
S0007;2026-01-02 03:15:00;temperature;14.978;False
S0011;2026-01-02 03:15:00;ventilation;0.321;True
S0007;2026-01-02 03:15:15;temperature;13.462;False
S0001;2026-01-02 03:15:15;temperature;15.878;False
S0011;2026-01-02 03:15:15;ventilation;0.237;False
S0010;2026-01-02 03:15:15;CO2_level;1060;False
S0005;2026-01-02 03:15:15;ventilation;0.27;False
S0004;2026-01-02 03:15:15;CO2_level;805;True
S0004;2026-01-02 03:15:30;CO2_level;756;False
S0007;2026-01-02 03:15:30;temperature;15.543;False
S0009;2026-01-02 03:15:30;humidity;74.7;False
S0011;2026-01-02 03:15:30;ventilation;0.299;True
S0001;2026-01-02 03:15:30;temperature;11.31;False
S0010;2026-01-02 03:15:30;CO2_level;1075;False
S0003;2026-01-02 03:15:30;humidity;68.453;False
S0005;2026-01-02 03:15:30;ventilation;0.287;False
S0001;2026-01-02 03:15:45;temperature;15.251;False
S0010;2026-01-02 03:15:45;CO2_level;818;True
S0007;2026-01-02 03:15:45;temperature;15.442;False
S0005;2026-01-02 03:15:45;ventilation;0.281;False
S0004;2026-01-02 03:15:45;CO2_level;905;False
S0011;2026-01-02 03:15:45;ventilation;0.243;False
S0003;2026-01-02 03:16:00;humidity;72.345;False
S0004;2026-01-02 03:16:00;CO2_level;966;False
S0001;2026-01-02 03:16:00;temperature;10.437;False
S0011;2026-01-02 03:16:00;ventilation;0.552;False
S0010;2026-01-02 03:16:00;CO2_level;963;False
S0007;2026-01-02 03:16:00;temperature;13.098;False
S0005;2026-01-02 03:16:00;ventilation;0.479;False
S0009;2026-01-02 03:16:00;humidity;71.408;False
S0010;2026-01-02 03:16:15;CO2_level;747;False
S0011;2026-01-02 03:16:15;ventilation;0.443;False
S0001;2026-01-02 03:16:15;temperature;13.818;False
S0005;2026-01-02 03:16:15;ventilation;0.239;False
S0007;2026-01-02 03:16:15;temperature;15.057;False
S0004;2026-01-02 03:16:15;CO2_level;886;False
S0001;2026-01-02 03:16:30;temperature;11.727;False
S0009;2026-01-02 03:16:30;humidity;73.131;False
S0003;2026-01-02 03:16:30;humidity;72.555;False
S0011;2026-01-02 03:16:30;ventilation;0.422;False
S0007;2026-01-02 03:16:30;temperature;10.807;False
S0010;2026-01-02 03:16:30;CO2_level;1035;False
S0004;2026-01-02 03:16:30;CO2_level;994;False
S0005;2026-01-02 03:16:30;ventilation;0.275;False
S0010;2026-01-02 03:16:45;CO2_level;803;False
S0007;2026-01-02 03:16:45;temperature;15.984;False
S0001;2026-01-02 03:16:45;temperature;11.12;False
S0005;2026-01-02 03:16:45;ventilation;0.493;False
S0004;2026-01-02 03:16:45;CO2_level;856;False
S0011;2026-01-02 03:16:45;ventilation;0.372;False
S0011;2026-01-02 03:17:00;ventilation;0.453;False
S0003;2026-01-02 03:17:00;humidity;74.509;False
S0010;2026-01-02 03:17:00;CO2_level;763;False
S0007;2026-01-02 03:17:00;temperature;13.23;False
S0004;2026-01-02 03:17:00;CO2_level;1088;False
S0009;2026-01-02 03:17:00;humidity;67.679;False
S0005;2026-01-02 03:17:00;ventilation;0.354;False
S0001;2026-01-02 03:17:00;temperature;13.51;False
S0010;2026-01-02 03:17:15;CO2_level;716;False
S0005;2026-01-02 03:17:15;ventilation;0.312;True
S0007;2026-01-02 03:17:15;temperature;15.554;False
S0001;2026-01-02 03:17:15;temperature;11.179;False
S0004;2026-01-02 03:17:15;CO2_level;825;True
S0011;2026-01-02 03:17:15;ventilation;0.315;False
S0007;2026-01-02 03:17:30;temperature;11.222;False
S0001;2026-01-02 03:17:30;temperature;11.559;False
S0011;2026-01-02 03:17:30;ventilation;0.502;False
S0004;2026-01-02 03:17:30;CO2_level;797;False
S0010;2026-01-02 03:17:30;CO2_level;null;True
S0003;2026-01-02 03:17:30;humidity;72.592;False
S0009;2026-01-02 03:17:30;humidity;65.102;False
S0005;2026-01-02 03:17:30;ventilation;0.327;False
S0005;2026-01-02 03:17:45;ventilation;0.24;False
S0011;2026-01-02 03:17:45;ventilation;0.218;False
S0001;2026-01-02 03:17:45;temperature;15.872;False
S0004;2026-01-02 03:17:45;CO2_level;906;False
S0010;2026-01-02 03:17:45;CO2_level;986;False
S0007;2026-01-02 03:17:45;temperature;11.908;False
S0011;2026-01-02 03:18:00;ventilation;0.338;False
S0001;2026-01-02 03:18:00;temperature;10.98;False
S0003;2026-01-02 03:18:00;humidity;66.567;False
S0009;2026-01-02 03:18:00;humidity;73.709;False
S0007;2026-01-02 03:18:00;temperature;14.036;False
S0005;2026-01-02 03:18:00;ventilation;0.388;False
S0010;2026-01-02 03:18:00;CO2_level;919;False
S0004;2026-01-02 03:18:00;CO2_level;941;False
S0005;2026-01-02 03:18:15;ventilation;0.51;False
S0007;2026-01-02 03:18:15;temperature;14.377;False
S0010;2026-01-02 03:18:15;CO2_level;990;False
S0011;2026-01-02 03:18:15;ventilation;0.522;False
S0001;2026-01-02 03:18:15;temperature;12.801;False
S0004;2026-01-02 03:18:15;CO2_level;882;False
S0003;2026-01-02 03:18:30;humidity;68.7;False
S0005;2026-01-02 03:18:30;ventilation;0.286;False
S0001;2026-01-02 03:18:30;temperature;12.067;False
S0004;2026-01-02 03:18:30;CO2_level;933;False
S0009;2026-01-02 03:18:30;humidity;70.194;False
S0011;2026-01-02 03:18:30;ventilation;0.321;False
S0010;2026-01-02 03:18:30;CO2_level;989;False
S0007;2026-01-02 03:18:30;temperature;10.8;False
S0004;2026-01-02 03:18:45;CO2_level;994;False
S0001;2026-01-02 03:18:45;temperature;10.416;False
S0005;2026-01-02 03:18:45;ventilation;null;True
S0010;2026-01-02 03:18:45;CO2_level;1062;False
S0007;2026-01-02 03:18:45;temperature;11.987;False
S0011;2026-01-02 03:18:45;ventilation;0.422;False
S0007;2026-01-02 03:19:00;temperature;11.639;False
S0011;2026-01-02 03:19:00;ventilation;0.412;False
S0003;2026-01-02 03:19:00;humidity;67.691;False
S0005;2026-01-02 03:19:00;ventilation;0.244;True
S0004;2026-01-02 03:19:00;CO2_level;997;False
S0001;2026-01-02 03:19:00;temperature;14.076;False
S0009;2026-01-02 03:19:00;humidity;72.098;False
S0010;2026-01-02 03:19:00;CO2_level;787;False
S0005;2026-01-02 03:19:15;ventilation;0.563;False
S0001;2026-01-02 03:19:15;temperature;11.182;False
S0011;2026-01-02 03:19:15;ventilation;0.561;False
S0007;2026-01-02 03:19:15;temperature;15.518;False
S0004;2026-01-02 03:19:15;CO2_level;782;False
S0010;2026-01-02 03:19:15;CO2_level;null;True
S0005;2026-01-02 03:19:30;ventilation;0.54;False
S0003;2026-01-02 03:19:30;humidity;71.537;False
S0004;2026-01-02 03:19:30;CO2_level;933;False
S0011;2026-01-02 03:19:30;ventilation;0.448;False
S0009;2026-01-02 03:19:30;humidity;70.886;True
S0001;2026-01-02 03:19:30;temperature;13.124;False
S0010;2026-01-02 03:19:30;CO2_level;776;False
S0007;2026-01-02 03:19:30;temperature;14.325;False
S0007;2026-01-02 03:19:45;temperature;15.282;False
S0005;2026-01-02 03:19:45;ventilation;0.291;False
S0001;2026-01-02 03:19:45;temperature;14.773;False
S0004;2026-01-02 03:19:45;CO2_level;1043;False
S0010;2026-01-02 03:19:45;CO2_level;844;False
S0011;2026-01-02 03:19:45;ventilation;0.476;False
S0011;2026-01-02 03:20:00;ventilation;0.373;False
S0001;2026-01-02 03:20:00;temperature;10.262;False
S0005;2026-01-02 03:20:00;ventilation;0.428;False
S0007;2026-01-02 03:20:00;temperature;15.089;False
S0003;2026-01-02 03:20:00;humidity;68.467;False
S0004;2026-01-02 03:20:00;CO2_level;795;True
S0010;2026-01-02 03:20:00;CO2_level;1015;False
S0009;2026-01-02 03:20:00;humidity;72.173;False
S0005;2026-01-02 03:20:15;ventilation;0.545;False
S0004;2026-01-02 03:20:15;CO2_level;887;False
S0001;2026-01-02 03:20:15;temperature;14.14;False
S0010;2026-01-02 03:20:15;CO2_level;1052;False
S0007;2026-01-02 03:20:15;temperature;null;True
S0011;2026-01-02 03:20:15;ventilation;0.219;False
S0001;2026-01-02 03:20:30;temperature;15.866;False
S0009;2026-01-02 03:20:30;humidity;69.98;False
S0010;2026-01-02 03:20:30;CO2_level;794;False
S0004;2026-01-02 03:20:30;CO2_level;774;False
S0005;2026-01-02 03:20:30;ventilation;0.423;True
S0003;2026-01-02 03:20:30;humidity;73.458;False
S0007;2026-01-02 03:20:30;temperature;12.844;False
S0011;2026-01-02 03:20:30;ventilation;0.447;True
S0010;2026-01-02 03:20:45;CO2_level;813;False
S0004;2026-01-02 03:20:45;CO2_level;808;False
S0005;2026-01-02 03:20:45;ventilation;0.591;False
S0007;2026-01-02 03:20:45;temperature;10.247;False
S0001;2026-01-02 03:20:45;temperature;10.037;False
S0011;2026-01-02 03:20:45;ventilation;0.414;False
S0004;2026-01-02 03:21:00;CO2_level;909;False
S0007;2026-01-02 03:21:00;temperature;14.581;False
S0001;2026-01-02 03:21:00;temperature;12.649;False
S0003;2026-01-02 03:21:00;humidity;67.965;False
S0009;2026-01-02 03:21:00;humidity;65.164;False
S0005;2026-01-02 03:21:00;ventilation;0.344;False
S0010;2026-01-02 03:21:00;CO2_level;985;False
S0011;2026-01-02 03:21:00;ventilation;0.282;False
S0001;2026-01-02 03:21:15;temperature;15.23;False
S0004;2026-01-02 03:21:15;CO2_level;820;False
S0010;2026-01-02 03:21:15;CO2_level;1089;False
S0005;2026-01-02 03:21:15;ventilation;0.505;False
S0007;2026-01-02 03:21:15;temperature;12.626;False
S0011;2026-01-02 03:21:15;ventilation;0.342;False
S0011;2026-01-02 03:21:30;ventilation;0.33;False
S0001;2026-01-02 03:21:30;temperature;15.578;False
S0009;2026-01-02 03:21:30;humidity;73.198;False
S0007;2026-01-02 03:21:30;temperature;10.486;False
S0003;2026-01-02 03:21:30;humidity;68.843;False
S0010;2026-01-02 03:21:30;CO2_level;823;True
S0005;2026-01-02 03:21:30;ventilation;0.222;False
S0004;2026-01-02 03:21:30;CO2_level;1043;False
S0005;2026-01-02 03:21:45;ventilation;0.562;False
S0007;2026-01-02 03:21:45;temperature;13.616;False
S0011;2026-01-02 03:21:45;ventilation;0.261;False
S0001;2026-01-02 03:21:45;temperature;11.218;False
S0004;2026-01-02 03:21:45;CO2_level;907;False
S0010;2026-01-02 03:21:45;CO2_level;832;False
S0010;2026-01-02 03:22:00;CO2_level;827;False
S0003;2026-01-02 03:22:00;humidity;73.537;False
S0001;2026-01-02 03:22:00;temperature;15.855;False
S0009;2026-01-02 03:22:00;humidity;67.042;False
S0011;2026-01-02 03:22:00;ventilation;0.357;False
S0004;2026-01-02 03:22:00;CO2_level;1070;False
S0005;2026-01-02 03:22:00;ventilation;0.526;False
S0007;2026-01-02 03:22:00;temperature;13.72;False
S0005;2026-01-02 03:22:15;ventilation;0.422;False
S0001;2026-01-02 03:22:15;temperature;14.365;False
S0004;2026-01-02 03:22:15;CO2_level;932;False
S0010;2026-01-02 03:22:15;CO2_level;1080;False
S0011;2026-01-02 03:22:15;ventilation;0.555;True
S0007;2026-01-02 03:22:15;temperature;15.415;False
S0005;2026-01-02 03:22:30;ventilation;0.577;False
S0010;2026-01-02 03:22:30;CO2_level;864;False
S0007;2026-01-02 03:22:30;temperature;12.24;False
S0003;2026-01-02 03:22:30;humidity;67.116;False
S0009;2026-01-02 03:22:30;humidity;65.367;False
S0001;2026-01-02 03:22:30;temperature;10.505;False
S0004;2026-01-02 03:22:30;CO2_level;857;False
S0011;2026-01-02 03:22:30;ventilation;0.58;False
S0005;2026-01-02 03:22:45;ventilation;0.57;True
S0010;2026-01-02 03:22:45;CO2_level;741;False
S0001;2026-01-02 03:22:45;temperature;12.236;False
S0007;2026-01-02 03:22:45;temperature;10.674;False
S0011;2026-01-02 03:22:45;ventilation;0.343;False
S0004;2026-01-02 03:22:45;CO2_level;760;False
S0009;2026-01-02 03:23:00;humidity;69.362;False
S0001;2026-01-02 03:23:00;temperature;15.561;False
S0011;2026-01-02 03:23:00;ventilation;0.255;False
S0007;2026-01-02 03:23:00;temperature;15.04;False
S0004;2026-01-02 03:23:00;CO2_level;737;False
S0003;2026-01-02 03:23:00;humidity;65.291;False
S0010;2026-01-02 03:23:00;CO2_level;751;False
S0005;2026-01-02 03:23:00;ventilation;0.573;False
S0007;2026-01-02 03:23:15;temperature;15.377;False
S0011;2026-01-02 03:23:15;ventilation;0.448;False
S0010;2026-01-02 03:23:15;CO2_level;849;False
S0004;2026-01-02 03:23:15;CO2_level;996;False
S0005;2026-01-02 03:23:15;ventilation;0.46;False
S0001;2026-01-02 03:23:15;temperature;null;True
S0001;2026-01-02 03:23:30;temperature;10.272;False
S0011;2026-01-02 03:23:30;ventilation;0.392;False
S0005;2026-01-02 03:23:30;ventilation;0.433;False
S0009;2026-01-02 03:23:30;humidity;66.602;False
S0007;2026-01-02 03:23:30;temperature;14.937;False
S0010;2026-01-02 03:23:30;CO2_level;722;False
S0004;2026-01-02 03:23:30;CO2_level;816;False
S0003;2026-01-02 03:23:30;humidity;65.42;False
S0001;2026-01-02 03:23:45;temperature;13.578;False
S0005;2026-01-02 03:23:45;ventilation;0.529;False
S0011;2026-01-02 03:23:45;ventilation;0.326;False
S0007;2026-01-02 03:23:45;temperature;13.235;False
S0010;2026-01-02 03:23:45;CO2_level;722;True
S0004;2026-01-02 03:23:45;CO2_level;979;False
S0005;2026-01-02 03:24:00;ventilation;0.435;False
S0010;2026-01-02 03:24:00;CO2_level;988;False
S0011;2026-01-02 03:24:00;ventilation;0.558;False
S0001;2026-01-02 03:24:00;temperature;10.396;False
S0004;2026-01-02 03:24:00;CO2_level;1049;False
S0003;2026-01-02 03:24:00;humidity;null;True
S0009;2026-01-02 03:24:00;humidity;70.428;False
S0007;2026-01-02 03:24:00;temperature;10.041;False
S0011;2026-01-02 03:24:15;ventilation;0.223;False
S0005;2026-01-02 03:24:15;ventilation;0.301;False
S0004;2026-01-02 03:24:15;CO2_level;1064;False
S0010;2026-01-02 03:24:15;CO2_level;871;False
S0007;2026-01-02 03:24:15;temperature;15.31;False
S0001;2026-01-02 03:24:15;temperature;15.257;False
S0004;2026-01-02 03:24:30;CO2_level;889;False
S0003;2026-01-02 03:24:30;humidity;68.625;False
S0005;2026-01-02 03:24:30;ventilation;0.478;False
S0011;2026-01-02 03:24:30;ventilation;0.219;False
S0007;2026-01-02 03:24:30;temperature;15.44;False
S0010;2026-01-02 03:24:30;CO2_level;790;False
S0001;2026-01-02 03:24:30;temperature;15.191;False
S0009;2026-01-02 03:24:30;humidity;73.798;False
S0001;2026-01-02 03:24:45;temperature;10.358;False
S0004;2026-01-02 03:24:45;CO2_level;1021;False
S0011;2026-01-02 03:24:45;ventilation;0.564;False
S0005;2026-01-02 03:24:45;ventilation;0.433;False
S0007;2026-01-02 03:24:45;temperature;14.798;False
S0010;2026-01-02 03:24:45;CO2_level;null;True
S0003;2026-01-02 03:25:00;humidity;74.498;False
S0004;2026-01-02 03:25:00;CO2_level;978;True
S0011;2026-01-02 03:25:00;ventilation;0.413;False
S0007;2026-01-02 03:25:00;temperature;14.122;False
S0009;2026-01-02 03:25:00;humidity;74.302;False
S0005;2026-01-02 03:25:00;ventilation;0.51;False
S0010;2026-01-02 03:25:00;CO2_level;1039;False
S0001;2026-01-02 03:25:00;temperature;11.361;False
S0005;2026-01-02 03:25:15;ventilation;null;True
S0010;2026-01-02 03:25:15;CO2_level;724;False
S0007;2026-01-02 03:25:15;temperature;13.409;False
S0001;2026-01-02 03:25:15;temperature;15.385;False
S0004;2026-01-02 03:25:15;CO2_level;731;False
S0011;2026-01-02 03:25:15;ventilation;0.298;True
S0011;2026-01-02 03:25:30;ventilation;0.24;False
S0009;2026-01-02 03:25:30;humidity;69.014;False
S0004;2026-01-02 03:25:30;CO2_level;1038;False
S0010;2026-01-02 03:25:30;CO2_level;null;True
S0007;2026-01-02 03:25:30;temperature;11.77;False
S0003;2026-01-02 03:25:30;humidity;65.694;True
S0005;2026-01-02 03:25:30;ventilation;0.444;False
S0001;2026-01-02 03:25:30;temperature;14.257;False
S0010;2026-01-02 03:25:45;CO2_level;758;False
S0005;2026-01-02 03:25:45;ventilation;0.474;False
S0011;2026-01-02 03:25:45;ventilation;0.375;False
S0001;2026-01-02 03:25:45;temperature;11.626;False
S0004;2026-01-02 03:25:45;CO2_level;821;False
S0007;2026-01-02 03:25:45;temperature;10.214;False
S0010;2026-01-02 03:26:00;CO2_level;856;False
S0005;2026-01-02 03:26:00;ventilation;0.434;False
S0011;2026-01-02 03:26:00;ventilation;0.548;False
S0004;2026-01-02 03:26:00;CO2_level;868;False
S0007;2026-01-02 03:26:00;temperature;15.711;False
S0003;2026-01-02 03:26:00;humidity;66.467;False
S0001;2026-01-02 03:26:00;temperature;14.399;False
S0009;2026-01-02 03:26:00;humidity;71.166;False
S0001;2026-01-02 03:26:15;temperature;15.308;False
S0005;2026-01-02 03:26:15;ventilation;null;True
S0007;2026-01-02 03:26:15;temperature;11.783;False
S0011;2026-01-02 03:26:15;ventilation;0.338;False
S0010;2026-01-02 03:26:15;CO2_level;null;True
S0004;2026-01-02 03:26:15;CO2_level;707;False
S0004;2026-01-02 03:26:30;CO2_level;1069;False
S0003;2026-01-02 03:26:30;humidity;66.866;False
S0009;2026-01-02 03:26:30;humidity;67.081;False
S0005;2026-01-02 03:26:30;ventilation;0.28;False
S0010;2026-01-02 03:26:30;CO2_level;786;False
S0007;2026-01-02 03:26:30;temperature;15.228;False
S0001;2026-01-02 03:26:30;temperature;11.462;False
S0011;2026-01-02 03:26:30;ventilation;0.474;False
S0011;2026-01-02 03:26:45;ventilation;0.472;False
S0007;2026-01-02 03:26:45;temperature;12.537;False
S0001;2026-01-02 03:26:45;temperature;14.678;False
S0010;2026-01-02 03:26:45;CO2_level;1091;False
S0005;2026-01-02 03:26:45;ventilation;0.513;False
S0004;2026-01-02 03:26:45;CO2_level;1035;False
S0007;2026-01-02 03:27:00;temperature;15.984;False
S0005;2026-01-02 03:27:00;ventilation;0.558;True
S0011;2026-01-02 03:27:00;ventilation;0.261;False
S0009;2026-01-02 03:27:00;humidity;66.521;False
S0004;2026-01-02 03:27:00;CO2_level;731;False
S0001;2026-01-02 03:27:00;temperature;null;True
S0003;2026-01-02 03:27:00;humidity;68.287;False
S0010;2026-01-02 03:27:00;CO2_level;833;False
S0005;2026-01-02 03:27:15;ventilation;0.506;False
S0004;2026-01-02 03:27:15;CO2_level;772;False
S0011;2026-01-02 03:27:15;ventilation;0.571;False
S0001;2026-01-02 03:27:15;temperature;14.399;False
S0010;2026-01-02 03:27:15;CO2_level;830;False
S0007;2026-01-02 03:27:15;temperature;15.864;False
S0011;2026-01-02 03:27:30;ventilation;0.409;False
S0003;2026-01-02 03:27:30;humidity;65.392;False
S0001;2026-01-02 03:27:30;temperature;12.763;False
S0005;2026-01-02 03:27:30;ventilation;0.48;False
S0009;2026-01-02 03:27:30;humidity;71.116;False
S0007;2026-01-02 03:27:30;temperature;15.153;False
S0010;2026-01-02 03:27:30;CO2_level;857;False
S0004;2026-01-02 03:27:30;CO2_level;1088;False
S0005;2026-01-02 03:27:45;ventilation;0.51;False
S0001;2026-01-02 03:27:45;temperature;13.003;False
S0011;2026-01-02 03:27:45;ventilation;0.489;False
S0010;2026-01-02 03:27:45;CO2_level;718;False
S0007;2026-01-02 03:27:45;temperature;13.568;False
S0004;2026-01-02 03:27:45;CO2_level;1032;False
S0011;2026-01-02 03:28:00;ventilation;0.569;False
S0005;2026-01-02 03:28:00;ventilation;0.49;False
S0003;2026-01-02 03:28:00;humidity;69.593;False
S0010;2026-01-02 03:28:00;CO2_level;1022;False
S0009;2026-01-02 03:28:00;humidity;70.356;False
S0001;2026-01-02 03:28:00;temperature;14.985;False
S0004;2026-01-02 03:28:00;CO2_level;865;False
S0007;2026-01-02 03:28:00;temperature;13.91;False
S0011;2026-01-02 03:28:15;ventilation;0.527;False
S0005;2026-01-02 03:28:15;ventilation;0.28;False
S0007;2026-01-02 03:28:15;temperature;11.517;False
S0004;2026-01-02 03:28:15;CO2_level;1036;False
S0010;2026-01-02 03:28:15;CO2_level;759;False
S0001;2026-01-02 03:28:15;temperature;11.353;False
S0005;2026-01-02 03:28:30;ventilation;0.553;False
S0007;2026-01-02 03:28:30;temperature;14.951;False
S0004;2026-01-02 03:28:30;CO2_level;860;False
S0003;2026-01-02 03:28:30;humidity;68.174;False
S0009;2026-01-02 03:28:30;humidity;73.888;False
S0010;2026-01-02 03:28:30;CO2_level;1084;False
S0001;2026-01-02 03:28:30;temperature;11.866;False
S0011;2026-01-02 03:28:30;ventilation;0.319;False
S0007;2026-01-02 03:28:45;temperature;15.662;False
S0010;2026-01-02 03:28:45;CO2_level;925;False
S0001;2026-01-02 03:28:45;temperature;11.599;True
S0011;2026-01-02 03:28:45;ventilation;0.456;False
S0005;2026-01-02 03:28:45;ventilation;0.442;False
S0004;2026-01-02 03:28:45;CO2_level;1072;False
S0009;2026-01-02 03:29:00;humidity;68.509;False
S0011;2026-01-02 03:29:00;ventilation;0.338;False
S0001;2026-01-02 03:29:00;temperature;12.416;False
S0003;2026-01-02 03:29:00;humidity;67.912;False
S0005;2026-01-02 03:29:00;ventilation;0.303;False
S0007;2026-01-02 03:29:00;temperature;13.674;False
S0004;2026-01-02 03:29:00;CO2_level;770;False
S0010;2026-01-02 03:29:00;CO2_level;848;False
S0001;2026-01-02 03:29:15;temperature;14.869;False
S0004;2026-01-02 03:29:15;CO2_level;863;False
S0005;2026-01-02 03:29:15;ventilation;0.506;False
S0010;2026-01-02 03:29:15;CO2_level;727;False
S0011;2026-01-02 03:29:15;ventilation;0.23;False
S0007;2026-01-02 03:29:15;temperature;13.784;False
S0009;2026-01-02 03:29:30;humidity;69.458;False
S0004;2026-01-02 03:29:30;CO2_level;791;False
S0003;2026-01-02 03:29:30;humidity;68.156;False
S0007;2026-01-02 03:29:30;temperature;14.733;False
S0005;2026-01-02 03:29:30;ventilation;0.214;False
S0010;2026-01-02 03:29:30;CO2_level;1004;False
S0011;2026-01-02 03:29:30;ventilation;0.495;False
S0001;2026-01-02 03:29:30;temperature;13.61;False
S0007;2026-01-02 03:29:45;temperature;12.218;True
S0011;2026-01-02 03:29:45;ventilation;0.338;False
S0010;2026-01-02 03:29:45;CO2_level;885;False
S0005;2026-01-02 03:29:45;ventilation;0.49;False
S0001;2026-01-02 03:29:45;temperature;11.207;False
S0004;2026-01-02 03:29:45;CO2_level;816;False
S0003;2026-01-02 03:30:00;humidity;73.347;False
S0011;2026-01-02 03:30:00;ventilation;0.558;False
S0009;2026-01-02 03:30:00;humidity;67.969;False
S0007;2026-01-02 03:30:00;temperature;10.439;False
S0001;2026-01-02 03:30:00;temperature;11.093;False
S0005;2026-01-02 03:30:00;ventilation;0.326;False
S0010;2026-01-02 03:30:00;CO2_level;952;False
S0004;2026-01-02 03:30:00;CO2_level;1027;False
S0011;2026-01-02 03:30:15;ventilation;0.372;False
S0005;2026-01-02 03:30:15;ventilation;0.338;False
S0001;2026-01-02 03:30:15;temperature;12.666;False
S0010;2026-01-02 03:30:15;CO2_level;732;False
S0007;2026-01-02 03:30:15;temperature;12.267;False
S0004;2026-01-02 03:30:15;CO2_level;926;False
S0007;2026-01-02 03:30:30;temperature;14.916;False
S0010;2026-01-02 03:30:30;CO2_level;831;False
S0004;2026-01-02 03:30:30;CO2_level;791;False
S0011;2026-01-02 03:30:30;ventilation;0.231;False
S0001;2026-01-02 03:30:30;temperature;14.595;False
S0009;2026-01-02 03:30:30;humidity;70.371;False
S0003;2026-01-02 03:30:30;humidity;70.43;False
S0005;2026-01-02 03:30:30;ventilation;0.327;False
S0010;2026-01-02 03:30:45;CO2_level;963;False
S0004;2026-01-02 03:30:45;CO2_level;733;False
S0005;2026-01-02 03:30:45;ventilation;0.527;False
S0007;2026-01-02 03:30:45;temperature;13.535;False
S0011;2026-01-02 03:30:45;ventilation;0.495;False
S0001;2026-01-02 03:30:45;temperature;13.481;False
S0009;2026-01-02 03:31:00;humidity;67.59;False
S0010;2026-01-02 03:31:00;CO2_level;1064;False
S0003;2026-01-02 03:31:00;humidity;65.477;False
S0011;2026-01-02 03:31:00;ventilation;0.274;False
S0007;2026-01-02 03:31:00;temperature;10.975;False
S0004;2026-01-02 03:31:00;CO2_level;924;False
S0005;2026-01-02 03:31:00;ventilation;0.301;False
S0001;2026-01-02 03:31:00;temperature;13.371;False
S0004;2026-01-02 03:31:15;CO2_level;809;False
S0007;2026-01-02 03:31:15;temperature;13.875;False
S0010;2026-01-02 03:31:15;CO2_level;830;False
S0005;2026-01-02 03:31:15;ventilation;0.209;False
S0001;2026-01-02 03:31:15;temperature;15.042;False
S0011;2026-01-02 03:31:15;ventilation;0.493;False
S0007;2026-01-02 03:31:30;temperature;13.144;False
S0004;2026-01-02 03:31:30;CO2_level;1053;False
S0005;2026-01-02 03:31:30;ventilation;0.295;False
S0003;2026-01-02 03:31:30;humidity;70.261;False
S0009;2026-01-02 03:31:30;humidity;68.655;False
S0001;2026-01-02 03:31:30;temperature;12.795;False
S0010;2026-01-02 03:31:30;CO2_level;1069;False
S0011;2026-01-02 03:31:30;ventilation;0.241;False
S0001;2026-01-02 03:31:45;temperature;15.066;False
S0005;2026-01-02 03:31:45;ventilation;0.272;False
S0010;2026-01-02 03:31:45;CO2_level;829;False
S0004;2026-01-02 03:31:45;CO2_level;719;False
S0007;2026-01-02 03:31:45;temperature;11.177;False
S0011;2026-01-02 03:31:45;ventilation;0.473;False
S0011;2026-01-02 03:32:00;ventilation;0.467;False
S0007;2026-01-02 03:32:00;temperature;13.153;False
S0001;2026-01-02 03:32:00;temperature;13.697;False
S0009;2026-01-02 03:32:00;humidity;72.655;False
S0005;2026-01-02 03:32:00;ventilation;0.372;False
S0010;2026-01-02 03:32:00;CO2_level;844;False
S0004;2026-01-02 03:32:00;CO2_level;910;False
S0003;2026-01-02 03:32:00;humidity;70.177;False
S0001;2026-01-02 03:32:15;temperature;11.898;False
S0011;2026-01-02 03:32:15;ventilation;0.528;False
S0004;2026-01-02 03:32:15;CO2_level;1007;False
S0005;2026-01-02 03:32:15;ventilation;0.266;False
S0007;2026-01-02 03:32:15;temperature;11.283;False
S0010;2026-01-02 03:32:15;CO2_level;802;False
S0004;2026-01-02 03:32:30;CO2_level;1079;False
S0003;2026-01-02 03:32:30;humidity;71.745;False
S0009;2026-01-02 03:32:30;humidity;70.527;False
S0001;2026-01-02 03:32:30;temperature;10.796;False
S0005;2026-01-02 03:32:30;ventilation;0.388;False
S0011;2026-01-02 03:32:30;ventilation;0.582;False
S0010;2026-01-02 03:32:30;CO2_level;984;False
S0007;2026-01-02 03:32:30;temperature;11.94;False
S0007;2026-01-02 03:32:45;temperature;11.18;False
S0004;2026-01-02 03:32:45;CO2_level;763;False
S0010;2026-01-02 03:32:45;CO2_level;753;False
S0005;2026-01-02 03:32:45;ventilation;0.476;True
S0001;2026-01-02 03:32:45;temperature;13.565;False
S0011;2026-01-02 03:32:45;ventilation;0.527;False
S0001;2026-01-02 03:33:00;temperature;13.492;False
S0010;2026-01-02 03:33:00;CO2_level;1021;False
S0003;2026-01-02 03:33:00;humidity;70.998;False
S0011;2026-01-02 03:33:00;ventilation;0.31;False
S0007;2026-01-02 03:33:00;temperature;10.973;False
S0004;2026-01-02 03:33:00;CO2_level;951;False
S0009;2026-01-02 03:33:00;humidity;71.11;True
S0005;2026-01-02 03:33:00;ventilation;0.344;True
S0004;2026-01-02 03:33:15;CO2_level;1044;False
S0007;2026-01-02 03:33:15;temperature;10.254;False
S0001;2026-01-02 03:33:15;temperature;13.113;False
S0005;2026-01-02 03:33:15;ventilation;0.411;False
S0010;2026-01-02 03:33:15;CO2_level;1045;False
S0011;2026-01-02 03:33:15;ventilation;0.203;False
S0005;2026-01-02 03:33:30;ventilation;0.548;False
S0001;2026-01-02 03:33:30;temperature;null;True
S0011;2026-01-02 03:33:30;ventilation;0.363;False
S0010;2026-01-02 03:33:30;CO2_level;782;False
S0003;2026-01-02 03:33:30;humidity;71.142;False
S0007;2026-01-02 03:33:30;temperature;11.434;False
S0004;2026-01-02 03:33:30;CO2_level;892;False
S0009;2026-01-02 03:33:30;humidity;73.753;False
S0004;2026-01-02 03:33:45;CO2_level;966;False
S0001;2026-01-02 03:33:45;temperature;13.804;False
S0010;2026-01-02 03:33:45;CO2_level;876;False
S0011;2026-01-02 03:33:45;ventilation;0.431;False
S0007;2026-01-02 03:33:45;temperature;10.481;False
S0005;2026-01-02 03:33:45;ventilation;0.231;False
S0011;2026-01-02 03:34:00;ventilation;0.439;False
S0007;2026-01-02 03:34:00;temperature;15.289;False
S0001;2026-01-02 03:34:00;temperature;13.332;False
S0009;2026-01-02 03:34:00;humidity;71.173;False
S0010;2026-01-02 03:34:00;CO2_level;864;True
S0004;2026-01-02 03:34:00;CO2_level;1029;False
S0003;2026-01-02 03:34:00;humidity;70.285;False
S0005;2026-01-02 03:34:00;ventilation;0.373;False
S0010;2026-01-02 03:34:15;CO2_level;986;True
S0004;2026-01-02 03:34:15;CO2_level;1052;False
S0005;2026-01-02 03:34:15;ventilation;0.339;True
S0007;2026-01-02 03:34:15;temperature;13.483;False
S0011;2026-01-02 03:34:15;ventilation;0.253;False
S0001;2026-01-02 03:34:15;temperature;10.877;False
S0001;2026-01-02 03:34:30;temperature;11.82;False
S0010;2026-01-02 03:34:30;CO2_level;960;False
S0009;2026-01-02 03:34:30;humidity;73.411;False
S0005;2026-01-02 03:34:30;ventilation;0.256;False
S0011;2026-01-02 03:34:30;ventilation;0.295;False
S0007;2026-01-02 03:34:30;temperature;12.403;False
S0004;2026-01-02 03:34:30;CO2_level;1070;False
S0003;2026-01-02 03:34:30;humidity;69.467;False
S0005;2026-01-02 03:34:45;ventilation;0.445;False
S0007;2026-01-02 03:34:45;temperature;10.022;False
S0010;2026-01-02 03:34:45;CO2_level;843;False
S0001;2026-01-02 03:34:45;temperature;13.538;False
S0011;2026-01-02 03:34:45;ventilation;0.591;False
S0004;2026-01-02 03:34:45;CO2_level;778;False
S0010;2026-01-02 03:35:00;CO2_level;989;False
S0001;2026-01-02 03:35:00;temperature;12.177;True
S0007;2026-01-02 03:35:00;temperature;13.996;False
S0005;2026-01-02 03:35:00;ventilation;0.43;False
S0011;2026-01-02 03:35:00;ventilation;0.531;False
S0009;2026-01-02 03:35:00;humidity;69.85;False
S0003;2026-01-02 03:35:00;humidity;72.509;False
S0004;2026-01-02 03:35:00;CO2_level;720;False
S0001;2026-01-02 03:35:15;temperature;10.735;False
S0010;2026-01-02 03:35:15;CO2_level;885;False
S0005;2026-01-02 03:35:15;ventilation;0.203;False
S0004;2026-01-02 03:35:15;CO2_level;865;False
S0007;2026-01-02 03:35:15;temperature;13.042;False
S0011;2026-01-02 03:35:15;ventilation;0.205;False
S0003;2026-01-02 03:35:30;humidity;66.174;False
S0004;2026-01-02 03:35:30;CO2_level;858;False
S0007;2026-01-02 03:35:30;temperature;14.898;False
S0010;2026-01-02 03:35:30;CO2_level;876;False
S0005;2026-01-02 03:35:30;ventilation;0.232;False
S0001;2026-01-02 03:35:30;temperature;14.998;False
S0011;2026-01-02 03:35:30;ventilation;0.39;False
S0009;2026-01-02 03:35:30;humidity;66.911;False
S0004;2026-01-02 03:35:45;CO2_level;null;True
S0001;2026-01-02 03:35:45;temperature;11.917;False
S0007;2026-01-02 03:35:45;temperature;10.539;False
S0011;2026-01-02 03:35:45;ventilation;0.356;False
S0005;2026-01-02 03:35:45;ventilation;0.22;True
S0010;2026-01-02 03:35:45;CO2_level;1015;False
S0011;2026-01-02 03:36:00;ventilation;0.456;False
S0001;2026-01-02 03:36:00;temperature;13.937;False
S0010;2026-01-02 03:36:00;CO2_level;797;False
S0004;2026-01-02 03:36:00;CO2_level;866;True
S0003;2026-01-02 03:36:00;humidity;74.877;False
S0005;2026-01-02 03:36:00;ventilation;0.214;True
S0009;2026-01-02 03:36:00;humidity;66.381;False
S0007;2026-01-02 03:36:00;temperature;11.718;False
S0010;2026-01-02 03:36:15;CO2_level;1043;False
S0005;2026-01-02 03:36:15;ventilation;0.258;False
S0004;2026-01-02 03:36:15;CO2_level;1067;False
S0001;2026-01-02 03:36:15;temperature;10.752;False
S0007;2026-01-02 03:36:15;temperature;11.498;False
S0011;2026-01-02 03:36:15;ventilation;0.215;False
S0009;2026-01-02 03:36:30;humidity;71.996;False
S0011;2026-01-02 03:36:30;ventilation;0.379;False
S0004;2026-01-02 03:36:30;CO2_level;817;False
S0003;2026-01-02 03:36:30;humidity;74.036;False
S0001;2026-01-02 03:36:30;temperature;11.18;False
S0007;2026-01-02 03:36:30;temperature;11.911;False
S0005;2026-01-02 03:36:30;ventilation;0.453;False
S0010;2026-01-02 03:36:30;CO2_level;943;False
S0010;2026-01-02 03:36:45;CO2_level;901;False
S0005;2026-01-02 03:36:45;ventilation;0.419;False
S0001;2026-01-02 03:36:45;temperature;14.232;False
S0007;2026-01-02 03:36:45;temperature;13.921;False
S0004;2026-01-02 03:36:45;CO2_level;841;False
S0011;2026-01-02 03:36:45;ventilation;0.504;True
S0007;2026-01-02 03:37:00;temperature;null;True
S0009;2026-01-02 03:37:00;humidity;66.75;False
S0011;2026-01-02 03:37:00;ventilation;0.259;False
S0005;2026-01-02 03:37:00;ventilation;0.378;False
S0001;2026-01-02 03:37:00;temperature;11.025;True
S0004;2026-01-02 03:37:00;CO2_level;719;False
S0003;2026-01-02 03:37:00;humidity;68.864;False
S0010;2026-01-02 03:37:00;CO2_level;881;False
S0004;2026-01-02 03:37:15;CO2_level;1007;False
S0011;2026-01-02 03:37:15;ventilation;0.506;False
S0005;2026-01-02 03:37:15;ventilation;0.509;True
S0007;2026-01-02 03:37:15;temperature;15.752;False
S0010;2026-01-02 03:37:15;CO2_level;921;False
S0001;2026-01-02 03:37:15;temperature;12.453;False
S0004;2026-01-02 03:37:30;CO2_level;1055;False
S0011;2026-01-02 03:37:30;ventilation;0.473;False
S0003;2026-01-02 03:37:30;humidity;68.62;False
S0010;2026-01-02 03:37:30;CO2_level;982;False
S0009;2026-01-02 03:37:30;humidity;71.288;False
S0005;2026-01-02 03:37:30;ventilation;0.501;False
S0007;2026-01-02 03:37:30;temperature;10.115;False
S0001;2026-01-02 03:37:30;temperature;14.414;True
S0011;2026-01-02 03:37:45;ventilation;0.237;False
S0001;2026-01-02 03:37:45;temperature;12.11;False
S0007;2026-01-02 03:37:45;temperature;14.255;False
S0010;2026-01-02 03:37:45;CO2_level;943;False
S0005;2026-01-02 03:37:45;ventilation;0.383;False
S0004;2026-01-02 03:37:45;CO2_level;876;False
S0009;2026-01-02 03:38:00;humidity;72.069;False
S0003;2026-01-02 03:38:00;humidity;67.643;False
S0001;2026-01-02 03:38:00;temperature;15.499;False
S0004;2026-01-02 03:38:00;CO2_level;991;False
S0011;2026-01-02 03:38:00;ventilation;0.448;False
S0010;2026-01-02 03:38:00;CO2_level;701;False
S0005;2026-01-02 03:38:00;ventilation;0.282;False
S0007;2026-01-02 03:38:00;temperature;12.509;False
S0004;2026-01-02 03:38:15;CO2_level;876;False
S0010;2026-01-02 03:38:15;CO2_level;879;False
S0007;2026-01-02 03:38:15;temperature;12.973;False
S0001;2026-01-02 03:38:15;temperature;12.04;False
S0005;2026-01-02 03:38:15;ventilation;0.41;False
S0011;2026-01-02 03:38:15;ventilation;0.425;False
S0007;2026-01-02 03:38:30;temperature;10.038;False
S0010;2026-01-02 03:38:30;CO2_level;1069;False
S0011;2026-01-02 03:38:30;ventilation;0.493;False
S0005;2026-01-02 03:38:30;ventilation;0.204;False
S0001;2026-01-02 03:38:30;temperature;10.152;False
S0004;2026-01-02 03:38:30;CO2_level;1004;False
S0003;2026-01-02 03:38:30;humidity;65.472;False
S0009;2026-01-02 03:38:30;humidity;69.446;True
S0004;2026-01-02 03:38:45;CO2_level;859;False
S0001;2026-01-02 03:38:45;temperature;14.769;False
S0011;2026-01-02 03:38:45;ventilation;0.56;False
S0007;2026-01-02 03:38:45;temperature;11.334;False
S0010;2026-01-02 03:38:45;CO2_level;761;False
S0005;2026-01-02 03:38:45;ventilation;null;True
S0007;2026-01-02 03:39:00;temperature;12.023;False
S0003;2026-01-02 03:39:00;humidity;66.53;False
S0010;2026-01-02 03:39:00;CO2_level;785;False
S0009;2026-01-02 03:39:00;humidity;68.888;False
S0005;2026-01-02 03:39:00;ventilation;0.241;False
S0001;2026-01-02 03:39:00;temperature;14.96;False
S0004;2026-01-02 03:39:00;CO2_level;736;False
S0011;2026-01-02 03:39:00;ventilation;null;True
S0010;2026-01-02 03:39:15;CO2_level;1023;False
S0001;2026-01-02 03:39:15;temperature;15.467;False
S0004;2026-01-02 03:39:15;CO2_level;1064;False
S0011;2026-01-02 03:39:15;ventilation;null;True
S0007;2026-01-02 03:39:15;temperature;11.982;False
S0005;2026-01-02 03:39:15;ventilation;0.46;False
S0007;2026-01-02 03:39:30;temperature;13.994;False
S0010;2026-01-02 03:39:30;CO2_level;736;False
S0011;2026-01-02 03:39:30;ventilation;0.477;False
S0001;2026-01-02 03:39:30;temperature;14.796;False
S0003;2026-01-02 03:39:30;humidity;66.095;False
S0009;2026-01-02 03:39:30;humidity;72.031;False
S0005;2026-01-02 03:39:30;ventilation;0.437;False
S0004;2026-01-02 03:39:30;CO2_level;700;False
S0005;2026-01-02 03:39:45;ventilation;0.362;False
S0007;2026-01-02 03:39:45;temperature;14.952;False
S0001;2026-01-02 03:39:45;temperature;13.378;False
S0010;2026-01-02 03:39:45;CO2_level;815;False
S0004;2026-01-02 03:39:45;CO2_level;932;False
S0011;2026-01-02 03:39:45;ventilation;0.509;False
S0007;2026-01-02 03:40:00;temperature;10.222;False
S0001;2026-01-02 03:40:00;temperature;14.375;False
S0003;2026-01-02 03:40:00;humidity;70.704;False
S0004;2026-01-02 03:40:00;CO2_level;976;False
S0009;2026-01-02 03:40:00;humidity;67.95;False
S0011;2026-01-02 03:40:00;ventilation;0.498;False
S0005;2026-01-02 03:40:00;ventilation;0.267;False
S0010;2026-01-02 03:40:00;CO2_level;1098;False
S0011;2026-01-02 03:40:15;ventilation;0.457;False
S0004;2026-01-02 03:40:15;CO2_level;960;False
S0007;2026-01-02 03:40:15;temperature;12.146;False
S0005;2026-01-02 03:40:15;ventilation;0.494;False
S0001;2026-01-02 03:40:15;temperature;10.541;False
S0010;2026-01-02 03:40:15;CO2_level;999;False
S0007;2026-01-02 03:40:30;temperature;13.775;False
S0001;2026-01-02 03:40:30;temperature;12.693;False
S0003;2026-01-02 03:40:30;humidity;72.353;False
S0005;2026-01-02 03:40:30;ventilation;0.592;True
S0009;2026-01-02 03:40:30;humidity;73.616;False
S0011;2026-01-02 03:40:30;ventilation;0.488;False
S0004;2026-01-02 03:40:30;CO2_level;702;False
S0010;2026-01-02 03:40:30;CO2_level;1062;False
S0007;2026-01-02 03:40:45;temperature;10.049;False
S0005;2026-01-02 03:40:45;ventilation;0.295;False
S0010;2026-01-02 03:40:45;CO2_level;1027;False
S0011;2026-01-02 03:40:45;ventilation;0.209;False
S0001;2026-01-02 03:40:45;temperature;15.707;False
S0004;2026-01-02 03:40:45;CO2_level;1097;False
S0003;2026-01-02 03:41:00;humidity;null;True
S0005;2026-01-02 03:41:00;ventilation;0.292;False
S0011;2026-01-02 03:41:00;ventilation;0.564;False
S0009;2026-01-02 03:41:00;humidity;67.658;False
S0004;2026-01-02 03:41:00;CO2_level;1011;False
S0007;2026-01-02 03:41:00;temperature;10.145;True
S0001;2026-01-02 03:41:00;temperature;13.21;False
S0010;2026-01-02 03:41:00;CO2_level;781;False
S0004;2026-01-02 03:41:15;CO2_level;973;False
S0001;2026-01-02 03:41:15;temperature;12.897;False
S0007;2026-01-02 03:41:15;temperature;12.212;False
S0011;2026-01-02 03:41:15;ventilation;0.442;False
S0005;2026-01-02 03:41:15;ventilation;0.346;False
S0010;2026-01-02 03:41:15;CO2_level;948;False
S0009;2026-01-02 03:41:30;humidity;66.126;False
S0007;2026-01-02 03:41:30;temperature;11.14;False
S0011;2026-01-02 03:41:30;ventilation;0.505;False
S0004;2026-01-02 03:41:30;CO2_level;925;False
S0010;2026-01-02 03:41:30;CO2_level;769;False
S0001;2026-01-02 03:41:30;temperature;12.306;False
S0005;2026-01-02 03:41:30;ventilation;0.481;False
S0003;2026-01-02 03:41:30;humidity;67.679;False
S0011;2026-01-02 03:41:45;ventilation;0.416;False
S0001;2026-01-02 03:41:45;temperature;14.686;False
S0010;2026-01-02 03:41:45;CO2_level;815;False
S0004;2026-01-02 03:41:45;CO2_level;1012;False
S0007;2026-01-02 03:41:45;temperature;15.604;False
S0005;2026-01-02 03:41:45;ventilation;0.491;False
S0009;2026-01-02 03:42:00;humidity;73.798;False
S0003;2026-01-02 03:42:00;humidity;73.568;False
S0007;2026-01-02 03:42:00;temperature;14.538;False
S0005;2026-01-02 03:42:00;ventilation;0.366;False
S0004;2026-01-02 03:42:00;CO2_level;null;True
S0010;2026-01-02 03:42:00;CO2_level;1045;False
S0001;2026-01-02 03:42:00;temperature;11.188;False
S0011;2026-01-02 03:42:00;ventilation;0.591;False
S0004;2026-01-02 03:42:15;CO2_level;879;False
S0010;2026-01-02 03:42:15;CO2_level;1049;False
S0005;2026-01-02 03:42:15;ventilation;0.51;False
S0001;2026-01-02 03:42:15;temperature;12.673;False
S0011;2026-01-02 03:42:15;ventilation;0.292;False
S0007;2026-01-02 03:42:15;temperature;12.14;False
S0011;2026-01-02 03:42:30;ventilation;0.572;False
S0009;2026-01-02 03:42:30;humidity;72.918;False
S0004;2026-01-02 03:42:30;CO2_level;854;False
S0005;2026-01-02 03:42:30;ventilation;0.433;False
S0003;2026-01-02 03:42:30;humidity;71.02;False
S0001;2026-01-02 03:42:30;temperature;13.37;False
S0010;2026-01-02 03:42:30;CO2_level;1074;False
S0007;2026-01-02 03:42:30;temperature;15.89;False
S0005;2026-01-02 03:42:45;ventilation;0.211;False
S0004;2026-01-02 03:42:45;CO2_level;1051;False
S0007;2026-01-02 03:42:45;temperature;13.246;False
S0001;2026-01-02 03:42:45;temperature;12.329;False
S0010;2026-01-02 03:42:45;CO2_level;785;False
S0011;2026-01-02 03:42:45;ventilation;0.502;False
S0009;2026-01-02 03:43:00;humidity;68.979;False
S0007;2026-01-02 03:43:00;temperature;14.191;False
S0010;2026-01-02 03:43:00;CO2_level;1024;False
S0004;2026-01-02 03:43:00;CO2_level;811;False
S0001;2026-01-02 03:43:00;temperature;11.9;False
S0003;2026-01-02 03:43:00;humidity;65.91;False
S0005;2026-01-02 03:43:00;ventilation;0.22;False
S0011;2026-01-02 03:43:00;ventilation;0.588;False
S0010;2026-01-02 03:43:15;CO2_level;933;False
S0011;2026-01-02 03:43:15;ventilation;0.491;True
S0005;2026-01-02 03:43:15;ventilation;0.493;False
S0004;2026-01-02 03:43:15;CO2_level;809;False
S0001;2026-01-02 03:43:15;temperature;11.335;False
S0007;2026-01-02 03:43:15;temperature;11.926;False
S0010;2026-01-02 03:43:30;CO2_level;813;False
S0005;2026-01-02 03:43:30;ventilation;0.286;False
S0009;2026-01-02 03:43:30;humidity;67.762;False
S0004;2026-01-02 03:43:30;CO2_level;963;False
S0011;2026-01-02 03:43:30;ventilation;0.357;False
S0003;2026-01-02 03:43:30;humidity;66.672;False
S0001;2026-01-02 03:43:30;temperature;14.186;False
S0007;2026-01-02 03:43:30;temperature;12.329;False
S0010;2026-01-02 03:43:45;CO2_level;840;False
S0007;2026-01-02 03:43:45;temperature;15.173;False
S0004;2026-01-02 03:43:45;CO2_level;951;False
S0001;2026-01-02 03:43:45;temperature;10.294;False
S0011;2026-01-02 03:43:45;ventilation;0.593;False
S0005;2026-01-02 03:43:45;ventilation;0.229;False
S0005;2026-01-02 03:44:00;ventilation;0.266;False
S0009;2026-01-02 03:44:00;humidity;66.392;False
S0001;2026-01-02 03:44:00;temperature;10.348;False
S0003;2026-01-02 03:44:00;humidity;68.081;False
S0007;2026-01-02 03:44:00;temperature;10.811;False
S0010;2026-01-02 03:44:00;CO2_level;1087;True
S0004;2026-01-02 03:44:00;CO2_level;1062;False
S0011;2026-01-02 03:44:00;ventilation;0.453;False
S0001;2026-01-02 03:44:15;temperature;15.554;False
S0011;2026-01-02 03:44:15;ventilation;0.244;False
S0004;2026-01-02 03:44:15;CO2_level;719;False
S0007;2026-01-02 03:44:15;temperature;10.229;False
S0005;2026-01-02 03:44:15;ventilation;0.349;False
S0010;2026-01-02 03:44:15;CO2_level;792;False
S0001;2026-01-02 03:44:30;temperature;14.216;False
S0005;2026-01-02 03:44:30;ventilation;0.44;False
S0010;2026-01-02 03:44:30;CO2_level;978;False
S0003;2026-01-02 03:44:30;humidity;71.032;False
S0004;2026-01-02 03:44:30;CO2_level;829;False
S0007;2026-01-02 03:44:30;temperature;13.075;False
S0009;2026-01-02 03:44:30;humidity;71.257;False
S0011;2026-01-02 03:44:30;ventilation;0.263;False
S0011;2026-01-02 03:44:45;ventilation;0.461;True
S0004;2026-01-02 03:44:45;CO2_level;1084;False
S0010;2026-01-02 03:44:45;CO2_level;882;False
S0001;2026-01-02 03:44:45;temperature;13.333;False
S0005;2026-01-02 03:44:45;ventilation;0.384;False
S0007;2026-01-02 03:44:45;temperature;null;True
S0004;2026-01-02 03:45:00;CO2_level;897;True
S0007;2026-01-02 03:45:00;temperature;11.23;False
S0003;2026-01-02 03:45:00;humidity;65.408;False
S0009;2026-01-02 03:45:00;humidity;65.257;False
S0010;2026-01-02 03:45:00;CO2_level;782;False
S0001;2026-01-02 03:45:00;temperature;12.217;False
S0005;2026-01-02 03:45:00;ventilation;0.244;False
S0011;2026-01-02 03:45:00;ventilation;0.356;False
S0001;2026-01-02 03:45:15;temperature;13.811;False
S0005;2026-01-02 03:45:15;ventilation;0.333;False
S0010;2026-01-02 03:45:15;CO2_level;1022;False
S0011;2026-01-02 03:45:15;ventilation;0.404;False
S0007;2026-01-02 03:45:15;temperature;15.455;False
S0004;2026-01-02 03:45:15;CO2_level;1032;False
S0007;2026-01-02 03:45:30;temperature;14.801;False
S0004;2026-01-02 03:45:30;CO2_level;864;False
S0003;2026-01-02 03:45:30;humidity;69.655;False
S0005;2026-01-02 03:45:30;ventilation;0.392;False
S0009;2026-01-02 03:45:30;humidity;74.937;False
S0001;2026-01-02 03:45:30;temperature;12.138;False
S0011;2026-01-02 03:45:30;ventilation;0.501;False
S0010;2026-01-02 03:45:30;CO2_level;927;False
S0005;2026-01-02 03:45:45;ventilation;0.418;False
S0010;2026-01-02 03:45:45;CO2_level;843;False
S0007;2026-01-02 03:45:45;temperature;null;True
S0001;2026-01-02 03:45:45;temperature;15.08;False
S0004;2026-01-02 03:45:45;CO2_level;866;False
S0011;2026-01-02 03:45:45;ventilation;0.28;False
S0007;2026-01-02 03:46:00;temperature;14.918;False
S0011;2026-01-02 03:46:00;ventilation;0.504;False
S0004;2026-01-02 03:46:00;CO2_level;1047;False
S0009;2026-01-02 03:46:00;humidity;68.552;False
S0003;2026-01-02 03:46:00;humidity;71.107;False
S0005;2026-01-02 03:46:00;ventilation;0.598;False
S0010;2026-01-02 03:46:00;CO2_level;1069;False
S0001;2026-01-02 03:46:00;temperature;11.853;False
S0001;2026-01-02 03:46:15;temperature;13.525;False
S0010;2026-01-02 03:46:15;CO2_level;808;False
S0011;2026-01-02 03:46:15;ventilation;0.284;False
S0004;2026-01-02 03:46:15;CO2_level;793;False
S0005;2026-01-02 03:46:15;ventilation;0.446;False
S0007;2026-01-02 03:46:15;temperature;14.714;False
S0004;2026-01-02 03:46:30;CO2_level;1049;False
S0001;2026-01-02 03:46:30;temperature;13.519;False
S0007;2026-01-02 03:46:30;temperature;14.516;False
S0009;2026-01-02 03:46:30;humidity;72.13;False
S0003;2026-01-02 03:46:30;humidity;72.36;False
S0005;2026-01-02 03:46:30;ventilation;0.375;False
S0011;2026-01-02 03:46:30;ventilation;0.418;False
S0010;2026-01-02 03:46:30;CO2_level;1078;False
S0005;2026-01-02 03:46:45;ventilation;0.261;False
S0004;2026-01-02 03:46:45;CO2_level;901;False
S0007;2026-01-02 03:46:45;temperature;13.219;False
S0001;2026-01-02 03:46:45;temperature;12.449;False
S0010;2026-01-02 03:46:45;CO2_level;962;False
S0011;2026-01-02 03:46:45;ventilation;0.57;False
S0003;2026-01-02 03:47:00;humidity;65.097;False
S0005;2026-01-02 03:47:00;ventilation;0.521;False
S0009;2026-01-02 03:47:00;humidity;74.821;False
S0004;2026-01-02 03:47:00;CO2_level;1001;False
S0010;2026-01-02 03:47:00;CO2_level;853;False
S0007;2026-01-02 03:47:00;temperature;13.251;False
S0011;2026-01-02 03:47:00;ventilation;0.355;False
S0001;2026-01-02 03:47:00;temperature;12.7;False
S0010;2026-01-02 03:47:15;CO2_level;870;False
S0011;2026-01-02 03:47:15;ventilation;0.462;False
S0004;2026-01-02 03:47:15;CO2_level;964;False
S0007;2026-01-02 03:47:15;temperature;12.692;False
S0001;2026-01-02 03:47:15;temperature;11.282;False
S0005;2026-01-02 03:47:15;ventilation;0.409;False
S0010;2026-01-02 03:47:30;CO2_level;931;False
S0011;2026-01-02 03:47:30;ventilation;0.5;True
S0003;2026-01-02 03:47:30;humidity;74.531;False
S0004;2026-01-02 03:47:30;CO2_level;960;False
S0007;2026-01-02 03:47:30;temperature;null;True
S0009;2026-01-02 03:47:30;humidity;74.041;False
S0005;2026-01-02 03:47:30;ventilation;0.298;False
S0001;2026-01-02 03:47:30;temperature;15.846;False
S0005;2026-01-02 03:47:45;ventilation;0.299;False
S0011;2026-01-02 03:47:45;ventilation;0.378;False
S0004;2026-01-02 03:47:45;CO2_level;848;True
S0007;2026-01-02 03:47:45;temperature;15.952;False
S0001;2026-01-02 03:47:45;temperature;12.07;False
S0010;2026-01-02 03:47:45;CO2_level;783;False
S0005;2026-01-02 03:48:00;ventilation;0.554;False
S0009;2026-01-02 03:48:00;humidity;73.091;False
S0011;2026-01-02 03:48:00;ventilation;0.495;False
S0001;2026-01-02 03:48:00;temperature;11.244;False
S0004;2026-01-02 03:48:00;CO2_level;791;False
S0007;2026-01-02 03:48:00;temperature;14.772;False
S0003;2026-01-02 03:48:00;humidity;66.438;False
S0010;2026-01-02 03:48:00;CO2_level;789;False
S0005;2026-01-02 03:48:15;ventilation;0.442;False
S0011;2026-01-02 03:48:15;ventilation;0.461;False
S0001;2026-01-02 03:48:15;temperature;11.268;False
S0010;2026-01-02 03:48:15;CO2_level;1013;False
S0007;2026-01-02 03:48:15;temperature;13.894;False
S0004;2026-01-02 03:48:15;CO2_level;848;False
S0005;2026-01-02 03:48:30;ventilation;0.285;True
S0004;2026-01-02 03:48:30;CO2_level;838;False
S0001;2026-01-02 03:48:30;temperature;13.837;False
S0011;2026-01-02 03:48:30;ventilation;0.468;False
S0010;2026-01-02 03:48:30;CO2_level;null;True
S0009;2026-01-02 03:48:30;humidity;71.343;False
S0007;2026-01-02 03:48:30;temperature;15.51;False
S0003;2026-01-02 03:48:30;humidity;70.396;False
S0001;2026-01-02 03:48:45;temperature;15.445;False
S0010;2026-01-02 03:48:45;CO2_level;787;False
S0011;2026-01-02 03:48:45;ventilation;0.555;False
S0005;2026-01-02 03:48:45;ventilation;0.428;False
S0004;2026-01-02 03:48:45;CO2_level;952;False
S0007;2026-01-02 03:48:45;temperature;13.167;False
S0004;2026-01-02 03:49:00;CO2_level;1066;False
S0009;2026-01-02 03:49:00;humidity;68.173;False
S0005;2026-01-02 03:49:00;ventilation;0.372;False
S0003;2026-01-02 03:49:00;humidity;73.432;False
S0001;2026-01-02 03:49:00;temperature;11.015;False
S0011;2026-01-02 03:49:00;ventilation;0.221;False
S0007;2026-01-02 03:49:00;temperature;11.937;False
S0010;2026-01-02 03:49:00;CO2_level;983;False
S0001;2026-01-02 03:49:15;temperature;12.399;False
S0005;2026-01-02 03:49:15;ventilation;0.588;False
S0011;2026-01-02 03:49:15;ventilation;0.213;False
S0004;2026-01-02 03:49:15;CO2_level;717;False
S0010;2026-01-02 03:49:15;CO2_level;944;True
S0007;2026-01-02 03:49:15;temperature;10.284;False
S0010;2026-01-02 03:49:30;CO2_level;709;False
S0004;2026-01-02 03:49:30;CO2_level;1078;False
S0003;2026-01-02 03:49:30;humidity;73.81;False
S0001;2026-01-02 03:49:30;temperature;14.931;False
S0011;2026-01-02 03:49:30;ventilation;0.233;False
S0005;2026-01-02 03:49:30;ventilation;0.314;False
S0009;2026-01-02 03:49:30;humidity;70.623;False
S0007;2026-01-02 03:49:30;temperature;11.946;False
S0007;2026-01-02 03:49:45;temperature;13.472;False
S0001;2026-01-02 03:49:45;temperature;11.74;False
S0005;2026-01-02 03:49:45;ventilation;0.37;False
S0011;2026-01-02 03:49:45;ventilation;0.504;False
S0010;2026-01-02 03:49:45;CO2_level;850;False
S0004;2026-01-02 03:49:45;CO2_level;863;False
S0005;2026-01-02 03:50:00;ventilation;0.461;False
S0010;2026-01-02 03:50:00;CO2_level;744;False
S0004;2026-01-02 03:50:00;CO2_level;792;False
S0007;2026-01-02 03:50:00;temperature;15.141;False
S0001;2026-01-02 03:50:00;temperature;12.465;False
S0003;2026-01-02 03:50:00;humidity;74.817;False
S0011;2026-01-02 03:50:00;ventilation;0.216;False
S0009;2026-01-02 03:50:00;humidity;67.084;False
S0007;2026-01-02 03:50:15;temperature;15.627;False
S0005;2026-01-02 03:50:15;ventilation;0.526;False
S0001;2026-01-02 03:50:15;temperature;10.174;False
S0011;2026-01-02 03:50:15;ventilation;0.541;False
S0010;2026-01-02 03:50:15;CO2_level;891;False
S0004;2026-01-02 03:50:15;CO2_level;709;False
S0005;2026-01-02 03:50:30;ventilation;0.245;False
S0009;2026-01-02 03:50:30;humidity;74.719;False
S0003;2026-01-02 03:50:30;humidity;70.457;False
S0010;2026-01-02 03:50:30;CO2_level;845;False
S0004;2026-01-02 03:50:30;CO2_level;882;True
S0007;2026-01-02 03:50:30;temperature;null;True
S0001;2026-01-02 03:50:30;temperature;12.377;False
S0011;2026-01-02 03:50:30;ventilation;0.593;False
S0007;2026-01-02 03:50:45;temperature;11.456;False
S0004;2026-01-02 03:50:45;CO2_level;1061;False
S0010;2026-01-02 03:50:45;CO2_level;1045;False
S0005;2026-01-02 03:50:45;ventilation;0.333;False
S0001;2026-01-02 03:50:45;temperature;14.395;False
S0011;2026-01-02 03:50:45;ventilation;0.493;False
S0010;2026-01-02 03:51:00;CO2_level;1097;False
S0005;2026-01-02 03:51:00;ventilation;0.573;False
S0011;2026-01-02 03:51:00;ventilation;0.567;False
S0001;2026-01-02 03:51:00;temperature;15.905;False
S0003;2026-01-02 03:51:00;humidity;70.621;False
S0004;2026-01-02 03:51:00;CO2_level;712;True
S0007;2026-01-02 03:51:00;temperature;15.651;False
S0009;2026-01-02 03:51:00;humidity;69.595;False
S0011;2026-01-02 03:51:15;ventilation;0.581;False
S0005;2026-01-02 03:51:15;ventilation;0.508;False
S0010;2026-01-02 03:51:15;CO2_level;1054;False
S0001;2026-01-02 03:51:15;temperature;13.885;False
S0004;2026-01-02 03:51:15;CO2_level;829;False
S0007;2026-01-02 03:51:15;temperature;14.838;False
S0005;2026-01-02 03:51:30;ventilation;0.391;False
S0003;2026-01-02 03:51:30;humidity;69.994;False
S0009;2026-01-02 03:51:30;humidity;null;True
S0004;2026-01-02 03:51:30;CO2_level;955;False
S0010;2026-01-02 03:51:30;CO2_level;729;False
S0011;2026-01-02 03:51:30;ventilation;0.336;False
S0001;2026-01-02 03:51:30;temperature;13.174;False
S0007;2026-01-02 03:51:30;temperature;10.397;False
S0007;2026-01-02 03:51:45;temperature;10.665;False
S0004;2026-01-02 03:51:45;CO2_level;912;False
S0010;2026-01-02 03:51:45;CO2_level;1035;False
S0005;2026-01-02 03:51:45;ventilation;0.6;False
S0011;2026-01-02 03:51:45;ventilation;0.353;True
S0001;2026-01-02 03:51:45;temperature;14.877;False
S0010;2026-01-02 03:52:00;CO2_level;1099;False
S0005;2026-01-02 03:52:00;ventilation;0.454;False
S0004;2026-01-02 03:52:00;CO2_level;700;False
S0011;2026-01-02 03:52:00;ventilation;0.556;False
S0001;2026-01-02 03:52:00;temperature;12.095;False
S0003;2026-01-02 03:52:00;humidity;74.004;False
S0007;2026-01-02 03:52:00;temperature;12.27;False
S0009;2026-01-02 03:52:00;humidity;74.449;False
S0001;2026-01-02 03:52:15;temperature;12.141;False
S0007;2026-01-02 03:52:15;temperature;12.531;False
S0010;2026-01-02 03:52:15;CO2_level;856;False
S0004;2026-01-02 03:52:15;CO2_level;908;False
S0011;2026-01-02 03:52:15;ventilation;0.452;False
S0005;2026-01-02 03:52:15;ventilation;0.204;False
S0009;2026-01-02 03:52:30;humidity;67.549;False
S0010;2026-01-02 03:52:30;CO2_level;928;False
S0005;2026-01-02 03:52:30;ventilation;0.431;False
S0001;2026-01-02 03:52:30;temperature;11.48;False
S0003;2026-01-02 03:52:30;humidity;66.283;False
S0004;2026-01-02 03:52:30;CO2_level;835;False
S0011;2026-01-02 03:52:30;ventilation;0.409;False
S0007;2026-01-02 03:52:30;temperature;null;True
S0004;2026-01-02 03:52:45;CO2_level;958;False
S0001;2026-01-02 03:52:45;temperature;11.059;False
S0011;2026-01-02 03:52:45;ventilation;0.462;False
S0007;2026-01-02 03:52:45;temperature;15.674;False
S0010;2026-01-02 03:52:45;CO2_level;941;False
S0005;2026-01-02 03:52:45;ventilation;0.343;False
S0001;2026-01-02 03:53:00;temperature;14.127;False
S0009;2026-01-02 03:53:00;humidity;67.137;False
S0010;2026-01-02 03:53:00;CO2_level;723;True
S0005;2026-01-02 03:53:00;ventilation;0.556;False
S0007;2026-01-02 03:53:00;temperature;14.016;False
S0011;2026-01-02 03:53:00;ventilation;0.59;False
S0004;2026-01-02 03:53:00;CO2_level;864;False
S0003;2026-01-02 03:53:00;humidity;73.41;False
S0007;2026-01-02 03:53:15;temperature;13.792;False
S0010;2026-01-02 03:53:15;CO2_level;927;False
S0011;2026-01-02 03:53:15;ventilation;0.575;False
S0001;2026-01-02 03:53:15;temperature;12.034;False
S0004;2026-01-02 03:53:15;CO2_level;859;False
S0005;2026-01-02 03:53:15;ventilation;null;True
S0009;2026-01-02 03:53:30;humidity;67.636;False
S0001;2026-01-02 03:53:30;temperature;14.498;False
S0005;2026-01-02 03:53:30;ventilation;0.273;False
S0011;2026-01-02 03:53:30;ventilation;0.3;False
S0004;2026-01-02 03:53:30;CO2_level;704;False
S0010;2026-01-02 03:53:30;CO2_level;719;False
S0003;2026-01-02 03:53:30;humidity;70.971;False
S0007;2026-01-02 03:53:30;temperature;14.003;False
S0010;2026-01-02 03:53:45;CO2_level;846;False
S0011;2026-01-02 03:53:45;ventilation;0.3;True
S0005;2026-01-02 03:53:45;ventilation;0.249;False
S0007;2026-01-02 03:53:45;temperature;14.157;False
S0001;2026-01-02 03:53:45;temperature;11.018;False
S0004;2026-01-02 03:53:45;CO2_level;950;False
S0004;2026-01-02 03:54:00;CO2_level;866;False
S0003;2026-01-02 03:54:00;humidity;66.536;False
S0010;2026-01-02 03:54:00;CO2_level;993;False
S0001;2026-01-02 03:54:00;temperature;13.649;False
S0007;2026-01-02 03:54:00;temperature;14.982;False
S0005;2026-01-02 03:54:00;ventilation;0.329;True
S0011;2026-01-02 03:54:00;ventilation;0.242;True
S0009;2026-01-02 03:54:00;humidity;73.59;False
S0004;2026-01-02 03:54:15;CO2_level;981;False
S0010;2026-01-02 03:54:15;CO2_level;915;False
S0011;2026-01-02 03:54:15;ventilation;0.445;False
S0005;2026-01-02 03:54:15;ventilation;0.425;False
S0001;2026-01-02 03:54:15;temperature;10.078;False
S0007;2026-01-02 03:54:15;temperature;13.089;False
S0001;2026-01-02 03:54:30;temperature;15.517;False
S0009;2026-01-02 03:54:30;humidity;74.949;False
S0011;2026-01-02 03:54:30;ventilation;0.573;False
S0010;2026-01-02 03:54:30;CO2_level;913;False
S0003;2026-01-02 03:54:30;humidity;74.635;False
S0005;2026-01-02 03:54:30;ventilation;0.539;False
S0007;2026-01-02 03:54:30;temperature;11.582;False
S0004;2026-01-02 03:54:30;CO2_level;948;False
S0005;2026-01-02 03:54:45;ventilation;0.323;True
S0001;2026-01-02 03:54:45;temperature;10.756;False
S0011;2026-01-02 03:54:45;ventilation;0.502;False
S0004;2026-01-02 03:54:45;CO2_level;750;False
S0010;2026-01-02 03:54:45;CO2_level;756;False
S0007;2026-01-02 03:54:45;temperature;14.983;False
S0009;2026-01-02 03:55:00;humidity;65.922;False
S0011;2026-01-02 03:55:00;ventilation;0.48;False
S0001;2026-01-02 03:55:00;temperature;14.024;False
S0004;2026-01-02 03:55:00;CO2_level;946;False
S0010;2026-01-02 03:55:00;CO2_level;1060;False
S0005;2026-01-02 03:55:00;ventilation;0.308;False
S0007;2026-01-02 03:55:00;temperature;11.995;False
S0003;2026-01-02 03:55:00;humidity;72.348;False
S0007;2026-01-02 03:55:15;temperature;12.903;False
S0001;2026-01-02 03:55:15;temperature;13.18;False
S0010;2026-01-02 03:55:15;CO2_level;1088;False
S0004;2026-01-02 03:55:15;CO2_level;759;False
S0005;2026-01-02 03:55:15;ventilation;0.536;False
S0011;2026-01-02 03:55:15;ventilation;0.437;False
S0007;2026-01-02 03:55:30;temperature;14.79;False
S0010;2026-01-02 03:55:30;CO2_level;712;False
S0011;2026-01-02 03:55:30;ventilation;0.368;False
S0004;2026-01-02 03:55:30;CO2_level;908;False
S0001;2026-01-02 03:55:30;temperature;11.133;False
S0003;2026-01-02 03:55:30;humidity;70.921;False
S0009;2026-01-02 03:55:30;humidity;65.629;False
S0005;2026-01-02 03:55:30;ventilation;0.478;False
S0007;2026-01-02 03:55:45;temperature;11.905;False
S0011;2026-01-02 03:55:45;ventilation;0.274;False
S0001;2026-01-02 03:55:45;temperature;14.222;False
S0005;2026-01-02 03:55:45;ventilation;0.502;False
S0010;2026-01-02 03:55:45;CO2_level;732;False
S0004;2026-01-02 03:55:45;CO2_level;740;False
S0007;2026-01-02 03:56:00;temperature;15.291;False
S0011;2026-01-02 03:56:00;ventilation;0.39;False
S0004;2026-01-02 03:56:00;CO2_level;875;False
S0009;2026-01-02 03:56:00;humidity;65.551;False
S0010;2026-01-02 03:56:00;CO2_level;713;False
S0001;2026-01-02 03:56:00;temperature;15.232;True
S0003;2026-01-02 03:56:00;humidity;72.227;False
S0005;2026-01-02 03:56:00;ventilation;0.413;True
S0004;2026-01-02 03:56:15;CO2_level;1094;False
S0010;2026-01-02 03:56:15;CO2_level;994;True
S0005;2026-01-02 03:56:15;ventilation;0.277;True
S0007;2026-01-02 03:56:15;temperature;13.883;False
S0011;2026-01-02 03:56:15;ventilation;0.232;False
S0001;2026-01-02 03:56:15;temperature;10.168;False
S0001;2026-01-02 03:56:30;temperature;13.196;False
S0005;2026-01-02 03:56:30;ventilation;0.521;False
S0009;2026-01-02 03:56:30;humidity;69.442;False
S0010;2026-01-02 03:56:30;CO2_level;881;False
S0011;2026-01-02 03:56:30;ventilation;0.566;False
S0004;2026-01-02 03:56:30;CO2_level;871;False
S0003;2026-01-02 03:56:30;humidity;65.071;False
S0007;2026-01-02 03:56:30;temperature;11.022;False
S0011;2026-01-02 03:56:45;ventilation;0.349;False
S0004;2026-01-02 03:56:45;CO2_level;1032;False
S0001;2026-01-02 03:56:45;temperature;10.923;False
S0005;2026-01-02 03:56:45;ventilation;0.255;False
S0010;2026-01-02 03:56:45;CO2_level;930;False
S0007;2026-01-02 03:56:45;temperature;13.801;False
S0005;2026-01-02 03:57:00;ventilation;0.425;False
S0001;2026-01-02 03:57:00;temperature;13.591;False
S0011;2026-01-02 03:57:00;ventilation;0.501;False
S0009;2026-01-02 03:57:00;humidity;72.407;False
S0004;2026-01-02 03:57:00;CO2_level;835;False
S0007;2026-01-02 03:57:00;temperature;15.835;False
S0010;2026-01-02 03:57:00;CO2_level;1056;False
S0003;2026-01-02 03:57:00;humidity;66.239;False
S0004;2026-01-02 03:57:15;CO2_level;790;False
S0011;2026-01-02 03:57:15;ventilation;0.559;False
S0001;2026-01-02 03:57:15;temperature;11.318;False
S0005;2026-01-02 03:57:15;ventilation;0.575;False
S0010;2026-01-02 03:57:15;CO2_level;728;False
S0007;2026-01-02 03:57:15;temperature;14.308;False
S0004;2026-01-02 03:57:30;CO2_level;999;False
S0009;2026-01-02 03:57:30;humidity;74.487;False
S0003;2026-01-02 03:57:30;humidity;73.084;True
S0007;2026-01-02 03:57:30;temperature;15.402;False
S0011;2026-01-02 03:57:30;ventilation;0.544;False
S0001;2026-01-02 03:57:30;temperature;15.647;False
S0005;2026-01-02 03:57:30;ventilation;0.395;False
S0010;2026-01-02 03:57:30;CO2_level;872;False
S0005;2026-01-02 03:57:45;ventilation;0.493;False
S0004;2026-01-02 03:57:45;CO2_level;1027;False
S0011;2026-01-02 03:57:45;ventilation;0.529;False
S0007;2026-01-02 03:57:45;temperature;13.564;False
S0010;2026-01-02 03:57:45;CO2_level;1001;False
S0001;2026-01-02 03:57:45;temperature;11.2;False
S0003;2026-01-02 03:58:00;humidity;74.163;False
S0001;2026-01-02 03:58:00;temperature;10.668;False
S0011;2026-01-02 03:58:00;ventilation;0.307;False
S0009;2026-01-02 03:58:00;humidity;74.889;False
S0007;2026-01-02 03:58:00;temperature;15.956;False
S0005;2026-01-02 03:58:00;ventilation;0.575;False
S0004;2026-01-02 03:58:00;CO2_level;950;False
S0010;2026-01-02 03:58:00;CO2_level;1090;True
S0004;2026-01-02 03:58:15;CO2_level;780;False
S0001;2026-01-02 03:58:15;temperature;11.703;False
S0007;2026-01-02 03:58:15;temperature;10.122;False
S0005;2026-01-02 03:58:15;ventilation;0.593;False
S0011;2026-01-02 03:58:15;ventilation;0.315;False
S0010;2026-01-02 03:58:15;CO2_level;997;False
S0005;2026-01-02 03:58:30;ventilation;0.272;False
S0004;2026-01-02 03:58:30;CO2_level;899;False
S0010;2026-01-02 03:58:30;CO2_level;753;False
S0007;2026-01-02 03:58:30;temperature;14.296;False
S0001;2026-01-02 03:58:30;temperature;13.48;False
S0009;2026-01-02 03:58:30;humidity;70.007;False
S0011;2026-01-02 03:58:30;ventilation;0.395;False
S0003;2026-01-02 03:58:30;humidity;74.57;False
S0007;2026-01-02 03:58:45;temperature;12.27;False
S0004;2026-01-02 03:58:45;CO2_level;845;False
S0011;2026-01-02 03:58:45;ventilation;0.557;False
S0010;2026-01-02 03:58:45;CO2_level;990;False
S0001;2026-01-02 03:58:45;temperature;12.437;False
S0005;2026-01-02 03:58:45;ventilation;0.242;False
S0003;2026-01-02 03:59:00;humidity;72.536;False
S0007;2026-01-02 03:59:00;temperature;10.796;False
S0005;2026-01-02 03:59:00;ventilation;0.535;False
S0011;2026-01-02 03:59:00;ventilation;0.271;False
S0004;2026-01-02 03:59:00;CO2_level;1003;True
S0009;2026-01-02 03:59:00;humidity;73.108;False
S0001;2026-01-02 03:59:00;temperature;14.436;False
S0010;2026-01-02 03:59:00;CO2_level;875;False
S0001;2026-01-02 03:59:15;temperature;11.502;False
S0005;2026-01-02 03:59:15;ventilation;0.375;False
S0004;2026-01-02 03:59:15;CO2_level;1096;False
S0007;2026-01-02 03:59:15;temperature;12.033;False
S0010;2026-01-02 03:59:15;CO2_level;910;False
S0011;2026-01-02 03:59:15;ventilation;0.368;False
S0009;2026-01-02 03:59:30;humidity;66.694;False
S0005;2026-01-02 03:59:30;ventilation;0.34;False
S0003;2026-01-02 03:59:30;humidity;68.228;False
S0001;2026-01-02 03:59:30;temperature;11.583;False
S0010;2026-01-02 03:59:30;CO2_level;710;False
S0007;2026-01-02 03:59:30;temperature;10.017;False
S0011;2026-01-02 03:59:30;ventilation;0.444;False
S0004;2026-01-02 03:59:30;CO2_level;753;False
S0010;2026-01-02 03:59:45;CO2_level;848;False
S0007;2026-01-02 03:59:45;temperature;14.524;False
S0005;2026-01-02 03:59:45;ventilation;0.481;False
S0011;2026-01-02 03:59:45;ventilation;0.249;True
S0001;2026-01-02 03:59:45;temperature;10.709;False
S0004;2026-01-02 03:59:45;CO2_level;838;False
S0009;2026-01-02 04:00:00;humidity;71.39;False
S0005;2026-01-02 04:00:00;ventilation;0.396;False
S0011;2026-01-02 04:00:00;ventilation;0.391;False
S0010;2026-01-02 04:00:00;CO2_level;1007;False
S0003;2026-01-02 04:00:00;humidity;65.689;True
S0001;2026-01-02 04:00:00;temperature;14.064;False
S0007;2026-01-02 04:00:00;temperature;15.713;False
S0004;2026-01-02 04:00:00;CO2_level;893;False
S0011;2026-01-02 04:00:15;ventilation;0.238;False
S0010;2026-01-02 04:00:15;CO2_level;988;False
S0007;2026-01-02 04:00:15;temperature;11.042;False
S0001;2026-01-02 04:00:15;temperature;15.413;False
S0005;2026-01-02 04:00:15;ventilation;0.574;False
S0004;2026-01-02 04:00:15;CO2_level;898;False
S0009;2026-01-02 04:00:30;humidity;74.05;False
S0007;2026-01-02 04:00:30;temperature;10.262;False
S0005;2026-01-02 04:00:30;ventilation;0.496;False
S0010;2026-01-02 04:00:30;CO2_level;776;True
S0004;2026-01-02 04:00:30;CO2_level;878;False
S0003;2026-01-02 04:00:30;humidity;71.027;False
S0001;2026-01-02 04:00:30;temperature;14.852;False
S0011;2026-01-02 04:00:30;ventilation;0.54;False
S0007;2026-01-02 04:00:45;temperature;11.34;True
S0005;2026-01-02 04:00:45;ventilation;0.237;False
S0001;2026-01-02 04:00:45;temperature;11.212;False
S0011;2026-01-02 04:00:45;ventilation;0.55;False
S0010;2026-01-02 04:00:45;CO2_level;706;False
S0004;2026-01-02 04:00:45;CO2_level;919;False
S0011;2026-01-02 04:01:00;ventilation;0.231;True
S0010;2026-01-02 04:01:00;CO2_level;880;False
S0001;2026-01-02 04:01:00;temperature;12.247;False
S0007;2026-01-02 04:01:00;temperature;14.396;True
S0003;2026-01-02 04:01:00;humidity;66.628;False
S0009;2026-01-02 04:01:00;humidity;67.234;False
S0004;2026-01-02 04:01:00;CO2_level;985;False
S0005;2026-01-02 04:01:00;ventilation;0.495;False
S0001;2026-01-02 04:01:15;temperature;11.246;False
S0004;2026-01-02 04:01:15;CO2_level;820;False
S0011;2026-01-02 04:01:15;ventilation;0.6;False
S0005;2026-01-02 04:01:15;ventilation;0.507;False
S0007;2026-01-02 04:01:15;temperature;12.225;False
S0010;2026-01-02 04:01:15;CO2_level;963;False
S0005;2026-01-02 04:01:30;ventilation;0.592;False
S0007;2026-01-02 04:01:30;temperature;13.544;False
S0001;2026-01-02 04:01:30;temperature;12.463;False
S0009;2026-01-02 04:01:30;humidity;70.171;False
S0004;2026-01-02 04:01:30;CO2_level;1037;False
S0010;2026-01-02 04:01:30;CO2_level;742;False
S0003;2026-01-02 04:01:30;humidity;73.645;True
S0011;2026-01-02 04:01:30;ventilation;0.513;False
S0005;2026-01-02 04:01:45;ventilation;0.383;False
S0011;2026-01-02 04:01:45;ventilation;0.235;True
S0004;2026-01-02 04:01:45;CO2_level;761;True
S0001;2026-01-02 04:01:45;temperature;15.323;False
S0010;2026-01-02 04:01:45;CO2_level;916;False
S0007;2026-01-02 04:01:45;temperature;13.769;False
S0007;2026-01-02 04:02:00;temperature;15.525;False
S0010;2026-01-02 04:02:00;CO2_level;1059;False
S0003;2026-01-02 04:02:00;humidity;69.685;False
S0004;2026-01-02 04:02:00;CO2_level;897;False
S0009;2026-01-02 04:02:00;humidity;69.528;False
S0011;2026-01-02 04:02:00;ventilation;0.556;False
S0005;2026-01-02 04:02:00;ventilation;0.552;False
S0001;2026-01-02 04:02:00;temperature;15.322;False
S0010;2026-01-02 04:02:15;CO2_level;796;False
S0011;2026-01-02 04:02:15;ventilation;0.506;False
S0004;2026-01-02 04:02:15;CO2_level;899;False
S0005;2026-01-02 04:02:15;ventilation;0.497;False
S0007;2026-01-02 04:02:15;temperature;10.239;False
S0001;2026-01-02 04:02:15;temperature;11.896;False
S0007;2026-01-02 04:02:30;temperature;14.319;False
S0003;2026-01-02 04:02:30;humidity;66.22;False
S0009;2026-01-02 04:02:30;humidity;65.544;True
S0005;2026-01-02 04:02:30;ventilation;0.287;False
S0011;2026-01-02 04:02:30;ventilation;0.234;False
S0010;2026-01-02 04:02:30;CO2_level;722;False
S0001;2026-01-02 04:02:30;temperature;15.815;False
S0004;2026-01-02 04:02:30;CO2_level;null;True
S0001;2026-01-02 04:02:45;temperature;12.247;False
S0007;2026-01-02 04:02:45;temperature;13.253;False
S0011;2026-01-02 04:02:45;ventilation;0.488;False
S0005;2026-01-02 04:02:45;ventilation;0.41;False
S0010;2026-01-02 04:02:45;CO2_level;1058;False
S0004;2026-01-02 04:02:45;CO2_level;828;False
S0005;2026-01-02 04:03:00;ventilation;0.305;False
S0009;2026-01-02 04:03:00;humidity;68.416;False
S0003;2026-01-02 04:03:00;humidity;67.736;False
S0004;2026-01-02 04:03:00;CO2_level;921;False
S0007;2026-01-02 04:03:00;temperature;14.641;False
S0011;2026-01-02 04:03:00;ventilation;0.392;True
S0001;2026-01-02 04:03:00;temperature;15.353;False
S0010;2026-01-02 04:03:00;CO2_level;899;False
S0010;2026-01-02 04:03:15;CO2_level;1008;False
S0005;2026-01-02 04:03:15;ventilation;0.355;False
S0001;2026-01-02 04:03:15;temperature;12.599;False
S0011;2026-01-02 04:03:15;ventilation;0.242;False
S0004;2026-01-02 04:03:15;CO2_level;714;False
S0007;2026-01-02 04:03:15;temperature;14.783;False
S0001;2026-01-02 04:03:30;temperature;14.581;False
S0005;2026-01-02 04:03:30;ventilation;0.507;False
S0009;2026-01-02 04:03:30;humidity;67.838;False
S0011;2026-01-02 04:03:30;ventilation;0.452;False
S0007;2026-01-02 04:03:30;temperature;12.47;False
S0010;2026-01-02 04:03:30;CO2_level;712;False
S0003;2026-01-02 04:03:30;humidity;69.968;False
S0004;2026-01-02 04:03:30;CO2_level;868;False
S0001;2026-01-02 04:03:45;temperature;12.233;False
S0007;2026-01-02 04:03:45;temperature;14.832;False
S0010;2026-01-02 04:03:45;CO2_level;1047;False
S0004;2026-01-02 04:03:45;CO2_level;985;False
S0011;2026-01-02 04:03:45;ventilation;0.467;False
S0005;2026-01-02 04:03:45;ventilation;0.57;False
S0005;2026-01-02 04:04:00;ventilation;0.42;False
S0007;2026-01-02 04:04:00;temperature;15.297;False
S0003;2026-01-02 04:04:00;humidity;65.08;False
S0010;2026-01-02 04:04:00;CO2_level;891;False
S0001;2026-01-02 04:04:00;temperature;null;True
S0009;2026-01-02 04:04:00;humidity;73.774;False
S0004;2026-01-02 04:04:00;CO2_level;899;False
S0011;2026-01-02 04:04:00;ventilation;0.217;False
S0010;2026-01-02 04:04:15;CO2_level;1036;False
S0011;2026-01-02 04:04:15;ventilation;0.433;False
S0007;2026-01-02 04:04:15;temperature;12.958;False
S0004;2026-01-02 04:04:15;CO2_level;711;False
S0005;2026-01-02 04:04:15;ventilation;0.392;False
S0001;2026-01-02 04:04:15;temperature;14.368;False
S0011;2026-01-02 04:04:30;ventilation;0.539;False
S0007;2026-01-02 04:04:30;temperature;11.675;False
S0003;2026-01-02 04:04:30;humidity;69.612;False
S0009;2026-01-02 04:04:30;humidity;71.459;False
S0001;2026-01-02 04:04:30;temperature;10.948;False
S0005;2026-01-02 04:04:30;ventilation;0.485;False
S0010;2026-01-02 04:04:30;CO2_level;974;False
S0004;2026-01-02 04:04:30;CO2_level;1001;False
S0007;2026-01-02 04:04:45;temperature;10.827;False
S0011;2026-01-02 04:04:45;ventilation;0.454;False
S0001;2026-01-02 04:04:45;temperature;null;True
S0010;2026-01-02 04:04:45;CO2_level;916;False
S0004;2026-01-02 04:04:45;CO2_level;939;False
S0005;2026-01-02 04:04:45;ventilation;0.246;False
S0001;2026-01-02 04:05:00;temperature;13.539;False
S0004;2026-01-02 04:05:00;CO2_level;840;False
S0007;2026-01-02 04:05:00;temperature;12.122;False
S0011;2026-01-02 04:05:00;ventilation;0.356;True
S0005;2026-01-02 04:05:00;ventilation;0.33;False
S0009;2026-01-02 04:05:00;humidity;68.402;False
S0003;2026-01-02 04:05:00;humidity;71.745;False
S0010;2026-01-02 04:05:00;CO2_level;747;False
S0010;2026-01-02 04:05:15;CO2_level;735;False
S0007;2026-01-02 04:05:15;temperature;12.569;False
S0004;2026-01-02 04:05:15;CO2_level;995;False
S0005;2026-01-02 04:05:15;ventilation;0.222;False
S0001;2026-01-02 04:05:15;temperature;15.515;False
S0011;2026-01-02 04:05:15;ventilation;0.527;True
S0010;2026-01-02 04:05:30;CO2_level;856;False
S0007;2026-01-02 04:05:30;temperature;13.361;False
S0011;2026-01-02 04:05:30;ventilation;0.522;False
S0004;2026-01-02 04:05:30;CO2_level;862;False
S0003;2026-01-02 04:05:30;humidity;67.639;False
S0001;2026-01-02 04:05:30;temperature;14.416;False
S0005;2026-01-02 04:05:30;ventilation;0.333;False
S0009;2026-01-02 04:05:30;humidity;71.23;False
S0001;2026-01-02 04:05:45;temperature;11.739;False
S0010;2026-01-02 04:05:45;CO2_level;962;False
S0007;2026-01-02 04:05:45;temperature;14.12;True
S0005;2026-01-02 04:05:45;ventilation;0.293;False
S0011;2026-01-02 04:05:45;ventilation;0.283;False
S0004;2026-01-02 04:05:45;CO2_level;908;False
S0004;2026-01-02 04:06:00;CO2_level;1007;False
S0001;2026-01-02 04:06:00;temperature;13.814;False
S0005;2026-01-02 04:06:00;ventilation;0.361;False
S0007;2026-01-02 04:06:00;temperature;13.166;False
S0010;2026-01-02 04:06:00;CO2_level;1035;False
S0003;2026-01-02 04:06:00;humidity;71.77;False
S0011;2026-01-02 04:06:00;ventilation;0.231;False
S0009;2026-01-02 04:06:00;humidity;68.336;False
S0004;2026-01-02 04:06:15;CO2_level;916;False
S0011;2026-01-02 04:06:15;ventilation;0.219;False
S0005;2026-01-02 04:06:15;ventilation;0.362;False
S0010;2026-01-02 04:06:15;CO2_level;974;True
S0001;2026-01-02 04:06:15;temperature;13.017;False
S0007;2026-01-02 04:06:15;temperature;11.31;False
S0011;2026-01-02 04:06:30;ventilation;0.48;False
S0003;2026-01-02 04:06:30;humidity;73.57;False
S0007;2026-01-02 04:06:30;temperature;11.451;True
S0001;2026-01-02 04:06:30;temperature;11.501;False
S0010;2026-01-02 04:06:30;CO2_level;703;False
S0005;2026-01-02 04:06:30;ventilation;0.247;False
S0004;2026-01-02 04:06:30;CO2_level;1002;False
S0009;2026-01-02 04:06:30;humidity;72.21;False
S0007;2026-01-02 04:06:45;temperature;13.44;False
S0001;2026-01-02 04:06:45;temperature;13.209;False
S0010;2026-01-02 04:06:45;CO2_level;723;False
S0011;2026-01-02 04:06:45;ventilation;0.363;False
S0005;2026-01-02 04:06:45;ventilation;0.385;False
S0004;2026-01-02 04:06:45;CO2_level;933;False
S0007;2026-01-02 04:07:00;temperature;15.79;False
S0005;2026-01-02 04:07:00;ventilation;0.549;False
S0004;2026-01-02 04:07:00;CO2_level;862;False
S0009;2026-01-02 04:07:00;humidity;70.661;False
S0003;2026-01-02 04:07:00;humidity;74.555;False
S0010;2026-01-02 04:07:00;CO2_level;892;False
S0011;2026-01-02 04:07:00;ventilation;0.588;False
S0001;2026-01-02 04:07:00;temperature;11.991;False
S0004;2026-01-02 04:07:15;CO2_level;970;False
S0007;2026-01-02 04:07:15;temperature;13.053;False
S0001;2026-01-02 04:07:15;temperature;11.553;False
S0005;2026-01-02 04:07:15;ventilation;0.56;False
S0010;2026-01-02 04:07:15;CO2_level;788;False
S0011;2026-01-02 04:07:15;ventilation;0.494;False
S0004;2026-01-02 04:07:30;CO2_level;923;False
S0010;2026-01-02 04:07:30;CO2_level;1036;False
S0009;2026-01-02 04:07:30;humidity;67.735;False
S0001;2026-01-02 04:07:30;temperature;13.439;False
S0011;2026-01-02 04:07:30;ventilation;0.562;True
S0007;2026-01-02 04:07:30;temperature;15.015;False
S0005;2026-01-02 04:07:30;ventilation;0.509;False
S0003;2026-01-02 04:07:30;humidity;67.44;False
S0004;2026-01-02 04:07:45;CO2_level;724;False
S0011;2026-01-02 04:07:45;ventilation;0.403;False
S0007;2026-01-02 04:07:45;temperature;13.082;False
S0010;2026-01-02 04:07:45;CO2_level;933;False
S0001;2026-01-02 04:07:45;temperature;10.433;False
S0005;2026-01-02 04:07:45;ventilation;0.37;False
S0004;2026-01-02 04:08:00;CO2_level;837;False
S0011;2026-01-02 04:08:00;ventilation;0.346;False
S0001;2026-01-02 04:08:00;temperature;11.846;False
S0010;2026-01-02 04:08:00;CO2_level;970;False
S0007;2026-01-02 04:08:00;temperature;12.492;False
S0005;2026-01-02 04:08:00;ventilation;0.265;False
S0009;2026-01-02 04:08:00;humidity;65.206;False
S0003;2026-01-02 04:08:00;humidity;null;True
S0004;2026-01-02 04:08:15;CO2_level;957;False
S0001;2026-01-02 04:08:15;temperature;10.262;False
S0011;2026-01-02 04:08:15;ventilation;0.281;False
S0010;2026-01-02 04:08:15;CO2_level;715;False
S0005;2026-01-02 04:08:15;ventilation;0.541;False
S0007;2026-01-02 04:08:15;temperature;12.451;False
S0001;2026-01-02 04:08:30;temperature;12.734;False
S0010;2026-01-02 04:08:30;CO2_level;924;False
S0003;2026-01-02 04:08:30;humidity;69.48;False
S0011;2026-01-02 04:08:30;ventilation;0.323;False
S0009;2026-01-02 04:08:30;humidity;70.213;False
S0007;2026-01-02 04:08:30;temperature;10.656;False
S0005;2026-01-02 04:08:30;ventilation;0.538;False
S0004;2026-01-02 04:08:30;CO2_level;1095;False
S0011;2026-01-02 04:08:45;ventilation;0.543;False
S0007;2026-01-02 04:08:45;temperature;12.436;False
S0010;2026-01-02 04:08:45;CO2_level;1082;False
S0005;2026-01-02 04:08:45;ventilation;0.415;False
S0001;2026-01-02 04:08:45;temperature;14.751;False
S0004;2026-01-02 04:08:45;CO2_level;1026;False
S0005;2026-01-02 04:09:00;ventilation;0.505;False
S0010;2026-01-02 04:09:00;CO2_level;972;False
S0003;2026-01-02 04:09:00;humidity;71.713;False
S0001;2026-01-02 04:09:00;temperature;12.916;False
S0011;2026-01-02 04:09:00;ventilation;0.306;False
S0007;2026-01-02 04:09:00;temperature;null;True
S0004;2026-01-02 04:09:00;CO2_level;1014;False
S0009;2026-01-02 04:09:00;humidity;74.323;False
S0001;2026-01-02 04:09:15;temperature;14.131;False
S0011;2026-01-02 04:09:15;ventilation;0.445;False
S0010;2026-01-02 04:09:15;CO2_level;1067;False
S0007;2026-01-02 04:09:15;temperature;15.773;False
S0004;2026-01-02 04:09:15;CO2_level;1087;False
S0005;2026-01-02 04:09:15;ventilation;0.491;False
S0005;2026-01-02 04:09:30;ventilation;0.315;False
S0004;2026-01-02 04:09:30;CO2_level;771;False
S0010;2026-01-02 04:09:30;CO2_level;972;False
S0009;2026-01-02 04:09:30;humidity;74.423;False
S0007;2026-01-02 04:09:30;temperature;14.008;False
S0011;2026-01-02 04:09:30;ventilation;0.287;False
S0001;2026-01-02 04:09:30;temperature;15.521;False
S0003;2026-01-02 04:09:30;humidity;65.443;True
S0005;2026-01-02 04:09:45;ventilation;0.203;False
S0001;2026-01-02 04:09:45;temperature;11.782;False
S0011;2026-01-02 04:09:45;ventilation;0.445;False
S0004;2026-01-02 04:09:45;CO2_level;762;False
S0010;2026-01-02 04:09:45;CO2_level;758;False
S0007;2026-01-02 04:09:45;temperature;14.88;False
S0011;2026-01-02 04:10:00;ventilation;0.537;False
S0004;2026-01-02 04:10:00;CO2_level;948;False
S0005;2026-01-02 04:10:00;ventilation;0.216;False
S0007;2026-01-02 04:10:00;temperature;14.469;False
S0010;2026-01-02 04:10:00;CO2_level;null;True
S0001;2026-01-02 04:10:00;temperature;15.013;False
S0003;2026-01-02 04:10:00;humidity;71.845;False
S0009;2026-01-02 04:10:00;humidity;71.666;False
S0005;2026-01-02 04:10:15;ventilation;0.546;False
S0010;2026-01-02 04:10:15;CO2_level;748;False
S0004;2026-01-02 04:10:15;CO2_level;715;False
S0001;2026-01-02 04:10:15;temperature;11.179;False
S0007;2026-01-02 04:10:15;temperature;11.807;False
S0011;2026-01-02 04:10:15;ventilation;0.26;False
S0004;2026-01-02 04:10:30;CO2_level;919;False
S0007;2026-01-02 04:10:30;temperature;12.861;False
S0001;2026-01-02 04:10:30;temperature;10.82;False
S0009;2026-01-02 04:10:30;humidity;74.251;True
S0005;2026-01-02 04:10:30;ventilation;0.49;False
S0010;2026-01-02 04:10:30;CO2_level;809;True
S0003;2026-01-02 04:10:30;humidity;66.884;False
S0011;2026-01-02 04:10:30;ventilation;0.294;False
S0005;2026-01-02 04:10:45;ventilation;0.533;False
S0010;2026-01-02 04:10:45;CO2_level;998;False
S0004;2026-01-02 04:10:45;CO2_level;915;False
S0007;2026-01-02 04:10:45;temperature;10.218;False
S0001;2026-01-02 04:10:45;temperature;15.951;True
S0011;2026-01-02 04:10:45;ventilation;0.203;False
S0010;2026-01-02 04:11:00;CO2_level;925;False
S0004;2026-01-02 04:11:00;CO2_level;922;False
S0005;2026-01-02 04:11:00;ventilation;0.419;False
S0001;2026-01-02 04:11:00;temperature;10.157;False
S0011;2026-01-02 04:11:00;ventilation;0.298;False
S0007;2026-01-02 04:11:00;temperature;14.931;False
S0009;2026-01-02 04:11:00;humidity;null;True
S0003;2026-01-02 04:11:00;humidity;74.906;True
S0004;2026-01-02 04:11:15;CO2_level;1066;False
S0005;2026-01-02 04:11:15;ventilation;0.284;False
S0001;2026-01-02 04:11:15;temperature;13.224;False
S0007;2026-01-02 04:11:15;temperature;10.845;False
S0011;2026-01-02 04:11:15;ventilation;0.368;False
S0010;2026-01-02 04:11:15;CO2_level;881;False
S0001;2026-01-02 04:11:30;temperature;13.129;True
S0003;2026-01-02 04:11:30;humidity;65.588;False
S0004;2026-01-02 04:11:30;CO2_level;766;False
S0010;2026-01-02 04:11:30;CO2_level;729;False
S0009;2026-01-02 04:11:30;humidity;71.13;False
S0011;2026-01-02 04:11:30;ventilation;0.401;False
S0007;2026-01-02 04:11:30;temperature;12.174;False
S0005;2026-01-02 04:11:30;ventilation;0.549;False
S0005;2026-01-02 04:11:45;ventilation;0.5;False
S0010;2026-01-02 04:11:45;CO2_level;1005;False
S0007;2026-01-02 04:11:45;temperature;15.614;False
S0004;2026-01-02 04:11:45;CO2_level;1001;False
S0001;2026-01-02 04:11:45;temperature;11.0;False
S0011;2026-01-02 04:11:45;ventilation;0.537;False
S0009;2026-01-02 04:12:00;humidity;66.544;False
S0005;2026-01-02 04:12:00;ventilation;0.563;False
S0003;2026-01-02 04:12:00;humidity;72.233;False
S0001;2026-01-02 04:12:00;temperature;11.458;False
S0004;2026-01-02 04:12:00;CO2_level;765;False
S0010;2026-01-02 04:12:00;CO2_level;1075;False
S0011;2026-01-02 04:12:00;ventilation;0.422;False
S0007;2026-01-02 04:12:00;temperature;11.496;False
S0005;2026-01-02 04:12:15;ventilation;0.483;False
S0010;2026-01-02 04:12:15;CO2_level;801;False
S0011;2026-01-02 04:12:15;ventilation;0.363;False
S0001;2026-01-02 04:12:15;temperature;14.168;False
S0004;2026-01-02 04:12:15;CO2_level;793;False
S0007;2026-01-02 04:12:15;temperature;11.213;False
S0005;2026-01-02 04:12:30;ventilation;0.497;False
S0003;2026-01-02 04:12:30;humidity;68.979;False
S0007;2026-01-02 04:12:30;temperature;10.891;False
S0011;2026-01-02 04:12:30;ventilation;0.51;False
S0009;2026-01-02 04:12:30;humidity;68.122;False
S0010;2026-01-02 04:12:30;CO2_level;1064;False
S0004;2026-01-02 04:12:30;CO2_level;708;False
S0001;2026-01-02 04:12:30;temperature;13.017;False
S0007;2026-01-02 04:12:45;temperature;10.084;False
S0004;2026-01-02 04:12:45;CO2_level;1091;False
S0005;2026-01-02 04:12:45;ventilation;0.554;False
S0001;2026-01-02 04:12:45;temperature;11.815;False
S0011;2026-01-02 04:12:45;ventilation;0.571;False
S0010;2026-01-02 04:12:45;CO2_level;804;False
S0004;2026-01-02 04:13:00;CO2_level;777;False
S0010;2026-01-02 04:13:00;CO2_level;1005;True
S0009;2026-01-02 04:13:00;humidity;66.49;False
S0007;2026-01-02 04:13:00;temperature;10.902;False
S0005;2026-01-02 04:13:00;ventilation;0.462;False
S0001;2026-01-02 04:13:00;temperature;14.993;False
S0003;2026-01-02 04:13:00;humidity;74.602;False
S0011;2026-01-02 04:13:00;ventilation;0.393;False
S0004;2026-01-02 04:13:15;CO2_level;989;False
S0011;2026-01-02 04:13:15;ventilation;0.418;False
S0007;2026-01-02 04:13:15;temperature;15.54;False
S0010;2026-01-02 04:13:15;CO2_level;794;False
S0005;2026-01-02 04:13:15;ventilation;0.261;False
S0001;2026-01-02 04:13:15;temperature;15.025;False
S0011;2026-01-02 04:13:30;ventilation;0.536;False
S0009;2026-01-02 04:13:30;humidity;69.095;False
S0007;2026-01-02 04:13:30;temperature;11.83;False
S0005;2026-01-02 04:13:30;ventilation;0.455;False
S0004;2026-01-02 04:13:30;CO2_level;736;False
S0010;2026-01-02 04:13:30;CO2_level;761;False
S0003;2026-01-02 04:13:30;humidity;70.8;False
S0001;2026-01-02 04:13:30;temperature;12.528;False
S0007;2026-01-02 04:13:45;temperature;15.14;False
S0010;2026-01-02 04:13:45;CO2_level;888;False
S0011;2026-01-02 04:13:45;ventilation;0.227;False
S0005;2026-01-02 04:13:45;ventilation;0.461;False
S0001;2026-01-02 04:13:45;temperature;15.611;False
S0004;2026-01-02 04:13:45;CO2_level;992;False
S0004;2026-01-02 04:14:00;CO2_level;872;False
S0007;2026-01-02 04:14:00;temperature;12.193;False
S0009;2026-01-02 04:14:00;humidity;73.357;False
S0001;2026-01-02 04:14:00;temperature;15.633;False
S0003;2026-01-02 04:14:00;humidity;66.61;True
S0010;2026-01-02 04:14:00;CO2_level;809;False
S0005;2026-01-02 04:14:00;ventilation;0.285;False
S0011;2026-01-02 04:14:00;ventilation;0.304;False
S0010;2026-01-02 04:14:15;CO2_level;null;True
S0011;2026-01-02 04:14:15;ventilation;0.59;False
S0007;2026-01-02 04:14:15;temperature;10.941;False
S0001;2026-01-02 04:14:15;temperature;null;True
S0004;2026-01-02 04:14:15;CO2_level;946;False
S0005;2026-01-02 04:14:15;ventilation;0.367;False
S0005;2026-01-02 04:14:30;ventilation;0.319;False
S0011;2026-01-02 04:14:30;ventilation;0.342;False
S0003;2026-01-02 04:14:30;humidity;67.835;False
S0010;2026-01-02 04:14:30;CO2_level;920;False
S0009;2026-01-02 04:14:30;humidity;67.394;False
S0004;2026-01-02 04:14:30;CO2_level;null;True
S0001;2026-01-02 04:14:30;temperature;14.523;False
S0007;2026-01-02 04:14:30;temperature;14.19;False
S0001;2026-01-02 04:14:45;temperature;10.773;False
S0011;2026-01-02 04:14:45;ventilation;0.481;False
S0004;2026-01-02 04:14:45;CO2_level;719;False
S0010;2026-01-02 04:14:45;CO2_level;1055;False
S0007;2026-01-02 04:14:45;temperature;14.186;False
S0005;2026-01-02 04:14:45;ventilation;0.235;False
S0011;2026-01-02 04:15:00;ventilation;0.397;False
S0001;2026-01-02 04:15:00;temperature;14.359;False
S0010;2026-01-02 04:15:00;CO2_level;700;False
S0003;2026-01-02 04:15:00;humidity;70.703;False
S0005;2026-01-02 04:15:00;ventilation;0.361;False
S0007;2026-01-02 04:15:00;temperature;11.034;False
S0009;2026-01-02 04:15:00;humidity;65.603;False
S0004;2026-01-02 04:15:00;CO2_level;1055;False
S0004;2026-01-02 04:15:15;CO2_level;867;False
S0005;2026-01-02 04:15:15;ventilation;null;True
S0001;2026-01-02 04:15:15;temperature;12.337;False
S0010;2026-01-02 04:15:15;CO2_level;1032;False
S0011;2026-01-02 04:15:15;ventilation;0.307;False
S0007;2026-01-02 04:15:15;temperature;15.414;False
S0005;2026-01-02 04:15:30;ventilation;0.302;False
S0011;2026-01-02 04:15:30;ventilation;0.455;False
S0010;2026-01-02 04:15:30;CO2_level;899;False
S0009;2026-01-02 04:15:30;humidity;70.664;False
S0003;2026-01-02 04:15:30;humidity;66.048;False
S0001;2026-01-02 04:15:30;temperature;14.462;False
S0007;2026-01-02 04:15:30;temperature;15.178;False
S0004;2026-01-02 04:15:30;CO2_level;716;False
S0001;2026-01-02 04:15:45;temperature;11.319;False
S0005;2026-01-02 04:15:45;ventilation;0.374;False
S0011;2026-01-02 04:15:45;ventilation;0.32;False
S0004;2026-01-02 04:15:45;CO2_level;823;False
S0010;2026-01-02 04:15:45;CO2_level;724;False
S0007;2026-01-02 04:15:45;temperature;14.585;False
S0004;2026-01-02 04:16:00;CO2_level;766;False
S0005;2026-01-02 04:16:00;ventilation;0.488;False
S0003;2026-01-02 04:16:00;humidity;67.918;False
S0007;2026-01-02 04:16:00;temperature;15.727;False
S0010;2026-01-02 04:16:00;CO2_level;946;False
S0001;2026-01-02 04:16:00;temperature;10.646;False
S0011;2026-01-02 04:16:00;ventilation;0.583;False
S0009;2026-01-02 04:16:00;humidity;69.395;False
S0005;2026-01-02 04:16:15;ventilation;0.442;False
S0007;2026-01-02 04:16:15;temperature;null;True
S0001;2026-01-02 04:16:15;temperature;11.683;False
S0011;2026-01-02 04:16:15;ventilation;0.466;False
S0004;2026-01-02 04:16:15;CO2_level;901;False
S0010;2026-01-02 04:16:15;CO2_level;1017;False
S0009;2026-01-02 04:16:30;humidity;67.463;False
S0001;2026-01-02 04:16:30;temperature;12.641;False
S0010;2026-01-02 04:16:30;CO2_level;877;False
S0003;2026-01-02 04:16:30;humidity;74.928;True
S0004;2026-01-02 04:16:30;CO2_level;704;False
S0007;2026-01-02 04:16:30;temperature;10.889;False
S0005;2026-01-02 04:16:30;ventilation;0.232;False
S0011;2026-01-02 04:16:30;ventilation;0.377;False
S0007;2026-01-02 04:16:45;temperature;13.685;False
S0001;2026-01-02 04:16:45;temperature;15.067;False
S0010;2026-01-02 04:16:45;CO2_level;1066;False
S0011;2026-01-02 04:16:45;ventilation;0.54;False
S0004;2026-01-02 04:16:45;CO2_level;1011;False
S0005;2026-01-02 04:16:45;ventilation;0.432;False
S0003;2026-01-02 04:17:00;humidity;73.735;False
S0004;2026-01-02 04:17:00;CO2_level;1030;False
S0011;2026-01-02 04:17:00;ventilation;0.206;False
S0010;2026-01-02 04:17:00;CO2_level;868;False
S0007;2026-01-02 04:17:00;temperature;10.579;False
S0001;2026-01-02 04:17:00;temperature;13.817;True
S0009;2026-01-02 04:17:00;humidity;67.296;False
S0005;2026-01-02 04:17:00;ventilation;0.317;False
S0005;2026-01-02 04:17:15;ventilation;0.564;False
S0011;2026-01-02 04:17:15;ventilation;0.553;False
S0004;2026-01-02 04:17:15;CO2_level;730;False
S0001;2026-01-02 04:17:15;temperature;11.124;False
S0007;2026-01-02 04:17:15;temperature;15.487;False
S0010;2026-01-02 04:17:15;CO2_level;1080;False
S0004;2026-01-02 04:17:30;CO2_level;959;False
S0001;2026-01-02 04:17:30;temperature;11.162;False
S0003;2026-01-02 04:17:30;humidity;67.288;False
S0010;2026-01-02 04:17:30;CO2_level;861;False
S0011;2026-01-02 04:17:30;ventilation;0.402;False
S0005;2026-01-02 04:17:30;ventilation;0.273;False
S0007;2026-01-02 04:17:30;temperature;11.475;False
S0009;2026-01-02 04:17:30;humidity;72.803;True
S0010;2026-01-02 04:17:45;CO2_level;832;False
S0011;2026-01-02 04:17:45;ventilation;0.267;False
S0004;2026-01-02 04:17:45;CO2_level;991;False
S0005;2026-01-02 04:17:45;ventilation;0.207;False
S0007;2026-01-02 04:17:45;temperature;14.345;False
S0001;2026-01-02 04:17:45;temperature;13.997;False
S0010;2026-01-02 04:18:00;CO2_level;810;False
S0011;2026-01-02 04:18:00;ventilation;0.315;False
S0004;2026-01-02 04:18:00;CO2_level;931;False
S0005;2026-01-02 04:18:00;ventilation;0.305;False
S0001;2026-01-02 04:18:00;temperature;13.968;False
S0009;2026-01-02 04:18:00;humidity;69.176;False
S0003;2026-01-02 04:18:00;humidity;69.065;False
S0007;2026-01-02 04:18:00;temperature;14.641;False
S0004;2026-01-02 04:18:15;CO2_level;986;False
S0005;2026-01-02 04:18:15;ventilation;0.504;False
S0007;2026-01-02 04:18:15;temperature;14.957;False
S0011;2026-01-02 04:18:15;ventilation;0.506;False
S0001;2026-01-02 04:18:15;temperature;13.578;False
S0010;2026-01-02 04:18:15;CO2_level;1073;False
S0003;2026-01-02 04:18:30;humidity;73.456;False
S0005;2026-01-02 04:18:30;ventilation;0.253;False
S0001;2026-01-02 04:18:30;temperature;10.138;True
S0009;2026-01-02 04:18:30;humidity;69.022;False
S0007;2026-01-02 04:18:30;temperature;13.11;False
S0010;2026-01-02 04:18:30;CO2_level;796;False
S0004;2026-01-02 04:18:30;CO2_level;1045;False
S0011;2026-01-02 04:18:30;ventilation;0.266;False
S0005;2026-01-02 04:18:45;ventilation;0.267;False
S0004;2026-01-02 04:18:45;CO2_level;1023;True
S0001;2026-01-02 04:18:45;temperature;15.577;False
S0007;2026-01-02 04:18:45;temperature;15.054;False
S0010;2026-01-02 04:18:45;CO2_level;891;False
S0011;2026-01-02 04:18:45;ventilation;0.275;False
S0009;2026-01-02 04:19:00;humidity;74.993;False
S0007;2026-01-02 04:19:00;temperature;11.42;False
S0004;2026-01-02 04:19:00;CO2_level;727;False
S0003;2026-01-02 04:19:00;humidity;72.901;False
S0005;2026-01-02 04:19:00;ventilation;0.296;False
S0010;2026-01-02 04:19:00;CO2_level;1014;False
S0001;2026-01-02 04:19:00;temperature;12.073;False
S0011;2026-01-02 04:19:00;ventilation;0.327;False
S0011;2026-01-02 04:19:15;ventilation;0.579;False
S0007;2026-01-02 04:19:15;temperature;15.695;False
S0001;2026-01-02 04:19:15;temperature;14.98;False
S0010;2026-01-02 04:19:15;CO2_level;1016;True
S0005;2026-01-02 04:19:15;ventilation;0.533;False
S0004;2026-01-02 04:19:15;CO2_level;725;False
S0011;2026-01-02 04:19:30;ventilation;0.242;False
S0007;2026-01-02 04:19:30;temperature;10.604;False
S0009;2026-01-02 04:19:30;humidity;69.912;False
S0010;2026-01-02 04:19:30;CO2_level;813;False
S0004;2026-01-02 04:19:30;CO2_level;741;False
S0003;2026-01-02 04:19:30;humidity;69.899;False
S0005;2026-01-02 04:19:30;ventilation;0.312;False
S0001;2026-01-02 04:19:30;temperature;10.355;False
S0005;2026-01-02 04:19:45;ventilation;0.482;False
S0004;2026-01-02 04:19:45;CO2_level;789;False
S0001;2026-01-02 04:19:45;temperature;14.241;True
S0011;2026-01-02 04:19:45;ventilation;0.209;False
S0007;2026-01-02 04:19:45;temperature;13.578;False
S0010;2026-01-02 04:19:45;CO2_level;700;False
S0007;2026-01-02 04:20:00;temperature;14.183;False
S0005;2026-01-02 04:20:00;ventilation;0.569;False
S0009;2026-01-02 04:20:00;humidity;65.731;False
S0003;2026-01-02 04:20:00;humidity;72.534;False
S0004;2026-01-02 04:20:00;CO2_level;811;False
S0010;2026-01-02 04:20:00;CO2_level;788;False
S0001;2026-01-02 04:20:00;temperature;15.026;False
S0011;2026-01-02 04:20:00;ventilation;0.52;False
S0001;2026-01-02 04:20:15;temperature;10.696;False
S0007;2026-01-02 04:20:15;temperature;10.879;False
S0011;2026-01-02 04:20:15;ventilation;0.556;False
S0005;2026-01-02 04:20:15;ventilation;0.236;False
S0004;2026-01-02 04:20:15;CO2_level;853;False
S0010;2026-01-02 04:20:15;CO2_level;915;False
S0001;2026-01-02 04:20:30;temperature;15.081;True
S0009;2026-01-02 04:20:30;humidity;66.396;False
S0011;2026-01-02 04:20:30;ventilation;0.341;False
S0007;2026-01-02 04:20:30;temperature;13.612;False
S0003;2026-01-02 04:20:30;humidity;68.648;False
S0010;2026-01-02 04:20:30;CO2_level;1065;True
S0005;2026-01-02 04:20:30;ventilation;0.278;False
S0004;2026-01-02 04:20:30;CO2_level;903;True
S0004;2026-01-02 04:20:45;CO2_level;898;False
S0001;2026-01-02 04:20:45;temperature;11.306;False
S0005;2026-01-02 04:20:45;ventilation;0.272;False
S0007;2026-01-02 04:20:45;temperature;13.243;False
S0010;2026-01-02 04:20:45;CO2_level;814;False
S0011;2026-01-02 04:20:45;ventilation;0.415;False
S0005;2026-01-02 04:21:00;ventilation;null;True
S0004;2026-01-02 04:21:00;CO2_level;875;False
S0011;2026-01-02 04:21:00;ventilation;0.365;False
S0007;2026-01-02 04:21:00;temperature;14.343;False
S0009;2026-01-02 04:21:00;humidity;66.504;False
S0001;2026-01-02 04:21:00;temperature;10.613;False
S0003;2026-01-02 04:21:00;humidity;69.223;False
S0010;2026-01-02 04:21:00;CO2_level;953;False
S0011;2026-01-02 04:21:15;ventilation;0.278;False
S0001;2026-01-02 04:21:15;temperature;10.13;False
S0010;2026-01-02 04:21:15;CO2_level;1068;False
S0005;2026-01-02 04:21:15;ventilation;0.368;False
S0007;2026-01-02 04:21:15;temperature;12.407;True
S0004;2026-01-02 04:21:15;CO2_level;866;False
S0010;2026-01-02 04:21:30;CO2_level;932;False
S0005;2026-01-02 04:21:30;ventilation;0.414;False
S0003;2026-01-02 04:21:30;humidity;72.244;False
S0009;2026-01-02 04:21:30;humidity;74.871;False
S0001;2026-01-02 04:21:30;temperature;15.947;False
S0011;2026-01-02 04:21:30;ventilation;0.567;False
S0007;2026-01-02 04:21:30;temperature;12.139;False
S0004;2026-01-02 04:21:30;CO2_level;744;False
S0001;2026-01-02 04:21:45;temperature;10.473;False
S0010;2026-01-02 04:21:45;CO2_level;952;False
S0011;2026-01-02 04:21:45;ventilation;0.319;False
S0007;2026-01-02 04:21:45;temperature;15.472;False
S0005;2026-01-02 04:21:45;ventilation;0.582;False
S0004;2026-01-02 04:21:45;CO2_level;941;False
S0007;2026-01-02 04:22:00;temperature;13.751;False
S0009;2026-01-02 04:22:00;humidity;71.897;False
S0005;2026-01-02 04:22:00;ventilation;0.402;False
S0003;2026-01-02 04:22:00;humidity;73.147;False
S0011;2026-01-02 04:22:00;ventilation;0.259;False
S0004;2026-01-02 04:22:00;CO2_level;1056;False
S0010;2026-01-02 04:22:00;CO2_level;761;False
S0001;2026-01-02 04:22:00;temperature;14.898;False
S0010;2026-01-02 04:22:15;CO2_level;946;False
S0011;2026-01-02 04:22:15;ventilation;0.325;False
S0001;2026-01-02 04:22:15;temperature;11.098;False
S0004;2026-01-02 04:22:15;CO2_level;766;False
S0007;2026-01-02 04:22:15;temperature;12.603;False
S0005;2026-01-02 04:22:15;ventilation;0.561;False
S0010;2026-01-02 04:22:30;CO2_level;1069;False
S0004;2026-01-02 04:22:30;CO2_level;915;False
S0009;2026-01-02 04:22:30;humidity;74.852;False
S0003;2026-01-02 04:22:30;humidity;66.071;False
S0007;2026-01-02 04:22:30;temperature;10.528;False
S0001;2026-01-02 04:22:30;temperature;11.818;False
S0005;2026-01-02 04:22:30;ventilation;0.599;False
S0011;2026-01-02 04:22:30;ventilation;0.512;False
S0007;2026-01-02 04:22:45;temperature;15.978;False
S0001;2026-01-02 04:22:45;temperature;13.093;False
S0010;2026-01-02 04:22:45;CO2_level;800;False
S0004;2026-01-02 04:22:45;CO2_level;1021;False
S0005;2026-01-02 04:22:45;ventilation;0.466;False
S0011;2026-01-02 04:22:45;ventilation;0.48;False
S0001;2026-01-02 04:23:00;temperature;13.918;False
S0003;2026-01-02 04:23:00;humidity;74.007;False
S0007;2026-01-02 04:23:00;temperature;11.956;True
S0009;2026-01-02 04:23:00;humidity;70.235;False
S0004;2026-01-02 04:23:00;CO2_level;970;False
S0010;2026-01-02 04:23:00;CO2_level;1068;False
S0005;2026-01-02 04:23:00;ventilation;0.308;False
S0011;2026-01-02 04:23:00;ventilation;0.206;False
S0001;2026-01-02 04:23:15;temperature;15.693;False
S0005;2026-01-02 04:23:15;ventilation;0.272;False
S0004;2026-01-02 04:23:15;CO2_level;913;False
S0011;2026-01-02 04:23:15;ventilation;0.394;False
S0007;2026-01-02 04:23:15;temperature;14.907;False
S0010;2026-01-02 04:23:15;CO2_level;1053;False
S0010;2026-01-02 04:23:30;CO2_level;780;False
S0009;2026-01-02 04:23:30;humidity;70.289;False
S0003;2026-01-02 04:23:30;humidity;72.829;False
S0007;2026-01-02 04:23:30;temperature;12.978;False
S0005;2026-01-02 04:23:30;ventilation;0.364;False
S0004;2026-01-02 04:23:30;CO2_level;840;False
S0001;2026-01-02 04:23:30;temperature;10.024;False
S0011;2026-01-02 04:23:30;ventilation;0.424;False
S0004;2026-01-02 04:23:45;CO2_level;1026;True
S0010;2026-01-02 04:23:45;CO2_level;900;False
S0011;2026-01-02 04:23:45;ventilation;0.569;False
S0007;2026-01-02 04:23:45;temperature;11.232;False
S0005;2026-01-02 04:23:45;ventilation;0.373;False
S0001;2026-01-02 04:23:45;temperature;12.203;False
S0011;2026-01-02 04:24:00;ventilation;0.495;False
S0003;2026-01-02 04:24:00;humidity;69.73;False
S0005;2026-01-02 04:24:00;ventilation;0.221;True
S0010;2026-01-02 04:24:00;CO2_level;721;False
S0007;2026-01-02 04:24:00;temperature;11.999;False
S0009;2026-01-02 04:24:00;humidity;65.997;False
S0004;2026-01-02 04:24:00;CO2_level;804;False
S0001;2026-01-02 04:24:00;temperature;11.046;True
S0001;2026-01-02 04:24:15;temperature;13.137;False
S0010;2026-01-02 04:24:15;CO2_level;1022;False
S0011;2026-01-02 04:24:15;ventilation;null;True
S0004;2026-01-02 04:24:15;CO2_level;1060;False
S0007;2026-01-02 04:24:15;temperature;14.894;False
S0005;2026-01-02 04:24:15;ventilation;null;True
S0001;2026-01-02 04:24:30;temperature;11.412;False
S0007;2026-01-02 04:24:30;temperature;10.463;False
S0010;2026-01-02 04:24:30;CO2_level;768;False
S0004;2026-01-02 04:24:30;CO2_level;1087;False
S0009;2026-01-02 04:24:30;humidity;70.759;False
S0005;2026-01-02 04:24:30;ventilation;0.435;False
S0003;2026-01-02 04:24:30;humidity;66.968;False
S0011;2026-01-02 04:24:30;ventilation;0.216;False
S0011;2026-01-02 04:24:45;ventilation;0.263;False
S0007;2026-01-02 04:24:45;temperature;12.367;False
S0004;2026-01-02 04:24:45;CO2_level;1065;False
S0001;2026-01-02 04:24:45;temperature;10.338;False
S0010;2026-01-02 04:24:45;CO2_level;711;False
S0005;2026-01-02 04:24:45;ventilation;0.307;False
S0009;2026-01-02 04:25:00;humidity;70.9;False
S0003;2026-01-02 04:25:00;humidity;69.666;False
S0010;2026-01-02 04:25:00;CO2_level;750;False
S0011;2026-01-02 04:25:00;ventilation;0.527;False
S0005;2026-01-02 04:25:00;ventilation;0.574;False
S0007;2026-01-02 04:25:00;temperature;12.679;False
S0004;2026-01-02 04:25:00;CO2_level;1032;False
S0001;2026-01-02 04:25:00;temperature;11.934;False
S0011;2026-01-02 04:25:15;ventilation;null;True
S0004;2026-01-02 04:25:15;CO2_level;812;True
S0010;2026-01-02 04:25:15;CO2_level;717;False
S0007;2026-01-02 04:25:15;temperature;11.157;True
S0001;2026-01-02 04:25:15;temperature;13.749;False
S0005;2026-01-02 04:25:15;ventilation;0.203;False
S0010;2026-01-02 04:25:30;CO2_level;894;False
S0004;2026-01-02 04:25:30;CO2_level;889;False
S0003;2026-01-02 04:25:30;humidity;66.044;False
S0007;2026-01-02 04:25:30;temperature;15.654;False
S0011;2026-01-02 04:25:30;ventilation;0.574;False
S0009;2026-01-02 04:25:30;humidity;67.854;False
S0001;2026-01-02 04:25:30;temperature;14.288;False
S0005;2026-01-02 04:25:30;ventilation;0.429;False
S0007;2026-01-02 04:25:45;temperature;12.665;False
S0011;2026-01-02 04:25:45;ventilation;0.319;False
S0001;2026-01-02 04:25:45;temperature;14.409;False
S0010;2026-01-02 04:25:45;CO2_level;725;False
S0005;2026-01-02 04:25:45;ventilation;0.498;False
S0004;2026-01-02 04:25:45;CO2_level;1011;False
S0003;2026-01-02 04:26:00;humidity;68.188;False
S0005;2026-01-02 04:26:00;ventilation;0.517;False
S0004;2026-01-02 04:26:00;CO2_level;798;False
S0009;2026-01-02 04:26:00;humidity;72.247;False
S0011;2026-01-02 04:26:00;ventilation;0.268;False
S0010;2026-01-02 04:26:00;CO2_level;885;False
S0001;2026-01-02 04:26:00;temperature;10.424;False
S0007;2026-01-02 04:26:00;temperature;15.229;False
S0005;2026-01-02 04:26:15;ventilation;0.517;False
S0010;2026-01-02 04:26:15;CO2_level;1023;False
S0011;2026-01-02 04:26:15;ventilation;0.385;False
S0007;2026-01-02 04:26:15;temperature;11.859;False
S0001;2026-01-02 04:26:15;temperature;10.95;False
S0004;2026-01-02 04:26:15;CO2_level;1036;False
S0009;2026-01-02 04:26:30;humidity;69.686;False
S0007;2026-01-02 04:26:30;temperature;10.172;False
S0001;2026-01-02 04:26:30;temperature;10.963;True
S0010;2026-01-02 04:26:30;CO2_level;963;False
S0004;2026-01-02 04:26:30;CO2_level;820;False
S0005;2026-01-02 04:26:30;ventilation;0.475;False
S0003;2026-01-02 04:26:30;humidity;65.928;False
S0011;2026-01-02 04:26:30;ventilation;0.357;False
S0007;2026-01-02 04:26:45;temperature;13.434;False
S0011;2026-01-02 04:26:45;ventilation;0.315;False
S0004;2026-01-02 04:26:45;CO2_level;918;False
S0010;2026-01-02 04:26:45;CO2_level;814;False
S0005;2026-01-02 04:26:45;ventilation;0.394;False
S0001;2026-01-02 04:26:45;temperature;12.625;False
S0007;2026-01-02 04:27:00;temperature;15.627;False
S0005;2026-01-02 04:27:00;ventilation;0.56;False
S0001;2026-01-02 04:27:00;temperature;12.672;False
S0003;2026-01-02 04:27:00;humidity;65.189;False
S0009;2026-01-02 04:27:00;humidity;68.419;False
S0010;2026-01-02 04:27:00;CO2_level;1061;False
S0004;2026-01-02 04:27:00;CO2_level;819;False
S0011;2026-01-02 04:27:00;ventilation;0.504;False
S0011;2026-01-02 04:27:15;ventilation;0.282;False
S0001;2026-01-02 04:27:15;temperature;null;True
S0010;2026-01-02 04:27:15;CO2_level;1078;False
S0005;2026-01-02 04:27:15;ventilation;0.534;False
S0007;2026-01-02 04:27:15;temperature;14.347;False
S0004;2026-01-02 04:27:15;CO2_level;992;False
S0011;2026-01-02 04:27:30;ventilation;0.243;True
S0010;2026-01-02 04:27:30;CO2_level;1023;False
S0005;2026-01-02 04:27:30;ventilation;0.543;False
S0003;2026-01-02 04:27:30;humidity;67.686;False
S0007;2026-01-02 04:27:30;temperature;11.355;False
S0009;2026-01-02 04:27:30;humidity;68.494;False
S0001;2026-01-02 04:27:30;temperature;14.915;False
S0004;2026-01-02 04:27:30;CO2_level;843;False
S0001;2026-01-02 04:27:45;temperature;15.775;False
S0011;2026-01-02 04:27:45;ventilation;0.374;False
S0007;2026-01-02 04:27:45;temperature;10.666;False
S0004;2026-01-02 04:27:45;CO2_level;970;False
S0005;2026-01-02 04:27:45;ventilation;0.561;False
S0010;2026-01-02 04:27:45;CO2_level;730;False
S0004;2026-01-02 04:28:00;CO2_level;1052;True
S0009;2026-01-02 04:28:00;humidity;70.001;False
S0001;2026-01-02 04:28:00;temperature;15.732;False
S0011;2026-01-02 04:28:00;ventilation;0.247;False
S0005;2026-01-02 04:28:00;ventilation;0.503;False
S0007;2026-01-02 04:28:00;temperature;15.216;False
S0003;2026-01-02 04:28:00;humidity;66.504;False
S0010;2026-01-02 04:28:00;CO2_level;1016;False
S0011;2026-01-02 04:28:15;ventilation;0.548;False
S0004;2026-01-02 04:28:15;CO2_level;722;False
S0001;2026-01-02 04:28:15;temperature;12.897;False
S0010;2026-01-02 04:28:15;CO2_level;973;False
S0005;2026-01-02 04:28:15;ventilation;0.333;True
S0007;2026-01-02 04:28:15;temperature;14.136;False
S0011;2026-01-02 04:28:30;ventilation;0.384;False
S0004;2026-01-02 04:28:30;CO2_level;701;False
S0009;2026-01-02 04:28:30;humidity;66.258;True
S0001;2026-01-02 04:28:30;temperature;15.551;False
S0007;2026-01-02 04:28:30;temperature;14.028;False
S0003;2026-01-02 04:28:30;humidity;72.727;False
S0010;2026-01-02 04:28:30;CO2_level;1063;False
S0005;2026-01-02 04:28:30;ventilation;0.302;False
S0010;2026-01-02 04:28:45;CO2_level;829;False
S0004;2026-01-02 04:28:45;CO2_level;750;False
S0007;2026-01-02 04:28:45;temperature;13.185;False
S0011;2026-01-02 04:28:45;ventilation;0.415;False
S0001;2026-01-02 04:28:45;temperature;10.318;False
S0005;2026-01-02 04:28:45;ventilation;0.516;False
S0004;2026-01-02 04:29:00;CO2_level;889;False
S0001;2026-01-02 04:29:00;temperature;13.466;False
S0009;2026-01-02 04:29:00;humidity;66.306;False
S0003;2026-01-02 04:29:00;humidity;73.444;False
S0010;2026-01-02 04:29:00;CO2_level;925;False
S0011;2026-01-02 04:29:00;ventilation;0.256;False
S0005;2026-01-02 04:29:00;ventilation;null;True
S0007;2026-01-02 04:29:00;temperature;14.626;False
S0007;2026-01-02 04:29:15;temperature;14.645;False
S0011;2026-01-02 04:29:15;ventilation;0.388;False
S0010;2026-01-02 04:29:15;CO2_level;null;True
S0004;2026-01-02 04:29:15;CO2_level;1087;False
S0001;2026-01-02 04:29:15;temperature;15.118;True
S0005;2026-01-02 04:29:15;ventilation;0.533;True
S0009;2026-01-02 04:29:30;humidity;74.385;False
S0005;2026-01-02 04:29:30;ventilation;0.519;False
S0010;2026-01-02 04:29:30;CO2_level;839;False
S0004;2026-01-02 04:29:30;CO2_level;1080;False
S0003;2026-01-02 04:29:30;humidity;74.927;False
S0001;2026-01-02 04:29:30;temperature;null;True
S0011;2026-01-02 04:29:30;ventilation;0.41;False
S0007;2026-01-02 04:29:30;temperature;12.81;False
S0010;2026-01-02 04:29:45;CO2_level;873;False
S0011;2026-01-02 04:29:45;ventilation;0.533;False
S0001;2026-01-02 04:29:45;temperature;13.584;False
S0007;2026-01-02 04:29:45;temperature;15.441;False
S0005;2026-01-02 04:29:45;ventilation;0.525;False
S0004;2026-01-02 04:29:45;CO2_level;1053;False
S0004;2026-01-02 04:30:00;CO2_level;717;False
S0011;2026-01-02 04:30:00;ventilation;0.551;False
S0001;2026-01-02 04:30:00;temperature;12.04;False
S0003;2026-01-02 04:30:00;humidity;69.378;False
S0010;2026-01-02 04:30:00;CO2_level;983;False
S0007;2026-01-02 04:30:00;temperature;15.623;False
S0009;2026-01-02 04:30:00;humidity;71.463;False
S0005;2026-01-02 04:30:00;ventilation;null;True
S0005;2026-01-02 04:30:15;ventilation;0.503;False
S0010;2026-01-02 04:30:15;CO2_level;1062;False
S0004;2026-01-02 04:30:15;CO2_level;1050;True
S0011;2026-01-02 04:30:15;ventilation;0.501;False
S0001;2026-01-02 04:30:15;temperature;13.558;False
S0007;2026-01-02 04:30:15;temperature;12.882;False
S0010;2026-01-02 04:30:30;CO2_level;844;False
S0009;2026-01-02 04:30:30;humidity;66.451;True
S0004;2026-01-02 04:30:30;CO2_level;815;False
S0001;2026-01-02 04:30:30;temperature;15.458;False
S0003;2026-01-02 04:30:30;humidity;70.268;False
S0005;2026-01-02 04:30:30;ventilation;0.328;False
S0011;2026-01-02 04:30:30;ventilation;0.254;False
S0007;2026-01-02 04:30:30;temperature;14.122;False
S0001;2026-01-02 04:30:45;temperature;11.905;False
S0011;2026-01-02 04:30:45;ventilation;null;True
S0005;2026-01-02 04:30:45;ventilation;0.249;False
S0010;2026-01-02 04:30:45;CO2_level;723;False
S0007;2026-01-02 04:30:45;temperature;12.569;False
S0004;2026-01-02 04:30:45;CO2_level;1084;False
S0010;2026-01-02 04:31:00;CO2_level;1048;False
S0005;2026-01-02 04:31:00;ventilation;0.26;False
S0001;2026-01-02 04:31:00;temperature;13.263;True
S0007;2026-01-02 04:31:00;temperature;14.478;False
S0011;2026-01-02 04:31:00;ventilation;0.536;False
S0004;2026-01-02 04:31:00;CO2_level;901;False
S0003;2026-01-02 04:31:00;humidity;65.457;False
S0009;2026-01-02 04:31:00;humidity;65.433;False
S0005;2026-01-02 04:31:15;ventilation;0.254;False
S0001;2026-01-02 04:31:15;temperature;10.077;False
S0011;2026-01-02 04:31:15;ventilation;0.307;False
S0010;2026-01-02 04:31:15;CO2_level;953;False
S0004;2026-01-02 04:31:15;CO2_level;1065;False
S0007;2026-01-02 04:31:15;temperature;10.113;False
S0009;2026-01-02 04:31:30;humidity;65.379;False
S0010;2026-01-02 04:31:30;CO2_level;912;False
S0001;2026-01-02 04:31:30;temperature;12.12;False
S0005;2026-01-02 04:31:30;ventilation;0.437;False
S0011;2026-01-02 04:31:30;ventilation;0.58;False
S0007;2026-01-02 04:31:30;temperature;12.521;False
S0004;2026-01-02 04:31:30;CO2_level;762;False
S0003;2026-01-02 04:31:30;humidity;72.442;False
S0005;2026-01-02 04:31:45;ventilation;0.596;False
S0011;2026-01-02 04:31:45;ventilation;0.598;False
S0004;2026-01-02 04:31:45;CO2_level;954;False
S0010;2026-01-02 04:31:45;CO2_level;725;False
S0001;2026-01-02 04:31:45;temperature;13.654;False
S0007;2026-01-02 04:31:45;temperature;10.063;True
S0003;2026-01-02 04:32:00;humidity;72.303;False
S0010;2026-01-02 04:32:00;CO2_level;728;False
S0009;2026-01-02 04:32:00;humidity;66.041;True
S0001;2026-01-02 04:32:00;temperature;12.214;False
S0005;2026-01-02 04:32:00;ventilation;0.521;False
S0007;2026-01-02 04:32:00;temperature;11.573;False
S0004;2026-01-02 04:32:00;CO2_level;895;False
S0011;2026-01-02 04:32:00;ventilation;0.421;True
S0001;2026-01-02 04:32:15;temperature;12.931;False
S0005;2026-01-02 04:32:15;ventilation;0.372;False
S0007;2026-01-02 04:32:15;temperature;11.737;True
S0011;2026-01-02 04:32:15;ventilation;0.218;False
S0010;2026-01-02 04:32:15;CO2_level;898;False
S0004;2026-01-02 04:32:15;CO2_level;827;False
S0011;2026-01-02 04:32:30;ventilation;0.575;False
S0007;2026-01-02 04:32:30;temperature;15.48;False
S0001;2026-01-02 04:32:30;temperature;12.604;False
S0010;2026-01-02 04:32:30;CO2_level;791;False
S0009;2026-01-02 04:32:30;humidity;66.147;False
S0004;2026-01-02 04:32:30;CO2_level;1080;False
S0003;2026-01-02 04:32:30;humidity;73.889;False
S0005;2026-01-02 04:32:30;ventilation;0.442;False
S0007;2026-01-02 04:32:45;temperature;10.203;False
S0001;2026-01-02 04:32:45;temperature;12.921;False
S0010;2026-01-02 04:32:45;CO2_level;956;False
S0005;2026-01-02 04:32:45;ventilation;0.578;False
S0004;2026-01-02 04:32:45;CO2_level;738;False
S0011;2026-01-02 04:32:45;ventilation;0.525;False
S0010;2026-01-02 04:33:00;CO2_level;1088;False
S0007;2026-01-02 04:33:00;temperature;15.895;False
S0003;2026-01-02 04:33:00;humidity;66.567;True
S0011;2026-01-02 04:33:00;ventilation;0.37;False
S0001;2026-01-02 04:33:00;temperature;11.523;False
S0005;2026-01-02 04:33:00;ventilation;0.325;False
S0009;2026-01-02 04:33:00;humidity;65.705;False
S0004;2026-01-02 04:33:00;CO2_level;1073;False
S0007;2026-01-02 04:33:15;temperature;11.628;False
S0010;2026-01-02 04:33:15;CO2_level;1008;False
S0001;2026-01-02 04:33:15;temperature;11.202;False
S0011;2026-01-02 04:33:15;ventilation;0.554;False
S0004;2026-01-02 04:33:15;CO2_level;1019;True
S0005;2026-01-02 04:33:15;ventilation;0.234;False
S0004;2026-01-02 04:33:30;CO2_level;1048;False
S0010;2026-01-02 04:33:30;CO2_level;780;False
S0003;2026-01-02 04:33:30;humidity;68.231;False
S0005;2026-01-02 04:33:30;ventilation;0.29;False
S0001;2026-01-02 04:33:30;temperature;12.627;False
S0009;2026-01-02 04:33:30;humidity;74.526;False
S0007;2026-01-02 04:33:30;temperature;10.033;False
S0011;2026-01-02 04:33:30;ventilation;0.267;False
S0004;2026-01-02 04:33:45;CO2_level;912;False
S0001;2026-01-02 04:33:45;temperature;15.533;False
S0011;2026-01-02 04:33:45;ventilation;0.516;False
S0007;2026-01-02 04:33:45;temperature;13.167;False
S0005;2026-01-02 04:33:45;ventilation;0.289;False
S0010;2026-01-02 04:33:45;CO2_level;1069;False
S0001;2026-01-02 04:34:00;temperature;11.415;False
S0003;2026-01-02 04:34:00;humidity;65.206;False
S0010;2026-01-02 04:34:00;CO2_level;963;False
S0007;2026-01-02 04:34:00;temperature;15.448;False
S0011;2026-01-02 04:34:00;ventilation;0.494;False
S0005;2026-01-02 04:34:00;ventilation;0.22;False
S0004;2026-01-02 04:34:00;CO2_level;990;False
S0009;2026-01-02 04:34:00;humidity;66.919;False
S0005;2026-01-02 04:34:15;ventilation;0.24;False
S0004;2026-01-02 04:34:15;CO2_level;917;False
S0011;2026-01-02 04:34:15;ventilation;0.366;False
S0007;2026-01-02 04:34:15;temperature;15.188;False
S0001;2026-01-02 04:34:15;temperature;12.475;False
S0010;2026-01-02 04:34:15;CO2_level;862;False
S0007;2026-01-02 04:34:30;temperature;12.868;False
S0003;2026-01-02 04:34:30;humidity;73.954;False
S0001;2026-01-02 04:34:30;temperature;12.582;False
S0010;2026-01-02 04:34:30;CO2_level;859;False
S0004;2026-01-02 04:34:30;CO2_level;781;False
S0011;2026-01-02 04:34:30;ventilation;0.403;False
S0009;2026-01-02 04:34:30;humidity;68.932;False
S0005;2026-01-02 04:34:30;ventilation;0.322;False
S0004;2026-01-02 04:34:45;CO2_level;1043;False
S0007;2026-01-02 04:34:45;temperature;15.043;False
S0005;2026-01-02 04:34:45;ventilation;0.402;False
S0011;2026-01-02 04:34:45;ventilation;0.221;False
S0010;2026-01-02 04:34:45;CO2_level;705;True
S0001;2026-01-02 04:34:45;temperature;12.648;True
S0005;2026-01-02 04:35:00;ventilation;0.572;False
S0003;2026-01-02 04:35:00;humidity;73.061;False
S0009;2026-01-02 04:35:00;humidity;65.802;False
S0010;2026-01-02 04:35:00;CO2_level;1032;False
S0001;2026-01-02 04:35:00;temperature;13.812;False
S0004;2026-01-02 04:35:00;CO2_level;747;False
S0011;2026-01-02 04:35:00;ventilation;0.452;False
S0007;2026-01-02 04:35:00;temperature;14.889;False
S0001;2026-01-02 04:35:15;temperature;10.023;False
S0011;2026-01-02 04:35:15;ventilation;0.579;False
S0004;2026-01-02 04:35:15;CO2_level;979;False
S0010;2026-01-02 04:35:15;CO2_level;753;False
S0007;2026-01-02 04:35:15;temperature;11.285;False
S0005;2026-01-02 04:35:15;ventilation;0.397;False
S0003;2026-01-02 04:35:30;humidity;65.345;False
S0009;2026-01-02 04:35:30;humidity;71.562;False
S0004;2026-01-02 04:35:30;CO2_level;1080;True
S0010;2026-01-02 04:35:30;CO2_level;829;False
S0005;2026-01-02 04:35:30;ventilation;0.569;False
S0001;2026-01-02 04:35:30;temperature;15.798;False
S0011;2026-01-02 04:35:30;ventilation;0.387;False
S0007;2026-01-02 04:35:30;temperature;12.936;False
S0010;2026-01-02 04:35:45;CO2_level;833;False
S0004;2026-01-02 04:35:45;CO2_level;707;False
S0001;2026-01-02 04:35:45;temperature;10.688;False
S0011;2026-01-02 04:35:45;ventilation;0.27;False
S0005;2026-01-02 04:35:45;ventilation;0.45;False
S0007;2026-01-02 04:35:45;temperature;15.209;True
S0003;2026-01-02 04:36:00;humidity;74.018;False
S0004;2026-01-02 04:36:00;CO2_level;870;False
S0011;2026-01-02 04:36:00;ventilation;0.354;False
S0009;2026-01-02 04:36:00;humidity;74.395;False
S0005;2026-01-02 04:36:00;ventilation;0.325;False
S0010;2026-01-02 04:36:00;CO2_level;808;False
S0007;2026-01-02 04:36:00;temperature;10.311;False
S0001;2026-01-02 04:36:00;temperature;10.341;False
S0007;2026-01-02 04:36:15;temperature;12.902;False
S0001;2026-01-02 04:36:15;temperature;12.588;False
S0005;2026-01-02 04:36:15;ventilation;0.271;False
S0011;2026-01-02 04:36:15;ventilation;0.599;False
S0004;2026-01-02 04:36:15;CO2_level;1070;False
S0010;2026-01-02 04:36:15;CO2_level;850;False
S0007;2026-01-02 04:36:30;temperature;13.134;False
S0001;2026-01-02 04:36:30;temperature;14.644;False
S0004;2026-01-02 04:36:30;CO2_level;881;False
S0010;2026-01-02 04:36:30;CO2_level;1014;True
S0009;2026-01-02 04:36:30;humidity;68.328;False
S0003;2026-01-02 04:36:30;humidity;66.773;False
S0011;2026-01-02 04:36:30;ventilation;0.322;False
S0005;2026-01-02 04:36:30;ventilation;0.543;False
S0011;2026-01-02 04:36:45;ventilation;0.39;False
S0001;2026-01-02 04:36:45;temperature;10.129;False
S0007;2026-01-02 04:36:45;temperature;13.604;False
S0005;2026-01-02 04:36:45;ventilation;0.483;False
S0010;2026-01-02 04:36:45;CO2_level;788;False
S0004;2026-01-02 04:36:45;CO2_level;956;False
S0004;2026-01-02 04:37:00;CO2_level;1090;False
S0010;2026-01-02 04:37:00;CO2_level;919;False
S0009;2026-01-02 04:37:00;humidity;65.718;False
S0001;2026-01-02 04:37:00;temperature;14.601;False
S0003;2026-01-02 04:37:00;humidity;74.549;False
S0005;2026-01-02 04:37:00;ventilation;0.548;False
S0011;2026-01-02 04:37:00;ventilation;0.369;False
S0007;2026-01-02 04:37:00;temperature;14.631;False
S0004;2026-01-02 04:37:15;CO2_level;742;False
S0001;2026-01-02 04:37:15;temperature;10.788;False
S0005;2026-01-02 04:37:15;ventilation;0.296;False
S0011;2026-01-02 04:37:15;ventilation;0.587;False
S0010;2026-01-02 04:37:15;CO2_level;1000;False
S0007;2026-01-02 04:37:15;temperature;10.886;False
S0001;2026-01-02 04:37:30;temperature;12.665;False
S0011;2026-01-02 04:37:30;ventilation;0.385;False
S0010;2026-01-02 04:37:30;CO2_level;898;False
S0003;2026-01-02 04:37:30;humidity;65.983;False
S0005;2026-01-02 04:37:30;ventilation;0.304;False
S0007;2026-01-02 04:37:30;temperature;null;True
S0004;2026-01-02 04:37:30;CO2_level;751;False
S0009;2026-01-02 04:37:30;humidity;73.87;False
S0007;2026-01-02 04:37:45;temperature;13.118;False
S0001;2026-01-02 04:37:45;temperature;14.742;False
S0004;2026-01-02 04:37:45;CO2_level;767;False
S0005;2026-01-02 04:37:45;ventilation;0.571;False
S0010;2026-01-02 04:37:45;CO2_level;992;False
S0011;2026-01-02 04:37:45;ventilation;0.471;False
S0001;2026-01-02 04:38:00;temperature;10.397;False
S0003;2026-01-02 04:38:00;humidity;74.84;True
S0004;2026-01-02 04:38:00;CO2_level;1087;False
S0009;2026-01-02 04:38:00;humidity;74.259;False
S0010;2026-01-02 04:38:00;CO2_level;null;True
S0007;2026-01-02 04:38:00;temperature;13.407;False
S0005;2026-01-02 04:38:00;ventilation;0.32;False
S0011;2026-01-02 04:38:00;ventilation;0.483;False
S0011;2026-01-02 04:38:15;ventilation;0.234;False
S0010;2026-01-02 04:38:15;CO2_level;724;False
S0005;2026-01-02 04:38:15;ventilation;0.289;False
S0004;2026-01-02 04:38:15;CO2_level;864;False
S0007;2026-01-02 04:38:15;temperature;14.628;False
S0001;2026-01-02 04:38:15;temperature;15.113;False
S0009;2026-01-02 04:38:30;humidity;71.049;False
S0001;2026-01-02 04:38:30;temperature;11.202;False
S0010;2026-01-02 04:38:30;CO2_level;null;True
S0003;2026-01-02 04:38:30;humidity;74.037;False
S0007;2026-01-02 04:38:30;temperature;14.577;False
S0005;2026-01-02 04:38:30;ventilation;0.291;False
S0004;2026-01-02 04:38:30;CO2_level;743;False
S0011;2026-01-02 04:38:30;ventilation;0.575;False
S0011;2026-01-02 04:38:45;ventilation;0.489;False
S0010;2026-01-02 04:38:45;CO2_level;952;False
S0004;2026-01-02 04:38:45;CO2_level;829;False
S0005;2026-01-02 04:38:45;ventilation;0.387;False
S0001;2026-01-02 04:38:45;temperature;15.246;False
S0007;2026-01-02 04:38:45;temperature;10.023;False
S0007;2026-01-02 04:39:00;temperature;11.777;False
S0005;2026-01-02 04:39:00;ventilation;0.281;False
S0011;2026-01-02 04:39:00;ventilation;0.404;False
S0009;2026-01-02 04:39:00;humidity;72.175;False
S0004;2026-01-02 04:39:00;CO2_level;961;False
S0010;2026-01-02 04:39:00;CO2_level;755;False
S0001;2026-01-02 04:39:00;temperature;10.726;False
S0003;2026-01-02 04:39:00;humidity;72.554;False
S0004;2026-01-02 04:39:15;CO2_level;922;False
S0011;2026-01-02 04:39:15;ventilation;0.593;False
S0001;2026-01-02 04:39:15;temperature;15.787;False
S0005;2026-01-02 04:39:15;ventilation;0.6;False
S0010;2026-01-02 04:39:15;CO2_level;1037;False
S0007;2026-01-02 04:39:15;temperature;14.519;False
S0011;2026-01-02 04:39:30;ventilation;0.552;False
S0009;2026-01-02 04:39:30;humidity;74.31;False
S0004;2026-01-02 04:39:30;CO2_level;728;True
S0001;2026-01-02 04:39:30;temperature;10.376;False
S0003;2026-01-02 04:39:30;humidity;69.029;False
S0005;2026-01-02 04:39:30;ventilation;0.285;False
S0007;2026-01-02 04:39:30;temperature;14.728;False
S0010;2026-01-02 04:39:30;CO2_level;854;False
S0010;2026-01-02 04:39:45;CO2_level;889;False
S0005;2026-01-02 04:39:45;ventilation;0.266;False
S0011;2026-01-02 04:39:45;ventilation;0.555;False
S0007;2026-01-02 04:39:45;temperature;15.53;True
S0004;2026-01-02 04:39:45;CO2_level;811;False
S0001;2026-01-02 04:39:45;temperature;10.532;False
S0001;2026-01-02 04:40:00;temperature;11.308;True
S0010;2026-01-02 04:40:00;CO2_level;932;False
S0005;2026-01-02 04:40:00;ventilation;0.53;False
S0007;2026-01-02 04:40:00;temperature;10.645;False
S0009;2026-01-02 04:40:00;humidity;71.696;False
S0004;2026-01-02 04:40:00;CO2_level;1036;False
S0011;2026-01-02 04:40:00;ventilation;0.475;False
S0003;2026-01-02 04:40:00;humidity;70.139;False
S0011;2026-01-02 04:40:15;ventilation;0.486;False
S0010;2026-01-02 04:40:15;CO2_level;760;False
S0001;2026-01-02 04:40:15;temperature;null;True
S0007;2026-01-02 04:40:15;temperature;13.024;False
S0004;2026-01-02 04:40:15;CO2_level;854;False
S0005;2026-01-02 04:40:15;ventilation;0.418;False
S0005;2026-01-02 04:40:30;ventilation;0.448;False
S0003;2026-01-02 04:40:30;humidity;69.403;False
S0009;2026-01-02 04:40:30;humidity;67.849;False
S0010;2026-01-02 04:40:30;CO2_level;887;False
S0004;2026-01-02 04:40:30;CO2_level;1039;True
S0001;2026-01-02 04:40:30;temperature;15.207;False
S0007;2026-01-02 04:40:30;temperature;10.36;False
S0011;2026-01-02 04:40:30;ventilation;0.489;False
S0001;2026-01-02 04:40:45;temperature;15.005;False
S0010;2026-01-02 04:40:45;CO2_level;895;False
S0011;2026-01-02 04:40:45;ventilation;0.221;True
S0005;2026-01-02 04:40:45;ventilation;0.25;False
S0004;2026-01-02 04:40:45;CO2_level;1047;False
S0007;2026-01-02 04:40:45;temperature;15.939;False
S0003;2026-01-02 04:41:00;humidity;74.392;True
S0009;2026-01-02 04:41:00;humidity;73.323;False
S0005;2026-01-02 04:41:00;ventilation;0.584;False
S0010;2026-01-02 04:41:00;CO2_level;1061;False
S0004;2026-01-02 04:41:00;CO2_level;842;False
S0011;2026-01-02 04:41:00;ventilation;0.267;False
S0007;2026-01-02 04:41:00;temperature;15.648;False
S0001;2026-01-02 04:41:00;temperature;15.412;False
S0007;2026-01-02 04:41:15;temperature;12.258;False
S0010;2026-01-02 04:41:15;CO2_level;null;True
S0001;2026-01-02 04:41:15;temperature;13.048;False
S0005;2026-01-02 04:41:15;ventilation;0.568;False
S0011;2026-01-02 04:41:15;ventilation;0.564;False
S0004;2026-01-02 04:41:15;CO2_level;984;False
S0004;2026-01-02 04:41:30;CO2_level;1063;False
S0005;2026-01-02 04:41:30;ventilation;0.255;False
S0003;2026-01-02 04:41:30;humidity;65.946;False
S0010;2026-01-02 04:41:30;CO2_level;1026;False
S0007;2026-01-02 04:41:30;temperature;14.441;False
S0001;2026-01-02 04:41:30;temperature;12.27;False
S0011;2026-01-02 04:41:30;ventilation;0.501;False
S0009;2026-01-02 04:41:30;humidity;66.548;False
S0007;2026-01-02 04:41:45;temperature;13.264;False
S0001;2026-01-02 04:41:45;temperature;11.237;False
S0004;2026-01-02 04:41:45;CO2_level;749;False
S0011;2026-01-02 04:41:45;ventilation;0.514;True
S0005;2026-01-02 04:41:45;ventilation;0.465;False
S0010;2026-01-02 04:41:45;CO2_level;739;False
S0001;2026-01-02 04:42:00;temperature;12.454;False
S0005;2026-01-02 04:42:00;ventilation;0.275;False
S0011;2026-01-02 04:42:00;ventilation;0.296;False
S0010;2026-01-02 04:42:00;CO2_level;728;False
S0007;2026-01-02 04:42:00;temperature;14.984;False
S0009;2026-01-02 04:42:00;humidity;65.267;False
S0003;2026-01-02 04:42:00;humidity;70.601;False
S0004;2026-01-02 04:42:00;CO2_level;739;False
S0001;2026-01-02 04:42:15;temperature;10.185;False
S0011;2026-01-02 04:42:15;ventilation;0.394;False
S0010;2026-01-02 04:42:15;CO2_level;729;False
S0005;2026-01-02 04:42:15;ventilation;0.34;False
S0004;2026-01-02 04:42:15;CO2_level;884;False
S0007;2026-01-02 04:42:15;temperature;10.117;False
S0011;2026-01-02 04:42:30;ventilation;0.288;False
S0003;2026-01-02 04:42:30;humidity;69.278;False
S0005;2026-01-02 04:42:30;ventilation;0.571;False
S0004;2026-01-02 04:42:30;CO2_level;885;False
S0001;2026-01-02 04:42:30;temperature;14.204;False
S0009;2026-01-02 04:42:30;humidity;65.28;False
S0010;2026-01-02 04:42:30;CO2_level;null;True
S0007;2026-01-02 04:42:30;temperature;13.957;False
S0004;2026-01-02 04:42:45;CO2_level;916;False
S0007;2026-01-02 04:42:45;temperature;12.82;False
S0001;2026-01-02 04:42:45;temperature;11.856;False
S0011;2026-01-02 04:42:45;ventilation;0.459;False
S0005;2026-01-02 04:42:45;ventilation;0.292;False
S0010;2026-01-02 04:42:45;CO2_level;992;False
S0004;2026-01-02 04:43:00;CO2_level;779;False
S0007;2026-01-02 04:43:00;temperature;12.259;True
S0001;2026-01-02 04:43:00;temperature;13.696;False
S0005;2026-01-02 04:43:00;ventilation;0.24;False
S0009;2026-01-02 04:43:00;humidity;67.462;False
S0011;2026-01-02 04:43:00;ventilation;0.307;False
S0010;2026-01-02 04:43:00;CO2_level;886;True
S0003;2026-01-02 04:43:00;humidity;69.862;False
S0004;2026-01-02 04:43:15;CO2_level;721;False
S0005;2026-01-02 04:43:15;ventilation;0.32;False
S0001;2026-01-02 04:43:15;temperature;15.713;False
S0011;2026-01-02 04:43:15;ventilation;0.402;True
S0007;2026-01-02 04:43:15;temperature;10.848;False
S0010;2026-01-02 04:43:15;CO2_level;997;False
S0011;2026-01-02 04:43:30;ventilation;0.403;False
S0010;2026-01-02 04:43:30;CO2_level;712;False
S0005;2026-01-02 04:43:30;ventilation;0.522;False
S0009;2026-01-02 04:43:30;humidity;65.739;True
S0004;2026-01-02 04:43:30;CO2_level;null;True
S0001;2026-01-02 04:43:30;temperature;14.727;False
S0003;2026-01-02 04:43:30;humidity;71.53;False
S0007;2026-01-02 04:43:30;temperature;15.265;False
S0005;2026-01-02 04:43:45;ventilation;0.256;False
S0007;2026-01-02 04:43:45;temperature;15.348;False
S0011;2026-01-02 04:43:45;ventilation;0.423;False
S0010;2026-01-02 04:43:45;CO2_level;973;False
S0001;2026-01-02 04:43:45;temperature;10.623;False
S0004;2026-01-02 04:43:45;CO2_level;747;False
S0007;2026-01-02 04:44:00;temperature;15.187;False
S0004;2026-01-02 04:44:00;CO2_level;791;False
S0001;2026-01-02 04:44:00;temperature;12.494;False
S0003;2026-01-02 04:44:00;humidity;68.722;False
S0005;2026-01-02 04:44:00;ventilation;0.228;False
S0010;2026-01-02 04:44:00;CO2_level;1044;False
S0011;2026-01-02 04:44:00;ventilation;0.376;False
S0009;2026-01-02 04:44:00;humidity;74.87;False
S0001;2026-01-02 04:44:15;temperature;11.624;False
S0004;2026-01-02 04:44:15;CO2_level;825;False
S0005;2026-01-02 04:44:15;ventilation;0.564;False
S0010;2026-01-02 04:44:15;CO2_level;740;True
S0007;2026-01-02 04:44:15;temperature;10.686;False
S0011;2026-01-02 04:44:15;ventilation;0.4;False
S0001;2026-01-02 04:44:30;temperature;12.934;False
S0010;2026-01-02 04:44:30;CO2_level;943;False
S0009;2026-01-02 04:44:30;humidity;71.474;False
S0011;2026-01-02 04:44:30;ventilation;0.421;False
S0005;2026-01-02 04:44:30;ventilation;0.389;False
S0003;2026-01-02 04:44:30;humidity;71.754;False
S0007;2026-01-02 04:44:30;temperature;13.335;False
S0004;2026-01-02 04:44:30;CO2_level;798;False
S0001;2026-01-02 04:44:45;temperature;12.792;False
S0010;2026-01-02 04:44:45;CO2_level;983;False
S0005;2026-01-02 04:44:45;ventilation;0.493;False
S0011;2026-01-02 04:44:45;ventilation;0.259;False
S0007;2026-01-02 04:44:45;temperature;13.35;False
S0004;2026-01-02 04:44:45;CO2_level;761;False
S0010;2026-01-02 04:45:00;CO2_level;893;False
S0004;2026-01-02 04:45:00;CO2_level;776;False
S0001;2026-01-02 04:45:00;temperature;15.227;False
S0009;2026-01-02 04:45:00;humidity;65.43;False
S0003;2026-01-02 04:45:00;humidity;67.245;False
S0005;2026-01-02 04:45:00;ventilation;0.227;True
S0007;2026-01-02 04:45:00;temperature;12.385;False
S0011;2026-01-02 04:45:00;ventilation;0.212;False
S0001;2026-01-02 04:45:15;temperature;12.519;False
S0004;2026-01-02 04:45:15;CO2_level;708;True
S0011;2026-01-02 04:45:15;ventilation;0.586;False
S0010;2026-01-02 04:45:15;CO2_level;802;False
S0007;2026-01-02 04:45:15;temperature;10.569;False
S0005;2026-01-02 04:45:15;ventilation;0.527;False
S0011;2026-01-02 04:45:30;ventilation;0.561;False
S0005;2026-01-02 04:45:30;ventilation;null;True
S0003;2026-01-02 04:45:30;humidity;66.626;False
S0007;2026-01-02 04:45:30;temperature;11.441;False
S0001;2026-01-02 04:45:30;temperature;12.643;False
S0004;2026-01-02 04:45:30;CO2_level;964;False
S0009;2026-01-02 04:45:30;humidity;73.962;False
S0010;2026-01-02 04:45:30;CO2_level;812;False
S0005;2026-01-02 04:45:45;ventilation;0.599;False
S0007;2026-01-02 04:45:45;temperature;10.916;False
S0004;2026-01-02 04:45:45;CO2_level;894;False
S0011;2026-01-02 04:45:45;ventilation;0.332;False
S0001;2026-01-02 04:45:45;temperature;12.449;False
S0010;2026-01-02 04:45:45;CO2_level;761;False
S0005;2026-01-02 04:46:00;ventilation;0.441;False
S0010;2026-01-02 04:46:00;CO2_level;924;False
S0003;2026-01-02 04:46:00;humidity;72.135;False
S0004;2026-01-02 04:46:00;CO2_level;1020;False
S0011;2026-01-02 04:46:00;ventilation;0.472;True
S0007;2026-01-02 04:46:00;temperature;14.333;False
S0009;2026-01-02 04:46:00;humidity;67.531;False
S0001;2026-01-02 04:46:00;temperature;13.001;False
S0011;2026-01-02 04:46:15;ventilation;0.348;False
S0004;2026-01-02 04:46:15;CO2_level;1050;False
S0010;2026-01-02 04:46:15;CO2_level;948;False
S0007;2026-01-02 04:46:15;temperature;11.734;False
S0005;2026-01-02 04:46:15;ventilation;0.307;False
S0001;2026-01-02 04:46:15;temperature;13.655;False
S0009;2026-01-02 04:46:30;humidity;70.526;True
S0010;2026-01-02 04:46:30;CO2_level;741;False
S0007;2026-01-02 04:46:30;temperature;11.96;False
S0004;2026-01-02 04:46:30;CO2_level;826;False
S0001;2026-01-02 04:46:30;temperature;14.537;False
S0003;2026-01-02 04:46:30;humidity;69.532;False
S0011;2026-01-02 04:46:30;ventilation;0.586;False
S0005;2026-01-02 04:46:30;ventilation;0.565;False
S0010;2026-01-02 04:46:45;CO2_level;913;False
S0007;2026-01-02 04:46:45;temperature;15.029;False
S0004;2026-01-02 04:46:45;CO2_level;1071;False
S0005;2026-01-02 04:46:45;ventilation;0.348;False
S0001;2026-01-02 04:46:45;temperature;15.765;False
S0011;2026-01-02 04:46:45;ventilation;0.392;True
S0001;2026-01-02 04:47:00;temperature;11.027;False
S0007;2026-01-02 04:47:00;temperature;10.964;True
S0004;2026-01-02 04:47:00;CO2_level;784;False
S0003;2026-01-02 04:47:00;humidity;73.141;False
S0005;2026-01-02 04:47:00;ventilation;0.454;False
S0009;2026-01-02 04:47:00;humidity;65.858;False
S0010;2026-01-02 04:47:00;CO2_level;823;False
S0011;2026-01-02 04:47:00;ventilation;0.49;False
S0007;2026-01-02 04:47:15;temperature;12.421;False
S0010;2026-01-02 04:47:15;CO2_level;1024;False
S0001;2026-01-02 04:47:15;temperature;14.09;False
S0005;2026-01-02 04:47:15;ventilation;0.436;False
S0004;2026-01-02 04:47:15;CO2_level;957;False
S0011;2026-01-02 04:47:15;ventilation;0.349;False
S0004;2026-01-02 04:47:30;CO2_level;1065;False
S0003;2026-01-02 04:47:30;humidity;74.449;False
S0011;2026-01-02 04:47:30;ventilation;0.375;False
S0007;2026-01-02 04:47:30;temperature;10.005;False
S0001;2026-01-02 04:47:30;temperature;12.573;False
S0009;2026-01-02 04:47:30;humidity;null;True
S0005;2026-01-02 04:47:30;ventilation;0.448;False
S0010;2026-01-02 04:47:30;CO2_level;861;True
S0007;2026-01-02 04:47:45;temperature;13.95;False
S0010;2026-01-02 04:47:45;CO2_level;903;False
S0011;2026-01-02 04:47:45;ventilation;0.382;False
S0001;2026-01-02 04:47:45;temperature;13.783;False
S0005;2026-01-02 04:47:45;ventilation;0.234;False
S0004;2026-01-02 04:47:45;CO2_level;766;False
S0004;2026-01-02 04:48:00;CO2_level;992;False
S0007;2026-01-02 04:48:00;temperature;15.813;False
S0011;2026-01-02 04:48:00;ventilation;0.362;False
S0005;2026-01-02 04:48:00;ventilation;0.489;False
S0003;2026-01-02 04:48:00;humidity;71.63;False
S0001;2026-01-02 04:48:00;temperature;10.303;False
S0010;2026-01-02 04:48:00;CO2_level;886;False
S0009;2026-01-02 04:48:00;humidity;65.582;False
S0011;2026-01-02 04:48:15;ventilation;0.376;False
S0010;2026-01-02 04:48:15;CO2_level;811;False
S0005;2026-01-02 04:48:15;ventilation;0.248;False
S0007;2026-01-02 04:48:15;temperature;12.375;False
S0001;2026-01-02 04:48:15;temperature;14.776;False
S0004;2026-01-02 04:48:15;CO2_level;702;False
S0011;2026-01-02 04:48:30;ventilation;0.598;False
S0010;2026-01-02 04:48:30;CO2_level;1006;False
S0009;2026-01-02 04:48:30;humidity;69.076;False
S0005;2026-01-02 04:48:30;ventilation;0.39;False
S0007;2026-01-02 04:48:30;temperature;10.319;False
S0001;2026-01-02 04:48:30;temperature;14.253;False
S0003;2026-01-02 04:48:30;humidity;72.693;False
S0004;2026-01-02 04:48:30;CO2_level;1067;False
S0011;2026-01-02 04:48:45;ventilation;0.55;True
S0007;2026-01-02 04:48:45;temperature;14.525;False
S0001;2026-01-02 04:48:45;temperature;13.164;False
S0005;2026-01-02 04:48:45;ventilation;0.435;True
S0010;2026-01-02 04:48:45;CO2_level;749;False
S0004;2026-01-02 04:48:45;CO2_level;null;True
S0003;2026-01-02 04:49:00;humidity;70.706;False
S0005;2026-01-02 04:49:00;ventilation;0.267;False
S0009;2026-01-02 04:49:00;humidity;72.499;False
S0001;2026-01-02 04:49:00;temperature;11.294;False
S0004;2026-01-02 04:49:00;CO2_level;926;False
S0011;2026-01-02 04:49:00;ventilation;0.479;False
S0010;2026-01-02 04:49:00;CO2_level;707;False
S0007;2026-01-02 04:49:00;temperature;10.009;True
S0001;2026-01-02 04:49:15;temperature;11.096;False
S0010;2026-01-02 04:49:15;CO2_level;960;False
S0005;2026-01-02 04:49:15;ventilation;0.292;False
S0011;2026-01-02 04:49:15;ventilation;0.278;False
S0004;2026-01-02 04:49:15;CO2_level;902;False
S0007;2026-01-02 04:49:15;temperature;15.861;False
S0004;2026-01-02 04:49:30;CO2_level;872;False
S0001;2026-01-02 04:49:30;temperature;14.507;False
S0010;2026-01-02 04:49:30;CO2_level;827;False
S0011;2026-01-02 04:49:30;ventilation;0.433;True
S0009;2026-01-02 04:49:30;humidity;70.736;False
S0003;2026-01-02 04:49:30;humidity;69.82;False
S0005;2026-01-02 04:49:30;ventilation;0.486;False
S0007;2026-01-02 04:49:30;temperature;15.446;False
S0005;2026-01-02 04:49:45;ventilation;0.438;False
S0011;2026-01-02 04:49:45;ventilation;0.454;False
S0004;2026-01-02 04:49:45;CO2_level;943;False
S0007;2026-01-02 04:49:45;temperature;10.125;False
S0010;2026-01-02 04:49:45;CO2_level;862;False
S0001;2026-01-02 04:49:45;temperature;12.409;False
S0003;2026-01-02 04:50:00;humidity;65.553;False
S0007;2026-01-02 04:50:00;temperature;12.459;False
S0011;2026-01-02 04:50:00;ventilation;0.33;False
S0004;2026-01-02 04:50:00;CO2_level;958;False
S0010;2026-01-02 04:50:00;CO2_level;1052;False
S0005;2026-01-02 04:50:00;ventilation;0.543;False
S0009;2026-01-02 04:50:00;humidity;72.599;False
S0001;2026-01-02 04:50:00;temperature;11.628;False
S0001;2026-01-02 04:50:15;temperature;12.586;False
S0007;2026-01-02 04:50:15;temperature;null;True
S0011;2026-01-02 04:50:15;ventilation;0.586;False
S0005;2026-01-02 04:50:15;ventilation;0.382;False
S0004;2026-01-02 04:50:15;CO2_level;738;False
S0010;2026-01-02 04:50:15;CO2_level;1049;False
S0009;2026-01-02 04:50:30;humidity;67.836;False
S0004;2026-01-02 04:50:30;CO2_level;852;False
S0003;2026-01-02 04:50:30;humidity;67.476;False
S0005;2026-01-02 04:50:30;ventilation;0.382;False
S0001;2026-01-02 04:50:30;temperature;12.787;False
S0007;2026-01-02 04:50:30;temperature;10.154;True
S0010;2026-01-02 04:50:30;CO2_level;929;False
S0011;2026-01-02 04:50:30;ventilation;0.297;False
S0001;2026-01-02 04:50:45;temperature;null;True
S0011;2026-01-02 04:50:45;ventilation;0.24;False
S0004;2026-01-02 04:50:45;CO2_level;763;True
S0007;2026-01-02 04:50:45;temperature;10.171;False
S0005;2026-01-02 04:50:45;ventilation;0.301;False
S0010;2026-01-02 04:50:45;CO2_level;996;False
S0004;2026-01-02 04:51:00;CO2_level;717;False
S0007;2026-01-02 04:51:00;temperature;14.16;False
S0005;2026-01-02 04:51:00;ventilation;0.53;False
S0001;2026-01-02 04:51:00;temperature;14.098;False
S0010;2026-01-02 04:51:00;CO2_level;1052;False
S0009;2026-01-02 04:51:00;humidity;70.986;False
S0003;2026-01-02 04:51:00;humidity;72.353;False
S0011;2026-01-02 04:51:00;ventilation;0.326;False
S0001;2026-01-02 04:51:15;temperature;11.042;False
S0004;2026-01-02 04:51:15;CO2_level;798;False
S0010;2026-01-02 04:51:15;CO2_level;874;False
S0011;2026-01-02 04:51:15;ventilation;0.285;False
S0005;2026-01-02 04:51:15;ventilation;0.546;True
S0007;2026-01-02 04:51:15;temperature;15.836;False
S0004;2026-01-02 04:51:30;CO2_level;1019;False
S0010;2026-01-02 04:51:30;CO2_level;1073;False
S0001;2026-01-02 04:51:30;temperature;12.731;False
S0009;2026-01-02 04:51:30;humidity;66.822;False
S0011;2026-01-02 04:51:30;ventilation;0.57;False
S0007;2026-01-02 04:51:30;temperature;15.938;False
S0003;2026-01-02 04:51:30;humidity;65.132;False
S0005;2026-01-02 04:51:30;ventilation;0.43;False
S0010;2026-01-02 04:51:45;CO2_level;711;False
S0005;2026-01-02 04:51:45;ventilation;0.41;False
S0001;2026-01-02 04:51:45;temperature;12.531;False
S0004;2026-01-02 04:51:45;CO2_level;972;False
S0011;2026-01-02 04:51:45;ventilation;0.416;False
S0007;2026-01-02 04:51:45;temperature;12.18;False
S0011;2026-01-02 04:52:00;ventilation;0.295;False
S0003;2026-01-02 04:52:00;humidity;68.177;False
S0007;2026-01-02 04:52:00;temperature;12.323;False
S0010;2026-01-02 04:52:00;CO2_level;891;False
S0009;2026-01-02 04:52:00;humidity;74.628;False
S0001;2026-01-02 04:52:00;temperature;12.042;False
S0004;2026-01-02 04:52:00;CO2_level;724;False
S0005;2026-01-02 04:52:00;ventilation;0.431;False
S0004;2026-01-02 04:52:15;CO2_level;1013;False
S0001;2026-01-02 04:52:15;temperature;13.584;True
S0011;2026-01-02 04:52:15;ventilation;0.417;False
S0007;2026-01-02 04:52:15;temperature;15.104;False
S0010;2026-01-02 04:52:15;CO2_level;833;False
S0005;2026-01-02 04:52:15;ventilation;0.232;False
S0010;2026-01-02 04:52:30;CO2_level;923;True
S0004;2026-01-02 04:52:30;CO2_level;851;False
S0001;2026-01-02 04:52:30;temperature;10.796;False
S0003;2026-01-02 04:52:30;humidity;68.539;False
S0009;2026-01-02 04:52:30;humidity;71.84;False
S0005;2026-01-02 04:52:30;ventilation;0.319;True
S0011;2026-01-02 04:52:30;ventilation;0.283;True
S0007;2026-01-02 04:52:30;temperature;13.239;False
S0011;2026-01-02 04:52:45;ventilation;0.433;False
S0007;2026-01-02 04:52:45;temperature;13.96;False
S0001;2026-01-02 04:52:45;temperature;11.991;False
S0005;2026-01-02 04:52:45;ventilation;0.54;False
S0010;2026-01-02 04:52:45;CO2_level;1091;False
S0004;2026-01-02 04:52:45;CO2_level;760;False
S0007;2026-01-02 04:53:00;temperature;14.175;False
S0009;2026-01-02 04:53:00;humidity;67.716;False
S0001;2026-01-02 04:53:00;temperature;13.857;False
S0011;2026-01-02 04:53:00;ventilation;0.265;False
S0005;2026-01-02 04:53:00;ventilation;0.249;False
S0010;2026-01-02 04:53:00;CO2_level;858;False
S0004;2026-01-02 04:53:00;CO2_level;963;False
S0003;2026-01-02 04:53:00;humidity;70.758;False
S0004;2026-01-02 04:53:15;CO2_level;822;False
S0007;2026-01-02 04:53:15;temperature;15.056;False
S0005;2026-01-02 04:53:15;ventilation;0.542;False
S0010;2026-01-02 04:53:15;CO2_level;823;True
S0001;2026-01-02 04:53:15;temperature;15.316;False
S0011;2026-01-02 04:53:15;ventilation;0.329;False
S0005;2026-01-02 04:53:30;ventilation;0.45;True
S0003;2026-01-02 04:53:30;humidity;70.984;False
S0004;2026-01-02 04:53:30;CO2_level;761;True
S0010;2026-01-02 04:53:30;CO2_level;876;False
S0009;2026-01-02 04:53:30;humidity;67.46;False
S0007;2026-01-02 04:53:30;temperature;14.592;False
S0001;2026-01-02 04:53:30;temperature;14.181;False
S0011;2026-01-02 04:53:30;ventilation;0.463;False
S0011;2026-01-02 04:53:45;ventilation;0.471;False
S0005;2026-01-02 04:53:45;ventilation;0.465;False
S0007;2026-01-02 04:53:45;temperature;15.777;False
S0001;2026-01-02 04:53:45;temperature;14.009;False
S0004;2026-01-02 04:53:45;CO2_level;849;False
S0010;2026-01-02 04:53:45;CO2_level;1043;False
S0003;2026-01-02 04:54:00;humidity;68.159;False
S0010;2026-01-02 04:54:00;CO2_level;956;False
S0011;2026-01-02 04:54:00;ventilation;0.404;False
S0009;2026-01-02 04:54:00;humidity;67.65;False
S0005;2026-01-02 04:54:00;ventilation;0.507;False
S0004;2026-01-02 04:54:00;CO2_level;847;False
S0001;2026-01-02 04:54:00;temperature;10.631;False
S0007;2026-01-02 04:54:00;temperature;11.769;True
S0001;2026-01-02 04:54:15;temperature;14.383;False
S0010;2026-01-02 04:54:15;CO2_level;1056;False
S0007;2026-01-02 04:54:15;temperature;13.623;False
S0011;2026-01-02 04:54:15;ventilation;0.441;False
S0005;2026-01-02 04:54:15;ventilation;0.464;False
S0004;2026-01-02 04:54:15;CO2_level;742;False
S0007;2026-01-02 04:54:30;temperature;14.008;False
S0005;2026-01-02 04:54:30;ventilation;0.277;False
S0009;2026-01-02 04:54:30;humidity;72.808;False
S0011;2026-01-02 04:54:30;ventilation;0.534;False
S0003;2026-01-02 04:54:30;humidity;67.103;False
S0001;2026-01-02 04:54:30;temperature;11.961;False
S0004;2026-01-02 04:54:30;CO2_level;748;False
S0010;2026-01-02 04:54:30;CO2_level;719;False
S0001;2026-01-02 04:54:45;temperature;13.588;False
S0007;2026-01-02 04:54:45;temperature;12.213;False
S0004;2026-01-02 04:54:45;CO2_level;1052;True
S0010;2026-01-02 04:54:45;CO2_level;1059;False
S0005;2026-01-02 04:54:45;ventilation;0.575;False
S0011;2026-01-02 04:54:45;ventilation;0.484;False
S0005;2026-01-02 04:55:00;ventilation;0.558;False
S0009;2026-01-02 04:55:00;humidity;73.003;False
S0001;2026-01-02 04:55:00;temperature;15.62;False
S0010;2026-01-02 04:55:00;CO2_level;983;False
S0011;2026-01-02 04:55:00;ventilation;0.468;False
S0007;2026-01-02 04:55:00;temperature;11.334;False
S0003;2026-01-02 04:55:00;humidity;66.77;False
S0004;2026-01-02 04:55:00;CO2_level;935;False
S0007;2026-01-02 04:55:15;temperature;10.264;False
S0001;2026-01-02 04:55:15;temperature;12.833;False
S0011;2026-01-02 04:55:15;ventilation;0.208;False
S0005;2026-01-02 04:55:15;ventilation;0.337;False
S0010;2026-01-02 04:55:15;CO2_level;748;False
S0004;2026-01-02 04:55:15;CO2_level;827;False
S0004;2026-01-02 04:55:30;CO2_level;850;False
S0005;2026-01-02 04:55:30;ventilation;0.334;False
S0001;2026-01-02 04:55:30;temperature;10.398;False
S0010;2026-01-02 04:55:30;CO2_level;901;True
S0003;2026-01-02 04:55:30;humidity;67.312;False
S0007;2026-01-02 04:55:30;temperature;12.264;True
S0011;2026-01-02 04:55:30;ventilation;0.349;False
S0009;2026-01-02 04:55:30;humidity;66.957;False
S0001;2026-01-02 04:55:45;temperature;10.991;False
S0010;2026-01-02 04:55:45;CO2_level;851;False
S0011;2026-01-02 04:55:45;ventilation;0.388;False
S0004;2026-01-02 04:55:45;CO2_level;1025;False
S0005;2026-01-02 04:55:45;ventilation;0.395;False
S0007;2026-01-02 04:55:45;temperature;12.182;False
S0003;2026-01-02 04:56:00;humidity;65.724;False
S0011;2026-01-02 04:56:00;ventilation;0.39;False
S0005;2026-01-02 04:56:00;ventilation;0.246;False
S0007;2026-01-02 04:56:00;temperature;12.587;False
S0004;2026-01-02 04:56:00;CO2_level;1069;False
S0010;2026-01-02 04:56:00;CO2_level;810;False
S0009;2026-01-02 04:56:00;humidity;70.392;False
S0001;2026-01-02 04:56:00;temperature;10.305;False
S0011;2026-01-02 04:56:15;ventilation;0.207;False
S0005;2026-01-02 04:56:15;ventilation;0.567;False
S0004;2026-01-02 04:56:15;CO2_level;null;True
S0007;2026-01-02 04:56:15;temperature;11.322;False
S0001;2026-01-02 04:56:15;temperature;10.643;False
S0010;2026-01-02 04:56:15;CO2_level;819;False
S0009;2026-01-02 04:56:30;humidity;66.823;False
S0011;2026-01-02 04:56:30;ventilation;0.322;False
S0005;2026-01-02 04:56:30;ventilation;0.435;False
S0003;2026-01-02 04:56:30;humidity;71.715;False
S0004;2026-01-02 04:56:30;CO2_level;766;True
S0001;2026-01-02 04:56:30;temperature;13.1;False
S0010;2026-01-02 04:56:30;CO2_level;1021;False
S0007;2026-01-02 04:56:30;temperature;15.437;False
S0010;2026-01-02 04:56:45;CO2_level;1095;False
S0007;2026-01-02 04:56:45;temperature;12.591;False
S0011;2026-01-02 04:56:45;ventilation;0.417;False
S0001;2026-01-02 04:56:45;temperature;14.907;False
S0004;2026-01-02 04:56:45;CO2_level;1054;False
S0005;2026-01-02 04:56:45;ventilation;0.407;False
S0004;2026-01-02 04:57:00;CO2_level;987;False
S0005;2026-01-02 04:57:00;ventilation;0.494;False
S0001;2026-01-02 04:57:00;temperature;14.071;False
S0003;2026-01-02 04:57:00;humidity;66.834;False
S0010;2026-01-02 04:57:00;CO2_level;1070;False
S0009;2026-01-02 04:57:00;humidity;71.02;False
S0007;2026-01-02 04:57:00;temperature;14.368;False
S0011;2026-01-02 04:57:00;ventilation;0.561;False
S0011;2026-01-02 04:57:15;ventilation;0.201;False
S0007;2026-01-02 04:57:15;temperature;13.692;False
S0001;2026-01-02 04:57:15;temperature;13.267;False
S0004;2026-01-02 04:57:15;CO2_level;839;False
S0010;2026-01-02 04:57:15;CO2_level;998;False
S0005;2026-01-02 04:57:15;ventilation;0.524;True
S0011;2026-01-02 04:57:30;ventilation;0.204;False
S0005;2026-01-02 04:57:30;ventilation;0.505;False
S0003;2026-01-02 04:57:30;humidity;69.688;False
S0009;2026-01-02 04:57:30;humidity;69.708;False
S0004;2026-01-02 04:57:30;CO2_level;768;False
S0010;2026-01-02 04:57:30;CO2_level;711;False
S0007;2026-01-02 04:57:30;temperature;13.825;False
S0001;2026-01-02 04:57:30;temperature;10.64;False
S0001;2026-01-02 04:57:45;temperature;13.795;False
S0007;2026-01-02 04:57:45;temperature;11.37;False
S0010;2026-01-02 04:57:45;CO2_level;879;False
S0011;2026-01-02 04:57:45;ventilation;0.547;False
S0005;2026-01-02 04:57:45;ventilation;0.556;False
S0004;2026-01-02 04:57:45;CO2_level;996;False
S0009;2026-01-02 04:58:00;humidity;69.952;True
S0004;2026-01-02 04:58:00;CO2_level;770;False
S0005;2026-01-02 04:58:00;ventilation;0.461;False
S0007;2026-01-02 04:58:00;temperature;14.075;False
S0011;2026-01-02 04:58:00;ventilation;0.544;True
S0010;2026-01-02 04:58:00;CO2_level;877;False
S0003;2026-01-02 04:58:00;humidity;65.32;False
S0001;2026-01-02 04:58:00;temperature;13.078;False
S0004;2026-01-02 04:58:15;CO2_level;1088;False
S0007;2026-01-02 04:58:15;temperature;11.611;False
S0010;2026-01-02 04:58:15;CO2_level;1068;False
S0005;2026-01-02 04:58:15;ventilation;0.298;False
S0011;2026-01-02 04:58:15;ventilation;0.371;False
S0001;2026-01-02 04:58:15;temperature;15.997;False
S0001;2026-01-02 04:58:30;temperature;12.119;False
S0009;2026-01-02 04:58:30;humidity;66.24;False
S0003;2026-01-02 04:58:30;humidity;74.699;False
S0005;2026-01-02 04:58:30;ventilation;0.283;False
S0011;2026-01-02 04:58:30;ventilation;0.526;False
S0007;2026-01-02 04:58:30;temperature;15.611;False
S0004;2026-01-02 04:58:30;CO2_level;1053;False
S0010;2026-01-02 04:58:30;CO2_level;767;True
S0010;2026-01-02 04:58:45;CO2_level;993;False
S0007;2026-01-02 04:58:45;temperature;15.268;False
S0005;2026-01-02 04:58:45;ventilation;0.245;False
S0011;2026-01-02 04:58:45;ventilation;0.493;False
S0004;2026-01-02 04:58:45;CO2_level;850;False
S0001;2026-01-02 04:58:45;temperature;14.401;False
S0010;2026-01-02 04:59:00;CO2_level;832;False
S0005;2026-01-02 04:59:00;ventilation;0.531;False
S0007;2026-01-02 04:59:00;temperature;15.934;False
S0003;2026-01-02 04:59:00;humidity;72.75;False
S0001;2026-01-02 04:59:00;temperature;10.23;False
S0011;2026-01-02 04:59:00;ventilation;0.575;False
S0004;2026-01-02 04:59:00;CO2_level;1016;False
S0009;2026-01-02 04:59:00;humidity;74.895;False
S0005;2026-01-02 04:59:15;ventilation;0.302;False
S0007;2026-01-02 04:59:15;temperature;12.631;False
S0001;2026-01-02 04:59:15;temperature;14.453;False
S0011;2026-01-02 04:59:15;ventilation;0.444;False
S0010;2026-01-02 04:59:15;CO2_level;945;False
S0004;2026-01-02 04:59:15;CO2_level;960;False
S0009;2026-01-02 04:59:30;humidity;67.305;False
S0003;2026-01-02 04:59:30;humidity;65.475;True
S0007;2026-01-02 04:59:30;temperature;12.464;False
S0001;2026-01-02 04:59:30;temperature;14.493;False
S0004;2026-01-02 04:59:30;CO2_level;769;False
S0011;2026-01-02 04:59:30;ventilation;0.442;False
S0010;2026-01-02 04:59:30;CO2_level;863;False
S0005;2026-01-02 04:59:30;ventilation;0.533;False
S0005;2026-01-02 04:59:45;ventilation;0.413;False
S0011;2026-01-02 04:59:45;ventilation;0.588;False
S0004;2026-01-02 04:59:45;CO2_level;1056;False
S0010;2026-01-02 04:59:45;CO2_level;981;False
S0001;2026-01-02 04:59:45;temperature;15.505;False
S0007;2026-01-02 04:59:45;temperature;15.224;False
S0011;2026-01-02 05:00:00;ventilation;0.226;False
S0010;2026-01-02 05:00:00;CO2_level;798;False
S0007;2026-01-02 05:00:00;temperature;13.021;False
S0005;2026-01-02 05:00:00;ventilation;0.453;False
S0001;2026-01-02 05:00:00;temperature;14.227;False
S0009;2026-01-02 05:00:00;humidity;68.607;False
S0003;2026-01-02 05:00:00;humidity;72.675;False
S0004;2026-01-02 05:00:00;CO2_level;914;False
S0005;2026-01-02 05:00:15;ventilation;0.253;False
S0007;2026-01-02 05:00:15;temperature;15.191;True
S0004;2026-01-02 05:00:15;CO2_level;882;False
S0010;2026-01-02 05:00:15;CO2_level;794;False
S0001;2026-01-02 05:00:15;temperature;11.508;False
S0011;2026-01-02 05:00:15;ventilation;0.533;False
S0009;2026-01-02 05:00:30;humidity;70.679;False
S0010;2026-01-02 05:00:30;CO2_level;850;False
S0011;2026-01-02 05:00:30;ventilation;0.317;False
S0003;2026-01-02 05:00:30;humidity;72.38;False
S0004;2026-01-02 05:00:30;CO2_level;880;False
S0005;2026-01-02 05:00:30;ventilation;0.217;False
S0007;2026-01-02 05:00:30;temperature;15.983;False
S0001;2026-01-02 05:00:30;temperature;12.085;False
S0011;2026-01-02 05:00:45;ventilation;0.482;False
S0004;2026-01-02 05:00:45;CO2_level;1049;False
S0005;2026-01-02 05:00:45;ventilation;0.505;False
S0007;2026-01-02 05:00:45;temperature;10.722;True
S0001;2026-01-02 05:00:45;temperature;14.685;False
S0010;2026-01-02 05:00:45;CO2_level;808;False
S0007;2026-01-02 05:01:00;temperature;11.309;True
S0011;2026-01-02 05:01:00;ventilation;0.426;True
S0010;2026-01-02 05:01:00;CO2_level;964;False
S0003;2026-01-02 05:01:00;humidity;73.673;False
S0005;2026-01-02 05:01:00;ventilation;0.458;False
S0004;2026-01-02 05:01:00;CO2_level;1047;True
S0009;2026-01-02 05:01:00;humidity;73.116;False
S0001;2026-01-02 05:01:00;temperature;10.613;False
S0007;2026-01-02 05:01:15;temperature;11.063;False
S0001;2026-01-02 05:01:15;temperature;12.429;False
S0011;2026-01-02 05:01:15;ventilation;0.329;False
S0005;2026-01-02 05:01:15;ventilation;0.415;False
S0004;2026-01-02 05:01:15;CO2_level;1061;False
S0010;2026-01-02 05:01:15;CO2_level;1037;False
S0009;2026-01-02 05:01:30;humidity;68.277;False
S0011;2026-01-02 05:01:30;ventilation;0.515;False
S0001;2026-01-02 05:01:30;temperature;10.16;False
S0010;2026-01-02 05:01:30;CO2_level;937;True
S0005;2026-01-02 05:01:30;ventilation;0.363;False
S0003;2026-01-02 05:01:30;humidity;74.274;False
S0007;2026-01-02 05:01:30;temperature;10.208;False
S0004;2026-01-02 05:01:30;CO2_level;973;False
S0010;2026-01-02 05:01:45;CO2_level;842;False
S0011;2026-01-02 05:01:45;ventilation;0.567;True
S0005;2026-01-02 05:01:45;ventilation;0.347;False
S0001;2026-01-02 05:01:45;temperature;15.093;False
S0004;2026-01-02 05:01:45;CO2_level;1045;True
S0007;2026-01-02 05:01:45;temperature;14.425;False
S0011;2026-01-02 05:02:00;ventilation;0.523;False
S0001;2026-01-02 05:02:00;temperature;14.214;False
S0007;2026-01-02 05:02:00;temperature;15.516;False
S0004;2026-01-02 05:02:00;CO2_level;900;False
S0009;2026-01-02 05:02:00;humidity;65.818;False
S0005;2026-01-02 05:02:00;ventilation;0.473;False
S0010;2026-01-02 05:02:00;CO2_level;925;False
S0003;2026-01-02 05:02:00;humidity;65.247;False
S0004;2026-01-02 05:02:15;CO2_level;827;False
S0001;2026-01-02 05:02:15;temperature;12.172;False
S0007;2026-01-02 05:02:15;temperature;13.646;False
S0005;2026-01-02 05:02:15;ventilation;0.214;False
S0011;2026-01-02 05:02:15;ventilation;0.586;False
S0010;2026-01-02 05:02:15;CO2_level;1065;False
S0003;2026-01-02 05:02:30;humidity;69.968;False
S0005;2026-01-02 05:02:30;ventilation;0.36;False
S0004;2026-01-02 05:02:30;CO2_level;952;False
S0011;2026-01-02 05:02:30;ventilation;0.339;False
S0009;2026-01-02 05:02:30;humidity;67.15;False
S0001;2026-01-02 05:02:30;temperature;12.489;False
S0007;2026-01-02 05:02:30;temperature;14.723;False
S0010;2026-01-02 05:02:30;CO2_level;1046;False
S0007;2026-01-02 05:02:45;temperature;12.429;True
S0005;2026-01-02 05:02:45;ventilation;0.566;False
S0010;2026-01-02 05:02:45;CO2_level;876;False
S0001;2026-01-02 05:02:45;temperature;12.611;False
S0004;2026-01-02 05:02:45;CO2_level;749;False
S0011;2026-01-02 05:02:45;ventilation;0.373;False
S0009;2026-01-02 05:03:00;humidity;66.239;False
S0005;2026-01-02 05:03:00;ventilation;0.47;False
S0003;2026-01-02 05:03:00;humidity;67.011;False
S0004;2026-01-02 05:03:00;CO2_level;788;False
S0011;2026-01-02 05:03:00;ventilation;0.293;False
S0001;2026-01-02 05:03:00;temperature;12.622;False
S0007;2026-01-02 05:03:00;temperature;11.079;False
S0010;2026-01-02 05:03:00;CO2_level;820;True
S0011;2026-01-02 05:03:15;ventilation;0.315;False
S0005;2026-01-02 05:03:15;ventilation;0.441;False
S0004;2026-01-02 05:03:15;CO2_level;886;False
S0001;2026-01-02 05:03:15;temperature;14.953;False
S0010;2026-01-02 05:03:15;CO2_level;1068;False
S0007;2026-01-02 05:03:15;temperature;10.476;False
S0009;2026-01-02 05:03:30;humidity;66.178;False
S0010;2026-01-02 05:03:30;CO2_level;982;False
S0001;2026-01-02 05:03:30;temperature;13.809;False
S0007;2026-01-02 05:03:30;temperature;11.837;False
S0005;2026-01-02 05:03:30;ventilation;0.318;False
S0011;2026-01-02 05:03:30;ventilation;0.484;False
S0004;2026-01-02 05:03:30;CO2_level;765;False
S0003;2026-01-02 05:03:30;humidity;73.307;False
S0011;2026-01-02 05:03:45;ventilation;0.235;False
S0005;2026-01-02 05:03:45;ventilation;0.585;False
S0004;2026-01-02 05:03:45;CO2_level;1090;False
S0007;2026-01-02 05:03:45;temperature;10.606;True
S0010;2026-01-02 05:03:45;CO2_level;785;False
S0001;2026-01-02 05:03:45;temperature;13.771;False
S0010;2026-01-02 05:04:00;CO2_level;939;True
S0009;2026-01-02 05:04:00;humidity;74.103;False
S0005;2026-01-02 05:04:00;ventilation;0.485;False
S0007;2026-01-02 05:04:00;temperature;14.016;False
S0004;2026-01-02 05:04:00;CO2_level;838;False
S0001;2026-01-02 05:04:00;temperature;11.205;False
S0011;2026-01-02 05:04:00;ventilation;0.366;False
S0003;2026-01-02 05:04:00;humidity;70.6;False
S0011;2026-01-02 05:04:15;ventilation;0.3;False
S0010;2026-01-02 05:04:15;CO2_level;846;False
S0005;2026-01-02 05:04:15;ventilation;0.569;False
S0001;2026-01-02 05:04:15;temperature;12.397;False
S0007;2026-01-02 05:04:15;temperature;15.379;False
S0004;2026-01-02 05:04:15;CO2_level;860;False
S0009;2026-01-02 05:04:30;humidity;70.261;False
S0011;2026-01-02 05:04:30;ventilation;0.233;False
S0007;2026-01-02 05:04:30;temperature;15.974;False
S0003;2026-01-02 05:04:30;humidity;67.989;False
S0004;2026-01-02 05:04:30;CO2_level;788;False
S0005;2026-01-02 05:04:30;ventilation;0.309;False
S0010;2026-01-02 05:04:30;CO2_level;784;False
S0001;2026-01-02 05:04:30;temperature;12.369;False
S0001;2026-01-02 05:04:45;temperature;13.433;False
S0005;2026-01-02 05:04:45;ventilation;0.464;False
S0007;2026-01-02 05:04:45;temperature;10.834;False
S0010;2026-01-02 05:04:45;CO2_level;1003;False
S0004;2026-01-02 05:04:45;CO2_level;903;False
S0011;2026-01-02 05:04:45;ventilation;0.413;False
S0001;2026-01-02 05:05:00;temperature;11.336;False
S0010;2026-01-02 05:05:00;CO2_level;1019;False
S0011;2026-01-02 05:05:00;ventilation;0.457;False
S0007;2026-01-02 05:05:00;temperature;14.514;False
S0005;2026-01-02 05:05:00;ventilation;0.423;False
S0003;2026-01-02 05:05:00;humidity;68.991;True
S0004;2026-01-02 05:05:00;CO2_level;717;False
S0009;2026-01-02 05:05:00;humidity;66.699;True
S0010;2026-01-02 05:05:15;CO2_level;1044;False
S0005;2026-01-02 05:05:15;ventilation;0.345;False
S0007;2026-01-02 05:05:15;temperature;11.284;False
S0011;2026-01-02 05:05:15;ventilation;0.438;False
S0004;2026-01-02 05:05:15;CO2_level;1057;False
S0001;2026-01-02 05:05:15;temperature;12.375;False
S0004;2026-01-02 05:05:30;CO2_level;960;False
S0011;2026-01-02 05:05:30;ventilation;0.441;False
S0003;2026-01-02 05:05:30;humidity;73.671;False
S0007;2026-01-02 05:05:30;temperature;12.634;False
S0005;2026-01-02 05:05:30;ventilation;0.355;False
S0010;2026-01-02 05:05:30;CO2_level;935;False
S0001;2026-01-02 05:05:30;temperature;13.318;False
S0009;2026-01-02 05:05:30;humidity;71.977;False
S0004;2026-01-02 05:05:45;CO2_level;1045;False
S0001;2026-01-02 05:05:45;temperature;12.439;False
S0005;2026-01-02 05:05:45;ventilation;0.498;False
S0007;2026-01-02 05:05:45;temperature;12.115;False
S0010;2026-01-02 05:05:45;CO2_level;908;True
S0011;2026-01-02 05:05:45;ventilation;0.593;False
S0004;2026-01-02 05:06:00;CO2_level;1056;False
S0010;2026-01-02 05:06:00;CO2_level;770;False
S0003;2026-01-02 05:06:00;humidity;71.657;False
S0005;2026-01-02 05:06:00;ventilation;0.509;False
S0011;2026-01-02 05:06:00;ventilation;0.399;False
S0001;2026-01-02 05:06:00;temperature;11.604;False
S0009;2026-01-02 05:06:00;humidity;66.193;False
S0007;2026-01-02 05:06:00;temperature;12.506;False
S0007;2026-01-02 05:06:15;temperature;11.916;False
S0011;2026-01-02 05:06:15;ventilation;0.31;False
S0005;2026-01-02 05:06:15;ventilation;0.411;True
S0010;2026-01-02 05:06:15;CO2_level;737;False
S0004;2026-01-02 05:06:15;CO2_level;1065;False
S0001;2026-01-02 05:06:15;temperature;15.974;False
S0011;2026-01-02 05:06:30;ventilation;0.405;False
S0009;2026-01-02 05:06:30;humidity;72.85;False
S0001;2026-01-02 05:06:30;temperature;11.344;False
S0005;2026-01-02 05:06:30;ventilation;0.217;False
S0007;2026-01-02 05:06:30;temperature;11.189;False
S0004;2026-01-02 05:06:30;CO2_level;860;False
S0010;2026-01-02 05:06:30;CO2_level;1042;True
S0003;2026-01-02 05:06:30;humidity;70.636;False
S0010;2026-01-02 05:06:45;CO2_level;1066;False
S0001;2026-01-02 05:06:45;temperature;10.584;False
S0007;2026-01-02 05:06:45;temperature;12.569;False
S0004;2026-01-02 05:06:45;CO2_level;756;False
S0005;2026-01-02 05:06:45;ventilation;0.332;False
S0011;2026-01-02 05:06:45;ventilation;0.432;False
S0003;2026-01-02 05:07:00;humidity;66.299;True
S0010;2026-01-02 05:07:00;CO2_level;864;False
S0011;2026-01-02 05:07:00;ventilation;0.519;False
S0007;2026-01-02 05:07:00;temperature;12.449;False
S0005;2026-01-02 05:07:00;ventilation;0.593;False
S0001;2026-01-02 05:07:00;temperature;12.107;False
S0009;2026-01-02 05:07:00;humidity;71.297;False
S0004;2026-01-02 05:07:00;CO2_level;1065;True
S0004;2026-01-02 05:07:15;CO2_level;899;False
S0007;2026-01-02 05:07:15;temperature;13.152;False
S0010;2026-01-02 05:07:15;CO2_level;745;False
S0005;2026-01-02 05:07:15;ventilation;0.265;False
S0011;2026-01-02 05:07:15;ventilation;0.574;False
S0001;2026-01-02 05:07:15;temperature;12.748;False
S0007;2026-01-02 05:07:30;temperature;12.618;False
S0005;2026-01-02 05:07:30;ventilation;0.556;False
S0003;2026-01-02 05:07:30;humidity;65.761;True
S0009;2026-01-02 05:07:30;humidity;70.656;False
S0010;2026-01-02 05:07:30;CO2_level;981;False
S0004;2026-01-02 05:07:30;CO2_level;1015;False
S0001;2026-01-02 05:07:30;temperature;14.751;False
S0011;2026-01-02 05:07:30;ventilation;0.207;False
S0005;2026-01-02 05:07:45;ventilation;0.498;False
S0007;2026-01-02 05:07:45;temperature;14.768;False
S0004;2026-01-02 05:07:45;CO2_level;870;False
S0001;2026-01-02 05:07:45;temperature;12.229;False
S0010;2026-01-02 05:07:45;CO2_level;828;False
S0011;2026-01-02 05:07:45;ventilation;0.401;False
S0005;2026-01-02 05:08:00;ventilation;0.364;False
S0007;2026-01-02 05:08:00;temperature;11.46;False
S0001;2026-01-02 05:08:00;temperature;11.032;False
S0004;2026-01-02 05:08:00;CO2_level;985;False
S0003;2026-01-02 05:08:00;humidity;73.867;False
S0009;2026-01-02 05:08:00;humidity;66.121;False
S0011;2026-01-02 05:08:00;ventilation;0.27;False
S0010;2026-01-02 05:08:00;CO2_level;1017;False
S0010;2026-01-02 05:08:15;CO2_level;1033;False
S0011;2026-01-02 05:08:15;ventilation;0.341;False
S0005;2026-01-02 05:08:15;ventilation;0.402;False
S0004;2026-01-02 05:08:15;CO2_level;933;False
S0007;2026-01-02 05:08:15;temperature;14.433;False
S0001;2026-01-02 05:08:15;temperature;10.16;False
S0010;2026-01-02 05:08:30;CO2_level;777;False
S0005;2026-01-02 05:08:30;ventilation;0.578;False
S0001;2026-01-02 05:08:30;temperature;11.976;False
S0004;2026-01-02 05:08:30;CO2_level;931;False
S0011;2026-01-02 05:08:30;ventilation;0.34;False
S0007;2026-01-02 05:08:30;temperature;12.94;False
S0009;2026-01-02 05:08:30;humidity;74.507;False
S0003;2026-01-02 05:08:30;humidity;70.274;False
S0001;2026-01-02 05:08:45;temperature;13.514;False
S0011;2026-01-02 05:08:45;ventilation;0.286;False
S0010;2026-01-02 05:08:45;CO2_level;1060;False
S0007;2026-01-02 05:08:45;temperature;13.299;False
S0005;2026-01-02 05:08:45;ventilation;0.26;False
S0004;2026-01-02 05:08:45;CO2_level;922;False
S0010;2026-01-02 05:09:00;CO2_level;796;False
S0005;2026-01-02 05:09:00;ventilation;0.354;True
S0011;2026-01-02 05:09:00;ventilation;0.284;False
S0003;2026-01-02 05:09:00;humidity;68.676;False
S0009;2026-01-02 05:09:00;humidity;70.826;False
S0001;2026-01-02 05:09:00;temperature;11.577;False
S0007;2026-01-02 05:09:00;temperature;14.978;False
S0004;2026-01-02 05:09:00;CO2_level;1081;False
S0005;2026-01-02 05:09:15;ventilation;0.396;True
S0011;2026-01-02 05:09:15;ventilation;0.587;False
S0010;2026-01-02 05:09:15;CO2_level;895;False
S0007;2026-01-02 05:09:15;temperature;11.872;False
S0004;2026-01-02 05:09:15;CO2_level;1023;False
S0001;2026-01-02 05:09:15;temperature;15.462;False
S0003;2026-01-02 05:09:30;humidity;71.537;True
S0005;2026-01-02 05:09:30;ventilation;0.571;False
S0001;2026-01-02 05:09:30;temperature;12.302;False
S0009;2026-01-02 05:09:30;humidity;72.354;False
S0007;2026-01-02 05:09:30;temperature;11.399;False
S0011;2026-01-02 05:09:30;ventilation;0.409;False
S0010;2026-01-02 05:09:30;CO2_level;992;False
S0004;2026-01-02 05:09:30;CO2_level;1032;False
S0010;2026-01-02 05:09:45;CO2_level;848;False
S0011;2026-01-02 05:09:45;ventilation;0.5;False
S0001;2026-01-02 05:09:45;temperature;14.114;False
S0004;2026-01-02 05:09:45;CO2_level;null;True
S0005;2026-01-02 05:09:45;ventilation;0.211;False
S0007;2026-01-02 05:09:45;temperature;14.995;False
S0007;2026-01-02 05:10:00;temperature;15.794;False
S0003;2026-01-02 05:10:00;humidity;65.286;False
S0010;2026-01-02 05:10:00;CO2_level;918;False
S0001;2026-01-02 05:10:00;temperature;10.859;False
S0011;2026-01-02 05:10:00;ventilation;0.595;False
S0005;2026-01-02 05:10:00;ventilation;0.287;False
S0009;2026-01-02 05:10:00;humidity;65.488;False
S0004;2026-01-02 05:10:00;CO2_level;866;False
S0011;2026-01-02 05:10:15;ventilation;0.593;False
S0005;2026-01-02 05:10:15;ventilation;0.204;False
S0007;2026-01-02 05:10:15;temperature;11.395;False
S0004;2026-01-02 05:10:15;CO2_level;866;False
S0001;2026-01-02 05:10:15;temperature;15.562;False
S0010;2026-01-02 05:10:15;CO2_level;852;False
S0007;2026-01-02 05:10:30;temperature;15.885;True
S0004;2026-01-02 05:10:30;CO2_level;1040;False
S0011;2026-01-02 05:10:30;ventilation;0.433;False
S0010;2026-01-02 05:10:30;CO2_level;884;False
S0009;2026-01-02 05:10:30;humidity;71.035;False
S0003;2026-01-02 05:10:30;humidity;71.912;False
S0001;2026-01-02 05:10:30;temperature;11.226;False
S0005;2026-01-02 05:10:30;ventilation;0.321;False
S0005;2026-01-02 05:10:45;ventilation;0.448;False
S0004;2026-01-02 05:10:45;CO2_level;775;False
S0001;2026-01-02 05:10:45;temperature;14.22;False
S0011;2026-01-02 05:10:45;ventilation;0.278;False
S0010;2026-01-02 05:10:45;CO2_level;1056;False
S0007;2026-01-02 05:10:45;temperature;12.664;False
S0005;2026-01-02 05:11:00;ventilation;0.371;False
S0001;2026-01-02 05:11:00;temperature;10.898;False
S0007;2026-01-02 05:11:00;temperature;15.128;False
S0004;2026-01-02 05:11:00;CO2_level;705;False
S0010;2026-01-02 05:11:00;CO2_level;986;False
S0009;2026-01-02 05:11:00;humidity;70.399;False
S0011;2026-01-02 05:11:00;ventilation;0.458;False
S0003;2026-01-02 05:11:00;humidity;66.061;False
S0004;2026-01-02 05:11:15;CO2_level;792;False
S0001;2026-01-02 05:11:15;temperature;13.704;False
S0010;2026-01-02 05:11:15;CO2_level;null;True
S0011;2026-01-02 05:11:15;ventilation;0.339;False
S0005;2026-01-02 05:11:15;ventilation;0.323;False
S0007;2026-01-02 05:11:15;temperature;11.327;False
S0011;2026-01-02 05:11:30;ventilation;0.248;True
S0005;2026-01-02 05:11:30;ventilation;0.528;False
S0004;2026-01-02 05:11:30;CO2_level;952;False
S0007;2026-01-02 05:11:30;temperature;10.131;False
S0009;2026-01-02 05:11:30;humidity;71.145;False
S0010;2026-01-02 05:11:30;CO2_level;706;False
S0001;2026-01-02 05:11:30;temperature;12.542;False
S0003;2026-01-02 05:11:30;humidity;68.982;False
S0011;2026-01-02 05:11:45;ventilation;0.259;False
S0005;2026-01-02 05:11:45;ventilation;0.275;False
S0010;2026-01-02 05:11:45;CO2_level;849;False
S0001;2026-01-02 05:11:45;temperature;11.705;False
S0004;2026-01-02 05:11:45;CO2_level;1005;False
S0007;2026-01-02 05:11:45;temperature;10.442;False
S0007;2026-01-02 05:12:00;temperature;13.375;False
S0009;2026-01-02 05:12:00;humidity;65.129;False
S0001;2026-01-02 05:12:00;temperature;14.705;False
S0003;2026-01-02 05:12:00;humidity;65.839;False
S0010;2026-01-02 05:12:00;CO2_level;759;False
S0004;2026-01-02 05:12:00;CO2_level;1033;False
S0011;2026-01-02 05:12:00;ventilation;0.281;False
S0005;2026-01-02 05:12:00;ventilation;0.273;False
S0010;2026-01-02 05:12:15;CO2_level;883;False
S0001;2026-01-02 05:12:15;temperature;13.354;False
S0005;2026-01-02 05:12:15;ventilation;0.394;False
S0007;2026-01-02 05:12:15;temperature;10.565;True
S0011;2026-01-02 05:12:15;ventilation;0.576;False
S0004;2026-01-02 05:12:15;CO2_level;990;False
S0004;2026-01-02 05:12:30;CO2_level;830;False
S0005;2026-01-02 05:12:30;ventilation;0.401;False
S0010;2026-01-02 05:12:30;CO2_level;797;False
S0007;2026-01-02 05:12:30;temperature;12.49;False
S0001;2026-01-02 05:12:30;temperature;10.658;False
S0003;2026-01-02 05:12:30;humidity;74.547;False
S0009;2026-01-02 05:12:30;humidity;69.583;False
S0011;2026-01-02 05:12:30;ventilation;0.441;False
S0007;2026-01-02 05:12:45;temperature;15.937;False
S0004;2026-01-02 05:12:45;CO2_level;954;False
S0005;2026-01-02 05:12:45;ventilation;0.521;False
S0001;2026-01-02 05:12:45;temperature;12.361;False
S0010;2026-01-02 05:12:45;CO2_level;836;False
S0011;2026-01-02 05:12:45;ventilation;0.339;False
S0009;2026-01-02 05:13:00;humidity;74.977;False
S0001;2026-01-02 05:13:00;temperature;12.06;False
S0005;2026-01-02 05:13:00;ventilation;0.498;False
S0010;2026-01-02 05:13:00;CO2_level;764;True
S0003;2026-01-02 05:13:00;humidity;71.718;False
S0004;2026-01-02 05:13:00;CO2_level;962;False
S0007;2026-01-02 05:13:00;temperature;13.919;False
S0011;2026-01-02 05:13:00;ventilation;0.334;False
S0010;2026-01-02 05:13:15;CO2_level;700;False
S0001;2026-01-02 05:13:15;temperature;10.026;False
S0004;2026-01-02 05:13:15;CO2_level;888;False
S0005;2026-01-02 05:13:15;ventilation;0.544;False
S0011;2026-01-02 05:13:15;ventilation;0.246;False
S0007;2026-01-02 05:13:15;temperature;10.093;False
S0010;2026-01-02 05:13:30;CO2_level;758;False
S0001;2026-01-02 05:13:30;temperature;14.694;False
S0011;2026-01-02 05:13:30;ventilation;0.473;False
S0007;2026-01-02 05:13:30;temperature;12.59;False
S0005;2026-01-02 05:13:30;ventilation;0.232;False
S0004;2026-01-02 05:13:30;CO2_level;1042;False
S0009;2026-01-02 05:13:30;humidity;67.512;False
S0003;2026-01-02 05:13:30;humidity;71.585;False
S0001;2026-01-02 05:13:45;temperature;10.303;False
S0007;2026-01-02 05:13:45;temperature;15.12;False
S0010;2026-01-02 05:13:45;CO2_level;735;False
S0005;2026-01-02 05:13:45;ventilation;0.471;False
S0011;2026-01-02 05:13:45;ventilation;0.33;False
S0004;2026-01-02 05:13:45;CO2_level;742;False
S0005;2026-01-02 05:14:00;ventilation;0.58;False
S0007;2026-01-02 05:14:00;temperature;12.011;False
S0009;2026-01-02 05:14:00;humidity;66.872;False
S0001;2026-01-02 05:14:00;temperature;11.556;False
S0010;2026-01-02 05:14:00;CO2_level;916;False
S0003;2026-01-02 05:14:00;humidity;68.086;False
S0004;2026-01-02 05:14:00;CO2_level;938;False
S0011;2026-01-02 05:14:00;ventilation;0.545;False
S0005;2026-01-02 05:14:15;ventilation;0.518;False
S0010;2026-01-02 05:14:15;CO2_level;730;False
S0011;2026-01-02 05:14:15;ventilation;0.462;False
S0004;2026-01-02 05:14:15;CO2_level;971;False
S0001;2026-01-02 05:14:15;temperature;11.919;False
S0007;2026-01-02 05:14:15;temperature;15.856;False
S0011;2026-01-02 05:14:30;ventilation;0.444;False
S0005;2026-01-02 05:14:30;ventilation;0.309;False
S0007;2026-01-02 05:14:30;temperature;14.446;False
S0004;2026-01-02 05:14:30;CO2_level;946;False
S0003;2026-01-02 05:14:30;humidity;74.442;False
S0010;2026-01-02 05:14:30;CO2_level;812;False
S0009;2026-01-02 05:14:30;humidity;69.273;True
S0001;2026-01-02 05:14:30;temperature;11.744;False
S0007;2026-01-02 05:14:45;temperature;14.299;False
S0005;2026-01-02 05:14:45;ventilation;0.344;False
S0010;2026-01-02 05:14:45;CO2_level;1062;False
S0004;2026-01-02 05:14:45;CO2_level;769;False
S0001;2026-01-02 05:14:45;temperature;11.121;False
S0011;2026-01-02 05:14:45;ventilation;0.321;True
S0001;2026-01-02 05:15:00;temperature;14.806;False
S0007;2026-01-02 05:15:00;temperature;10.034;False
S0004;2026-01-02 05:15:00;CO2_level;838;False
S0010;2026-01-02 05:15:00;CO2_level;1039;False
S0005;2026-01-02 05:15:00;ventilation;0.556;False
S0009;2026-01-02 05:15:00;humidity;67.796;False
S0011;2026-01-02 05:15:00;ventilation;0.23;False
S0003;2026-01-02 05:15:00;humidity;71.797;False
S0001;2026-01-02 05:15:15;temperature;13.109;True
S0010;2026-01-02 05:15:15;CO2_level;891;False
S0011;2026-01-02 05:15:15;ventilation;null;True
S0005;2026-01-02 05:15:15;ventilation;0.385;False
S0004;2026-01-02 05:15:15;CO2_level;939;False
S0007;2026-01-02 05:15:15;temperature;10.536;False
S0005;2026-01-02 05:15:30;ventilation;0.422;False
S0007;2026-01-02 05:15:30;temperature;14.013;False
S0010;2026-01-02 05:15:30;CO2_level;806;False
S0004;2026-01-02 05:15:30;CO2_level;709;False
S0009;2026-01-02 05:15:30;humidity;68.716;False
S0011;2026-01-02 05:15:30;ventilation;0.256;False
S0001;2026-01-02 05:15:30;temperature;11.329;False
S0003;2026-01-02 05:15:30;humidity;69.086;False
S0005;2026-01-02 05:15:45;ventilation;0.283;False
S0010;2026-01-02 05:15:45;CO2_level;703;False
S0004;2026-01-02 05:15:45;CO2_level;1099;False
S0007;2026-01-02 05:15:45;temperature;11.078;False
S0001;2026-01-02 05:15:45;temperature;14.53;False
S0011;2026-01-02 05:15:45;ventilation;0.53;False
S0004;2026-01-02 05:16:00;CO2_level;1049;False
S0010;2026-01-02 05:16:00;CO2_level;930;False
S0009;2026-01-02 05:16:00;humidity;68.751;False
S0005;2026-01-02 05:16:00;ventilation;0.5;False
S0007;2026-01-02 05:16:00;temperature;12.589;False
S0003;2026-01-02 05:16:00;humidity;68.015;False
S0001;2026-01-02 05:16:00;temperature;15.041;False
S0011;2026-01-02 05:16:00;ventilation;0.592;False
S0010;2026-01-02 05:16:15;CO2_level;773;False
S0005;2026-01-02 05:16:15;ventilation;0.539;False
S0011;2026-01-02 05:16:15;ventilation;0.45;False
S0007;2026-01-02 05:16:15;temperature;11.498;False
S0004;2026-01-02 05:16:15;CO2_level;810;False
S0001;2026-01-02 05:16:15;temperature;15.436;True
S0003;2026-01-02 05:16:30;humidity;74.478;False
S0007;2026-01-02 05:16:30;temperature;null;True
S0010;2026-01-02 05:16:30;CO2_level;734;False
S0004;2026-01-02 05:16:30;CO2_level;1001;False
S0009;2026-01-02 05:16:30;humidity;67.743;False
S0005;2026-01-02 05:16:30;ventilation;0.538;False
S0001;2026-01-02 05:16:30;temperature;13.486;False
S0011;2026-01-02 05:16:30;ventilation;0.253;False
S0005;2026-01-02 05:16:45;ventilation;0.29;False
S0010;2026-01-02 05:16:45;CO2_level;914;False
S0004;2026-01-02 05:16:45;CO2_level;1085;False
S0001;2026-01-02 05:16:45;temperature;11.314;False
S0011;2026-01-02 05:16:45;ventilation;0.4;False
S0007;2026-01-02 05:16:45;temperature;15.705;False
S0009;2026-01-02 05:17:00;humidity;67.829;False
S0010;2026-01-02 05:17:00;CO2_level;1071;False
S0011;2026-01-02 05:17:00;ventilation;0.531;False
S0004;2026-01-02 05:17:00;CO2_level;1027;False
S0003;2026-01-02 05:17:00;humidity;65.563;False
S0001;2026-01-02 05:17:00;temperature;14.267;False
S0007;2026-01-02 05:17:00;temperature;15.599;False
S0005;2026-01-02 05:17:00;ventilation;0.36;False
S0007;2026-01-02 05:17:15;temperature;10.648;False
S0011;2026-01-02 05:17:15;ventilation;0.28;False
S0001;2026-01-02 05:17:15;temperature;11.829;False
S0005;2026-01-02 05:17:15;ventilation;0.487;False
S0004;2026-01-02 05:17:15;CO2_level;882;False
S0010;2026-01-02 05:17:15;CO2_level;904;False
S0011;2026-01-02 05:17:30;ventilation;0.311;False
S0007;2026-01-02 05:17:30;temperature;13.025;False
S0009;2026-01-02 05:17:30;humidity;71.866;False
S0004;2026-01-02 05:17:30;CO2_level;1033;False
S0005;2026-01-02 05:17:30;ventilation;0.584;False
S0003;2026-01-02 05:17:30;humidity;66.183;False
S0001;2026-01-02 05:17:30;temperature;15.278;False
S0010;2026-01-02 05:17:30;CO2_level;902;False
S0010;2026-01-02 05:17:45;CO2_level;802;False
S0004;2026-01-02 05:17:45;CO2_level;1086;False
S0007;2026-01-02 05:17:45;temperature;10.394;False
S0001;2026-01-02 05:17:45;temperature;15.603;False
S0011;2026-01-02 05:17:45;ventilation;0.209;False
S0005;2026-01-02 05:17:45;ventilation;0.275;False
S0007;2026-01-02 05:18:00;temperature;11.126;False
S0003;2026-01-02 05:18:00;humidity;71.527;False
S0004;2026-01-02 05:18:00;CO2_level;1021;False
S0005;2026-01-02 05:18:00;ventilation;0.582;False
S0009;2026-01-02 05:18:00;humidity;null;True
S0010;2026-01-02 05:18:00;CO2_level;760;False
S0001;2026-01-02 05:18:00;temperature;10.302;False
S0011;2026-01-02 05:18:00;ventilation;0.599;False
S0001;2026-01-02 05:18:15;temperature;14.944;False
S0011;2026-01-02 05:18:15;ventilation;0.564;False
S0007;2026-01-02 05:18:15;temperature;15.552;False
S0005;2026-01-02 05:18:15;ventilation;0.542;False
S0004;2026-01-02 05:18:15;CO2_level;941;False
S0010;2026-01-02 05:18:15;CO2_level;811;False
S0001;2026-01-02 05:18:30;temperature;15.695;False
S0004;2026-01-02 05:18:30;CO2_level;722;False
S0011;2026-01-02 05:18:30;ventilation;0.41;False
S0007;2026-01-02 05:18:30;temperature;12.482;False
S0003;2026-01-02 05:18:30;humidity;69.727;False
S0010;2026-01-02 05:18:30;CO2_level;995;True
S0005;2026-01-02 05:18:30;ventilation;0.202;False
S0009;2026-01-02 05:18:30;humidity;67.143;False
S0007;2026-01-02 05:18:45;temperature;13.414;False
S0001;2026-01-02 05:18:45;temperature;12.972;False
S0004;2026-01-02 05:18:45;CO2_level;720;False
S0011;2026-01-02 05:18:45;ventilation;0.569;False
S0010;2026-01-02 05:18:45;CO2_level;1030;False
S0005;2026-01-02 05:18:45;ventilation;0.378;False
S0010;2026-01-02 05:19:00;CO2_level;803;False
S0003;2026-01-02 05:19:00;humidity;71.185;False
S0001;2026-01-02 05:19:00;temperature;14.12;False
S0009;2026-01-02 05:19:00;humidity;69.42;False
S0011;2026-01-02 05:19:00;ventilation;0.431;False
S0007;2026-01-02 05:19:00;temperature;12.703;False
S0004;2026-01-02 05:19:00;CO2_level;953;False
S0005;2026-01-02 05:19:00;ventilation;0.383;False
S0005;2026-01-02 05:19:15;ventilation;null;True
S0011;2026-01-02 05:19:15;ventilation;0.489;True
S0004;2026-01-02 05:19:15;CO2_level;949;False
S0007;2026-01-02 05:19:15;temperature;13.504;False
S0010;2026-01-02 05:19:15;CO2_level;1047;False
S0001;2026-01-02 05:19:15;temperature;15.727;False
S0004;2026-01-02 05:19:30;CO2_level;1041;False
S0001;2026-01-02 05:19:30;temperature;14.243;True
S0009;2026-01-02 05:19:30;humidity;73.983;False
S0005;2026-01-02 05:19:30;ventilation;0.481;False
S0003;2026-01-02 05:19:30;humidity;65.009;False
S0011;2026-01-02 05:19:30;ventilation;0.226;False
S0007;2026-01-02 05:19:30;temperature;14.136;False
S0010;2026-01-02 05:19:30;CO2_level;994;False
S0007;2026-01-02 05:19:45;temperature;11.244;False
S0011;2026-01-02 05:19:45;ventilation;0.285;False
S0005;2026-01-02 05:19:45;ventilation;0.422;False
S0004;2026-01-02 05:19:45;CO2_level;977;False
S0010;2026-01-02 05:19:45;CO2_level;906;False
S0001;2026-01-02 05:19:45;temperature;15.181;False
S0009;2026-01-02 05:20:00;humidity;71.267;False
S0001;2026-01-02 05:20:00;temperature;14.215;False
S0003;2026-01-02 05:20:00;humidity;74.468;False
S0007;2026-01-02 05:20:00;temperature;15.287;False
S0010;2026-01-02 05:20:00;CO2_level;844;False
S0005;2026-01-02 05:20:00;ventilation;0.571;False
S0011;2026-01-02 05:20:00;ventilation;0.449;False
S0004;2026-01-02 05:20:00;CO2_level;826;True
S0004;2026-01-02 05:20:15;CO2_level;882;False
S0010;2026-01-02 05:20:15;CO2_level;931;False
S0001;2026-01-02 05:20:15;temperature;15.187;False
S0011;2026-01-02 05:20:15;ventilation;0.21;False
S0007;2026-01-02 05:20:15;temperature;14.498;False
S0005;2026-01-02 05:20:15;ventilation;0.485;False
S0007;2026-01-02 05:20:30;temperature;12.859;False
S0011;2026-01-02 05:20:30;ventilation;0.525;False
S0009;2026-01-02 05:20:30;humidity;74.14;False
S0004;2026-01-02 05:20:30;CO2_level;785;False
S0010;2026-01-02 05:20:30;CO2_level;913;False
S0001;2026-01-02 05:20:30;temperature;15.497;False
S0003;2026-01-02 05:20:30;humidity;72.312;False
S0005;2026-01-02 05:20:30;ventilation;0.554;True
S0011;2026-01-02 05:20:45;ventilation;0.476;False
S0007;2026-01-02 05:20:45;temperature;15.513;False
S0004;2026-01-02 05:20:45;CO2_level;841;False
S0001;2026-01-02 05:20:45;temperature;15.043;False
S0010;2026-01-02 05:20:45;CO2_level;1010;False
S0005;2026-01-02 05:20:45;ventilation;0.42;False
S0011;2026-01-02 05:21:00;ventilation;0.208;False
S0004;2026-01-02 05:21:00;CO2_level;779;False
S0001;2026-01-02 05:21:00;temperature;15.334;False
S0010;2026-01-02 05:21:00;CO2_level;925;False
S0009;2026-01-02 05:21:00;humidity;71.385;False
S0007;2026-01-02 05:21:00;temperature;11.891;False
S0005;2026-01-02 05:21:00;ventilation;0.276;False
S0003;2026-01-02 05:21:00;humidity;70.245;False
S0007;2026-01-02 05:21:15;temperature;15.574;False
S0004;2026-01-02 05:21:15;CO2_level;933;False
S0001;2026-01-02 05:21:15;temperature;12.735;False
S0010;2026-01-02 05:21:15;CO2_level;null;True
S0011;2026-01-02 05:21:15;ventilation;0.388;False
S0005;2026-01-02 05:21:15;ventilation;0.33;False
S0005;2026-01-02 05:21:30;ventilation;0.223;False
S0010;2026-01-02 05:21:30;CO2_level;1045;False
S0011;2026-01-02 05:21:30;ventilation;0.536;False
S0004;2026-01-02 05:21:30;CO2_level;901;False
S0009;2026-01-02 05:21:30;humidity;66.282;True
S0001;2026-01-02 05:21:30;temperature;10.885;True
S0007;2026-01-02 05:21:30;temperature;15.912;False
S0003;2026-01-02 05:21:30;humidity;71.238;False
S0011;2026-01-02 05:21:45;ventilation;0.402;False
S0004;2026-01-02 05:21:45;CO2_level;1083;False
S0001;2026-01-02 05:21:45;temperature;null;True
S0010;2026-01-02 05:21:45;CO2_level;990;False
S0005;2026-01-02 05:21:45;ventilation;0.242;False
S0007;2026-01-02 05:21:45;temperature;14.234;True
S0005;2026-01-02 05:22:00;ventilation;0.6;False
S0010;2026-01-02 05:22:00;CO2_level;988;False
S0007;2026-01-02 05:22:00;temperature;14.321;False
S0001;2026-01-02 05:22:00;temperature;15.767;False
S0004;2026-01-02 05:22:00;CO2_level;1012;False
S0003;2026-01-02 05:22:00;humidity;69.21;False
S0009;2026-01-02 05:22:00;humidity;71.644;False
S0011;2026-01-02 05:22:00;ventilation;0.242;False
S0005;2026-01-02 05:22:15;ventilation;0.433;False
S0010;2026-01-02 05:22:15;CO2_level;1049;False
S0001;2026-01-02 05:22:15;temperature;11.498;False
S0004;2026-01-02 05:22:15;CO2_level;960;False
S0007;2026-01-02 05:22:15;temperature;10.406;False
S0011;2026-01-02 05:22:15;ventilation;0.304;False
S0003;2026-01-02 05:22:30;humidity;70.243;False
S0009;2026-01-02 05:22:30;humidity;72.885;False
S0011;2026-01-02 05:22:30;ventilation;0.225;False
S0010;2026-01-02 05:22:30;CO2_level;857;False
S0004;2026-01-02 05:22:30;CO2_level;737;False
S0007;2026-01-02 05:22:30;temperature;10.11;False
S0001;2026-01-02 05:22:30;temperature;14.948;False
S0005;2026-01-02 05:22:30;ventilation;0.358;False
S0011;2026-01-02 05:22:45;ventilation;0.29;True
S0001;2026-01-02 05:22:45;temperature;13.614;False
S0007;2026-01-02 05:22:45;temperature;11.162;False
S0004;2026-01-02 05:22:45;CO2_level;1051;False
S0010;2026-01-02 05:22:45;CO2_level;990;False
S0005;2026-01-02 05:22:45;ventilation;null;True
S0001;2026-01-02 05:23:00;temperature;10.277;True
S0004;2026-01-02 05:23:00;CO2_level;854;False
S0011;2026-01-02 05:23:00;ventilation;0.423;False
S0005;2026-01-02 05:23:00;ventilation;0.362;False
S0009;2026-01-02 05:23:00;humidity;66.063;False
S0003;2026-01-02 05:23:00;humidity;67.431;False
S0007;2026-01-02 05:23:00;temperature;12.456;True
S0010;2026-01-02 05:23:00;CO2_level;748;False
S0010;2026-01-02 05:23:15;CO2_level;938;False
S0011;2026-01-02 05:23:15;ventilation;0.364;False
S0004;2026-01-02 05:23:15;CO2_level;797;False
S0007;2026-01-02 05:23:15;temperature;10.336;False
S0001;2026-01-02 05:23:15;temperature;14.926;False
S0005;2026-01-02 05:23:15;ventilation;0.525;False
S0011;2026-01-02 05:23:30;ventilation;0.371;False
S0003;2026-01-02 05:23:30;humidity;65.864;False
S0001;2026-01-02 05:23:30;temperature;15.04;False
S0009;2026-01-02 05:23:30;humidity;74.606;False
S0004;2026-01-02 05:23:30;CO2_level;809;False
S0010;2026-01-02 05:23:30;CO2_level;764;False
S0005;2026-01-02 05:23:30;ventilation;0.515;False
S0007;2026-01-02 05:23:30;temperature;11.111;False
S0007;2026-01-02 05:23:45;temperature;14.24;False
S0001;2026-01-02 05:23:45;temperature;15.308;False
S0011;2026-01-02 05:23:45;ventilation;0.56;False
S0010;2026-01-02 05:23:45;CO2_level;null;True
S0005;2026-01-02 05:23:45;ventilation;0.309;False
S0004;2026-01-02 05:23:45;CO2_level;984;False
S0003;2026-01-02 05:24:00;humidity;70.213;False
S0010;2026-01-02 05:24:00;CO2_level;733;False
S0005;2026-01-02 05:24:00;ventilation;0.217;False
S0007;2026-01-02 05:24:00;temperature;15.61;False
S0011;2026-01-02 05:24:00;ventilation;0.271;False
S0009;2026-01-02 05:24:00;humidity;73.685;False
S0004;2026-01-02 05:24:00;CO2_level;null;True
S0001;2026-01-02 05:24:00;temperature;11.535;False
S0005;2026-01-02 05:24:15;ventilation;0.519;False
S0004;2026-01-02 05:24:15;CO2_level;966;False
S0001;2026-01-02 05:24:15;temperature;15.197;False
S0010;2026-01-02 05:24:15;CO2_level;1059;False
S0011;2026-01-02 05:24:15;ventilation;0.513;False
S0007;2026-01-02 05:24:15;temperature;13.526;False
S0004;2026-01-02 05:24:30;CO2_level;717;False
S0001;2026-01-02 05:24:30;temperature;12.001;False
S0005;2026-01-02 05:24:30;ventilation;0.351;False
S0009;2026-01-02 05:24:30;humidity;74.343;False
S0010;2026-01-02 05:24:30;CO2_level;814;False
S0011;2026-01-02 05:24:30;ventilation;0.321;False
S0003;2026-01-02 05:24:30;humidity;74.794;False
S0007;2026-01-02 05:24:30;temperature;11.708;False
S0005;2026-01-02 05:24:45;ventilation;0.261;True
S0011;2026-01-02 05:24:45;ventilation;0.567;False
S0001;2026-01-02 05:24:45;temperature;12.135;False
S0007;2026-01-02 05:24:45;temperature;15.96;False
S0010;2026-01-02 05:24:45;CO2_level;935;False
S0004;2026-01-02 05:24:45;CO2_level;1093;True
S0010;2026-01-02 05:25:00;CO2_level;881;False
S0009;2026-01-02 05:25:00;humidity;74.347;False
S0005;2026-01-02 05:25:00;ventilation;0.478;False
S0003;2026-01-02 05:25:00;humidity;65.454;False
S0001;2026-01-02 05:25:00;temperature;15.334;False
S0011;2026-01-02 05:25:00;ventilation;0.201;False
S0007;2026-01-02 05:25:00;temperature;12.068;False
S0004;2026-01-02 05:25:00;CO2_level;null;True
S0011;2026-01-02 05:25:15;ventilation;null;True
S0010;2026-01-02 05:25:15;CO2_level;1051;False
S0004;2026-01-02 05:25:15;CO2_level;1056;False
S0007;2026-01-02 05:25:15;temperature;14.552;False
S0001;2026-01-02 05:25:15;temperature;13.948;False
S0005;2026-01-02 05:25:15;ventilation;0.495;False
S0010;2026-01-02 05:25:30;CO2_level;842;True
S0004;2026-01-02 05:25:30;CO2_level;845;False
S0011;2026-01-02 05:25:30;ventilation;null;True
S0007;2026-01-02 05:25:30;temperature;14.123;False
S0009;2026-01-02 05:25:30;humidity;70.803;False
S0005;2026-01-02 05:25:30;ventilation;0.327;False
S0003;2026-01-02 05:25:30;humidity;67.637;False
S0001;2026-01-02 05:25:30;temperature;11.342;False
S0004;2026-01-02 05:25:45;CO2_level;1035;False
S0011;2026-01-02 05:25:45;ventilation;0.426;False
S0001;2026-01-02 05:25:45;temperature;14.691;False
S0005;2026-01-02 05:25:45;ventilation;0.317;False
S0010;2026-01-02 05:25:45;CO2_level;772;False
S0007;2026-01-02 05:25:45;temperature;10.528;False
S0011;2026-01-02 05:26:00;ventilation;0.523;False
S0005;2026-01-02 05:26:00;ventilation;0.58;False
S0003;2026-01-02 05:26:00;humidity;74.05;False
S0004;2026-01-02 05:26:00;CO2_level;1073;False
S0009;2026-01-02 05:26:00;humidity;71.54;False
S0010;2026-01-02 05:26:00;CO2_level;946;False
S0007;2026-01-02 05:26:00;temperature;12.878;False
S0001;2026-01-02 05:26:00;temperature;12.984;False
S0011;2026-01-02 05:26:15;ventilation;0.527;False
S0005;2026-01-02 05:26:15;ventilation;0.267;False
S0010;2026-01-02 05:26:15;CO2_level;726;False
S0004;2026-01-02 05:26:15;CO2_level;945;False
S0001;2026-01-02 05:26:15;temperature;14.133;True
S0007;2026-01-02 05:26:15;temperature;14.695;False
S0004;2026-01-02 05:26:30;CO2_level;1062;False
S0003;2026-01-02 05:26:30;humidity;67.166;False
S0005;2026-01-02 05:26:30;ventilation;0.264;False
S0010;2026-01-02 05:26:30;CO2_level;844;False
S0007;2026-01-02 05:26:30;temperature;15.241;False
S0009;2026-01-02 05:26:30;humidity;66.076;False
S0011;2026-01-02 05:26:30;ventilation;0.6;False
S0001;2026-01-02 05:26:30;temperature;13.815;False
S0011;2026-01-02 05:26:45;ventilation;0.532;False
S0005;2026-01-02 05:26:45;ventilation;0.538;False
S0001;2026-01-02 05:26:45;temperature;14.015;False
S0004;2026-01-02 05:26:45;CO2_level;992;False
S0007;2026-01-02 05:26:45;temperature;15.432;False
S0010;2026-01-02 05:26:45;CO2_level;1019;False
S0004;2026-01-02 05:27:00;CO2_level;768;False
S0009;2026-01-02 05:27:00;humidity;70.456;False
S0011;2026-01-02 05:27:00;ventilation;0.437;False
S0001;2026-01-02 05:27:00;temperature;15.632;False
S0005;2026-01-02 05:27:00;ventilation;0.47;False
S0003;2026-01-02 05:27:00;humidity;73.23;False
S0010;2026-01-02 05:27:00;CO2_level;841;False
S0007;2026-01-02 05:27:00;temperature;null;True
S0011;2026-01-02 05:27:15;ventilation;0.541;False
S0005;2026-01-02 05:27:15;ventilation;0.51;False
S0004;2026-01-02 05:27:15;CO2_level;900;True
S0007;2026-01-02 05:27:15;temperature;10.648;False
S0010;2026-01-02 05:27:15;CO2_level;927;False
S0001;2026-01-02 05:27:15;temperature;15.114;False
S0004;2026-01-02 05:27:30;CO2_level;856;False
S0005;2026-01-02 05:27:30;ventilation;0.588;False
S0001;2026-01-02 05:27:30;temperature;12.51;False
S0007;2026-01-02 05:27:30;temperature;11.27;False
S0003;2026-01-02 05:27:30;humidity;67.601;False
S0009;2026-01-02 05:27:30;humidity;69.656;False
S0010;2026-01-02 05:27:30;CO2_level;791;True
S0011;2026-01-02 05:27:30;ventilation;0.379;False
S0004;2026-01-02 05:27:45;CO2_level;864;False
S0010;2026-01-02 05:27:45;CO2_level;741;False
S0005;2026-01-02 05:27:45;ventilation;0.479;False
S0011;2026-01-02 05:27:45;ventilation;0.567;False
S0007;2026-01-02 05:27:45;temperature;14.685;True
S0001;2026-01-02 05:27:45;temperature;15.877;False
S0005;2026-01-02 05:28:00;ventilation;0.445;False
S0011;2026-01-02 05:28:00;ventilation;0.546;False
S0003;2026-01-02 05:28:00;humidity;67.664;False
S0009;2026-01-02 05:28:00;humidity;73.319;False
S0004;2026-01-02 05:28:00;CO2_level;730;False
S0001;2026-01-02 05:28:00;temperature;11.078;False
S0007;2026-01-02 05:28:00;temperature;12.996;False
S0010;2026-01-02 05:28:00;CO2_level;1056;False
S0007;2026-01-02 05:28:15;temperature;13.233;False
S0011;2026-01-02 05:28:15;ventilation;0.338;False
S0001;2026-01-02 05:28:15;temperature;10.51;False
S0010;2026-01-02 05:28:15;CO2_level;842;False
S0005;2026-01-02 05:28:15;ventilation;0.256;False
S0004;2026-01-02 05:28:15;CO2_level;872;False
S0001;2026-01-02 05:28:30;temperature;13.177;False
S0003;2026-01-02 05:28:30;humidity;65.571;False
S0009;2026-01-02 05:28:30;humidity;72.412;False
S0007;2026-01-02 05:28:30;temperature;13.685;False
S0004;2026-01-02 05:28:30;CO2_level;945;False
S0005;2026-01-02 05:28:30;ventilation;0.274;False
S0010;2026-01-02 05:28:30;CO2_level;823;False
S0011;2026-01-02 05:28:30;ventilation;0.532;False
S0005;2026-01-02 05:28:45;ventilation;0.409;False
S0007;2026-01-02 05:28:45;temperature;10.912;False
S0001;2026-01-02 05:28:45;temperature;15.091;False
S0010;2026-01-02 05:28:45;CO2_level;735;False
S0011;2026-01-02 05:28:45;ventilation;0.365;False
S0004;2026-01-02 05:28:45;CO2_level;707;False
S0005;2026-01-02 05:29:00;ventilation;0.4;False
S0001;2026-01-02 05:29:00;temperature;13.212;False
S0007;2026-01-02 05:29:00;temperature;11.479;False
S0011;2026-01-02 05:29:00;ventilation;0.583;False
S0003;2026-01-02 05:29:00;humidity;69.28;False
S0009;2026-01-02 05:29:00;humidity;73.544;False
S0010;2026-01-02 05:29:00;CO2_level;706;False
S0004;2026-01-02 05:29:00;CO2_level;1043;False
S0001;2026-01-02 05:29:15;temperature;11.413;False
S0005;2026-01-02 05:29:15;ventilation;0.317;False
S0004;2026-01-02 05:29:15;CO2_level;844;False
S0010;2026-01-02 05:29:15;CO2_level;872;False
S0011;2026-01-02 05:29:15;ventilation;0.289;False
S0007;2026-01-02 05:29:15;temperature;14.423;False
S0009;2026-01-02 05:29:30;humidity;66.572;False
S0011;2026-01-02 05:29:30;ventilation;0.282;False
S0010;2026-01-02 05:29:30;CO2_level;988;False
S0007;2026-01-02 05:29:30;temperature;14.499;False
S0001;2026-01-02 05:29:30;temperature;14.389;False
S0005;2026-01-02 05:29:30;ventilation;0.501;False
S0003;2026-01-02 05:29:30;humidity;65.453;False
S0004;2026-01-02 05:29:30;CO2_level;null;True
S0004;2026-01-02 05:29:45;CO2_level;730;False
S0005;2026-01-02 05:29:45;ventilation;0.526;False
S0011;2026-01-02 05:29:45;ventilation;0.424;False
S0007;2026-01-02 05:29:45;temperature;15.514;False
S0001;2026-01-02 05:29:45;temperature;15.755;False
S0010;2026-01-02 05:29:45;CO2_level;1087;False
S0003;2026-01-02 05:30:00;humidity;74.4;False
S0004;2026-01-02 05:30:00;CO2_level;700;False
S0001;2026-01-02 05:30:00;temperature;13.762;False
S0009;2026-01-02 05:30:00;humidity;69.075;False
S0005;2026-01-02 05:30:00;ventilation;0.525;False
S0010;2026-01-02 05:30:00;CO2_level;982;False
S0007;2026-01-02 05:30:00;temperature;11.468;False
S0011;2026-01-02 05:30:00;ventilation;0.346;False
S0007;2026-01-02 05:30:15;temperature;15.101;False
S0010;2026-01-02 05:30:15;CO2_level;828;False
S0001;2026-01-02 05:30:15;temperature;15.171;False
S0011;2026-01-02 05:30:15;ventilation;0.474;False
S0004;2026-01-02 05:30:15;CO2_level;1008;False
S0005;2026-01-02 05:30:15;ventilation;0.568;False
S0005;2026-01-02 05:30:30;ventilation;0.494;False
S0011;2026-01-02 05:30:30;ventilation;0.536;False
S0010;2026-01-02 05:30:30;CO2_level;789;False
S0007;2026-01-02 05:30:30;temperature;10.968;True
S0003;2026-01-02 05:30:30;humidity;65.177;False
S0001;2026-01-02 05:30:30;temperature;null;True
S0009;2026-01-02 05:30:30;humidity;70.505;False
S0004;2026-01-02 05:30:30;CO2_level;974;False
S0004;2026-01-02 05:30:45;CO2_level;705;False
S0005;2026-01-02 05:30:45;ventilation;0.436;False
S0001;2026-01-02 05:30:45;temperature;11.972;False
S0007;2026-01-02 05:30:45;temperature;14.642;True
S0010;2026-01-02 05:30:45;CO2_level;907;False
S0011;2026-01-02 05:30:45;ventilation;0.288;False
S0007;2026-01-02 05:31:00;temperature;13.861;False
S0011;2026-01-02 05:31:00;ventilation;0.512;False
S0001;2026-01-02 05:31:00;temperature;11.905;False
S0004;2026-01-02 05:31:00;CO2_level;934;False
S0003;2026-01-02 05:31:00;humidity;66.832;False
S0010;2026-01-02 05:31:00;CO2_level;1045;False
S0009;2026-01-02 05:31:00;humidity;68.372;False
S0005;2026-01-02 05:31:00;ventilation;0.417;False
S0011;2026-01-02 05:31:15;ventilation;0.36;False
S0005;2026-01-02 05:31:15;ventilation;0.491;False
S0001;2026-01-02 05:31:15;temperature;12.871;False
S0004;2026-01-02 05:31:15;CO2_level;897;False
S0010;2026-01-02 05:31:15;CO2_level;712;False
S0007;2026-01-02 05:31:15;temperature;10.002;False
S0009;2026-01-02 05:31:30;humidity;66.693;False
S0004;2026-01-02 05:31:30;CO2_level;960;False
S0001;2026-01-02 05:31:30;temperature;12.648;False
S0010;2026-01-02 05:31:30;CO2_level;748;False
S0011;2026-01-02 05:31:30;ventilation;0.264;False
S0005;2026-01-02 05:31:30;ventilation;0.313;False
S0007;2026-01-02 05:31:30;temperature;14.922;False
S0003;2026-01-02 05:31:30;humidity;65.445;False
S0011;2026-01-02 05:31:45;ventilation;0.595;False
S0004;2026-01-02 05:31:45;CO2_level;996;False
S0005;2026-01-02 05:31:45;ventilation;0.291;False
S0001;2026-01-02 05:31:45;temperature;13.832;False
S0010;2026-01-02 05:31:45;CO2_level;1012;False
S0007;2026-01-02 05:31:45;temperature;10.439;False
S0005;2026-01-02 05:32:00;ventilation;0.35;False
S0011;2026-01-02 05:32:00;ventilation;0.301;False
S0010;2026-01-02 05:32:00;CO2_level;1043;False
S0004;2026-01-02 05:32:00;CO2_level;745;False
S0009;2026-01-02 05:32:00;humidity;70.064;False
S0007;2026-01-02 05:32:00;temperature;14.085;False
S0001;2026-01-02 05:32:00;temperature;11.433;False
S0003;2026-01-02 05:32:00;humidity;68.735;False
S0010;2026-01-02 05:32:15;CO2_level;976;False
S0011;2026-01-02 05:32:15;ventilation;0.461;False
S0007;2026-01-02 05:32:15;temperature;14.878;False
S0005;2026-01-02 05:32:15;ventilation;0.524;False
S0001;2026-01-02 05:32:15;temperature;10.887;False
S0004;2026-01-02 05:32:15;CO2_level;799;False
S0011;2026-01-02 05:32:30;ventilation;0.597;False
S0004;2026-01-02 05:32:30;CO2_level;961;False
S0001;2026-01-02 05:32:30;temperature;10.617;False
S0007;2026-01-02 05:32:30;temperature;11.818;False
S0003;2026-01-02 05:32:30;humidity;69.246;False
S0009;2026-01-02 05:32:30;humidity;71.416;False
S0010;2026-01-02 05:32:30;CO2_level;972;False
S0005;2026-01-02 05:32:30;ventilation;0.515;False
S0004;2026-01-02 05:32:45;CO2_level;992;False
S0010;2026-01-02 05:32:45;CO2_level;1083;False
S0011;2026-01-02 05:32:45;ventilation;0.496;False
S0007;2026-01-02 05:32:45;temperature;13.927;False
S0005;2026-01-02 05:32:45;ventilation;0.516;False
S0001;2026-01-02 05:32:45;temperature;15.248;False
S0003;2026-01-02 05:33:00;humidity;72.228;False
S0010;2026-01-02 05:33:00;CO2_level;714;False
S0011;2026-01-02 05:33:00;ventilation;0.369;False
S0007;2026-01-02 05:33:00;temperature;11.812;False
S0005;2026-01-02 05:33:00;ventilation;0.395;False
S0009;2026-01-02 05:33:00;humidity;67.263;False
S0004;2026-01-02 05:33:00;CO2_level;924;False
S0001;2026-01-02 05:33:00;temperature;13.218;True
S0005;2026-01-02 05:33:15;ventilation;0.496;False
S0004;2026-01-02 05:33:15;CO2_level;1014;False
S0001;2026-01-02 05:33:15;temperature;11.422;False
S0011;2026-01-02 05:33:15;ventilation;0.387;False
S0010;2026-01-02 05:33:15;CO2_level;975;False
S0007;2026-01-02 05:33:15;temperature;15.735;False
S0011;2026-01-02 05:33:30;ventilation;0.331;False
S0004;2026-01-02 05:33:30;CO2_level;1095;True
S0009;2026-01-02 05:33:30;humidity;74.991;False
S0003;2026-01-02 05:33:30;humidity;74.094;False
S0007;2026-01-02 05:33:30;temperature;14.683;False
S0005;2026-01-02 05:33:30;ventilation;0.294;False
S0010;2026-01-02 05:33:30;CO2_level;1015;False
S0001;2026-01-02 05:33:30;temperature;14.133;False
S0001;2026-01-02 05:33:45;temperature;14.374;False
S0010;2026-01-02 05:33:45;CO2_level;860;False
S0005;2026-01-02 05:33:45;ventilation;0.526;False
S0004;2026-01-02 05:33:45;CO2_level;1035;False
S0011;2026-01-02 05:33:45;ventilation;0.511;False
S0007;2026-01-02 05:33:45;temperature;12.382;False
S0003;2026-01-02 05:34:00;humidity;71.142;False
S0004;2026-01-02 05:34:00;CO2_level;781;False
S0001;2026-01-02 05:34:00;temperature;15.222;False
S0007;2026-01-02 05:34:00;temperature;10.456;False
S0009;2026-01-02 05:34:00;humidity;73.024;False
S0011;2026-01-02 05:34:00;ventilation;0.381;False
S0010;2026-01-02 05:34:00;CO2_level;703;False
S0005;2026-01-02 05:34:00;ventilation;0.318;False
S0004;2026-01-02 05:34:15;CO2_level;801;False
S0010;2026-01-02 05:34:15;CO2_level;858;False
S0005;2026-01-02 05:34:15;ventilation;0.421;False
S0007;2026-01-02 05:34:15;temperature;15.598;False
S0011;2026-01-02 05:34:15;ventilation;0.383;False
S0001;2026-01-02 05:34:15;temperature;14.139;False
S0003;2026-01-02 05:34:30;humidity;70.389;False
S0009;2026-01-02 05:34:30;humidity;68.404;False
S0001;2026-01-02 05:34:30;temperature;13.565;False
S0010;2026-01-02 05:34:30;CO2_level;816;False
S0011;2026-01-02 05:34:30;ventilation;0.236;False
S0005;2026-01-02 05:34:30;ventilation;0.38;False
S0007;2026-01-02 05:34:30;temperature;13.002;False
S0004;2026-01-02 05:34:30;CO2_level;1039;False
S0004;2026-01-02 05:34:45;CO2_level;718;False
S0010;2026-01-02 05:34:45;CO2_level;1062;False
S0005;2026-01-02 05:34:45;ventilation;0.545;False
S0011;2026-01-02 05:34:45;ventilation;0.505;False
S0001;2026-01-02 05:34:45;temperature;14.843;False
S0007;2026-01-02 05:34:45;temperature;15.9;False
S0005;2026-01-02 05:35:00;ventilation;0.382;False
S0011;2026-01-02 05:35:00;ventilation;0.351;False
S0007;2026-01-02 05:35:00;temperature;13.997;True
S0001;2026-01-02 05:35:00;temperature;15.289;False
S0009;2026-01-02 05:35:00;humidity;65.168;False
S0004;2026-01-02 05:35:00;CO2_level;747;False
S0010;2026-01-02 05:35:00;CO2_level;1000;False
S0003;2026-01-02 05:35:00;humidity;73.162;False
S0010;2026-01-02 05:35:15;CO2_level;1060;False
S0005;2026-01-02 05:35:15;ventilation;0.477;False
S0004;2026-01-02 05:35:15;CO2_level;858;False
S0001;2026-01-02 05:35:15;temperature;10.295;False
S0011;2026-01-02 05:35:15;ventilation;0.298;False
S0007;2026-01-02 05:35:15;temperature;12.291;False
S0005;2026-01-02 05:35:30;ventilation;0.244;False
S0004;2026-01-02 05:35:30;CO2_level;746;False
S0011;2026-01-02 05:35:30;ventilation;0.209;False
S0007;2026-01-02 05:35:30;temperature;15.276;False
S0009;2026-01-02 05:35:30;humidity;65.677;False
S0003;2026-01-02 05:35:30;humidity;72.752;False
S0001;2026-01-02 05:35:30;temperature;12.237;False
S0010;2026-01-02 05:35:30;CO2_level;1065;False
S0011;2026-01-02 05:35:45;ventilation;0.282;False
S0001;2026-01-02 05:35:45;temperature;12.673;False
S0010;2026-01-02 05:35:45;CO2_level;980;True
S0004;2026-01-02 05:35:45;CO2_level;949;False
S0007;2026-01-02 05:35:45;temperature;14.746;False
S0005;2026-01-02 05:35:45;ventilation;0.351;False
S0011;2026-01-02 05:36:00;ventilation;0.477;False
S0001;2026-01-02 05:36:00;temperature;12.503;False
S0003;2026-01-02 05:36:00;humidity;67.404;False
S0009;2026-01-02 05:36:00;humidity;70.839;False
S0010;2026-01-02 05:36:00;CO2_level;737;True
S0005;2026-01-02 05:36:00;ventilation;0.533;False
S0004;2026-01-02 05:36:00;CO2_level;939;False
S0007;2026-01-02 05:36:00;temperature;11.216;False
S0010;2026-01-02 05:36:15;CO2_level;1029;False
S0005;2026-01-02 05:36:15;ventilation;0.308;False
S0001;2026-01-02 05:36:15;temperature;13.117;False
S0011;2026-01-02 05:36:15;ventilation;0.461;False
S0004;2026-01-02 05:36:15;CO2_level;914;False
S0007;2026-01-02 05:36:15;temperature;12.797;False
S0010;2026-01-02 05:36:30;CO2_level;879;False
S0005;2026-01-02 05:36:30;ventilation;0.583;False
S0004;2026-01-02 05:36:30;CO2_level;1046;False
S0009;2026-01-02 05:36:30;humidity;73.415;False
S0001;2026-01-02 05:36:30;temperature;10.1;False
S0011;2026-01-02 05:36:30;ventilation;0.353;False
S0003;2026-01-02 05:36:30;humidity;69.87;False
S0007;2026-01-02 05:36:30;temperature;11.92;True
S0007;2026-01-02 05:36:45;temperature;12.953;False
S0010;2026-01-02 05:36:45;CO2_level;816;False
S0001;2026-01-02 05:36:45;temperature;14.71;False
S0004;2026-01-02 05:36:45;CO2_level;797;False
S0005;2026-01-02 05:36:45;ventilation;0.595;False
S0011;2026-01-02 05:36:45;ventilation;0.225;False
S0007;2026-01-02 05:37:00;temperature;12.877;False
S0009;2026-01-02 05:37:00;humidity;68.5;True
S0001;2026-01-02 05:37:00;temperature;14.052;False
S0004;2026-01-02 05:37:00;CO2_level;957;False
S0010;2026-01-02 05:37:00;CO2_level;1070;False
S0003;2026-01-02 05:37:00;humidity;69.842;False
S0005;2026-01-02 05:37:00;ventilation;0.578;False
S0011;2026-01-02 05:37:00;ventilation;0.522;False
S0011;2026-01-02 05:37:15;ventilation;0.379;False
S0005;2026-01-02 05:37:15;ventilation;0.323;False
S0004;2026-01-02 05:37:15;CO2_level;790;False
S0010;2026-01-02 05:37:15;CO2_level;787;False
S0001;2026-01-02 05:37:15;temperature;12.196;False
S0007;2026-01-02 05:37:15;temperature;13.908;True
S0009;2026-01-02 05:37:30;humidity;69.702;True
S0011;2026-01-02 05:37:30;ventilation;0.21;False
S0003;2026-01-02 05:37:30;humidity;65.963;False
S0005;2026-01-02 05:37:30;ventilation;0.592;False
S0007;2026-01-02 05:37:30;temperature;12.862;False
S0001;2026-01-02 05:37:30;temperature;11.23;False
S0010;2026-01-02 05:37:30;CO2_level;980;False
S0004;2026-01-02 05:37:30;CO2_level;1072;False
S0007;2026-01-02 05:37:45;temperature;15.484;False
S0011;2026-01-02 05:37:45;ventilation;0.572;False
S0010;2026-01-02 05:37:45;CO2_level;803;False
S0004;2026-01-02 05:37:45;CO2_level;918;False
S0001;2026-01-02 05:37:45;temperature;11.124;False
S0005;2026-01-02 05:37:45;ventilation;0.333;False
S0007;2026-01-02 05:38:00;temperature;14.86;False
S0011;2026-01-02 05:38:00;ventilation;0.264;False
S0009;2026-01-02 05:38:00;humidity;71.735;False
S0004;2026-01-02 05:38:00;CO2_level;1043;False
S0003;2026-01-02 05:38:00;humidity;70.968;False
S0010;2026-01-02 05:38:00;CO2_level;1056;False
S0001;2026-01-02 05:38:00;temperature;13.021;False
S0005;2026-01-02 05:38:00;ventilation;0.588;False
S0005;2026-01-02 05:38:15;ventilation;0.498;False
S0010;2026-01-02 05:38:15;CO2_level;1008;True
S0001;2026-01-02 05:38:15;temperature;11.611;False
S0007;2026-01-02 05:38:15;temperature;11.287;False
S0011;2026-01-02 05:38:15;ventilation;0.284;False
S0004;2026-01-02 05:38:15;CO2_level;1013;False
S0004;2026-01-02 05:38:30;CO2_level;1093;False
S0010;2026-01-02 05:38:30;CO2_level;835;False
S0005;2026-01-02 05:38:30;ventilation;0.288;False
S0009;2026-01-02 05:38:30;humidity;69.818;False
S0001;2026-01-02 05:38:30;temperature;13.848;True
S0011;2026-01-02 05:38:30;ventilation;0.205;False
S0007;2026-01-02 05:38:30;temperature;11.886;False
S0003;2026-01-02 05:38:30;humidity;73.847;False
S0004;2026-01-02 05:38:45;CO2_level;857;False
S0011;2026-01-02 05:38:45;ventilation;0.373;False
S0010;2026-01-02 05:38:45;CO2_level;757;False
S0005;2026-01-02 05:38:45;ventilation;0.487;False
S0007;2026-01-02 05:38:45;temperature;11.929;False
S0001;2026-01-02 05:38:45;temperature;11.857;False
S0010;2026-01-02 05:39:00;CO2_level;786;False
S0011;2026-01-02 05:39:00;ventilation;0.204;False
S0004;2026-01-02 05:39:00;CO2_level;1094;False
S0005;2026-01-02 05:39:00;ventilation;0.371;False
S0007;2026-01-02 05:39:00;temperature;12.875;False
S0003;2026-01-02 05:39:00;humidity;69.351;False
S0009;2026-01-02 05:39:00;humidity;66.873;False
S0001;2026-01-02 05:39:00;temperature;14.438;False
S0004;2026-01-02 05:39:15;CO2_level;823;False
S0005;2026-01-02 05:39:15;ventilation;0.463;False
S0010;2026-01-02 05:39:15;CO2_level;983;False
S0007;2026-01-02 05:39:15;temperature;13.033;False
S0011;2026-01-02 05:39:15;ventilation;0.419;False
S0001;2026-01-02 05:39:15;temperature;15.469;False
S0009;2026-01-02 05:39:30;humidity;74.688;False
S0003;2026-01-02 05:39:30;humidity;65.223;False
S0010;2026-01-02 05:39:30;CO2_level;1087;False
S0005;2026-01-02 05:39:30;ventilation;0.564;False
S0007;2026-01-02 05:39:30;temperature;15.329;False
S0004;2026-01-02 05:39:30;CO2_level;null;True
S0011;2026-01-02 05:39:30;ventilation;0.276;False
S0001;2026-01-02 05:39:30;temperature;14.088;False
S0005;2026-01-02 05:39:45;ventilation;0.535;False
S0011;2026-01-02 05:39:45;ventilation;0.545;False
S0007;2026-01-02 05:39:45;temperature;12.865;False
S0004;2026-01-02 05:39:45;CO2_level;706;False
S0001;2026-01-02 05:39:45;temperature;10.952;False
S0010;2026-01-02 05:39:45;CO2_level;820;False
S0007;2026-01-02 05:40:00;temperature;10.858;False
S0011;2026-01-02 05:40:00;ventilation;0.524;False
S0005;2026-01-02 05:40:00;ventilation;0.372;False
S0010;2026-01-02 05:40:00;CO2_level;977;False
S0001;2026-01-02 05:40:00;temperature;10.973;False
S0004;2026-01-02 05:40:00;CO2_level;792;False
S0003;2026-01-02 05:40:00;humidity;66.464;False
S0009;2026-01-02 05:40:00;humidity;null;True
S0010;2026-01-02 05:40:15;CO2_level;1037;False
S0011;2026-01-02 05:40:15;ventilation;0.582;False
S0004;2026-01-02 05:40:15;CO2_level;1084;False
S0007;2026-01-02 05:40:15;temperature;14.81;False
S0001;2026-01-02 05:40:15;temperature;11.35;False
S0005;2026-01-02 05:40:15;ventilation;0.429;False
S0001;2026-01-02 05:40:30;temperature;14.493;False
S0011;2026-01-02 05:40:30;ventilation;0.377;False
S0003;2026-01-02 05:40:30;humidity;68.605;False
S0009;2026-01-02 05:40:30;humidity;73.529;False
S0005;2026-01-02 05:40:30;ventilation;0.558;False
S0004;2026-01-02 05:40:30;CO2_level;985;False
S0010;2026-01-02 05:40:30;CO2_level;918;False
S0007;2026-01-02 05:40:30;temperature;14.906;False
S0010;2026-01-02 05:40:45;CO2_level;787;False
S0001;2026-01-02 05:40:45;temperature;13.686;False
S0005;2026-01-02 05:40:45;ventilation;0.518;False
S0004;2026-01-02 05:40:45;CO2_level;971;False
S0007;2026-01-02 05:40:45;temperature;14.527;True
S0011;2026-01-02 05:40:45;ventilation;0.369;False
S0010;2026-01-02 05:41:00;CO2_level;1028;False
S0003;2026-01-02 05:41:00;humidity;69.471;False
S0001;2026-01-02 05:41:00;temperature;12.21;False
S0011;2026-01-02 05:41:00;ventilation;0.312;False
S0009;2026-01-02 05:41:00;humidity;null;True
S0007;2026-01-02 05:41:00;temperature;15.406;False
S0004;2026-01-02 05:41:00;CO2_level;1069;False
S0005;2026-01-02 05:41:00;ventilation;0.216;False
S0007;2026-01-02 05:41:15;temperature;12.406;False
S0004;2026-01-02 05:41:15;CO2_level;838;False
S0010;2026-01-02 05:41:15;CO2_level;881;False
S0011;2026-01-02 05:41:15;ventilation;0.206;False
S0001;2026-01-02 05:41:15;temperature;15.874;False
S0005;2026-01-02 05:41:15;ventilation;0.429;True
S0005;2026-01-02 05:41:30;ventilation;0.599;False
S0001;2026-01-02 05:41:30;temperature;14.457;False
S0010;2026-01-02 05:41:30;CO2_level;741;False
S0009;2026-01-02 05:41:30;humidity;66.868;False
S0003;2026-01-02 05:41:30;humidity;70.857;False
S0007;2026-01-02 05:41:30;temperature;12.819;False
S0004;2026-01-02 05:41:30;CO2_level;933;True
S0011;2026-01-02 05:41:30;ventilation;0.353;False
S0010;2026-01-02 05:41:45;CO2_level;995;False
S0005;2026-01-02 05:41:45;ventilation;0.549;False
S0007;2026-01-02 05:41:45;temperature;12.503;False
S0004;2026-01-02 05:41:45;CO2_level;719;False
S0011;2026-01-02 05:41:45;ventilation;0.462;False
S0001;2026-01-02 05:41:45;temperature;11.194;False
S0001;2026-01-02 05:42:00;temperature;11.466;False
S0009;2026-01-02 05:42:00;humidity;68.755;False
S0003;2026-01-02 05:42:00;humidity;73.293;False
S0010;2026-01-02 05:42:00;CO2_level;1090;False
S0005;2026-01-02 05:42:00;ventilation;0.323;False
S0011;2026-01-02 05:42:00;ventilation;0.447;False
S0007;2026-01-02 05:42:00;temperature;15.925;False
S0004;2026-01-02 05:42:00;CO2_level;1081;False
S0005;2026-01-02 05:42:15;ventilation;0.587;True
S0001;2026-01-02 05:42:15;temperature;12.713;False
S0011;2026-01-02 05:42:15;ventilation;0.473;False
S0004;2026-01-02 05:42:15;CO2_level;1009;False
S0010;2026-01-02 05:42:15;CO2_level;985;False
S0007;2026-01-02 05:42:15;temperature;14.745;False
S0007;2026-01-02 05:42:30;temperature;12.798;False
S0011;2026-01-02 05:42:30;ventilation;0.284;False
S0004;2026-01-02 05:42:30;CO2_level;776;False
S0010;2026-01-02 05:42:30;CO2_level;921;True
S0003;2026-01-02 05:42:30;humidity;68.877;False
S0009;2026-01-02 05:42:30;humidity;74.264;False
S0005;2026-01-02 05:42:30;ventilation;0.448;False
S0001;2026-01-02 05:42:30;temperature;13.825;False
S0011;2026-01-02 05:42:45;ventilation;0.489;False
S0010;2026-01-02 05:42:45;CO2_level;725;False
S0005;2026-01-02 05:42:45;ventilation;0.206;False
S0004;2026-01-02 05:42:45;CO2_level;971;False
S0007;2026-01-02 05:42:45;temperature;15.437;False
S0001;2026-01-02 05:42:45;temperature;11.695;False
S0007;2026-01-02 05:43:00;temperature;13.812;False
S0010;2026-01-02 05:43:00;CO2_level;751;False
S0011;2026-01-02 05:43:00;ventilation;0.498;False
S0001;2026-01-02 05:43:00;temperature;10.921;False
S0009;2026-01-02 05:43:00;humidity;74.42;False
S0003;2026-01-02 05:43:00;humidity;68.294;False
S0005;2026-01-02 05:43:00;ventilation;0.472;False
S0004;2026-01-02 05:43:00;CO2_level;787;False
S0004;2026-01-02 05:43:15;CO2_level;863;False
S0005;2026-01-02 05:43:15;ventilation;0.206;False
S0007;2026-01-02 05:43:15;temperature;11.718;False
S0010;2026-01-02 05:43:15;CO2_level;1023;False
S0001;2026-01-02 05:43:15;temperature;15.93;False
S0011;2026-01-02 05:43:15;ventilation;0.476;False
S0007;2026-01-02 05:43:30;temperature;15.683;False
S0011;2026-01-02 05:43:30;ventilation;0.355;True
S0001;2026-01-02 05:43:30;temperature;12.919;False
S0004;2026-01-02 05:43:30;CO2_level;1095;False
S0010;2026-01-02 05:43:30;CO2_level;930;False
S0005;2026-01-02 05:43:30;ventilation;0.491;False
S0003;2026-01-02 05:43:30;humidity;70.303;False
S0009;2026-01-02 05:43:30;humidity;68.83;False
S0005;2026-01-02 05:43:45;ventilation;0.328;False
S0001;2026-01-02 05:43:45;temperature;12.475;False
S0011;2026-01-02 05:43:45;ventilation;0.429;True
S0010;2026-01-02 05:43:45;CO2_level;1043;False
S0007;2026-01-02 05:43:45;temperature;11.326;False
S0004;2026-01-02 05:43:45;CO2_level;866;False
S0004;2026-01-02 05:44:00;CO2_level;1066;False
S0009;2026-01-02 05:44:00;humidity;74.102;False
S0011;2026-01-02 05:44:00;ventilation;0.448;False
S0010;2026-01-02 05:44:00;CO2_level;804;False
S0003;2026-01-02 05:44:00;humidity;70.522;False
S0007;2026-01-02 05:44:00;temperature;15.576;False
S0005;2026-01-02 05:44:00;ventilation;0.432;False
S0001;2026-01-02 05:44:00;temperature;14.069;False
S0010;2026-01-02 05:44:15;CO2_level;970;False
S0007;2026-01-02 05:44:15;temperature;14.862;False
S0001;2026-01-02 05:44:15;temperature;13.468;False
S0011;2026-01-02 05:44:15;ventilation;0.385;False
S0004;2026-01-02 05:44:15;CO2_level;989;False
S0005;2026-01-02 05:44:15;ventilation;0.41;False
S0001;2026-01-02 05:44:30;temperature;13.177;True
S0005;2026-01-02 05:44:30;ventilation;0.365;False
S0009;2026-01-02 05:44:30;humidity;66.148;True
S0011;2026-01-02 05:44:30;ventilation;0.305;False
S0010;2026-01-02 05:44:30;CO2_level;1003;False
S0003;2026-01-02 05:44:30;humidity;70.273;False
S0004;2026-01-02 05:44:30;CO2_level;842;False
S0007;2026-01-02 05:44:30;temperature;11.247;False
S0007;2026-01-02 05:44:45;temperature;14.777;False
S0010;2026-01-02 05:44:45;CO2_level;1049;False
S0001;2026-01-02 05:44:45;temperature;15.29;False
S0004;2026-01-02 05:44:45;CO2_level;994;False
S0011;2026-01-02 05:44:45;ventilation;0.433;False
S0005;2026-01-02 05:44:45;ventilation;0.228;False
S0011;2026-01-02 05:45:00;ventilation;0.459;False
S0010;2026-01-02 05:45:00;CO2_level;866;False
S0005;2026-01-02 05:45:00;ventilation;0.477;False
S0004;2026-01-02 05:45:00;CO2_level;1085;False
S0003;2026-01-02 05:45:00;humidity;null;True
S0009;2026-01-02 05:45:00;humidity;66.915;False
S0007;2026-01-02 05:45:00;temperature;11.87;False
S0001;2026-01-02 05:45:00;temperature;15.848;True
S0004;2026-01-02 05:45:15;CO2_level;706;False
S0007;2026-01-02 05:45:15;temperature;10.289;False
S0011;2026-01-02 05:45:15;ventilation;0.435;False
S0010;2026-01-02 05:45:15;CO2_level;830;False
S0001;2026-01-02 05:45:15;temperature;14.333;False
S0005;2026-01-02 05:45:15;ventilation;0.224;False
S0005;2026-01-02 05:45:30;ventilation;0.436;False
S0011;2026-01-02 05:45:30;ventilation;0.525;False
S0001;2026-01-02 05:45:30;temperature;14.596;False
S0009;2026-01-02 05:45:30;humidity;72.89;True
S0010;2026-01-02 05:45:30;CO2_level;962;False
S0003;2026-01-02 05:45:30;humidity;73.64;False
S0007;2026-01-02 05:45:30;temperature;11.829;False
S0004;2026-01-02 05:45:30;CO2_level;979;False
S0001;2026-01-02 05:45:45;temperature;12.525;False
S0010;2026-01-02 05:45:45;CO2_level;1019;False
S0007;2026-01-02 05:45:45;temperature;14.623;False
S0011;2026-01-02 05:45:45;ventilation;0.37;False
S0004;2026-01-02 05:45:45;CO2_level;852;False
S0005;2026-01-02 05:45:45;ventilation;0.53;False
S0010;2026-01-02 05:46:00;CO2_level;1035;False
S0009;2026-01-02 05:46:00;humidity;65.261;False
S0007;2026-01-02 05:46:00;temperature;14.55;False
S0004;2026-01-02 05:46:00;CO2_level;839;True
S0005;2026-01-02 05:46:00;ventilation;0.259;False
S0011;2026-01-02 05:46:00;ventilation;0.444;False
S0001;2026-01-02 05:46:00;temperature;15.387;False
S0003;2026-01-02 05:46:00;humidity;73.046;False
S0005;2026-01-02 05:46:15;ventilation;0.277;False
S0004;2026-01-02 05:46:15;CO2_level;767;False
S0010;2026-01-02 05:46:15;CO2_level;812;False
S0001;2026-01-02 05:46:15;temperature;13.389;False
S0007;2026-01-02 05:46:15;temperature;13.603;False
S0011;2026-01-02 05:46:15;ventilation;0.234;False
S0004;2026-01-02 05:46:30;CO2_level;738;False
S0001;2026-01-02 05:46:30;temperature;13.914;False
S0011;2026-01-02 05:46:30;ventilation;0.59;False
S0009;2026-01-02 05:46:30;humidity;72.449;False
S0003;2026-01-02 05:46:30;humidity;73.37;False
S0010;2026-01-02 05:46:30;CO2_level;722;False
S0007;2026-01-02 05:46:30;temperature;12.141;False
S0005;2026-01-02 05:46:30;ventilation;0.579;False
S0005;2026-01-02 05:46:45;ventilation;0.46;False
S0007;2026-01-02 05:46:45;temperature;13.144;True
S0001;2026-01-02 05:46:45;temperature;14.318;False
S0011;2026-01-02 05:46:45;ventilation;0.438;False
S0004;2026-01-02 05:46:45;CO2_level;739;False
S0010;2026-01-02 05:46:45;CO2_level;894;False
S0001;2026-01-02 05:47:00;temperature;null;True
S0010;2026-01-02 05:47:00;CO2_level;813;False
S0004;2026-01-02 05:47:00;CO2_level;1083;False
S0005;2026-01-02 05:47:00;ventilation;0.521;False
S0011;2026-01-02 05:47:00;ventilation;0.308;False
S0007;2026-01-02 05:47:00;temperature;10.703;False
S0009;2026-01-02 05:47:00;humidity;66.764;False
S0003;2026-01-02 05:47:00;humidity;65.364;False
S0011;2026-01-02 05:47:15;ventilation;0.291;False
S0010;2026-01-02 05:47:15;CO2_level;1098;False
S0001;2026-01-02 05:47:15;temperature;12.601;False
S0007;2026-01-02 05:47:15;temperature;15.716;False
S0004;2026-01-02 05:47:15;CO2_level;1071;False
S0005;2026-01-02 05:47:15;ventilation;0.408;False
S0001;2026-01-02 05:47:30;temperature;13.104;False
S0007;2026-01-02 05:47:30;temperature;12.895;False
S0003;2026-01-02 05:47:30;humidity;65.003;True
S0010;2026-01-02 05:47:30;CO2_level;1064;True
S0004;2026-01-02 05:47:30;CO2_level;1082;False
S0005;2026-01-02 05:47:30;ventilation;0.548;False
S0009;2026-01-02 05:47:30;humidity;67.347;False
S0011;2026-01-02 05:47:30;ventilation;0.345;False
S0007;2026-01-02 05:47:45;temperature;10.006;True
S0011;2026-01-02 05:47:45;ventilation;0.432;False
S0010;2026-01-02 05:47:45;CO2_level;790;False
S0001;2026-01-02 05:47:45;temperature;15.401;False
S0005;2026-01-02 05:47:45;ventilation;0.479;False
S0004;2026-01-02 05:47:45;CO2_level;770;False
S0007;2026-01-02 05:48:00;temperature;11.929;False
S0011;2026-01-02 05:48:00;ventilation;0.596;False
S0001;2026-01-02 05:48:00;temperature;11.057;False
S0005;2026-01-02 05:48:00;ventilation;0.296;False
S0004;2026-01-02 05:48:00;CO2_level;957;True
S0010;2026-01-02 05:48:00;CO2_level;1084;False
S0009;2026-01-02 05:48:00;humidity;68.242;False
S0003;2026-01-02 05:48:00;humidity;73.977;False
S0005;2026-01-02 05:48:15;ventilation;0.501;True
S0004;2026-01-02 05:48:15;CO2_level;825;False
S0007;2026-01-02 05:48:15;temperature;null;True
S0001;2026-01-02 05:48:15;temperature;14.191;False
S0011;2026-01-02 05:48:15;ventilation;0.223;True
S0010;2026-01-02 05:48:15;CO2_level;889;False
S0010;2026-01-02 05:48:30;CO2_level;901;False
S0009;2026-01-02 05:48:30;humidity;66.961;False
S0001;2026-01-02 05:48:30;temperature;10.216;False
S0007;2026-01-02 05:48:30;temperature;14.558;False
S0003;2026-01-02 05:48:30;humidity;72.507;False
S0011;2026-01-02 05:48:30;ventilation;0.366;True
S0004;2026-01-02 05:48:30;CO2_level;968;False
S0005;2026-01-02 05:48:30;ventilation;0.579;False
S0007;2026-01-02 05:48:45;temperature;10.954;False
S0010;2026-01-02 05:48:45;CO2_level;798;False
S0011;2026-01-02 05:48:45;ventilation;0.445;True
S0005;2026-01-02 05:48:45;ventilation;0.366;False
S0004;2026-01-02 05:48:45;CO2_level;763;False
S0001;2026-01-02 05:48:45;temperature;11.737;False
S0003;2026-01-02 05:49:00;humidity;74.052;False
S0009;2026-01-02 05:49:00;humidity;67.569;False
S0011;2026-01-02 05:49:00;ventilation;0.561;False
S0001;2026-01-02 05:49:00;temperature;14.459;False
S0004;2026-01-02 05:49:00;CO2_level;1086;False
S0005;2026-01-02 05:49:00;ventilation;0.258;False
S0007;2026-01-02 05:49:00;temperature;null;True
S0010;2026-01-02 05:49:00;CO2_level;947;False
S0001;2026-01-02 05:49:15;temperature;12.364;False
S0004;2026-01-02 05:49:15;CO2_level;760;False
S0005;2026-01-02 05:49:15;ventilation;0.26;False
S0011;2026-01-02 05:49:15;ventilation;0.459;False
S0007;2026-01-02 05:49:15;temperature;15.93;False
S0010;2026-01-02 05:49:15;CO2_level;1051;False
S0004;2026-01-02 05:49:30;CO2_level;729;False
S0010;2026-01-02 05:49:30;CO2_level;769;False
S0005;2026-01-02 05:49:30;ventilation;0.288;False
S0007;2026-01-02 05:49:30;temperature;14.928;True
S0009;2026-01-02 05:49:30;humidity;68.993;False
S0011;2026-01-02 05:49:30;ventilation;0.346;False
S0001;2026-01-02 05:49:30;temperature;10.109;False
S0003;2026-01-02 05:49:30;humidity;71.246;False
S0001;2026-01-02 05:49:45;temperature;12.118;False
S0004;2026-01-02 05:49:45;CO2_level;934;False
S0007;2026-01-02 05:49:45;temperature;13.677;False
S0011;2026-01-02 05:49:45;ventilation;0.385;False
S0010;2026-01-02 05:49:45;CO2_level;777;False
S0005;2026-01-02 05:49:45;ventilation;0.316;False
S0005;2026-01-02 05:50:00;ventilation;0.348;False
S0001;2026-01-02 05:50:00;temperature;13.217;False
S0004;2026-01-02 05:50:00;CO2_level;1070;False
S0007;2026-01-02 05:50:00;temperature;10.696;False
S0011;2026-01-02 05:50:00;ventilation;0.243;False
S0010;2026-01-02 05:50:00;CO2_level;1095;False
S0009;2026-01-02 05:50:00;humidity;67.291;False
S0003;2026-01-02 05:50:00;humidity;65.908;False
S0011;2026-01-02 05:50:15;ventilation;0.585;False
S0001;2026-01-02 05:50:15;temperature;14.212;False
S0005;2026-01-02 05:50:15;ventilation;0.548;False
S0007;2026-01-02 05:50:15;temperature;10.943;False
S0010;2026-01-02 05:50:15;CO2_level;965;True
S0004;2026-01-02 05:50:15;CO2_level;1066;False
S0009;2026-01-02 05:50:30;humidity;72.314;False
S0005;2026-01-02 05:50:30;ventilation;0.508;False
S0003;2026-01-02 05:50:30;humidity;73.089;False
S0010;2026-01-02 05:50:30;CO2_level;855;False
S0001;2026-01-02 05:50:30;temperature;10.572;False
S0004;2026-01-02 05:50:30;CO2_level;813;False
S0007;2026-01-02 05:50:30;temperature;11.466;False
S0011;2026-01-02 05:50:30;ventilation;0.561;False
S0001;2026-01-02 05:50:45;temperature;12.825;False
S0005;2026-01-02 05:50:45;ventilation;0.361;False
S0004;2026-01-02 05:50:45;CO2_level;1090;False
S0010;2026-01-02 05:50:45;CO2_level;866;False
S0011;2026-01-02 05:50:45;ventilation;0.507;False
S0007;2026-01-02 05:50:45;temperature;11.657;False
S0004;2026-01-02 05:51:00;CO2_level;935;False
S0010;2026-01-02 05:51:00;CO2_level;751;False
S0005;2026-01-02 05:51:00;ventilation;0.566;False
S0009;2026-01-02 05:51:00;humidity;73.271;False
S0003;2026-01-02 05:51:00;humidity;68.363;False
S0011;2026-01-02 05:51:00;ventilation;0.26;False
S0007;2026-01-02 05:51:00;temperature;10.142;False
S0001;2026-01-02 05:51:00;temperature;12.874;True
S0007;2026-01-02 05:51:15;temperature;11.167;False
S0010;2026-01-02 05:51:15;CO2_level;998;False
S0001;2026-01-02 05:51:15;temperature;15.917;False
S0005;2026-01-02 05:51:15;ventilation;0.473;True
S0004;2026-01-02 05:51:15;CO2_level;814;False
S0011;2026-01-02 05:51:15;ventilation;0.44;False
S0001;2026-01-02 05:51:30;temperature;12.511;False
S0011;2026-01-02 05:51:30;ventilation;0.432;False
S0010;2026-01-02 05:51:30;CO2_level;806;False
S0005;2026-01-02 05:51:30;ventilation;0.309;False
S0007;2026-01-02 05:51:30;temperature;15.349;False
S0003;2026-01-02 05:51:30;humidity;72.043;False
S0009;2026-01-02 05:51:30;humidity;65.112;True
S0004;2026-01-02 05:51:30;CO2_level;1061;False
S0005;2026-01-02 05:51:45;ventilation;0.273;False
S0011;2026-01-02 05:51:45;ventilation;0.263;False
S0001;2026-01-02 05:51:45;temperature;14.048;True
S0004;2026-01-02 05:51:45;CO2_level;1028;False
S0010;2026-01-02 05:51:45;CO2_level;979;True
S0007;2026-01-02 05:51:45;temperature;13.167;False
S0001;2026-01-02 05:52:00;temperature;14.891;False
S0005;2026-01-02 05:52:00;ventilation;0.473;False
S0010;2026-01-02 05:52:00;CO2_level;1053;False
S0003;2026-01-02 05:52:00;humidity;68.511;False
S0009;2026-01-02 05:52:00;humidity;73.831;True
S0011;2026-01-02 05:52:00;ventilation;0.247;False
S0004;2026-01-02 05:52:00;CO2_level;841;False
S0007;2026-01-02 05:52:00;temperature;12.967;False
S0007;2026-01-02 05:52:15;temperature;12.685;False
S0004;2026-01-02 05:52:15;CO2_level;889;False
S0010;2026-01-02 05:52:15;CO2_level;835;False
S0005;2026-01-02 05:52:15;ventilation;0.414;False
S0001;2026-01-02 05:52:15;temperature;13.581;False
S0011;2026-01-02 05:52:15;ventilation;0.455;False
S0011;2026-01-02 05:52:30;ventilation;0.339;False
S0010;2026-01-02 05:52:30;CO2_level;1019;False
S0009;2026-01-02 05:52:30;humidity;68.074;False
S0001;2026-01-02 05:52:30;temperature;15.946;False
S0005;2026-01-02 05:52:30;ventilation;0.595;False
S0003;2026-01-02 05:52:30;humidity;68.214;False
S0004;2026-01-02 05:52:30;CO2_level;723;False
S0007;2026-01-02 05:52:30;temperature;14.651;False
S0011;2026-01-02 05:52:45;ventilation;0.543;False
S0004;2026-01-02 05:52:45;CO2_level;815;False
S0005;2026-01-02 05:52:45;ventilation;0.592;False
S0007;2026-01-02 05:52:45;temperature;12.299;False
S0001;2026-01-02 05:52:45;temperature;14.433;False
S0010;2026-01-02 05:52:45;CO2_level;987;False
S0005;2026-01-02 05:53:00;ventilation;0.338;False
S0004;2026-01-02 05:53:00;CO2_level;983;False
S0010;2026-01-02 05:53:00;CO2_level;1090;False
S0011;2026-01-02 05:53:00;ventilation;0.319;False
S0007;2026-01-02 05:53:00;temperature;13.076;False
S0003;2026-01-02 05:53:00;humidity;66.448;False
S0001;2026-01-02 05:53:00;temperature;15.892;False
S0009;2026-01-02 05:53:00;humidity;67.674;False
S0011;2026-01-02 05:53:15;ventilation;0.415;False
S0004;2026-01-02 05:53:15;CO2_level;879;False
S0007;2026-01-02 05:53:15;temperature;10.451;False
S0005;2026-01-02 05:53:15;ventilation;0.375;False
S0001;2026-01-02 05:53:15;temperature;12.535;False
S0010;2026-01-02 05:53:15;CO2_level;959;False
S0007;2026-01-02 05:53:30;temperature;14.372;False
S0003;2026-01-02 05:53:30;humidity;69.443;False
S0010;2026-01-02 05:53:30;CO2_level;897;False
S0009;2026-01-02 05:53:30;humidity;70.353;False
S0011;2026-01-02 05:53:30;ventilation;0.222;False
S0004;2026-01-02 05:53:30;CO2_level;740;False
S0001;2026-01-02 05:53:30;temperature;13.078;False
S0005;2026-01-02 05:53:30;ventilation;0.333;True
S0007;2026-01-02 05:53:45;temperature;15.257;False
S0011;2026-01-02 05:53:45;ventilation;0.453;False
S0010;2026-01-02 05:53:45;CO2_level;946;False
S0004;2026-01-02 05:53:45;CO2_level;901;False
S0001;2026-01-02 05:53:45;temperature;14.797;True
S0005;2026-01-02 05:53:45;ventilation;0.385;False
S0007;2026-01-02 05:54:00;temperature;12.878;False
S0011;2026-01-02 05:54:00;ventilation;0.403;False
S0004;2026-01-02 05:54:00;CO2_level;722;False
S0003;2026-01-02 05:54:00;humidity;65.623;False
S0005;2026-01-02 05:54:00;ventilation;0.428;False
S0009;2026-01-02 05:54:00;humidity;69.224;False
S0010;2026-01-02 05:54:00;CO2_level;877;False
S0001;2026-01-02 05:54:00;temperature;15.489;False
S0011;2026-01-02 05:54:15;ventilation;0.401;False
S0007;2026-01-02 05:54:15;temperature;12.698;False
S0010;2026-01-02 05:54:15;CO2_level;778;False
S0004;2026-01-02 05:54:15;CO2_level;727;False
S0005;2026-01-02 05:54:15;ventilation;0.296;False
S0001;2026-01-02 05:54:15;temperature;12.389;False
S0004;2026-01-02 05:54:30;CO2_level;883;False
S0011;2026-01-02 05:54:30;ventilation;0.372;False
S0007;2026-01-02 05:54:30;temperature;15.739;False
S0009;2026-01-02 05:54:30;humidity;72.483;False
S0010;2026-01-02 05:54:30;CO2_level;938;False
S0003;2026-01-02 05:54:30;humidity;72.207;False
S0001;2026-01-02 05:54:30;temperature;15.52;False
S0005;2026-01-02 05:54:30;ventilation;0.271;False
S0011;2026-01-02 05:54:45;ventilation;0.533;False
S0001;2026-01-02 05:54:45;temperature;12.936;False
S0005;2026-01-02 05:54:45;ventilation;0.218;False
S0010;2026-01-02 05:54:45;CO2_level;826;False
S0004;2026-01-02 05:54:45;CO2_level;997;False
S0007;2026-01-02 05:54:45;temperature;11.183;False
S0001;2026-01-02 05:55:00;temperature;11.621;True
S0005;2026-01-02 05:55:00;ventilation;0.391;False
S0010;2026-01-02 05:55:00;CO2_level;1050;False
S0009;2026-01-02 05:55:00;humidity;72.148;True
S0004;2026-01-02 05:55:00;CO2_level;1016;False
S0011;2026-01-02 05:55:00;ventilation;0.253;False
S0003;2026-01-02 05:55:00;humidity;70.537;False
S0007;2026-01-02 05:55:00;temperature;13.298;False
S0007;2026-01-02 05:55:15;temperature;13.928;False
S0011;2026-01-02 05:55:15;ventilation;0.417;False
S0005;2026-01-02 05:55:15;ventilation;0.354;False
S0001;2026-01-02 05:55:15;temperature;14.006;False
S0010;2026-01-02 05:55:15;CO2_level;732;False
S0004;2026-01-02 05:55:15;CO2_level;1024;False
S0009;2026-01-02 05:55:30;humidity;66.406;False
S0011;2026-01-02 05:55:30;ventilation;0.576;False
S0004;2026-01-02 05:55:30;CO2_level;832;False
S0003;2026-01-02 05:55:30;humidity;69.359;False
S0010;2026-01-02 05:55:30;CO2_level;978;False
S0001;2026-01-02 05:55:30;temperature;13.331;False
S0005;2026-01-02 05:55:30;ventilation;0.599;False
S0007;2026-01-02 05:55:30;temperature;10.84;False
S0005;2026-01-02 05:55:45;ventilation;0.36;False
S0010;2026-01-02 05:55:45;CO2_level;1055;False
S0004;2026-01-02 05:55:45;CO2_level;936;False
S0007;2026-01-02 05:55:45;temperature;11.781;False
S0001;2026-01-02 05:55:45;temperature;12.882;False
S0011;2026-01-02 05:55:45;ventilation;0.483;False
S0005;2026-01-02 05:56:00;ventilation;0.568;False
S0001;2026-01-02 05:56:00;temperature;15.75;False
S0009;2026-01-02 05:56:00;humidity;70.047;False
S0007;2026-01-02 05:56:00;temperature;14.907;False
S0011;2026-01-02 05:56:00;ventilation;0.245;False
S0010;2026-01-02 05:56:00;CO2_level;953;False
S0004;2026-01-02 05:56:00;CO2_level;862;False
S0003;2026-01-02 05:56:00;humidity;68.116;False
S0001;2026-01-02 05:56:15;temperature;15.759;False
S0010;2026-01-02 05:56:15;CO2_level;950;False
S0005;2026-01-02 05:56:15;ventilation;0.406;True
S0007;2026-01-02 05:56:15;temperature;13.884;False
S0004;2026-01-02 05:56:15;CO2_level;1008;False
S0011;2026-01-02 05:56:15;ventilation;0.489;False
S0011;2026-01-02 05:56:30;ventilation;0.469;True
S0003;2026-01-02 05:56:30;humidity;68.821;False
S0007;2026-01-02 05:56:30;temperature;null;True
S0005;2026-01-02 05:56:30;ventilation;0.598;False
S0010;2026-01-02 05:56:30;CO2_level;954;False
S0004;2026-01-02 05:56:30;CO2_level;1052;False
S0009;2026-01-02 05:56:30;humidity;71.051;False
S0001;2026-01-02 05:56:30;temperature;11.089;False
S0004;2026-01-02 05:56:45;CO2_level;726;False
S0001;2026-01-02 05:56:45;temperature;11.898;False
S0010;2026-01-02 05:56:45;CO2_level;832;False
S0011;2026-01-02 05:56:45;ventilation;null;True
S0007;2026-01-02 05:56:45;temperature;15.263;False
S0005;2026-01-02 05:56:45;ventilation;0.461;False
S0010;2026-01-02 05:57:00;CO2_level;914;False
S0011;2026-01-02 05:57:00;ventilation;0.394;False
S0001;2026-01-02 05:57:00;temperature;11.435;False
S0007;2026-01-02 05:57:00;temperature;10.378;False
S0005;2026-01-02 05:57:00;ventilation;0.223;False
S0004;2026-01-02 05:57:00;CO2_level;1004;False
S0009;2026-01-02 05:57:00;humidity;69.617;False
S0003;2026-01-02 05:57:00;humidity;68.792;False
S0005;2026-01-02 05:57:15;ventilation;0.346;False
S0010;2026-01-02 05:57:15;CO2_level;812;False
S0001;2026-01-02 05:57:15;temperature;12.1;False
S0004;2026-01-02 05:57:15;CO2_level;721;False
S0007;2026-01-02 05:57:15;temperature;14.296;False
S0011;2026-01-02 05:57:15;ventilation;0.554;False
S0004;2026-01-02 05:57:30;CO2_level;1000;False
S0010;2026-01-02 05:57:30;CO2_level;818;False
S0007;2026-01-02 05:57:30;temperature;15.187;False
S0001;2026-01-02 05:57:30;temperature;11.473;False
S0005;2026-01-02 05:57:30;ventilation;0.246;False
S0003;2026-01-02 05:57:30;humidity;70.866;False
S0009;2026-01-02 05:57:30;humidity;70.489;False
S0011;2026-01-02 05:57:30;ventilation;0.534;False
S0007;2026-01-02 05:57:45;temperature;14.478;False
S0005;2026-01-02 05:57:45;ventilation;0.319;False
S0004;2026-01-02 05:57:45;CO2_level;822;False
S0001;2026-01-02 05:57:45;temperature;15.501;False
S0010;2026-01-02 05:57:45;CO2_level;969;False
S0011;2026-01-02 05:57:45;ventilation;0.576;False
S0010;2026-01-02 05:58:00;CO2_level;1024;False
S0009;2026-01-02 05:58:00;humidity;65.394;False
S0007;2026-01-02 05:58:00;temperature;13.881;False
S0011;2026-01-02 05:58:00;ventilation;0.456;False
S0001;2026-01-02 05:58:00;temperature;10.136;False
S0004;2026-01-02 05:58:00;CO2_level;753;False
S0003;2026-01-02 05:58:00;humidity;65.647;False
S0005;2026-01-02 05:58:00;ventilation;0.265;False
S0005;2026-01-02 05:58:15;ventilation;0.559;False
S0010;2026-01-02 05:58:15;CO2_level;959;False
S0001;2026-01-02 05:58:15;temperature;10.317;False
S0011;2026-01-02 05:58:15;ventilation;0.585;False
S0007;2026-01-02 05:58:15;temperature;11.261;False
S0004;2026-01-02 05:58:15;CO2_level;715;False
S0007;2026-01-02 05:58:30;temperature;11.936;False
S0011;2026-01-02 05:58:30;ventilation;0.414;False
S0009;2026-01-02 05:58:30;humidity;69.376;False
S0003;2026-01-02 05:58:30;humidity;70.086;False
S0005;2026-01-02 05:58:30;ventilation;0.252;False
S0001;2026-01-02 05:58:30;temperature;10.994;False
S0010;2026-01-02 05:58:30;CO2_level;927;False
S0004;2026-01-02 05:58:30;CO2_level;897;False
S0001;2026-01-02 05:58:45;temperature;11.254;True
S0007;2026-01-02 05:58:45;temperature;12.65;False
S0010;2026-01-02 05:58:45;CO2_level;1023;False
S0011;2026-01-02 05:58:45;ventilation;null;True
S0005;2026-01-02 05:58:45;ventilation;0.214;False
S0004;2026-01-02 05:58:45;CO2_level;1012;False
S0009;2026-01-02 05:59:00;humidity;72.411;False
S0001;2026-01-02 05:59:00;temperature;12.696;False
S0007;2026-01-02 05:59:00;temperature;11.211;False
S0011;2026-01-02 05:59:00;ventilation;0.228;False
S0005;2026-01-02 05:59:00;ventilation;0.418;False
S0004;2026-01-02 05:59:00;CO2_level;765;False
S0003;2026-01-02 05:59:00;humidity;69.853;False
S0010;2026-01-02 05:59:00;CO2_level;1030;False
S0011;2026-01-02 05:59:15;ventilation;0.5;False
S0004;2026-01-02 05:59:15;CO2_level;716;False
S0007;2026-01-02 05:59:15;temperature;12.523;True
S0010;2026-01-02 05:59:15;CO2_level;764;False
S0005;2026-01-02 05:59:15;ventilation;0.47;False
S0001;2026-01-02 05:59:15;temperature;11.005;True
S0007;2026-01-02 05:59:30;temperature;15.786;False
S0011;2026-01-02 05:59:30;ventilation;0.435;False
S0010;2026-01-02 05:59:30;CO2_level;858;False
S0009;2026-01-02 05:59:30;humidity;71.335;False
S0001;2026-01-02 05:59:30;temperature;10.257;False
S0003;2026-01-02 05:59:30;humidity;67.565;False
S0005;2026-01-02 05:59:30;ventilation;0.274;False
S0004;2026-01-02 05:59:30;CO2_level;979;False
S0005;2026-01-02 05:59:45;ventilation;0.529;True
S0010;2026-01-02 05:59:45;CO2_level;710;False
S0007;2026-01-02 05:59:45;temperature;10.445;True
S0004;2026-01-02 05:59:45;CO2_level;943;False
S0011;2026-01-02 05:59:45;ventilation;0.589;False
S0001;2026-01-02 05:59:45;temperature;10.065;False
S0005;2026-01-02 06:00:00;ventilation;0.59;False
S0010;2026-01-02 06:00:00;CO2_level;952;False
S0001;2026-01-02 06:00:00;temperature;23.753;True
S0007;2026-01-02 06:00:00;temperature;25.845;False
S0009;2026-01-02 06:00:00;humidity;60.196;False
S0004;2026-01-02 06:00:00;CO2_level;1017;True
S0011;2026-01-02 06:00:00;ventilation;0.838;False
S0003;2026-01-02 06:00:00;humidity;67.57;False
S0004;2026-01-02 06:00:15;CO2_level;886;False
S0011;2026-01-02 06:00:15;ventilation;0.587;False
S0007;2026-01-02 06:00:15;temperature;25.019;False
S0001;2026-01-02 06:00:15;temperature;25.977;False
S0005;2026-01-02 06:00:15;ventilation;0.966;False
S0010;2026-01-02 06:00:15;CO2_level;600;True
S0009;2026-01-02 06:00:30;humidity;63.918;True
S0004;2026-01-02 06:00:30;CO2_level;1172;False
S0005;2026-01-02 06:00:30;ventilation;0.854;False
S0011;2026-01-02 06:00:30;ventilation;0.909;False
S0001;2026-01-02 06:00:30;temperature;18.917;False
S0003;2026-01-02 06:00:30;humidity;60.301;False
S0007;2026-01-02 06:00:30;temperature;21.878;False
S0010;2026-01-02 06:00:30;CO2_level;1072;False
S0001;2026-01-02 06:00:45;temperature;23.538;False
S0004;2026-01-02 06:00:45;CO2_level;663;True
S0010;2026-01-02 06:00:45;CO2_level;823;False
S0011;2026-01-02 06:00:45;ventilation;0.695;False
S0005;2026-01-02 06:00:45;ventilation;0.905;False
S0007;2026-01-02 06:00:45;temperature;26.224;False
S0001;2026-01-02 06:01:00;temperature;19.592;True
S0011;2026-01-02 06:01:00;ventilation;0.618;False
S0007;2026-01-02 06:01:00;temperature;23.015;False
S0005;2026-01-02 06:01:00;ventilation;0.663;False
S0010;2026-01-02 06:01:00;CO2_level;699;False
S0004;2026-01-02 06:01:00;CO2_level;1152;False
S0003;2026-01-02 06:01:00;humidity;60.957;False
S0009;2026-01-02 06:01:00;humidity;69.199;False
S0005;2026-01-02 06:01:15;ventilation;0.928;False
S0011;2026-01-02 06:01:15;ventilation;0.718;False
S0010;2026-01-02 06:01:15;CO2_level;818;False
S0004;2026-01-02 06:01:15;CO2_level;1198;False
S0007;2026-01-02 06:01:15;temperature;19.814;False
S0001;2026-01-02 06:01:15;temperature;18.683;False
S0010;2026-01-02 06:01:30;CO2_level;1033;False
S0005;2026-01-02 06:01:30;ventilation;0.698;False
S0003;2026-01-02 06:01:30;humidity;67.485;False
S0007;2026-01-02 06:01:30;temperature;26.636;False
S0001;2026-01-02 06:01:30;temperature;26.204;False
S0011;2026-01-02 06:01:30;ventilation;0.856;True
S0009;2026-01-02 06:01:30;humidity;69.417;False
S0004;2026-01-02 06:01:30;CO2_level;606;False
S0010;2026-01-02 06:01:45;CO2_level;1052;False
S0001;2026-01-02 06:01:45;temperature;18.732;False
S0007;2026-01-02 06:01:45;temperature;23.276;False
S0011;2026-01-02 06:01:45;ventilation;0.756;False
S0004;2026-01-02 06:01:45;CO2_level;1120;False
S0005;2026-01-02 06:01:45;ventilation;0.63;False
S0001;2026-01-02 06:02:00;temperature;24.064;True
S0007;2026-01-02 06:02:00;temperature;25.732;False
S0004;2026-01-02 06:02:00;CO2_level;1007;False
S0003;2026-01-02 06:02:00;humidity;66.067;False
S0010;2026-01-02 06:02:00;CO2_level;946;False
S0005;2026-01-02 06:02:00;ventilation;0.783;False
S0009;2026-01-02 06:02:00;humidity;61.873;False
S0011;2026-01-02 06:02:00;ventilation;0.955;False
S0005;2026-01-02 06:02:15;ventilation;0.572;False
S0001;2026-01-02 06:02:15;temperature;26.582;False
S0010;2026-01-02 06:02:15;CO2_level;1160;False
S0011;2026-01-02 06:02:15;ventilation;0.719;False
S0007;2026-01-02 06:02:15;temperature;18.113;False
S0004;2026-01-02 06:02:15;CO2_level;982;False
S0011;2026-01-02 06:02:30;ventilation;0.693;False
S0005;2026-01-02 06:02:30;ventilation;0.763;False
S0009;2026-01-02 06:02:30;humidity;69.735;False
S0003;2026-01-02 06:02:30;humidity;66.683;False
S0001;2026-01-02 06:02:30;temperature;25.689;False
S0007;2026-01-02 06:02:30;temperature;26.597;True
S0010;2026-01-02 06:02:30;CO2_level;834;False
S0004;2026-01-02 06:02:30;CO2_level;774;False
S0011;2026-01-02 06:02:45;ventilation;0.966;False
S0004;2026-01-02 06:02:45;CO2_level;733;False
S0001;2026-01-02 06:02:45;temperature;19.73;False
S0005;2026-01-02 06:02:45;ventilation;0.593;False
S0007;2026-01-02 06:02:45;temperature;18.748;False
S0010;2026-01-02 06:02:45;CO2_level;847;False
S0001;2026-01-02 06:03:00;temperature;22.63;False
S0005;2026-01-02 06:03:00;ventilation;0.507;False
S0010;2026-01-02 06:03:00;CO2_level;1089;False
S0003;2026-01-02 06:03:00;humidity;69.369;False
S0011;2026-01-02 06:03:00;ventilation;0.763;False
S0007;2026-01-02 06:03:00;temperature;18.803;False
S0004;2026-01-02 06:03:00;CO2_level;1198;False
S0009;2026-01-02 06:03:00;humidity;66.254;False
S0010;2026-01-02 06:03:15;CO2_level;601;False
S0011;2026-01-02 06:03:15;ventilation;0.76;False
S0004;2026-01-02 06:03:15;CO2_level;837;False
S0007;2026-01-02 06:03:15;temperature;22.776;False
S0001;2026-01-02 06:03:15;temperature;19.464;False
S0005;2026-01-02 06:03:15;ventilation;0.806;False
S0011;2026-01-02 06:03:30;ventilation;0.887;False
S0005;2026-01-02 06:03:30;ventilation;0.802;False
S0001;2026-01-02 06:03:30;temperature;20.74;False
S0004;2026-01-02 06:03:30;CO2_level;836;False
S0010;2026-01-02 06:03:30;CO2_level;1133;False
S0003;2026-01-02 06:03:30;humidity;66.511;False
S0007;2026-01-02 06:03:30;temperature;25.805;True
S0009;2026-01-02 06:03:30;humidity;67.856;False
S0001;2026-01-02 06:03:45;temperature;23.115;False
S0010;2026-01-02 06:03:45;CO2_level;613;True
S0007;2026-01-02 06:03:45;temperature;23.86;False
S0004;2026-01-02 06:03:45;CO2_level;1017;False
S0005;2026-01-02 06:03:45;ventilation;0.643;False
S0011;2026-01-02 06:03:45;ventilation;0.746;False
S0009;2026-01-02 06:04:00;humidity;66.312;False
S0001;2026-01-02 06:04:00;temperature;21.328;False
S0004;2026-01-02 06:04:00;CO2_level;972;False
S0005;2026-01-02 06:04:00;ventilation;0.845;False
S0011;2026-01-02 06:04:00;ventilation;0.67;False
S0007;2026-01-02 06:04:00;temperature;18.363;False
S0003;2026-01-02 06:04:00;humidity;64.575;False
S0010;2026-01-02 06:04:00;CO2_level;1073;False
S0005;2026-01-02 06:04:15;ventilation;0.756;False
S0007;2026-01-02 06:04:15;temperature;20.805;False
S0004;2026-01-02 06:04:15;CO2_level;743;False
S0011;2026-01-02 06:04:15;ventilation;0.852;False
S0001;2026-01-02 06:04:15;temperature;25.858;False
S0010;2026-01-02 06:04:15;CO2_level;1066;False
S0007;2026-01-02 06:04:30;temperature;20.862;True
S0005;2026-01-02 06:04:30;ventilation;0.689;False
S0001;2026-01-02 06:04:30;temperature;23.415;False
S0011;2026-01-02 06:04:30;ventilation;0.608;False
S0010;2026-01-02 06:04:30;CO2_level;865;False
S0009;2026-01-02 06:04:30;humidity;68.865;False
S0004;2026-01-02 06:04:30;CO2_level;1031;False
S0003;2026-01-02 06:04:30;humidity;68.705;False
S0007;2026-01-02 06:04:45;temperature;25.941;True
S0001;2026-01-02 06:04:45;temperature;22.962;False
S0011;2026-01-02 06:04:45;ventilation;0.809;False
S0010;2026-01-02 06:04:45;CO2_level;941;False
S0004;2026-01-02 06:04:45;CO2_level;683;False
S0005;2026-01-02 06:04:45;ventilation;0.739;False
S0001;2026-01-02 06:05:00;temperature;22.89;False
S0011;2026-01-02 06:05:00;ventilation;0.743;False
S0009;2026-01-02 06:05:00;humidity;60.329;False
S0003;2026-01-02 06:05:00;humidity;62.744;False
S0004;2026-01-02 06:05:00;CO2_level;831;False
S0005;2026-01-02 06:05:00;ventilation;0.887;False
S0007;2026-01-02 06:05:00;temperature;23.837;False
S0010;2026-01-02 06:05:00;CO2_level;926;False
S0005;2026-01-02 06:05:15;ventilation;0.881;False
S0004;2026-01-02 06:05:15;CO2_level;650;False
S0007;2026-01-02 06:05:15;temperature;18.7;False
S0010;2026-01-02 06:05:15;CO2_level;1043;False
S0001;2026-01-02 06:05:15;temperature;23.473;False
S0011;2026-01-02 06:05:15;ventilation;0.631;False
S0001;2026-01-02 06:05:30;temperature;26.495;False
S0004;2026-01-02 06:05:30;CO2_level;849;False
S0011;2026-01-02 06:05:30;ventilation;0.859;False
S0010;2026-01-02 06:05:30;CO2_level;873;True
S0005;2026-01-02 06:05:30;ventilation;0.927;False
S0009;2026-01-02 06:05:30;humidity;60.027;False
S0007;2026-01-02 06:05:30;temperature;20.246;False
S0003;2026-01-02 06:05:30;humidity;63.15;False
S0010;2026-01-02 06:05:45;CO2_level;914;False
S0011;2026-01-02 06:05:45;ventilation;0.648;False
S0004;2026-01-02 06:05:45;CO2_level;1070;False
S0001;2026-01-02 06:05:45;temperature;26.132;False
S0005;2026-01-02 06:05:45;ventilation;0.734;False
S0007;2026-01-02 06:05:45;temperature;26.843;False
S0010;2026-01-02 06:06:00;CO2_level;934;False
S0009;2026-01-02 06:06:00;humidity;67.407;False
S0005;2026-01-02 06:06:00;ventilation;0.915;False
S0001;2026-01-02 06:06:00;temperature;24.708;False
S0004;2026-01-02 06:06:00;CO2_level;762;False
S0007;2026-01-02 06:06:00;temperature;22.081;False
S0003;2026-01-02 06:06:00;humidity;69.316;False
S0011;2026-01-02 06:06:00;ventilation;0.877;False
S0004;2026-01-02 06:06:15;CO2_level;818;False
S0005;2026-01-02 06:06:15;ventilation;0.686;False
S0011;2026-01-02 06:06:15;ventilation;0.818;False
S0001;2026-01-02 06:06:15;temperature;21.902;False
S0007;2026-01-02 06:06:15;temperature;20.201;False
S0010;2026-01-02 06:06:15;CO2_level;714;False
S0010;2026-01-02 06:06:30;CO2_level;1070;False
S0005;2026-01-02 06:06:30;ventilation;0.507;False
S0004;2026-01-02 06:06:30;CO2_level;842;False
S0001;2026-01-02 06:06:30;temperature;25.247;False
S0007;2026-01-02 06:06:30;temperature;20.892;False
S0011;2026-01-02 06:06:30;ventilation;0.848;False
S0003;2026-01-02 06:06:30;humidity;64.233;False
S0009;2026-01-02 06:06:30;humidity;67.693;False
S0007;2026-01-02 06:06:45;temperature;23.925;False
S0004;2026-01-02 06:06:45;CO2_level;674;False
S0005;2026-01-02 06:06:45;ventilation;0.808;False
S0001;2026-01-02 06:06:45;temperature;25.193;False
S0010;2026-01-02 06:06:45;CO2_level;716;False
S0011;2026-01-02 06:06:45;ventilation;0.663;False
S0003;2026-01-02 06:07:00;humidity;64.171;False
S0011;2026-01-02 06:07:00;ventilation;0.605;False
S0007;2026-01-02 06:07:00;temperature;19.431;False
S0010;2026-01-02 06:07:00;CO2_level;701;False
S0001;2026-01-02 06:07:00;temperature;26.555;False
S0009;2026-01-02 06:07:00;humidity;65.543;False
S0005;2026-01-02 06:07:00;ventilation;0.706;True
S0004;2026-01-02 06:07:00;CO2_level;824;False
S0010;2026-01-02 06:07:15;CO2_level;850;False
S0007;2026-01-02 06:07:15;temperature;26.826;False
S0001;2026-01-02 06:07:15;temperature;18.242;False
S0011;2026-01-02 06:07:15;ventilation;0.953;False
S0005;2026-01-02 06:07:15;ventilation;0.877;False
S0004;2026-01-02 06:07:15;CO2_level;623;False
S0009;2026-01-02 06:07:30;humidity;60.191;False
S0001;2026-01-02 06:07:30;temperature;24.287;False
S0005;2026-01-02 06:07:30;ventilation;0.516;False
S0011;2026-01-02 06:07:30;ventilation;0.738;False
S0003;2026-01-02 06:07:30;humidity;67.912;False
S0007;2026-01-02 06:07:30;temperature;19.226;False
S0010;2026-01-02 06:07:30;CO2_level;948;False
S0004;2026-01-02 06:07:30;CO2_level;723;False
S0004;2026-01-02 06:07:45;CO2_level;1008;False
S0007;2026-01-02 06:07:45;temperature;22.817;False
S0011;2026-01-02 06:07:45;ventilation;0.791;False
S0001;2026-01-02 06:07:45;temperature;24.71;False
S0010;2026-01-02 06:07:45;CO2_level;1197;False
S0005;2026-01-02 06:07:45;ventilation;0.513;False
S0011;2026-01-02 06:08:00;ventilation;0.782;False
S0005;2026-01-02 06:08:00;ventilation;0.836;False
S0003;2026-01-02 06:08:00;humidity;66.682;False
S0007;2026-01-02 06:08:00;temperature;25.096;False
S0004;2026-01-02 06:08:00;CO2_level;1091;False
S0001;2026-01-02 06:08:00;temperature;24.469;False
S0009;2026-01-02 06:08:00;humidity;62.473;False
S0010;2026-01-02 06:08:00;CO2_level;624;False
S0007;2026-01-02 06:08:15;temperature;26.32;False
S0010;2026-01-02 06:08:15;CO2_level;995;False
S0005;2026-01-02 06:08:15;ventilation;0.666;False
S0004;2026-01-02 06:08:15;CO2_level;694;False
S0011;2026-01-02 06:08:15;ventilation;0.553;False
S0001;2026-01-02 06:08:15;temperature;21.284;False
S0001;2026-01-02 06:08:30;temperature;20.791;False
S0004;2026-01-02 06:08:30;CO2_level;609;False
S0011;2026-01-02 06:08:30;ventilation;0.887;False
S0005;2026-01-02 06:08:30;ventilation;0.877;False
S0010;2026-01-02 06:08:30;CO2_level;783;False
S0003;2026-01-02 06:08:30;humidity;65.952;False
S0007;2026-01-02 06:08:30;temperature;22.978;False
S0009;2026-01-02 06:08:30;humidity;63.488;False
S0007;2026-01-02 06:08:45;temperature;20.621;False
S0011;2026-01-02 06:08:45;ventilation;0.579;False
S0004;2026-01-02 06:08:45;CO2_level;787;False
S0010;2026-01-02 06:08:45;CO2_level;1031;False
S0005;2026-01-02 06:08:45;ventilation;0.879;False
S0001;2026-01-02 06:08:45;temperature;25.431;False
S0003;2026-01-02 06:09:00;humidity;67.445;False
S0001;2026-01-02 06:09:00;temperature;18.111;False
S0011;2026-01-02 06:09:00;ventilation;0.885;False
S0004;2026-01-02 06:09:00;CO2_level;764;False
S0009;2026-01-02 06:09:00;humidity;68.57;True
S0007;2026-01-02 06:09:00;temperature;19.65;False
S0010;2026-01-02 06:09:00;CO2_level;813;False
S0005;2026-01-02 06:09:00;ventilation;0.998;False
S0011;2026-01-02 06:09:15;ventilation;0.61;True
S0007;2026-01-02 06:09:15;temperature;19.494;False
S0010;2026-01-02 06:09:15;CO2_level;1150;False
S0005;2026-01-02 06:09:15;ventilation;0.929;False
S0001;2026-01-02 06:09:15;temperature;24.767;True
S0004;2026-01-02 06:09:15;CO2_level;949;False
S0007;2026-01-02 06:09:30;temperature;19.991;False
S0001;2026-01-02 06:09:30;temperature;23.534;False
S0011;2026-01-02 06:09:30;ventilation;0.958;False
S0003;2026-01-02 06:09:30;humidity;61.41;False
S0009;2026-01-02 06:09:30;humidity;69.156;False
S0004;2026-01-02 06:09:30;CO2_level;796;False
S0010;2026-01-02 06:09:30;CO2_level;686;False
S0005;2026-01-02 06:09:30;ventilation;0.815;False
S0004;2026-01-02 06:09:45;CO2_level;775;False
S0005;2026-01-02 06:09:45;ventilation;0.965;False
S0007;2026-01-02 06:09:45;temperature;22.032;False
S0010;2026-01-02 06:09:45;CO2_level;899;False
S0001;2026-01-02 06:09:45;temperature;21.53;False
S0011;2026-01-02 06:09:45;ventilation;0.504;False
S0011;2026-01-02 06:10:00;ventilation;0.91;False
S0009;2026-01-02 06:10:00;humidity;65.437;False
S0007;2026-01-02 06:10:00;temperature;21.215;False
S0004;2026-01-02 06:10:00;CO2_level;1104;False
S0003;2026-01-02 06:10:00;humidity;65.054;False
S0005;2026-01-02 06:10:00;ventilation;0.934;False
S0001;2026-01-02 06:10:00;temperature;20.329;False
S0010;2026-01-02 06:10:00;CO2_level;904;False
S0010;2026-01-02 06:10:15;CO2_level;723;False
S0005;2026-01-02 06:10:15;ventilation;0.997;False
S0004;2026-01-02 06:10:15;CO2_level;782;False
S0011;2026-01-02 06:10:15;ventilation;0.815;False
S0001;2026-01-02 06:10:15;temperature;22.706;False
S0007;2026-01-02 06:10:15;temperature;23.308;True
S0005;2026-01-02 06:10:30;ventilation;0.783;False
S0009;2026-01-02 06:10:30;humidity;61.407;False
S0007;2026-01-02 06:10:30;temperature;19.959;False
S0001;2026-01-02 06:10:30;temperature;21.036;False
S0003;2026-01-02 06:10:30;humidity;64.513;False
S0004;2026-01-02 06:10:30;CO2_level;855;False
S0010;2026-01-02 06:10:30;CO2_level;1159;False
S0011;2026-01-02 06:10:30;ventilation;0.795;False
S0001;2026-01-02 06:10:45;temperature;24.411;False
S0005;2026-01-02 06:10:45;ventilation;0.608;False
S0007;2026-01-02 06:10:45;temperature;22.336;False
S0004;2026-01-02 06:10:45;CO2_level;677;False
S0011;2026-01-02 06:10:45;ventilation;0.775;False
S0010;2026-01-02 06:10:45;CO2_level;885;False
S0007;2026-01-02 06:11:00;temperature;25.701;False
S0011;2026-01-02 06:11:00;ventilation;0.552;False
S0010;2026-01-02 06:11:00;CO2_level;853;False
S0009;2026-01-02 06:11:00;humidity;63.747;False
S0004;2026-01-02 06:11:00;CO2_level;816;False
S0005;2026-01-02 06:11:00;ventilation;0.798;False
S0001;2026-01-02 06:11:00;temperature;18.751;False
S0003;2026-01-02 06:11:00;humidity;69.526;False
S0010;2026-01-02 06:11:15;CO2_level;834;False
S0004;2026-01-02 06:11:15;CO2_level;636;False
S0001;2026-01-02 06:11:15;temperature;25.812;False
S0005;2026-01-02 06:11:15;ventilation;0.629;False
S0011;2026-01-02 06:11:15;ventilation;0.74;True
S0007;2026-01-02 06:11:15;temperature;26.153;False
S0004;2026-01-02 06:11:30;CO2_level;1112;False
S0005;2026-01-02 06:11:30;ventilation;0.956;False
S0011;2026-01-02 06:11:30;ventilation;0.69;False
S0001;2026-01-02 06:11:30;temperature;25.025;False
S0003;2026-01-02 06:11:30;humidity;60.37;False
S0009;2026-01-02 06:11:30;humidity;69.431;False
S0010;2026-01-02 06:11:30;CO2_level;979;False
S0007;2026-01-02 06:11:30;temperature;18.738;True
S0001;2026-01-02 06:11:45;temperature;22.198;False
S0011;2026-01-02 06:11:45;ventilation;0.635;False
S0004;2026-01-02 06:11:45;CO2_level;826;False
S0007;2026-01-02 06:11:45;temperature;19.52;False
S0005;2026-01-02 06:11:45;ventilation;0.753;False
S0010;2026-01-02 06:11:45;CO2_level;602;False
S0009;2026-01-02 06:12:00;humidity;68.789;False
S0007;2026-01-02 06:12:00;temperature;21.354;True
S0003;2026-01-02 06:12:00;humidity;68.844;False
S0005;2026-01-02 06:12:00;ventilation;0.908;False
S0010;2026-01-02 06:12:00;CO2_level;600;False
S0004;2026-01-02 06:12:00;CO2_level;935;False
S0001;2026-01-02 06:12:00;temperature;21.452;False
S0011;2026-01-02 06:12:00;ventilation;0.596;False
S0007;2026-01-02 06:12:15;temperature;23.773;False
S0010;2026-01-02 06:12:15;CO2_level;1028;False
S0001;2026-01-02 06:12:15;temperature;18.319;False
S0005;2026-01-02 06:12:15;ventilation;0.922;False
S0004;2026-01-02 06:12:15;CO2_level;784;False
S0011;2026-01-02 06:12:15;ventilation;0.863;False
S0007;2026-01-02 06:12:30;temperature;18.283;False
S0010;2026-01-02 06:12:30;CO2_level;1076;False
S0005;2026-01-02 06:12:30;ventilation;0.796;False
S0011;2026-01-02 06:12:30;ventilation;0.872;False
S0009;2026-01-02 06:12:30;humidity;62.95;False
S0003;2026-01-02 06:12:30;humidity;63.311;False
S0001;2026-01-02 06:12:30;temperature;21.418;False
S0004;2026-01-02 06:12:30;CO2_level;846;False
S0001;2026-01-02 06:12:45;temperature;22.695;False
S0010;2026-01-02 06:12:45;CO2_level;838;False
S0005;2026-01-02 06:12:45;ventilation;0.79;False
S0007;2026-01-02 06:12:45;temperature;23.891;False
S0004;2026-01-02 06:12:45;CO2_level;1020;False
S0011;2026-01-02 06:12:45;ventilation;0.719;False
S0001;2026-01-02 06:13:00;temperature;23.61;False
S0010;2026-01-02 06:13:00;CO2_level;957;False
S0005;2026-01-02 06:13:00;ventilation;0.855;False
S0004;2026-01-02 06:13:00;CO2_level;1170;False
S0011;2026-01-02 06:13:00;ventilation;0.711;False
S0003;2026-01-02 06:13:00;humidity;68.579;True
S0009;2026-01-02 06:13:00;humidity;65.806;False
S0007;2026-01-02 06:13:00;temperature;22.947;False
S0011;2026-01-02 06:13:15;ventilation;0.848;False
S0005;2026-01-02 06:13:15;ventilation;0.507;False
S0004;2026-01-02 06:13:15;CO2_level;1154;False
S0010;2026-01-02 06:13:15;CO2_level;1103;False
S0001;2026-01-02 06:13:15;temperature;18.255;False
S0007;2026-01-02 06:13:15;temperature;26.029;False
S0001;2026-01-02 06:13:30;temperature;21.04;False
S0011;2026-01-02 06:13:30;ventilation;0.559;False
S0003;2026-01-02 06:13:30;humidity;67.571;False
S0010;2026-01-02 06:13:30;CO2_level;1072;False
S0007;2026-01-02 06:13:30;temperature;24.564;False
S0005;2026-01-02 06:13:30;ventilation;0.66;False
S0009;2026-01-02 06:13:30;humidity;63.053;False
S0004;2026-01-02 06:13:30;CO2_level;1085;False
S0005;2026-01-02 06:13:45;ventilation;0.544;True
S0010;2026-01-02 06:13:45;CO2_level;668;False
S0001;2026-01-02 06:13:45;temperature;23.523;False
S0007;2026-01-02 06:13:45;temperature;22.727;False
S0011;2026-01-02 06:13:45;ventilation;0.567;False
S0004;2026-01-02 06:13:45;CO2_level;688;False
S0003;2026-01-02 06:14:00;humidity;67.315;False
S0010;2026-01-02 06:14:00;CO2_level;1030;False
S0007;2026-01-02 06:14:00;temperature;22.239;False
S0001;2026-01-02 06:14:00;temperature;19.748;True
S0009;2026-01-02 06:14:00;humidity;68.293;False
S0011;2026-01-02 06:14:00;ventilation;0.862;False
S0005;2026-01-02 06:14:00;ventilation;0.902;False
S0004;2026-01-02 06:14:00;CO2_level;973;False
S0001;2026-01-02 06:14:15;temperature;20.243;False
S0010;2026-01-02 06:14:15;CO2_level;804;False
S0011;2026-01-02 06:14:15;ventilation;0.978;False
S0004;2026-01-02 06:14:15;CO2_level;859;False
S0007;2026-01-02 06:14:15;temperature;25.096;False
S0005;2026-01-02 06:14:15;ventilation;0.906;False
S0003;2026-01-02 06:14:30;humidity;63.818;False
S0010;2026-01-02 06:14:30;CO2_level;989;False
S0011;2026-01-02 06:14:30;ventilation;0.902;False
S0007;2026-01-02 06:14:30;temperature;18.339;False
S0005;2026-01-02 06:14:30;ventilation;0.727;False
S0009;2026-01-02 06:14:30;humidity;61.818;False
S0001;2026-01-02 06:14:30;temperature;20.828;False
S0004;2026-01-02 06:14:30;CO2_level;668;False
S0001;2026-01-02 06:14:45;temperature;24.039;True
S0011;2026-01-02 06:14:45;ventilation;0.839;False
S0005;2026-01-02 06:14:45;ventilation;0.681;False
S0010;2026-01-02 06:14:45;CO2_level;857;False
S0007;2026-01-02 06:14:45;temperature;19.044;False
S0004;2026-01-02 06:14:45;CO2_level;737;False
S0011;2026-01-02 06:15:00;ventilation;0.679;False
S0010;2026-01-02 06:15:00;CO2_level;871;False
S0005;2026-01-02 06:15:00;ventilation;0.707;False
S0007;2026-01-02 06:15:00;temperature;23.667;False
S0009;2026-01-02 06:15:00;humidity;63.616;False
S0004;2026-01-02 06:15:00;CO2_level;923;False
S0001;2026-01-02 06:15:00;temperature;22.197;False
S0003;2026-01-02 06:15:00;humidity;67.601;False
S0004;2026-01-02 06:15:15;CO2_level;985;False
S0005;2026-01-02 06:15:15;ventilation;0.82;False
S0010;2026-01-02 06:15:15;CO2_level;837;False
S0007;2026-01-02 06:15:15;temperature;19.594;False
S0011;2026-01-02 06:15:15;ventilation;0.836;False
S0001;2026-01-02 06:15:15;temperature;22.073;False
S0010;2026-01-02 06:15:30;CO2_level;758;False
S0005;2026-01-02 06:15:30;ventilation;0.583;False
S0003;2026-01-02 06:15:30;humidity;69.303;False
S0009;2026-01-02 06:15:30;humidity;68.438;True
S0007;2026-01-02 06:15:30;temperature;20.455;False
S0004;2026-01-02 06:15:30;CO2_level;668;False
S0011;2026-01-02 06:15:30;ventilation;0.566;False
S0001;2026-01-02 06:15:30;temperature;24.287;False
S0010;2026-01-02 06:15:45;CO2_level;969;False
S0001;2026-01-02 06:15:45;temperature;18.109;False
S0011;2026-01-02 06:15:45;ventilation;0.714;False
S0004;2026-01-02 06:15:45;CO2_level;850;False
S0005;2026-01-02 06:15:45;ventilation;0.982;False
S0007;2026-01-02 06:15:45;temperature;21.284;True
S0011;2026-01-02 06:16:00;ventilation;0.794;False
S0001;2026-01-02 06:16:00;temperature;24.5;False
S0003;2026-01-02 06:16:00;humidity;61.104;False
S0004;2026-01-02 06:16:00;CO2_level;698;False
S0007;2026-01-02 06:16:00;temperature;22.891;False
S0005;2026-01-02 06:16:00;ventilation;0.692;False
S0009;2026-01-02 06:16:00;humidity;60.831;False
S0010;2026-01-02 06:16:00;CO2_level;1044;False
S0010;2026-01-02 06:16:15;CO2_level;693;False
S0007;2026-01-02 06:16:15;temperature;20.647;False
S0004;2026-01-02 06:16:15;CO2_level;680;False
S0001;2026-01-02 06:16:15;temperature;18.182;False
S0011;2026-01-02 06:16:15;ventilation;0.807;False
S0005;2026-01-02 06:16:15;ventilation;0.797;False
S0010;2026-01-02 06:16:30;CO2_level;1175;False
S0003;2026-01-02 06:16:30;humidity;61.747;False
S0005;2026-01-02 06:16:30;ventilation;0.799;False
S0004;2026-01-02 06:16:30;CO2_level;715;False
S0009;2026-01-02 06:16:30;humidity;66.205;False
S0001;2026-01-02 06:16:30;temperature;23.485;False
S0007;2026-01-02 06:16:30;temperature;25.264;False
S0011;2026-01-02 06:16:30;ventilation;0.839;False
S0005;2026-01-02 06:16:45;ventilation;0.893;False
S0001;2026-01-02 06:16:45;temperature;18.028;False
S0011;2026-01-02 06:16:45;ventilation;0.868;False
S0010;2026-01-02 06:16:45;CO2_level;710;False
S0007;2026-01-02 06:16:45;temperature;20.539;False
S0004;2026-01-02 06:16:45;CO2_level;954;False
S0011;2026-01-02 06:17:00;ventilation;0.955;False
S0003;2026-01-02 06:17:00;humidity;66.818;False
S0004;2026-01-02 06:17:00;CO2_level;695;False
S0005;2026-01-02 06:17:00;ventilation;0.575;False
S0009;2026-01-02 06:17:00;humidity;64.195;True
S0010;2026-01-02 06:17:00;CO2_level;625;False
S0007;2026-01-02 06:17:00;temperature;26.681;False
S0001;2026-01-02 06:17:00;temperature;22.112;False
S0010;2026-01-02 06:17:15;CO2_level;892;False
S0005;2026-01-02 06:17:15;ventilation;0.836;True
S0004;2026-01-02 06:17:15;CO2_level;1065;False
S0001;2026-01-02 06:17:15;temperature;19.547;False
S0011;2026-01-02 06:17:15;ventilation;0.689;False
S0007;2026-01-02 06:17:15;temperature;26.667;False
S0003;2026-01-02 06:17:30;humidity;60.112;False
S0005;2026-01-02 06:17:30;ventilation;0.532;False
S0001;2026-01-02 06:17:30;temperature;21.288;False
S0009;2026-01-02 06:17:30;humidity;61.693;True
S0004;2026-01-02 06:17:30;CO2_level;1015;False
S0011;2026-01-02 06:17:30;ventilation;0.85;False
S0010;2026-01-02 06:17:30;CO2_level;872;False
S0007;2026-01-02 06:17:30;temperature;21.789;False
S0011;2026-01-02 06:17:45;ventilation;0.776;False
S0005;2026-01-02 06:17:45;ventilation;0.532;False
S0007;2026-01-02 06:17:45;temperature;23.505;False
S0004;2026-01-02 06:17:45;CO2_level;1164;True
S0001;2026-01-02 06:17:45;temperature;23.251;False
S0010;2026-01-02 06:17:45;CO2_level;1099;False
S0004;2026-01-02 06:18:00;CO2_level;972;False
S0003;2026-01-02 06:18:00;humidity;68.258;False
S0011;2026-01-02 06:18:00;ventilation;0.544;False
S0009;2026-01-02 06:18:00;humidity;69.621;False
S0007;2026-01-02 06:18:00;temperature;22.959;False
S0005;2026-01-02 06:18:00;ventilation;0.733;False
S0001;2026-01-02 06:18:00;temperature;18.562;False
S0010;2026-01-02 06:18:00;CO2_level;675;False
S0011;2026-01-02 06:18:15;ventilation;0.917;False
S0010;2026-01-02 06:18:15;CO2_level;905;False
S0007;2026-01-02 06:18:15;temperature;19.444;False
S0004;2026-01-02 06:18:15;CO2_level;null;True
S0001;2026-01-02 06:18:15;temperature;26.11;False
S0005;2026-01-02 06:18:15;ventilation;0.872;False
S0009;2026-01-02 06:18:30;humidity;60.084;False
S0001;2026-01-02 06:18:30;temperature;21.863;False
S0004;2026-01-02 06:18:30;CO2_level;836;False
S0010;2026-01-02 06:18:30;CO2_level;998;False
S0011;2026-01-02 06:18:30;ventilation;0.655;False
S0007;2026-01-02 06:18:30;temperature;24.13;False
S0005;2026-01-02 06:18:30;ventilation;0.85;False
S0003;2026-01-02 06:18:30;humidity;64.877;False
S0010;2026-01-02 06:18:45;CO2_level;1147;False
S0007;2026-01-02 06:18:45;temperature;24.299;False
S0005;2026-01-02 06:18:45;ventilation;0.874;False
S0004;2026-01-02 06:18:45;CO2_level;729;False
S0001;2026-01-02 06:18:45;temperature;18.032;False
S0011;2026-01-02 06:18:45;ventilation;0.865;False
S0010;2026-01-02 06:19:00;CO2_level;841;False
S0005;2026-01-02 06:19:00;ventilation;0.688;False
S0004;2026-01-02 06:19:00;CO2_level;695;False
S0001;2026-01-02 06:19:00;temperature;25.452;False
S0003;2026-01-02 06:19:00;humidity;61.41;False
S0007;2026-01-02 06:19:00;temperature;21.707;False
S0011;2026-01-02 06:19:00;ventilation;0.598;False
S0009;2026-01-02 06:19:00;humidity;63.01;False
S0007;2026-01-02 06:19:15;temperature;21.854;False
S0005;2026-01-02 06:19:15;ventilation;0.876;False
S0001;2026-01-02 06:19:15;temperature;21.527;False
S0010;2026-01-02 06:19:15;CO2_level;694;False
S0011;2026-01-02 06:19:15;ventilation;0.654;False
S0004;2026-01-02 06:19:15;CO2_level;623;False
S0003;2026-01-02 06:19:30;humidity;61.203;False
S0007;2026-01-02 06:19:30;temperature;25.952;False
S0005;2026-01-02 06:19:30;ventilation;0.538;False
S0011;2026-01-02 06:19:30;ventilation;0.938;False
S0001;2026-01-02 06:19:30;temperature;23.651;False
S0009;2026-01-02 06:19:30;humidity;62.917;False
S0010;2026-01-02 06:19:30;CO2_level;762;False
S0004;2026-01-02 06:19:30;CO2_level;1156;False
S0011;2026-01-02 06:19:45;ventilation;0.576;False
S0007;2026-01-02 06:19:45;temperature;23.276;False
S0010;2026-01-02 06:19:45;CO2_level;1194;False
S0004;2026-01-02 06:19:45;CO2_level;1082;False
S0001;2026-01-02 06:19:45;temperature;22.336;False
S0005;2026-01-02 06:19:45;ventilation;0.564;False
S0001;2026-01-02 06:20:00;temperature;22.027;False
S0003;2026-01-02 06:20:00;humidity;69.186;False
S0009;2026-01-02 06:20:00;humidity;60.83;False
S0004;2026-01-02 06:20:00;CO2_level;1137;False
S0007;2026-01-02 06:20:00;temperature;22.029;False
S0010;2026-01-02 06:20:00;CO2_level;816;False
S0011;2026-01-02 06:20:00;ventilation;0.887;False
S0005;2026-01-02 06:20:00;ventilation;0.624;False
S0004;2026-01-02 06:20:15;CO2_level;795;False
S0001;2026-01-02 06:20:15;temperature;25.438;False
S0005;2026-01-02 06:20:15;ventilation;0.621;False
S0010;2026-01-02 06:20:15;CO2_level;630;False
S0007;2026-01-02 06:20:15;temperature;20.731;False
S0011;2026-01-02 06:20:15;ventilation;0.843;False
S0009;2026-01-02 06:20:30;humidity;63.063;False
S0004;2026-01-02 06:20:30;CO2_level;915;False
S0007;2026-01-02 06:20:30;temperature;20.588;False
S0011;2026-01-02 06:20:30;ventilation;0.884;False
S0010;2026-01-02 06:20:30;CO2_level;1072;False
S0001;2026-01-02 06:20:30;temperature;19.525;False
S0003;2026-01-02 06:20:30;humidity;64.948;False
S0005;2026-01-02 06:20:30;ventilation;0.573;False
S0001;2026-01-02 06:20:45;temperature;25.725;False
S0004;2026-01-02 06:20:45;CO2_level;791;False
S0011;2026-01-02 06:20:45;ventilation;0.988;False
S0005;2026-01-02 06:20:45;ventilation;null;True
S0010;2026-01-02 06:20:45;CO2_level;798;False
S0007;2026-01-02 06:20:45;temperature;22.958;False
S0010;2026-01-02 06:21:00;CO2_level;1033;False
S0005;2026-01-02 06:21:00;ventilation;0.572;False
S0007;2026-01-02 06:21:00;temperature;19.242;False
S0004;2026-01-02 06:21:00;CO2_level;678;False
S0003;2026-01-02 06:21:00;humidity;67.121;False
S0009;2026-01-02 06:21:00;humidity;61.936;False
S0011;2026-01-02 06:21:00;ventilation;0.956;False
S0001;2026-01-02 06:21:00;temperature;25.553;False
S0007;2026-01-02 06:21:15;temperature;null;True
S0005;2026-01-02 06:21:15;ventilation;0.641;False
S0001;2026-01-02 06:21:15;temperature;26.891;False
S0010;2026-01-02 06:21:15;CO2_level;710;False
S0011;2026-01-02 06:21:15;ventilation;0.883;False
S0004;2026-01-02 06:21:15;CO2_level;1112;False
S0001;2026-01-02 06:21:30;temperature;24.943;False
S0007;2026-01-02 06:21:30;temperature;22.375;False
S0003;2026-01-02 06:21:30;humidity;68.513;False
S0005;2026-01-02 06:21:30;ventilation;0.942;False
S0004;2026-01-02 06:21:30;CO2_level;878;False
S0011;2026-01-02 06:21:30;ventilation;0.509;False
S0010;2026-01-02 06:21:30;CO2_level;651;False
S0009;2026-01-02 06:21:30;humidity;68.65;False
S0005;2026-01-02 06:21:45;ventilation;0.713;False
S0004;2026-01-02 06:21:45;CO2_level;855;False
S0010;2026-01-02 06:21:45;CO2_level;811;False
S0001;2026-01-02 06:21:45;temperature;18.841;False
S0007;2026-01-02 06:21:45;temperature;18.64;False
S0011;2026-01-02 06:21:45;ventilation;null;True
S0003;2026-01-02 06:22:00;humidity;66.823;False
S0005;2026-01-02 06:22:00;ventilation;0.654;False
S0010;2026-01-02 06:22:00;CO2_level;691;False
S0009;2026-01-02 06:22:00;humidity;62.295;False
S0007;2026-01-02 06:22:00;temperature;23.359;False
S0004;2026-01-02 06:22:00;CO2_level;896;False
S0011;2026-01-02 06:22:00;ventilation;0.805;False
S0001;2026-01-02 06:22:00;temperature;21.665;True
S0010;2026-01-02 06:22:15;CO2_level;1160;False
S0005;2026-01-02 06:22:15;ventilation;0.947;False
S0001;2026-01-02 06:22:15;temperature;null;True
S0004;2026-01-02 06:22:15;CO2_level;670;False
S0007;2026-01-02 06:22:15;temperature;19.594;False
S0011;2026-01-02 06:22:15;ventilation;0.88;False
S0007;2026-01-02 06:22:30;temperature;19.251;False
S0001;2026-01-02 06:22:30;temperature;22.835;False
S0010;2026-01-02 06:22:30;CO2_level;781;False
S0003;2026-01-02 06:22:30;humidity;68.897;False
S0011;2026-01-02 06:22:30;ventilation;0.867;False
S0004;2026-01-02 06:22:30;CO2_level;682;False
S0009;2026-01-02 06:22:30;humidity;61.384;False
S0005;2026-01-02 06:22:30;ventilation;0.762;False
S0001;2026-01-02 06:22:45;temperature;26.279;True
S0004;2026-01-02 06:22:45;CO2_level;1149;False
S0011;2026-01-02 06:22:45;ventilation;0.899;False
S0007;2026-01-02 06:22:45;temperature;25.019;False
S0005;2026-01-02 06:22:45;ventilation;0.974;False
S0010;2026-01-02 06:22:45;CO2_level;844;False
S0007;2026-01-02 06:23:00;temperature;19.608;False
S0009;2026-01-02 06:23:00;humidity;60.65;False
S0005;2026-01-02 06:23:00;ventilation;0.984;False
S0011;2026-01-02 06:23:00;ventilation;0.854;False
S0001;2026-01-02 06:23:00;temperature;21.315;False
S0003;2026-01-02 06:23:00;humidity;66.012;False
S0004;2026-01-02 06:23:00;CO2_level;1123;False
S0010;2026-01-02 06:23:00;CO2_level;612;False
S0007;2026-01-02 06:23:15;temperature;21.685;False
S0011;2026-01-02 06:23:15;ventilation;0.569;False
S0001;2026-01-02 06:23:15;temperature;22.31;False
S0005;2026-01-02 06:23:15;ventilation;0.612;False
S0004;2026-01-02 06:23:15;CO2_level;807;False
S0010;2026-01-02 06:23:15;CO2_level;1014;False
S0009;2026-01-02 06:23:30;humidity;64.696;False
S0001;2026-01-02 06:23:30;temperature;20.776;False
S0005;2026-01-02 06:23:30;ventilation;0.878;False
S0003;2026-01-02 06:23:30;humidity;62.461;False
S0004;2026-01-02 06:23:30;CO2_level;1148;False
S0010;2026-01-02 06:23:30;CO2_level;703;False
S0007;2026-01-02 06:23:30;temperature;26.636;False
S0011;2026-01-02 06:23:30;ventilation;0.988;False
S0011;2026-01-02 06:23:45;ventilation;0.754;False
S0001;2026-01-02 06:23:45;temperature;23.04;False
S0010;2026-01-02 06:23:45;CO2_level;617;False
S0007;2026-01-02 06:23:45;temperature;19.946;False
S0005;2026-01-02 06:23:45;ventilation;0.957;False
S0004;2026-01-02 06:23:45;CO2_level;1186;False
S0007;2026-01-02 06:24:00;temperature;22.173;False
S0003;2026-01-02 06:24:00;humidity;69.071;False
S0009;2026-01-02 06:24:00;humidity;68.547;False
S0011;2026-01-02 06:24:00;ventilation;0.788;False
S0001;2026-01-02 06:24:00;temperature;25.376;False
S0004;2026-01-02 06:24:00;CO2_level;713;False
S0005;2026-01-02 06:24:00;ventilation;0.509;False
S0010;2026-01-02 06:24:00;CO2_level;1016;False
S0001;2026-01-02 06:24:15;temperature;26.291;False
S0010;2026-01-02 06:24:15;CO2_level;848;False
S0011;2026-01-02 06:24:15;ventilation;null;True
S0007;2026-01-02 06:24:15;temperature;21.093;False
S0005;2026-01-02 06:24:15;ventilation;0.664;False
S0004;2026-01-02 06:24:15;CO2_level;1155;False
S0011;2026-01-02 06:24:30;ventilation;0.651;False
S0010;2026-01-02 06:24:30;CO2_level;1066;False
S0001;2026-01-02 06:24:30;temperature;22.242;False
S0004;2026-01-02 06:24:30;CO2_level;928;True
S0003;2026-01-02 06:24:30;humidity;67.545;False
S0009;2026-01-02 06:24:30;humidity;65.301;False
S0007;2026-01-02 06:24:30;temperature;26.531;False
S0005;2026-01-02 06:24:30;ventilation;0.925;False
S0005;2026-01-02 06:24:45;ventilation;0.648;False
S0011;2026-01-02 06:24:45;ventilation;0.57;False
S0004;2026-01-02 06:24:45;CO2_level;933;False
S0010;2026-01-02 06:24:45;CO2_level;675;False
S0001;2026-01-02 06:24:45;temperature;24.241;False
S0007;2026-01-02 06:24:45;temperature;22.969;False
S0007;2026-01-02 06:25:00;temperature;24.26;False
S0011;2026-01-02 06:25:00;ventilation;0.558;False
S0003;2026-01-02 06:25:00;humidity;66.199;False
S0004;2026-01-02 06:25:00;CO2_level;1146;False
S0001;2026-01-02 06:25:00;temperature;19.323;False
S0009;2026-01-02 06:25:00;humidity;66.926;False
S0010;2026-01-02 06:25:00;CO2_level;956;False
S0005;2026-01-02 06:25:00;ventilation;0.675;False
S0007;2026-01-02 06:25:15;temperature;20.323;False
S0001;2026-01-02 06:25:15;temperature;26.702;False
S0010;2026-01-02 06:25:15;CO2_level;1041;False
S0011;2026-01-02 06:25:15;ventilation;0.626;False
S0004;2026-01-02 06:25:15;CO2_level;663;True
S0005;2026-01-02 06:25:15;ventilation;0.926;False
S0007;2026-01-02 06:25:30;temperature;25.704;True
S0011;2026-01-02 06:25:30;ventilation;0.853;False
S0009;2026-01-02 06:25:30;humidity;65.659;False
S0005;2026-01-02 06:25:30;ventilation;0.977;False
S0010;2026-01-02 06:25:30;CO2_level;1022;False
S0004;2026-01-02 06:25:30;CO2_level;623;False
S0001;2026-01-02 06:25:30;temperature;24.224;False
S0003;2026-01-02 06:25:30;humidity;63.604;False
S0004;2026-01-02 06:25:45;CO2_level;793;False
S0001;2026-01-02 06:25:45;temperature;20.811;False
S0010;2026-01-02 06:25:45;CO2_level;875;False
S0011;2026-01-02 06:25:45;ventilation;0.567;False
S0007;2026-01-02 06:25:45;temperature;20.415;False
S0005;2026-01-02 06:25:45;ventilation;0.719;False
S0001;2026-01-02 06:26:00;temperature;22.465;False
S0011;2026-01-02 06:26:00;ventilation;0.844;False
S0009;2026-01-02 06:26:00;humidity;61.886;False
S0007;2026-01-02 06:26:00;temperature;20.741;False
S0010;2026-01-02 06:26:00;CO2_level;848;False
S0003;2026-01-02 06:26:00;humidity;66.322;False
S0005;2026-01-02 06:26:00;ventilation;0.723;False
S0004;2026-01-02 06:26:00;CO2_level;634;False
S0007;2026-01-02 06:26:15;temperature;19.62;False
S0004;2026-01-02 06:26:15;CO2_level;987;False
S0005;2026-01-02 06:26:15;ventilation;0.873;False
S0010;2026-01-02 06:26:15;CO2_level;720;True
S0011;2026-01-02 06:26:15;ventilation;0.535;False
S0001;2026-01-02 06:26:15;temperature;24.331;False
S0009;2026-01-02 06:26:30;humidity;65.044;False
S0003;2026-01-02 06:26:30;humidity;69.157;False
S0007;2026-01-02 06:26:30;temperature;20.992;False
S0005;2026-01-02 06:26:30;ventilation;0.911;False
S0010;2026-01-02 06:26:30;CO2_level;921;False
S0004;2026-01-02 06:26:30;CO2_level;634;False
S0001;2026-01-02 06:26:30;temperature;18.424;False
S0011;2026-01-02 06:26:30;ventilation;0.746;False
S0004;2026-01-02 06:26:45;CO2_level;950;False
S0005;2026-01-02 06:26:45;ventilation;null;True
S0011;2026-01-02 06:26:45;ventilation;0.535;False
S0010;2026-01-02 06:26:45;CO2_level;991;False
S0007;2026-01-02 06:26:45;temperature;null;True
S0001;2026-01-02 06:26:45;temperature;24.482;False
S0003;2026-01-02 06:27:00;humidity;null;True
S0005;2026-01-02 06:27:00;ventilation;0.532;False
S0011;2026-01-02 06:27:00;ventilation;0.97;False
S0001;2026-01-02 06:27:00;temperature;22.762;False
S0010;2026-01-02 06:27:00;CO2_level;1076;False
S0007;2026-01-02 06:27:00;temperature;23.576;False
S0004;2026-01-02 06:27:00;CO2_level;1077;False
S0009;2026-01-02 06:27:00;humidity;60.013;False
S0004;2026-01-02 06:27:15;CO2_level;642;False
S0011;2026-01-02 06:27:15;ventilation;0.93;False
S0005;2026-01-02 06:27:15;ventilation;0.881;False
S0007;2026-01-02 06:27:15;temperature;18.487;False
S0010;2026-01-02 06:27:15;CO2_level;891;False
S0001;2026-01-02 06:27:15;temperature;26.869;False
S0005;2026-01-02 06:27:30;ventilation;0.562;False
S0009;2026-01-02 06:27:30;humidity;66.009;False
S0004;2026-01-02 06:27:30;CO2_level;null;True
S0001;2026-01-02 06:27:30;temperature;22.301;False
S0007;2026-01-02 06:27:30;temperature;20.948;False
S0011;2026-01-02 06:27:30;ventilation;0.994;False
S0010;2026-01-02 06:27:30;CO2_level;976;False
S0003;2026-01-02 06:27:30;humidity;64.652;False
S0001;2026-01-02 06:27:45;temperature;20.72;False
S0011;2026-01-02 06:27:45;ventilation;0.914;False
S0004;2026-01-02 06:27:45;CO2_level;1191;False
S0007;2026-01-02 06:27:45;temperature;18.769;False
S0010;2026-01-02 06:27:45;CO2_level;705;False
S0005;2026-01-02 06:27:45;ventilation;0.81;False
S0011;2026-01-02 06:28:00;ventilation;0.686;False
S0004;2026-01-02 06:28:00;CO2_level;673;False
S0007;2026-01-02 06:28:00;temperature;20.961;False
S0005;2026-01-02 06:28:00;ventilation;0.73;False
S0009;2026-01-02 06:28:00;humidity;61.792;False
S0010;2026-01-02 06:28:00;CO2_level;907;False
S0001;2026-01-02 06:28:00;temperature;21.444;False
S0003;2026-01-02 06:28:00;humidity;61.206;False
S0011;2026-01-02 06:28:15;ventilation;0.752;True
S0007;2026-01-02 06:28:15;temperature;19.944;False
S0001;2026-01-02 06:28:15;temperature;25.804;False
S0010;2026-01-02 06:28:15;CO2_level;784;False
S0004;2026-01-02 06:28:15;CO2_level;655;False
S0005;2026-01-02 06:28:15;ventilation;0.965;False
S0004;2026-01-02 06:28:30;CO2_level;936;False
S0001;2026-01-02 06:28:30;temperature;21.808;False
S0007;2026-01-02 06:28:30;temperature;21.121;False
S0011;2026-01-02 06:28:30;ventilation;0.517;False
S0009;2026-01-02 06:28:30;humidity;68.489;False
S0010;2026-01-02 06:28:30;CO2_level;919;False
S0005;2026-01-02 06:28:30;ventilation;0.751;False
S0003;2026-01-02 06:28:30;humidity;61.93;True
S0011;2026-01-02 06:28:45;ventilation;0.93;False
S0005;2026-01-02 06:28:45;ventilation;0.628;True
S0007;2026-01-02 06:28:45;temperature;23.504;False
S0001;2026-01-02 06:28:45;temperature;26.64;False
S0004;2026-01-02 06:28:45;CO2_level;940;False
S0010;2026-01-02 06:28:45;CO2_level;945;False
S0010;2026-01-02 06:29:00;CO2_level;819;False
S0001;2026-01-02 06:29:00;temperature;24.032;False
S0003;2026-01-02 06:29:00;humidity;60.538;True
S0005;2026-01-02 06:29:00;ventilation;0.964;False
S0004;2026-01-02 06:29:00;CO2_level;1066;False
S0007;2026-01-02 06:29:00;temperature;19.138;False
S0011;2026-01-02 06:29:00;ventilation;0.768;False
S0009;2026-01-02 06:29:00;humidity;63.145;False
S0001;2026-01-02 06:29:15;temperature;26.82;False
S0010;2026-01-02 06:29:15;CO2_level;1136;False
S0004;2026-01-02 06:29:15;CO2_level;1150;False
S0011;2026-01-02 06:29:15;ventilation;0.685;False
S0005;2026-01-02 06:29:15;ventilation;0.618;False
S0007;2026-01-02 06:29:15;temperature;24.049;False
S0011;2026-01-02 06:29:30;ventilation;0.815;False
S0007;2026-01-02 06:29:30;temperature;20.926;False
S0003;2026-01-02 06:29:30;humidity;67.138;False
S0009;2026-01-02 06:29:30;humidity;68.813;False
S0004;2026-01-02 06:29:30;CO2_level;1163;False
S0005;2026-01-02 06:29:30;ventilation;0.842;False
S0001;2026-01-02 06:29:30;temperature;21.753;False
S0010;2026-01-02 06:29:30;CO2_level;1086;False
S0004;2026-01-02 06:29:45;CO2_level;632;False
S0001;2026-01-02 06:29:45;temperature;23.969;False
S0007;2026-01-02 06:29:45;temperature;19.165;False
S0010;2026-01-02 06:29:45;CO2_level;1144;False
S0011;2026-01-02 06:29:45;ventilation;0.707;True
S0005;2026-01-02 06:29:45;ventilation;0.858;False
S0011;2026-01-02 06:30:00;ventilation;0.654;False
S0009;2026-01-02 06:30:00;humidity;61.116;False
S0003;2026-01-02 06:30:00;humidity;65.255;False
S0001;2026-01-02 06:30:00;temperature;26.844;False
S0005;2026-01-02 06:30:00;ventilation;null;True
S0007;2026-01-02 06:30:00;temperature;24.486;False
S0004;2026-01-02 06:30:00;CO2_level;1037;False
S0010;2026-01-02 06:30:00;CO2_level;1017;False
S0007;2026-01-02 06:30:15;temperature;18.249;False
S0004;2026-01-02 06:30:15;CO2_level;1196;False
S0011;2026-01-02 06:30:15;ventilation;0.65;False
S0010;2026-01-02 06:30:15;CO2_level;779;False
S0005;2026-01-02 06:30:15;ventilation;0.57;False
S0001;2026-01-02 06:30:15;temperature;24.393;False
S0009;2026-01-02 06:30:30;humidity;69.744;False
S0001;2026-01-02 06:30:30;temperature;20.553;False
S0010;2026-01-02 06:30:30;CO2_level;1037;False
S0007;2026-01-02 06:30:30;temperature;22.381;False
S0011;2026-01-02 06:30:30;ventilation;0.557;False
S0003;2026-01-02 06:30:30;humidity;64.907;False
S0004;2026-01-02 06:30:30;CO2_level;699;False
S0005;2026-01-02 06:30:30;ventilation;0.658;False
S0010;2026-01-02 06:30:45;CO2_level;1145;False
S0007;2026-01-02 06:30:45;temperature;18.232;False
S0001;2026-01-02 06:30:45;temperature;22.964;False
S0004;2026-01-02 06:30:45;CO2_level;975;False
S0005;2026-01-02 06:30:45;ventilation;0.548;False
S0011;2026-01-02 06:30:45;ventilation;0.8;False
S0005;2026-01-02 06:31:00;ventilation;0.993;False
S0001;2026-01-02 06:31:00;temperature;22.45;False
S0004;2026-01-02 06:31:00;CO2_level;993;False
S0003;2026-01-02 06:31:00;humidity;60.118;False
S0011;2026-01-02 06:31:00;ventilation;0.616;False
S0007;2026-01-02 06:31:00;temperature;20.063;False
S0009;2026-01-02 06:31:00;humidity;64.923;False
S0010;2026-01-02 06:31:00;CO2_level;682;False
S0001;2026-01-02 06:31:15;temperature;20.462;True
S0007;2026-01-02 06:31:15;temperature;20.578;False
S0004;2026-01-02 06:31:15;CO2_level;965;False
S0005;2026-01-02 06:31:15;ventilation;0.826;False
S0011;2026-01-02 06:31:15;ventilation;0.827;False
S0010;2026-01-02 06:31:15;CO2_level;1008;False
S0005;2026-01-02 06:31:30;ventilation;0.725;False
S0003;2026-01-02 06:31:30;humidity;61.582;False
S0010;2026-01-02 06:31:30;CO2_level;1177;False
S0004;2026-01-02 06:31:30;CO2_level;1045;False
S0007;2026-01-02 06:31:30;temperature;26.68;False
S0009;2026-01-02 06:31:30;humidity;65.74;False
S0011;2026-01-02 06:31:30;ventilation;0.916;False
S0001;2026-01-02 06:31:30;temperature;19.283;False
S0011;2026-01-02 06:31:45;ventilation;0.99;False
S0004;2026-01-02 06:31:45;CO2_level;699;False
S0005;2026-01-02 06:31:45;ventilation;0.663;False
S0007;2026-01-02 06:31:45;temperature;22.162;False
S0010;2026-01-02 06:31:45;CO2_level;781;False
S0001;2026-01-02 06:31:45;temperature;24.817;False
S0005;2026-01-02 06:32:00;ventilation;0.592;False
S0007;2026-01-02 06:32:00;temperature;21.18;False
S0003;2026-01-02 06:32:00;humidity;62.148;False
S0011;2026-01-02 06:32:00;ventilation;0.662;False
S0010;2026-01-02 06:32:00;CO2_level;907;False
S0009;2026-01-02 06:32:00;humidity;68.631;False
S0001;2026-01-02 06:32:00;temperature;18.356;False
S0004;2026-01-02 06:32:00;CO2_level;704;False
S0007;2026-01-02 06:32:15;temperature;24.792;False
S0011;2026-01-02 06:32:15;ventilation;0.671;False
S0010;2026-01-02 06:32:15;CO2_level;851;False
S0001;2026-01-02 06:32:15;temperature;23.913;False
S0005;2026-01-02 06:32:15;ventilation;0.768;False
S0004;2026-01-02 06:32:15;CO2_level;927;True
S0005;2026-01-02 06:32:30;ventilation;0.509;False
S0001;2026-01-02 06:32:30;temperature;19.948;False
S0011;2026-01-02 06:32:30;ventilation;0.814;False
S0007;2026-01-02 06:32:30;temperature;20.577;False
S0004;2026-01-02 06:32:30;CO2_level;1071;False
S0003;2026-01-02 06:32:30;humidity;69.671;False
S0009;2026-01-02 06:32:30;humidity;60.495;False
S0010;2026-01-02 06:32:30;CO2_level;1016;False
S0005;2026-01-02 06:32:45;ventilation;0.763;False
S0001;2026-01-02 06:32:45;temperature;21.118;False
S0010;2026-01-02 06:32:45;CO2_level;1033;False
S0004;2026-01-02 06:32:45;CO2_level;980;False
S0011;2026-01-02 06:32:45;ventilation;0.885;False
S0007;2026-01-02 06:32:45;temperature;21.579;False
S0005;2026-01-02 06:33:00;ventilation;0.531;False
S0007;2026-01-02 06:33:00;temperature;19.077;False
S0004;2026-01-02 06:33:00;CO2_level;963;False
S0009;2026-01-02 06:33:00;humidity;67.066;True
S0011;2026-01-02 06:33:00;ventilation;0.891;False
S0001;2026-01-02 06:33:00;temperature;25.467;False
S0003;2026-01-02 06:33:00;humidity;67.507;False
S0010;2026-01-02 06:33:00;CO2_level;1004;False
S0011;2026-01-02 06:33:15;ventilation;0.974;False
S0007;2026-01-02 06:33:15;temperature;21.141;False
S0005;2026-01-02 06:33:15;ventilation;0.924;False
S0004;2026-01-02 06:33:15;CO2_level;786;False
S0001;2026-01-02 06:33:15;temperature;21.623;False
S0010;2026-01-02 06:33:15;CO2_level;746;False
S0004;2026-01-02 06:33:30;CO2_level;1128;True
S0007;2026-01-02 06:33:30;temperature;19.526;False
S0005;2026-01-02 06:33:30;ventilation;0.962;False
S0001;2026-01-02 06:33:30;temperature;26.896;False
S0011;2026-01-02 06:33:30;ventilation;0.682;False
S0003;2026-01-02 06:33:30;humidity;67.312;False
S0010;2026-01-02 06:33:30;CO2_level;975;False
S0009;2026-01-02 06:33:30;humidity;69.411;False
S0004;2026-01-02 06:33:45;CO2_level;1119;False
S0007;2026-01-02 06:33:45;temperature;26.713;False
S0005;2026-01-02 06:33:45;ventilation;0.62;False
S0001;2026-01-02 06:33:45;temperature;20.892;False
S0011;2026-01-02 06:33:45;ventilation;null;True
S0010;2026-01-02 06:33:45;CO2_level;1010;False
S0004;2026-01-02 06:34:00;CO2_level;810;False
S0007;2026-01-02 06:34:00;temperature;22.587;False
S0001;2026-01-02 06:34:00;temperature;18.32;False
S0009;2026-01-02 06:34:00;humidity;65.721;False
S0003;2026-01-02 06:34:00;humidity;63.664;False
S0010;2026-01-02 06:34:00;CO2_level;651;False
S0011;2026-01-02 06:34:00;ventilation;0.659;False
S0005;2026-01-02 06:34:00;ventilation;0.633;False
S0001;2026-01-02 06:34:15;temperature;25.001;False
S0011;2026-01-02 06:34:15;ventilation;0.971;False
S0007;2026-01-02 06:34:15;temperature;18.624;False
S0004;2026-01-02 06:34:15;CO2_level;708;False
S0005;2026-01-02 06:34:15;ventilation;0.843;False
S0010;2026-01-02 06:34:15;CO2_level;668;False
S0007;2026-01-02 06:34:30;temperature;18.114;False
S0011;2026-01-02 06:34:30;ventilation;0.842;False
S0003;2026-01-02 06:34:30;humidity;66.77;False
S0005;2026-01-02 06:34:30;ventilation;0.981;False
S0009;2026-01-02 06:34:30;humidity;61.668;False
S0001;2026-01-02 06:34:30;temperature;20.649;False
S0004;2026-01-02 06:34:30;CO2_level;888;False
S0010;2026-01-02 06:34:30;CO2_level;696;False
S0001;2026-01-02 06:34:45;temperature;25.349;False
S0007;2026-01-02 06:34:45;temperature;18.761;False
S0004;2026-01-02 06:34:45;CO2_level;769;True
S0005;2026-01-02 06:34:45;ventilation;0.984;False
S0011;2026-01-02 06:34:45;ventilation;0.747;False
S0010;2026-01-02 06:34:45;CO2_level;917;False
S0010;2026-01-02 06:35:00;CO2_level;1186;False
S0007;2026-01-02 06:35:00;temperature;20.95;False
S0001;2026-01-02 06:35:00;temperature;21.925;False
S0011;2026-01-02 06:35:00;ventilation;0.507;False
S0003;2026-01-02 06:35:00;humidity;63.731;False
S0004;2026-01-02 06:35:00;CO2_level;805;False
S0005;2026-01-02 06:35:00;ventilation;0.902;False
S0009;2026-01-02 06:35:00;humidity;67.09;False
S0011;2026-01-02 06:35:15;ventilation;0.617;False
S0007;2026-01-02 06:35:15;temperature;23.888;False
S0010;2026-01-02 06:35:15;CO2_level;942;False
S0001;2026-01-02 06:35:15;temperature;23.62;False
S0004;2026-01-02 06:35:15;CO2_level;1102;False
S0005;2026-01-02 06:35:15;ventilation;0.76;False
S0010;2026-01-02 06:35:30;CO2_level;1067;False
S0004;2026-01-02 06:35:30;CO2_level;880;False
S0011;2026-01-02 06:35:30;ventilation;0.767;False
S0001;2026-01-02 06:35:30;temperature;22.908;False
S0007;2026-01-02 06:35:30;temperature;20.963;False
S0003;2026-01-02 06:35:30;humidity;63.175;False
S0009;2026-01-02 06:35:30;humidity;68.058;False
S0005;2026-01-02 06:35:30;ventilation;0.537;False
S0004;2026-01-02 06:35:45;CO2_level;871;False
S0005;2026-01-02 06:35:45;ventilation;0.867;False
S0001;2026-01-02 06:35:45;temperature;21.69;False
S0011;2026-01-02 06:35:45;ventilation;0.571;False
S0010;2026-01-02 06:35:45;CO2_level;838;False
S0007;2026-01-02 06:35:45;temperature;24.329;False
S0003;2026-01-02 06:36:00;humidity;60.947;True
S0007;2026-01-02 06:36:00;temperature;22.149;False
S0004;2026-01-02 06:36:00;CO2_level;911;False
S0005;2026-01-02 06:36:00;ventilation;0.64;False
S0009;2026-01-02 06:36:00;humidity;62.058;False
S0010;2026-01-02 06:36:00;CO2_level;836;False
S0001;2026-01-02 06:36:00;temperature;21.979;False
S0011;2026-01-02 06:36:00;ventilation;0.619;False
S0004;2026-01-02 06:36:15;CO2_level;1184;False
S0005;2026-01-02 06:36:15;ventilation;0.762;False
S0007;2026-01-02 06:36:15;temperature;25.155;False
S0001;2026-01-02 06:36:15;temperature;25.157;False
S0010;2026-01-02 06:36:15;CO2_level;647;False
S0011;2026-01-02 06:36:15;ventilation;0.901;False
S0005;2026-01-02 06:36:30;ventilation;0.542;False
S0007;2026-01-02 06:36:30;temperature;23.092;False
S0004;2026-01-02 06:36:30;CO2_level;903;False
S0010;2026-01-02 06:36:30;CO2_level;1005;False
S0001;2026-01-02 06:36:30;temperature;20.428;False
S0009;2026-01-02 06:36:30;humidity;65.751;False
S0003;2026-01-02 06:36:30;humidity;67.652;True
S0011;2026-01-02 06:36:30;ventilation;0.854;False
S0007;2026-01-02 06:36:45;temperature;18.297;False
S0004;2026-01-02 06:36:45;CO2_level;1179;False
S0005;2026-01-02 06:36:45;ventilation;0.918;True
S0011;2026-01-02 06:36:45;ventilation;0.583;False
S0010;2026-01-02 06:36:45;CO2_level;910;False
S0001;2026-01-02 06:36:45;temperature;23.913;False
S0011;2026-01-02 06:37:00;ventilation;0.975;False
S0003;2026-01-02 06:37:00;humidity;66.542;False
S0005;2026-01-02 06:37:00;ventilation;0.735;False
S0009;2026-01-02 06:37:00;humidity;67.041;True
S0010;2026-01-02 06:37:00;CO2_level;894;False
S0007;2026-01-02 06:37:00;temperature;18.598;False
S0001;2026-01-02 06:37:00;temperature;21.175;False
S0004;2026-01-02 06:37:00;CO2_level;817;False
S0001;2026-01-02 06:37:15;temperature;19.571;False
S0005;2026-01-02 06:37:15;ventilation;0.593;False
S0011;2026-01-02 06:37:15;ventilation;0.792;False
S0004;2026-01-02 06:37:15;CO2_level;881;False
S0010;2026-01-02 06:37:15;CO2_level;null;True
S0007;2026-01-02 06:37:15;temperature;26.766;False
S0001;2026-01-02 06:37:30;temperature;22.239;False
S0009;2026-01-02 06:37:30;humidity;61.944;False
S0005;2026-01-02 06:37:30;ventilation;0.59;False
S0011;2026-01-02 06:37:30;ventilation;0.878;False
S0007;2026-01-02 06:37:30;temperature;18.148;False
S0010;2026-01-02 06:37:30;CO2_level;774;False
S0003;2026-01-02 06:37:30;humidity;62.232;False
S0004;2026-01-02 06:37:30;CO2_level;1077;False
S0010;2026-01-02 06:37:45;CO2_level;651;False
S0004;2026-01-02 06:37:45;CO2_level;609;False
S0005;2026-01-02 06:37:45;ventilation;0.543;False
S0011;2026-01-02 06:37:45;ventilation;0.967;False
S0001;2026-01-02 06:37:45;temperature;18.87;False
S0007;2026-01-02 06:37:45;temperature;20.253;False
S0005;2026-01-02 06:38:00;ventilation;0.83;False
S0004;2026-01-02 06:38:00;CO2_level;902;False
S0009;2026-01-02 06:38:00;humidity;69.662;False
S0010;2026-01-02 06:38:00;CO2_level;713;False
S0007;2026-01-02 06:38:00;temperature;23.168;False
S0001;2026-01-02 06:38:00;temperature;24.133;False
S0003;2026-01-02 06:38:00;humidity;68.408;False
S0011;2026-01-02 06:38:00;ventilation;0.703;True
S0001;2026-01-02 06:38:15;temperature;null;True
S0004;2026-01-02 06:38:15;CO2_level;808;False
S0011;2026-01-02 06:38:15;ventilation;0.977;False
S0005;2026-01-02 06:38:15;ventilation;0.878;False
S0007;2026-01-02 06:38:15;temperature;22.029;False
S0010;2026-01-02 06:38:15;CO2_level;1106;False
S0009;2026-01-02 06:38:30;humidity;69.613;False
S0004;2026-01-02 06:38:30;CO2_level;706;False
S0010;2026-01-02 06:38:30;CO2_level;846;False
S0005;2026-01-02 06:38:30;ventilation;0.808;False
S0001;2026-01-02 06:38:30;temperature;22.359;False
S0007;2026-01-02 06:38:30;temperature;null;True
S0011;2026-01-02 06:38:30;ventilation;0.6;False
S0003;2026-01-02 06:38:30;humidity;60.646;False
S0011;2026-01-02 06:38:45;ventilation;0.564;False
S0005;2026-01-02 06:38:45;ventilation;0.598;False
S0004;2026-01-02 06:38:45;CO2_level;948;False
S0001;2026-01-02 06:38:45;temperature;24.59;False
S0010;2026-01-02 06:38:45;CO2_level;822;False
S0007;2026-01-02 06:38:45;temperature;23.266;False
S0007;2026-01-02 06:39:00;temperature;19.349;False
S0009;2026-01-02 06:39:00;humidity;69.827;False
S0001;2026-01-02 06:39:00;temperature;20.453;False
S0004;2026-01-02 06:39:00;CO2_level;980;False
S0010;2026-01-02 06:39:00;CO2_level;1159;False
S0003;2026-01-02 06:39:00;humidity;66.187;True
S0005;2026-01-02 06:39:00;ventilation;0.908;False
S0011;2026-01-02 06:39:00;ventilation;0.817;False
S0005;2026-01-02 06:39:15;ventilation;0.61;False
S0007;2026-01-02 06:39:15;temperature;18.457;False
S0011;2026-01-02 06:39:15;ventilation;0.918;False
S0001;2026-01-02 06:39:15;temperature;23.5;False
S0004;2026-01-02 06:39:15;CO2_level;771;False
S0010;2026-01-02 06:39:15;CO2_level;919;False
S0004;2026-01-02 06:39:30;CO2_level;977;False
S0007;2026-01-02 06:39:30;temperature;23.411;False
S0011;2026-01-02 06:39:30;ventilation;0.59;True
S0003;2026-01-02 06:39:30;humidity;61.958;False
S0010;2026-01-02 06:39:30;CO2_level;1127;False
S0001;2026-01-02 06:39:30;temperature;20.93;False
S0005;2026-01-02 06:39:30;ventilation;0.829;False
S0009;2026-01-02 06:39:30;humidity;62.067;False
S0001;2026-01-02 06:39:45;temperature;22.103;False
S0007;2026-01-02 06:39:45;temperature;19.838;False
S0004;2026-01-02 06:39:45;CO2_level;1072;False
S0005;2026-01-02 06:39:45;ventilation;0.882;False
S0011;2026-01-02 06:39:45;ventilation;0.889;False
S0010;2026-01-02 06:39:45;CO2_level;648;False
S0001;2026-01-02 06:40:00;temperature;21.957;False
S0010;2026-01-02 06:40:00;CO2_level;1074;False
S0004;2026-01-02 06:40:00;CO2_level;740;False
S0009;2026-01-02 06:40:00;humidity;60.278;False
S0005;2026-01-02 06:40:00;ventilation;0.902;False
S0003;2026-01-02 06:40:00;humidity;64.551;False
S0011;2026-01-02 06:40:00;ventilation;0.535;False
S0007;2026-01-02 06:40:00;temperature;18.785;False
S0010;2026-01-02 06:40:15;CO2_level;623;False
S0007;2026-01-02 06:40:15;temperature;23.301;False
S0011;2026-01-02 06:40:15;ventilation;0.888;False
S0001;2026-01-02 06:40:15;temperature;24.91;False
S0004;2026-01-02 06:40:15;CO2_level;1008;False
S0005;2026-01-02 06:40:15;ventilation;0.786;False
S0001;2026-01-02 06:40:30;temperature;25.825;False
S0003;2026-01-02 06:40:30;humidity;68.597;False
S0007;2026-01-02 06:40:30;temperature;19.854;False
S0004;2026-01-02 06:40:30;CO2_level;970;False
S0009;2026-01-02 06:40:30;humidity;67.585;False
S0011;2026-01-02 06:40:30;ventilation;0.696;False
S0010;2026-01-02 06:40:30;CO2_level;972;False
S0005;2026-01-02 06:40:30;ventilation;0.833;False
S0001;2026-01-02 06:40:45;temperature;20.429;True
S0004;2026-01-02 06:40:45;CO2_level;1187;False
S0011;2026-01-02 06:40:45;ventilation;0.911;True
S0007;2026-01-02 06:40:45;temperature;22.505;False
S0005;2026-01-02 06:40:45;ventilation;null;True
S0010;2026-01-02 06:40:45;CO2_level;960;False
S0010;2026-01-02 06:41:00;CO2_level;1104;False
S0005;2026-01-02 06:41:00;ventilation;0.632;False
S0003;2026-01-02 06:41:00;humidity;64.407;False
S0004;2026-01-02 06:41:00;CO2_level;653;False
S0001;2026-01-02 06:41:00;temperature;21.506;False
S0009;2026-01-02 06:41:00;humidity;64.371;False
S0007;2026-01-02 06:41:00;temperature;20.743;False
S0011;2026-01-02 06:41:00;ventilation;0.621;False
S0004;2026-01-02 06:41:15;CO2_level;1161;False
S0001;2026-01-02 06:41:15;temperature;23.686;False
S0010;2026-01-02 06:41:15;CO2_level;785;False
S0007;2026-01-02 06:41:15;temperature;21.386;False
S0005;2026-01-02 06:41:15;ventilation;0.6;False
S0011;2026-01-02 06:41:15;ventilation;0.882;False
S0001;2026-01-02 06:41:30;temperature;18.505;False
S0007;2026-01-02 06:41:30;temperature;20.34;False
S0005;2026-01-02 06:41:30;ventilation;0.568;False
S0009;2026-01-02 06:41:30;humidity;66.428;False
S0010;2026-01-02 06:41:30;CO2_level;1046;False
S0003;2026-01-02 06:41:30;humidity;65.958;True
S0004;2026-01-02 06:41:30;CO2_level;608;False
S0011;2026-01-02 06:41:30;ventilation;0.587;False
S0010;2026-01-02 06:41:45;CO2_level;965;False
S0004;2026-01-02 06:41:45;CO2_level;1178;False
S0011;2026-01-02 06:41:45;ventilation;0.585;False
S0007;2026-01-02 06:41:45;temperature;25.589;False
S0005;2026-01-02 06:41:45;ventilation;0.532;False
S0001;2026-01-02 06:41:45;temperature;23.58;False
S0005;2026-01-02 06:42:00;ventilation;0.704;False
S0004;2026-01-02 06:42:00;CO2_level;1133;True
S0003;2026-01-02 06:42:00;humidity;63.857;False
S0009;2026-01-02 06:42:00;humidity;67.552;True
S0011;2026-01-02 06:42:00;ventilation;0.732;True
S0001;2026-01-02 06:42:00;temperature;23.985;False
S0010;2026-01-02 06:42:00;CO2_level;733;False
S0007;2026-01-02 06:42:00;temperature;26.557;False
S0004;2026-01-02 06:42:15;CO2_level;895;False
S0001;2026-01-02 06:42:15;temperature;20.52;False
S0010;2026-01-02 06:42:15;CO2_level;944;False
S0011;2026-01-02 06:42:15;ventilation;0.692;False
S0005;2026-01-02 06:42:15;ventilation;0.825;False
S0007;2026-01-02 06:42:15;temperature;21.659;False
S0001;2026-01-02 06:42:30;temperature;21.785;False
S0005;2026-01-02 06:42:30;ventilation;0.549;False
S0010;2026-01-02 06:42:30;CO2_level;1138;False
S0007;2026-01-02 06:42:30;temperature;18.804;False
S0009;2026-01-02 06:42:30;humidity;61.514;False
S0003;2026-01-02 06:42:30;humidity;68.114;True
S0004;2026-01-02 06:42:30;CO2_level;793;False
S0011;2026-01-02 06:42:30;ventilation;0.682;False
S0004;2026-01-02 06:42:45;CO2_level;1141;False
S0011;2026-01-02 06:42:45;ventilation;0.597;False
S0001;2026-01-02 06:42:45;temperature;23.494;False
S0007;2026-01-02 06:42:45;temperature;19.85;False
S0010;2026-01-02 06:42:45;CO2_level;602;False
S0005;2026-01-02 06:42:45;ventilation;0.638;True
S0009;2026-01-02 06:43:00;humidity;67.516;False
S0003;2026-01-02 06:43:00;humidity;61.436;False
S0001;2026-01-02 06:43:00;temperature;25.168;False
S0010;2026-01-02 06:43:00;CO2_level;849;False
S0004;2026-01-02 06:43:00;CO2_level;1142;False
S0005;2026-01-02 06:43:00;ventilation;0.638;False
S0011;2026-01-02 06:43:00;ventilation;0.512;False
S0007;2026-01-02 06:43:00;temperature;19.134;False
S0007;2026-01-02 06:43:15;temperature;22.264;False
S0010;2026-01-02 06:43:15;CO2_level;1178;False
S0011;2026-01-02 06:43:15;ventilation;0.521;False
S0005;2026-01-02 06:43:15;ventilation;0.986;False
S0004;2026-01-02 06:43:15;CO2_level;1055;False
S0001;2026-01-02 06:43:15;temperature;26.319;False
S0001;2026-01-02 06:43:30;temperature;18.112;False
S0005;2026-01-02 06:43:30;ventilation;0.906;False
S0011;2026-01-02 06:43:30;ventilation;0.774;False
S0010;2026-01-02 06:43:30;CO2_level;1083;True
S0009;2026-01-02 06:43:30;humidity;68.298;False
S0007;2026-01-02 06:43:30;temperature;24.04;False
S0003;2026-01-02 06:43:30;humidity;66.624;False
S0004;2026-01-02 06:43:30;CO2_level;987;False
S0001;2026-01-02 06:43:45;temperature;24.276;False
S0004;2026-01-02 06:43:45;CO2_level;904;False
S0010;2026-01-02 06:43:45;CO2_level;1062;False
S0005;2026-01-02 06:43:45;ventilation;0.747;False
S0011;2026-01-02 06:43:45;ventilation;null;True
S0007;2026-01-02 06:43:45;temperature;26.203;False
S0009;2026-01-02 06:44:00;humidity;63.2;False
S0001;2026-01-02 06:44:00;temperature;18.599;False
S0010;2026-01-02 06:44:00;CO2_level;953;False
S0003;2026-01-02 06:44:00;humidity;61.668;False
S0005;2026-01-02 06:44:00;ventilation;0.823;True
S0004;2026-01-02 06:44:00;CO2_level;1196;False
S0011;2026-01-02 06:44:00;ventilation;0.556;False
S0007;2026-01-02 06:44:00;temperature;23.774;False
S0007;2026-01-02 06:44:15;temperature;20.011;True
S0004;2026-01-02 06:44:15;CO2_level;1155;False
S0005;2026-01-02 06:44:15;ventilation;0.983;False
S0001;2026-01-02 06:44:15;temperature;18.914;False
S0010;2026-01-02 06:44:15;CO2_level;1062;False
S0011;2026-01-02 06:44:15;ventilation;0.521;False
S0009;2026-01-02 06:44:30;humidity;64.124;False
S0005;2026-01-02 06:44:30;ventilation;0.759;False
S0003;2026-01-02 06:44:30;humidity;67.49;False
S0001;2026-01-02 06:44:30;temperature;18.496;False
S0004;2026-01-02 06:44:30;CO2_level;677;False
S0011;2026-01-02 06:44:30;ventilation;0.689;False
S0007;2026-01-02 06:44:30;temperature;null;True
S0010;2026-01-02 06:44:30;CO2_level;924;False
S0005;2026-01-02 06:44:45;ventilation;0.859;False
S0011;2026-01-02 06:44:45;ventilation;0.747;False
S0004;2026-01-02 06:44:45;CO2_level;727;False
S0001;2026-01-02 06:44:45;temperature;26.626;False
S0010;2026-01-02 06:44:45;CO2_level;764;False
S0007;2026-01-02 06:44:45;temperature;21.071;True
S0010;2026-01-02 06:45:00;CO2_level;996;False
S0007;2026-01-02 06:45:00;temperature;19.653;False
S0011;2026-01-02 06:45:00;ventilation;0.612;True
S0003;2026-01-02 06:45:00;humidity;64.241;False
S0004;2026-01-02 06:45:00;CO2_level;1122;False
S0001;2026-01-02 06:45:00;temperature;25.813;False
S0009;2026-01-02 06:45:00;humidity;null;True
S0005;2026-01-02 06:45:00;ventilation;0.88;False
S0007;2026-01-02 06:45:15;temperature;21.439;False
S0005;2026-01-02 06:45:15;ventilation;0.941;False
S0010;2026-01-02 06:45:15;CO2_level;944;False
S0004;2026-01-02 06:45:15;CO2_level;705;False
S0001;2026-01-02 06:45:15;temperature;21.809;False
S0011;2026-01-02 06:45:15;ventilation;0.998;False
S0007;2026-01-02 06:45:30;temperature;23.245;False
S0004;2026-01-02 06:45:30;CO2_level;1116;False
S0001;2026-01-02 06:45:30;temperature;22.703;False
S0011;2026-01-02 06:45:30;ventilation;0.858;False
S0009;2026-01-02 06:45:30;humidity;60.693;False
S0010;2026-01-02 06:45:30;CO2_level;1033;False
S0005;2026-01-02 06:45:30;ventilation;0.937;False
S0003;2026-01-02 06:45:30;humidity;67.111;False
S0011;2026-01-02 06:45:45;ventilation;0.964;False
S0001;2026-01-02 06:45:45;temperature;26.711;False
S0007;2026-01-02 06:45:45;temperature;18.86;False
S0004;2026-01-02 06:45:45;CO2_level;923;False
S0005;2026-01-02 06:45:45;ventilation;0.976;False
S0010;2026-01-02 06:45:45;CO2_level;1135;False
S0010;2026-01-02 06:46:00;CO2_level;986;False
S0001;2026-01-02 06:46:00;temperature;26.373;False
S0005;2026-01-02 06:46:00;ventilation;0.613;False
S0007;2026-01-02 06:46:00;temperature;20.1;False
S0003;2026-01-02 06:46:00;humidity;69.558;False
S0009;2026-01-02 06:46:00;humidity;69.053;False
S0011;2026-01-02 06:46:00;ventilation;0.527;False
S0004;2026-01-02 06:46:00;CO2_level;1043;False
S0004;2026-01-02 06:46:15;CO2_level;646;False
S0007;2026-01-02 06:46:15;temperature;24.342;True
S0005;2026-01-02 06:46:15;ventilation;0.553;False
S0011;2026-01-02 06:46:15;ventilation;0.547;False
S0001;2026-01-02 06:46:15;temperature;23.967;False
S0010;2026-01-02 06:46:15;CO2_level;780;False
S0009;2026-01-02 06:46:30;humidity;61.039;False
S0007;2026-01-02 06:46:30;temperature;22.761;False
S0010;2026-01-02 06:46:30;CO2_level;1076;True
S0003;2026-01-02 06:46:30;humidity;62.846;False
S0001;2026-01-02 06:46:30;temperature;18.644;False
S0004;2026-01-02 06:46:30;CO2_level;911;False
S0011;2026-01-02 06:46:30;ventilation;0.851;False
S0005;2026-01-02 06:46:30;ventilation;0.947;False
S0004;2026-01-02 06:46:45;CO2_level;980;False
S0011;2026-01-02 06:46:45;ventilation;0.566;False
S0005;2026-01-02 06:46:45;ventilation;0.88;False
S0001;2026-01-02 06:46:45;temperature;19.879;False
S0007;2026-01-02 06:46:45;temperature;20.372;False
S0010;2026-01-02 06:46:45;CO2_level;1017;False
S0003;2026-01-02 06:47:00;humidity;68.21;False
S0009;2026-01-02 06:47:00;humidity;62.137;False
S0010;2026-01-02 06:47:00;CO2_level;736;False
S0007;2026-01-02 06:47:00;temperature;22.11;True
S0004;2026-01-02 06:47:00;CO2_level;1199;False
S0011;2026-01-02 06:47:00;ventilation;0.861;False
S0005;2026-01-02 06:47:00;ventilation;0.617;False
S0001;2026-01-02 06:47:00;temperature;24.138;False
S0010;2026-01-02 06:47:15;CO2_level;794;False
S0004;2026-01-02 06:47:15;CO2_level;743;False
S0001;2026-01-02 06:47:15;temperature;23.787;False
S0011;2026-01-02 06:47:15;ventilation;0.796;False
S0007;2026-01-02 06:47:15;temperature;20.725;False
S0005;2026-01-02 06:47:15;ventilation;0.711;True
S0004;2026-01-02 06:47:30;CO2_level;1145;False
S0009;2026-01-02 06:47:30;humidity;67.935;False
S0011;2026-01-02 06:47:30;ventilation;0.973;False
S0003;2026-01-02 06:47:30;humidity;69.272;False
S0005;2026-01-02 06:47:30;ventilation;0.721;False
S0007;2026-01-02 06:47:30;temperature;23.642;False
S0010;2026-01-02 06:47:30;CO2_level;872;True
S0001;2026-01-02 06:47:30;temperature;19.712;False
S0005;2026-01-02 06:47:45;ventilation;0.688;False
S0007;2026-01-02 06:47:45;temperature;24.738;False
S0001;2026-01-02 06:47:45;temperature;19.743;False
S0010;2026-01-02 06:47:45;CO2_level;804;False
S0004;2026-01-02 06:47:45;CO2_level;930;False
S0011;2026-01-02 06:47:45;ventilation;0.891;False
S0009;2026-01-02 06:48:00;humidity;62.267;False
S0004;2026-01-02 06:48:00;CO2_level;667;False
S0005;2026-01-02 06:48:00;ventilation;0.975;False
S0010;2026-01-02 06:48:00;CO2_level;679;False
S0003;2026-01-02 06:48:00;humidity;67.793;False
S0011;2026-01-02 06:48:00;ventilation;0.666;False
S0001;2026-01-02 06:48:00;temperature;24.293;False
S0007;2026-01-02 06:48:00;temperature;26.064;False
S0010;2026-01-02 06:48:15;CO2_level;830;False
S0011;2026-01-02 06:48:15;ventilation;0.696;False
S0001;2026-01-02 06:48:15;temperature;25.956;False
S0007;2026-01-02 06:48:15;temperature;22.678;False
S0005;2026-01-02 06:48:15;ventilation;0.956;False
S0004;2026-01-02 06:48:15;CO2_level;612;False
S0003;2026-01-02 06:48:30;humidity;65.395;False
S0001;2026-01-02 06:48:30;temperature;19.842;False
S0007;2026-01-02 06:48:30;temperature;19.541;False
S0010;2026-01-02 06:48:30;CO2_level;1118;False
S0011;2026-01-02 06:48:30;ventilation;0.711;False
S0009;2026-01-02 06:48:30;humidity;68.205;False
S0004;2026-01-02 06:48:30;CO2_level;1014;False
S0005;2026-01-02 06:48:30;ventilation;0.517;False
S0004;2026-01-02 06:48:45;CO2_level;695;False
S0001;2026-01-02 06:48:45;temperature;19.862;False
S0010;2026-01-02 06:48:45;CO2_level;621;False
S0005;2026-01-02 06:48:45;ventilation;0.916;False
S0007;2026-01-02 06:48:45;temperature;23.893;False
S0011;2026-01-02 06:48:45;ventilation;0.809;False
S0001;2026-01-02 06:49:00;temperature;26.739;False
S0010;2026-01-02 06:49:00;CO2_level;924;False
S0009;2026-01-02 06:49:00;humidity;69.57;False
S0003;2026-01-02 06:49:00;humidity;66.54;False
S0005;2026-01-02 06:49:00;ventilation;0.568;False
S0011;2026-01-02 06:49:00;ventilation;0.866;False
S0004;2026-01-02 06:49:00;CO2_level;907;False
S0007;2026-01-02 06:49:00;temperature;21.974;False
S0007;2026-01-02 06:49:15;temperature;20.69;False
S0001;2026-01-02 06:49:15;temperature;20.407;True
S0004;2026-01-02 06:49:15;CO2_level;1162;False
S0010;2026-01-02 06:49:15;CO2_level;931;False
S0011;2026-01-02 06:49:15;ventilation;0.643;True
S0005;2026-01-02 06:49:15;ventilation;0.52;False
S0011;2026-01-02 06:49:30;ventilation;0.778;False
S0009;2026-01-02 06:49:30;humidity;67.022;False
S0003;2026-01-02 06:49:30;humidity;69.623;False
S0005;2026-01-02 06:49:30;ventilation;0.584;False
S0007;2026-01-02 06:49:30;temperature;19.401;False
S0001;2026-01-02 06:49:30;temperature;25.064;False
S0010;2026-01-02 06:49:30;CO2_level;734;False
S0004;2026-01-02 06:49:30;CO2_level;1157;False
S0001;2026-01-02 06:49:45;temperature;25.755;False
S0011;2026-01-02 06:49:45;ventilation;0.891;False
S0007;2026-01-02 06:49:45;temperature;23.492;False
S0005;2026-01-02 06:49:45;ventilation;0.993;False
S0010;2026-01-02 06:49:45;CO2_level;998;False
S0004;2026-01-02 06:49:45;CO2_level;648;False
S0007;2026-01-02 06:50:00;temperature;24.044;False
S0011;2026-01-02 06:50:00;ventilation;0.645;False
S0003;2026-01-02 06:50:00;humidity;68.709;False
S0005;2026-01-02 06:50:00;ventilation;0.853;False
S0010;2026-01-02 06:50:00;CO2_level;636;False
S0001;2026-01-02 06:50:00;temperature;19.54;False
S0009;2026-01-02 06:50:00;humidity;65.443;False
S0004;2026-01-02 06:50:00;CO2_level;947;False
S0005;2026-01-02 06:50:15;ventilation;0.927;False
S0007;2026-01-02 06:50:15;temperature;23.245;False
S0004;2026-01-02 06:50:15;CO2_level;801;False
S0011;2026-01-02 06:50:15;ventilation;0.669;False
S0010;2026-01-02 06:50:15;CO2_level;847;False
S0001;2026-01-02 06:50:15;temperature;25.828;False
S0011;2026-01-02 06:50:30;ventilation;0.685;False
S0001;2026-01-02 06:50:30;temperature;26.372;False
S0005;2026-01-02 06:50:30;ventilation;0.771;False
S0009;2026-01-02 06:50:30;humidity;61.855;False
S0010;2026-01-02 06:50:30;CO2_level;1103;False
S0004;2026-01-02 06:50:30;CO2_level;null;True
S0007;2026-01-02 06:50:30;temperature;18.445;False
S0003;2026-01-02 06:50:30;humidity;60.321;False
S0005;2026-01-02 06:50:45;ventilation;0.956;False
S0010;2026-01-02 06:50:45;CO2_level;656;False
S0001;2026-01-02 06:50:45;temperature;23.094;False
S0004;2026-01-02 06:50:45;CO2_level;685;False
S0007;2026-01-02 06:50:45;temperature;20.829;False
S0011;2026-01-02 06:50:45;ventilation;0.865;False
S0009;2026-01-02 06:51:00;humidity;60.042;False
S0011;2026-01-02 06:51:00;ventilation;0.611;False
S0004;2026-01-02 06:51:00;CO2_level;926;False
S0001;2026-01-02 06:51:00;temperature;19.609;False
S0005;2026-01-02 06:51:00;ventilation;0.502;False
S0010;2026-01-02 06:51:00;CO2_level;906;False
S0007;2026-01-02 06:51:00;temperature;24.694;False
S0003;2026-01-02 06:51:00;humidity;66.977;False
S0011;2026-01-02 06:51:15;ventilation;0.89;False
S0005;2026-01-02 06:51:15;ventilation;0.844;False
S0010;2026-01-02 06:51:15;CO2_level;1175;False
S0004;2026-01-02 06:51:15;CO2_level;1133;False
S0007;2026-01-02 06:51:15;temperature;23.272;False
S0001;2026-01-02 06:51:15;temperature;21.165;False
S0011;2026-01-02 06:51:30;ventilation;0.892;False
S0005;2026-01-02 06:51:30;ventilation;0.554;False
S0003;2026-01-02 06:51:30;humidity;61.783;False
S0007;2026-01-02 06:51:30;temperature;24.108;False
S0004;2026-01-02 06:51:30;CO2_level;745;False
S0009;2026-01-02 06:51:30;humidity;66.333;False
S0001;2026-01-02 06:51:30;temperature;20.075;False
S0010;2026-01-02 06:51:30;CO2_level;827;False
S0010;2026-01-02 06:51:45;CO2_level;743;False
S0011;2026-01-02 06:51:45;ventilation;0.554;False
S0007;2026-01-02 06:51:45;temperature;20.695;False
S0005;2026-01-02 06:51:45;ventilation;0.812;False
S0001;2026-01-02 06:51:45;temperature;19.118;True
S0004;2026-01-02 06:51:45;CO2_level;944;False
S0004;2026-01-02 06:52:00;CO2_level;621;False
S0007;2026-01-02 06:52:00;temperature;18.212;False
S0009;2026-01-02 06:52:00;humidity;60.592;False
S0001;2026-01-02 06:52:00;temperature;21.913;False
S0003;2026-01-02 06:52:00;humidity;69.737;False
S0010;2026-01-02 06:52:00;CO2_level;876;False
S0005;2026-01-02 06:52:00;ventilation;0.926;False
S0011;2026-01-02 06:52:00;ventilation;0.697;False
S0010;2026-01-02 06:52:15;CO2_level;901;False
S0005;2026-01-02 06:52:15;ventilation;0.884;False
S0011;2026-01-02 06:52:15;ventilation;0.568;False
S0004;2026-01-02 06:52:15;CO2_level;966;False
S0001;2026-01-02 06:52:15;temperature;21.364;False
S0007;2026-01-02 06:52:15;temperature;19.684;False
S0009;2026-01-02 06:52:30;humidity;63.084;False
S0004;2026-01-02 06:52:30;CO2_level;899;False
S0003;2026-01-02 06:52:30;humidity;67.053;False
S0010;2026-01-02 06:52:30;CO2_level;1193;False
S0007;2026-01-02 06:52:30;temperature;26.784;False
S0001;2026-01-02 06:52:30;temperature;22.12;True
S0011;2026-01-02 06:52:30;ventilation;0.594;False
S0005;2026-01-02 06:52:30;ventilation;0.813;False
S0005;2026-01-02 06:52:45;ventilation;0.931;False
S0010;2026-01-02 06:52:45;CO2_level;1012;False
S0001;2026-01-02 06:52:45;temperature;26.528;False
S0007;2026-01-02 06:52:45;temperature;19.937;False
S0004;2026-01-02 06:52:45;CO2_level;730;False
S0011;2026-01-02 06:52:45;ventilation;0.886;False
S0003;2026-01-02 06:53:00;humidity;68.792;False
S0005;2026-01-02 06:53:00;ventilation;0.644;False
S0010;2026-01-02 06:53:00;CO2_level;697;False
S0011;2026-01-02 06:53:00;ventilation;0.933;False
S0001;2026-01-02 06:53:00;temperature;20.32;True
S0007;2026-01-02 06:53:00;temperature;18.068;False
S0009;2026-01-02 06:53:00;humidity;68.909;False
S0004;2026-01-02 06:53:00;CO2_level;734;False
S0011;2026-01-02 06:53:15;ventilation;0.806;False
S0007;2026-01-02 06:53:15;temperature;18.199;False
S0010;2026-01-02 06:53:15;CO2_level;1185;False
S0004;2026-01-02 06:53:15;CO2_level;711;False
S0005;2026-01-02 06:53:15;ventilation;0.528;False
S0001;2026-01-02 06:53:15;temperature;23.606;False
S0009;2026-01-02 06:53:30;humidity;64.057;False
S0011;2026-01-02 06:53:30;ventilation;0.567;False
S0007;2026-01-02 06:53:30;temperature;19.428;False
S0010;2026-01-02 06:53:30;CO2_level;857;False
S0001;2026-01-02 06:53:30;temperature;23.535;False
S0003;2026-01-02 06:53:30;humidity;65.91;False
S0004;2026-01-02 06:53:30;CO2_level;806;False
S0005;2026-01-02 06:53:30;ventilation;0.916;False
S0010;2026-01-02 06:53:45;CO2_level;null;True
S0007;2026-01-02 06:53:45;temperature;20.992;False
S0001;2026-01-02 06:53:45;temperature;26.483;False
S0004;2026-01-02 06:53:45;CO2_level;1192;False
S0005;2026-01-02 06:53:45;ventilation;0.663;False
S0011;2026-01-02 06:53:45;ventilation;0.865;True
S0004;2026-01-02 06:54:00;CO2_level;779;False
S0011;2026-01-02 06:54:00;ventilation;0.84;False
S0009;2026-01-02 06:54:00;humidity;65.832;False
S0001;2026-01-02 06:54:00;temperature;19.647;False
S0005;2026-01-02 06:54:00;ventilation;0.85;False
S0003;2026-01-02 06:54:00;humidity;64.125;False
S0010;2026-01-02 06:54:00;CO2_level;873;False
S0007;2026-01-02 06:54:00;temperature;22.438;False
S0004;2026-01-02 06:54:15;CO2_level;929;False
S0005;2026-01-02 06:54:15;ventilation;0.721;False
S0010;2026-01-02 06:54:15;CO2_level;961;False
S0001;2026-01-02 06:54:15;temperature;20.597;False
S0011;2026-01-02 06:54:15;ventilation;0.752;False
S0007;2026-01-02 06:54:15;temperature;26.496;False
S0010;2026-01-02 06:54:30;CO2_level;1028;False
S0009;2026-01-02 06:54:30;humidity;65.04;False
S0011;2026-01-02 06:54:30;ventilation;0.91;False
S0004;2026-01-02 06:54:30;CO2_level;907;False
S0003;2026-01-02 06:54:30;humidity;67.429;False
S0007;2026-01-02 06:54:30;temperature;null;True
S0001;2026-01-02 06:54:30;temperature;25.623;False
S0005;2026-01-02 06:54:30;ventilation;0.56;False
S0004;2026-01-02 06:54:45;CO2_level;856;False
S0011;2026-01-02 06:54:45;ventilation;0.713;False
S0001;2026-01-02 06:54:45;temperature;24.051;False
S0007;2026-01-02 06:54:45;temperature;19.709;False
S0010;2026-01-02 06:54:45;CO2_level;906;False
S0005;2026-01-02 06:54:45;ventilation;0.704;True
S0003;2026-01-02 06:55:00;humidity;61.366;False
S0011;2026-01-02 06:55:00;ventilation;0.789;False
S0010;2026-01-02 06:55:00;CO2_level;753;True
S0001;2026-01-02 06:55:00;temperature;22.649;False
S0007;2026-01-02 06:55:00;temperature;19.702;False
S0004;2026-01-02 06:55:00;CO2_level;960;False
S0009;2026-01-02 06:55:00;humidity;60.68;False
S0005;2026-01-02 06:55:00;ventilation;0.508;False
S0001;2026-01-02 06:55:15;temperature;23.813;False
S0011;2026-01-02 06:55:15;ventilation;0.626;False
S0007;2026-01-02 06:55:15;temperature;23.277;False
S0004;2026-01-02 06:55:15;CO2_level;751;False
S0010;2026-01-02 06:55:15;CO2_level;988;False
S0005;2026-01-02 06:55:15;ventilation;0.957;False
S0003;2026-01-02 06:55:30;humidity;60.377;False
S0001;2026-01-02 06:55:30;temperature;18.896;False
S0005;2026-01-02 06:55:30;ventilation;0.594;False
S0009;2026-01-02 06:55:30;humidity;60.851;False
S0011;2026-01-02 06:55:30;ventilation;0.988;False
S0004;2026-01-02 06:55:30;CO2_level;768;False
S0007;2026-01-02 06:55:30;temperature;19.705;False
S0010;2026-01-02 06:55:30;CO2_level;695;False
S0005;2026-01-02 06:55:45;ventilation;0.783;False
S0010;2026-01-02 06:55:45;CO2_level;1126;False
S0004;2026-01-02 06:55:45;CO2_level;735;False
S0007;2026-01-02 06:55:45;temperature;22.444;False
S0011;2026-01-02 06:55:45;ventilation;0.895;False
S0001;2026-01-02 06:55:45;temperature;24.489;False
S0003;2026-01-02 06:56:00;humidity;69.666;False
S0007;2026-01-02 06:56:00;temperature;23.305;False
S0011;2026-01-02 06:56:00;ventilation;0.539;False
S0001;2026-01-02 06:56:00;temperature;22.996;False
S0010;2026-01-02 06:56:00;CO2_level;1008;False
S0004;2026-01-02 06:56:00;CO2_level;880;False
S0005;2026-01-02 06:56:00;ventilation;0.514;False
S0009;2026-01-02 06:56:00;humidity;65.135;True
S0011;2026-01-02 06:56:15;ventilation;0.732;False
S0010;2026-01-02 06:56:15;CO2_level;1186;False
S0004;2026-01-02 06:56:15;CO2_level;742;False
S0005;2026-01-02 06:56:15;ventilation;0.849;False
S0007;2026-01-02 06:56:15;temperature;18.699;False
S0001;2026-01-02 06:56:15;temperature;18.988;False
S0003;2026-01-02 06:56:30;humidity;61.474;False
S0011;2026-01-02 06:56:30;ventilation;0.92;False
S0004;2026-01-02 06:56:30;CO2_level;1178;False
S0009;2026-01-02 06:56:30;humidity;64.866;False
S0007;2026-01-02 06:56:30;temperature;22.768;False
S0001;2026-01-02 06:56:30;temperature;19.625;False
S0010;2026-01-02 06:56:30;CO2_level;678;False
S0005;2026-01-02 06:56:30;ventilation;0.61;False
S0011;2026-01-02 06:56:45;ventilation;null;True
S0010;2026-01-02 06:56:45;CO2_level;1058;False
S0001;2026-01-02 06:56:45;temperature;26.655;False
S0004;2026-01-02 06:56:45;CO2_level;1113;False
S0007;2026-01-02 06:56:45;temperature;20.441;True
S0005;2026-01-02 06:56:45;ventilation;0.864;False
S0010;2026-01-02 06:57:00;CO2_level;911;False
S0004;2026-01-02 06:57:00;CO2_level;756;False
S0005;2026-01-02 06:57:00;ventilation;0.915;False
S0007;2026-01-02 06:57:00;temperature;19.872;False
S0001;2026-01-02 06:57:00;temperature;21.415;False
S0011;2026-01-02 06:57:00;ventilation;0.898;False
S0003;2026-01-02 06:57:00;humidity;62.135;False
S0009;2026-01-02 06:57:00;humidity;62.826;False
S0007;2026-01-02 06:57:15;temperature;25.369;False
S0004;2026-01-02 06:57:15;CO2_level;631;False
S0001;2026-01-02 06:57:15;temperature;23.76;False
S0011;2026-01-02 06:57:15;ventilation;0.898;False
S0010;2026-01-02 06:57:15;CO2_level;966;False
S0005;2026-01-02 06:57:15;ventilation;0.936;False
S0007;2026-01-02 06:57:30;temperature;25.311;False
S0005;2026-01-02 06:57:30;ventilation;0.738;False
S0011;2026-01-02 06:57:30;ventilation;0.524;True
S0004;2026-01-02 06:57:30;CO2_level;1199;False
S0003;2026-01-02 06:57:30;humidity;64.764;False
S0009;2026-01-02 06:57:30;humidity;64.599;False
S0010;2026-01-02 06:57:30;CO2_level;620;False
S0001;2026-01-02 06:57:30;temperature;23.452;False
S0010;2026-01-02 06:57:45;CO2_level;895;False
S0005;2026-01-02 06:57:45;ventilation;0.929;False
S0001;2026-01-02 06:57:45;temperature;21.422;False
S0004;2026-01-02 06:57:45;CO2_level;852;False
S0007;2026-01-02 06:57:45;temperature;23.642;False
S0011;2026-01-02 06:57:45;ventilation;0.775;False
S0010;2026-01-02 06:58:00;CO2_level;611;False
S0003;2026-01-02 06:58:00;humidity;69.119;False
S0005;2026-01-02 06:58:00;ventilation;0.688;False
S0009;2026-01-02 06:58:00;humidity;60.741;False
S0011;2026-01-02 06:58:00;ventilation;0.843;False
S0007;2026-01-02 06:58:00;temperature;20.748;False
S0004;2026-01-02 06:58:00;CO2_level;1186;False
S0001;2026-01-02 06:58:00;temperature;18.725;False
S0004;2026-01-02 06:58:15;CO2_level;1165;False
S0010;2026-01-02 06:58:15;CO2_level;1137;False
S0005;2026-01-02 06:58:15;ventilation;0.547;False
S0007;2026-01-02 06:58:15;temperature;18.814;False
S0011;2026-01-02 06:58:15;ventilation;0.724;False
S0001;2026-01-02 06:58:15;temperature;23.932;False
S0001;2026-01-02 06:58:30;temperature;20.055;False
S0011;2026-01-02 06:58:30;ventilation;0.519;False
S0007;2026-01-02 06:58:30;temperature;25.761;False
S0010;2026-01-02 06:58:30;CO2_level;887;False
S0009;2026-01-02 06:58:30;humidity;61.468;False
S0004;2026-01-02 06:58:30;CO2_level;1128;False
S0005;2026-01-02 06:58:30;ventilation;0.913;False
S0003;2026-01-02 06:58:30;humidity;60.457;False
S0010;2026-01-02 06:58:45;CO2_level;1103;False
S0011;2026-01-02 06:58:45;ventilation;0.713;False
S0004;2026-01-02 06:58:45;CO2_level;1039;True
S0007;2026-01-02 06:58:45;temperature;18.735;False
S0005;2026-01-02 06:58:45;ventilation;0.739;False
S0001;2026-01-02 06:58:45;temperature;25.172;False
S0011;2026-01-02 06:59:00;ventilation;0.693;False
S0009;2026-01-02 06:59:00;humidity;68.891;False
S0003;2026-01-02 06:59:00;humidity;64.471;False
S0005;2026-01-02 06:59:00;ventilation;0.823;False
S0007;2026-01-02 06:59:00;temperature;23.13;False
S0001;2026-01-02 06:59:00;temperature;26.754;False
S0010;2026-01-02 06:59:00;CO2_level;808;False
S0004;2026-01-02 06:59:00;CO2_level;932;False
S0011;2026-01-02 06:59:15;ventilation;0.99;False
S0004;2026-01-02 06:59:15;CO2_level;669;False
S0005;2026-01-02 06:59:15;ventilation;0.943;False
S0001;2026-01-02 06:59:15;temperature;25.842;False
S0010;2026-01-02 06:59:15;CO2_level;1141;False
S0007;2026-01-02 06:59:15;temperature;18.681;False
S0010;2026-01-02 06:59:30;CO2_level;850;False
S0003;2026-01-02 06:59:30;humidity;63.618;False
S0004;2026-01-02 06:59:30;CO2_level;852;False
S0009;2026-01-02 06:59:30;humidity;62.343;False
S0011;2026-01-02 06:59:30;ventilation;0.695;False
S0005;2026-01-02 06:59:30;ventilation;0.941;False
S0001;2026-01-02 06:59:30;temperature;21.555;False
S0007;2026-01-02 06:59:30;temperature;24.61;False
S0001;2026-01-02 06:59:45;temperature;18.082;False
S0005;2026-01-02 06:59:45;ventilation;0.717;False
S0007;2026-01-02 06:59:45;temperature;21.783;False
S0011;2026-01-02 06:59:45;ventilation;0.71;False
S0004;2026-01-02 06:59:45;CO2_level;1145;False
S0010;2026-01-02 06:59:45;CO2_level;1123;False
S0001;2026-01-02 07:00:00;temperature;18.263;False
S0004;2026-01-02 07:00:00;CO2_level;1045;False
S0003;2026-01-02 07:00:00;humidity;66.736;False
S0011;2026-01-02 07:00:00;ventilation;0.862;False
S0010;2026-01-02 07:00:00;CO2_level;1190;False
S0009;2026-01-02 07:00:00;humidity;68.618;False
S0005;2026-01-02 07:00:00;ventilation;0.637;False
S0007;2026-01-02 07:00:00;temperature;21.986;False
S0010;2026-01-02 07:00:15;CO2_level;1056;False
S0005;2026-01-02 07:00:15;ventilation;0.7;False
S0001;2026-01-02 07:00:15;temperature;23.033;False
S0011;2026-01-02 07:00:15;ventilation;0.768;False
S0007;2026-01-02 07:00:15;temperature;24.835;False
S0004;2026-01-02 07:00:15;CO2_level;973;True
S0010;2026-01-02 07:00:30;CO2_level;938;False
S0001;2026-01-02 07:00:30;temperature;19.371;False
S0003;2026-01-02 07:00:30;humidity;66.688;False
S0007;2026-01-02 07:00:30;temperature;19.081;False
S0004;2026-01-02 07:00:30;CO2_level;682;False
S0011;2026-01-02 07:00:30;ventilation;0.741;False
S0005;2026-01-02 07:00:30;ventilation;0.727;False
S0009;2026-01-02 07:00:30;humidity;62.405;False
S0007;2026-01-02 07:00:45;temperature;24.519;False
S0004;2026-01-02 07:00:45;CO2_level;677;False
S0011;2026-01-02 07:00:45;ventilation;0.69;False
S0001;2026-01-02 07:00:45;temperature;18.19;False
S0010;2026-01-02 07:00:45;CO2_level;1184;True
S0005;2026-01-02 07:00:45;ventilation;0.862;False
S0010;2026-01-02 07:01:00;CO2_level;1159;False
S0005;2026-01-02 07:01:00;ventilation;0.744;False
S0004;2026-01-02 07:01:00;CO2_level;859;False
S0009;2026-01-02 07:01:00;humidity;68.111;False
S0007;2026-01-02 07:01:00;temperature;24.532;False
S0011;2026-01-02 07:01:00;ventilation;0.792;False
S0001;2026-01-02 07:01:00;temperature;21.831;False
S0003;2026-01-02 07:01:00;humidity;67.804;False
S0010;2026-01-02 07:01:15;CO2_level;1038;False
S0007;2026-01-02 07:01:15;temperature;21.883;False
S0001;2026-01-02 07:01:15;temperature;26.734;False
S0005;2026-01-02 07:01:15;ventilation;0.805;False
S0004;2026-01-02 07:01:15;CO2_level;1043;False
S0011;2026-01-02 07:01:15;ventilation;0.503;False
S0005;2026-01-02 07:01:30;ventilation;0.602;False
S0010;2026-01-02 07:01:30;CO2_level;1045;False
S0001;2026-01-02 07:01:30;temperature;21.407;False
S0009;2026-01-02 07:01:30;humidity;60.682;False
S0007;2026-01-02 07:01:30;temperature;23.854;False
S0011;2026-01-02 07:01:30;ventilation;0.876;False
S0003;2026-01-02 07:01:30;humidity;66.37;False
S0004;2026-01-02 07:01:30;CO2_level;721;False
S0007;2026-01-02 07:01:45;temperature;22.167;False
S0005;2026-01-02 07:01:45;ventilation;0.699;False
S0001;2026-01-02 07:01:45;temperature;19.68;False
S0010;2026-01-02 07:01:45;CO2_level;778;False
S0004;2026-01-02 07:01:45;CO2_level;683;False
S0011;2026-01-02 07:01:45;ventilation;0.887;False
S0004;2026-01-02 07:02:00;CO2_level;762;False
S0011;2026-01-02 07:02:00;ventilation;0.747;False
S0009;2026-01-02 07:02:00;humidity;62.778;False
S0010;2026-01-02 07:02:00;CO2_level;899;False
S0007;2026-01-02 07:02:00;temperature;null;True
S0005;2026-01-02 07:02:00;ventilation;0.633;False
S0003;2026-01-02 07:02:00;humidity;65.875;False
S0001;2026-01-02 07:02:00;temperature;23.83;False
S0001;2026-01-02 07:02:15;temperature;23.273;False
S0010;2026-01-02 07:02:15;CO2_level;1055;False
S0007;2026-01-02 07:02:15;temperature;24.754;False
S0005;2026-01-02 07:02:15;ventilation;0.636;False
S0004;2026-01-02 07:02:15;CO2_level;661;False
S0011;2026-01-02 07:02:15;ventilation;0.725;False
S0003;2026-01-02 07:02:30;humidity;64.26;False
S0004;2026-01-02 07:02:30;CO2_level;1183;False
S0005;2026-01-02 07:02:30;ventilation;0.849;False
S0009;2026-01-02 07:02:30;humidity;69.445;False
S0011;2026-01-02 07:02:30;ventilation;null;True
S0010;2026-01-02 07:02:30;CO2_level;987;False
S0007;2026-01-02 07:02:30;temperature;22.063;False
S0001;2026-01-02 07:02:30;temperature;25.325;False
S0010;2026-01-02 07:02:45;CO2_level;767;False
S0004;2026-01-02 07:02:45;CO2_level;642;False
S0007;2026-01-02 07:02:45;temperature;25.214;False
S0005;2026-01-02 07:02:45;ventilation;0.74;False
S0011;2026-01-02 07:02:45;ventilation;0.779;False
S0001;2026-01-02 07:02:45;temperature;26.7;False
S0009;2026-01-02 07:03:00;humidity;61.921;False
S0005;2026-01-02 07:03:00;ventilation;0.583;False
S0001;2026-01-02 07:03:00;temperature;24.859;False
S0007;2026-01-02 07:03:00;temperature;19.637;False
S0010;2026-01-02 07:03:00;CO2_level;708;False
S0003;2026-01-02 07:03:00;humidity;66.008;False
S0004;2026-01-02 07:03:00;CO2_level;859;False
S0011;2026-01-02 07:03:00;ventilation;0.875;False
S0011;2026-01-02 07:03:15;ventilation;0.888;False
S0001;2026-01-02 07:03:15;temperature;18.324;False
S0010;2026-01-02 07:03:15;CO2_level;1173;False
S0007;2026-01-02 07:03:15;temperature;23.433;False
S0005;2026-01-02 07:03:15;ventilation;0.631;False
S0004;2026-01-02 07:03:15;CO2_level;744;True
S0009;2026-01-02 07:03:30;humidity;66.774;False
S0010;2026-01-02 07:03:30;CO2_level;973;True
S0003;2026-01-02 07:03:30;humidity;65.049;False
S0007;2026-01-02 07:03:30;temperature;18.604;False
S0011;2026-01-02 07:03:30;ventilation;0.871;True
S0004;2026-01-02 07:03:30;CO2_level;795;False
S0005;2026-01-02 07:03:30;ventilation;0.748;False
S0001;2026-01-02 07:03:30;temperature;21.843;False
S0005;2026-01-02 07:03:45;ventilation;0.845;False
S0010;2026-01-02 07:03:45;CO2_level;650;False
S0001;2026-01-02 07:03:45;temperature;22.024;False
S0007;2026-01-02 07:03:45;temperature;21.725;False
S0004;2026-01-02 07:03:45;CO2_level;1000;False
S0011;2026-01-02 07:03:45;ventilation;0.528;False
S0010;2026-01-02 07:04:00;CO2_level;721;False
S0003;2026-01-02 07:04:00;humidity;68.32;False
S0005;2026-01-02 07:04:00;ventilation;0.758;False
S0007;2026-01-02 07:04:00;temperature;26.013;False
S0004;2026-01-02 07:04:00;CO2_level;911;False
S0011;2026-01-02 07:04:00;ventilation;0.809;False
S0009;2026-01-02 07:04:00;humidity;67.356;False
S0001;2026-01-02 07:04:00;temperature;18.153;False
S0004;2026-01-02 07:04:15;CO2_level;1061;False
S0005;2026-01-02 07:04:15;ventilation;0.589;False
S0011;2026-01-02 07:04:15;ventilation;null;True
S0010;2026-01-02 07:04:15;CO2_level;null;True
S0007;2026-01-02 07:04:15;temperature;24.977;False
S0001;2026-01-02 07:04:15;temperature;24.883;False
S0010;2026-01-02 07:04:30;CO2_level;1030;False
S0005;2026-01-02 07:04:30;ventilation;0.77;False
S0003;2026-01-02 07:04:30;humidity;62.065;False
S0001;2026-01-02 07:04:30;temperature;19.434;False
S0007;2026-01-02 07:04:30;temperature;24.131;False
S0011;2026-01-02 07:04:30;ventilation;0.831;False
S0004;2026-01-02 07:04:30;CO2_level;727;False
S0009;2026-01-02 07:04:30;humidity;67.575;False
S0005;2026-01-02 07:04:45;ventilation;0.64;False
S0011;2026-01-02 07:04:45;ventilation;0.906;False
S0004;2026-01-02 07:04:45;CO2_level;621;False
S0010;2026-01-02 07:04:45;CO2_level;965;False
S0007;2026-01-02 07:04:45;temperature;21.136;False
S0001;2026-01-02 07:04:45;temperature;22.271;False
S0010;2026-01-02 07:05:00;CO2_level;1192;False
S0003;2026-01-02 07:05:00;humidity;64.797;False
S0007;2026-01-02 07:05:00;temperature;26.653;False
S0005;2026-01-02 07:05:00;ventilation;0.608;False
S0001;2026-01-02 07:05:00;temperature;26.782;False
S0011;2026-01-02 07:05:00;ventilation;0.975;False
S0009;2026-01-02 07:05:00;humidity;65.346;False
S0004;2026-01-02 07:05:00;CO2_level;762;False
S0001;2026-01-02 07:05:15;temperature;18.146;False
S0005;2026-01-02 07:05:15;ventilation;0.952;False
S0004;2026-01-02 07:05:15;CO2_level;1067;False
S0011;2026-01-02 07:05:15;ventilation;0.737;False
S0007;2026-01-02 07:05:15;temperature;22.981;False
S0010;2026-01-02 07:05:15;CO2_level;766;False
S0003;2026-01-02 07:05:30;humidity;67.622;False
S0007;2026-01-02 07:05:30;temperature;21.885;False
S0009;2026-01-02 07:05:30;humidity;64.955;False
S0004;2026-01-02 07:05:30;CO2_level;1033;False
S0005;2026-01-02 07:05:30;ventilation;0.759;False
S0010;2026-01-02 07:05:30;CO2_level;674;False
S0001;2026-01-02 07:05:30;temperature;20.996;False
S0011;2026-01-02 07:05:30;ventilation;0.512;False
S0011;2026-01-02 07:05:45;ventilation;0.934;False
S0007;2026-01-02 07:05:45;temperature;21.775;False
S0010;2026-01-02 07:05:45;CO2_level;661;False
S0001;2026-01-02 07:05:45;temperature;20.601;False
S0005;2026-01-02 07:05:45;ventilation;0.762;False
S0004;2026-01-02 07:05:45;CO2_level;1074;False
S0007;2026-01-02 07:06:00;temperature;26.181;False
S0011;2026-01-02 07:06:00;ventilation;0.728;False
S0004;2026-01-02 07:06:00;CO2_level;660;False
S0003;2026-01-02 07:06:00;humidity;65.075;False
S0001;2026-01-02 07:06:00;temperature;24.529;False
S0005;2026-01-02 07:06:00;ventilation;0.657;False
S0010;2026-01-02 07:06:00;CO2_level;819;False
S0009;2026-01-02 07:06:00;humidity;69.13;False
S0004;2026-01-02 07:06:15;CO2_level;794;False
S0010;2026-01-02 07:06:15;CO2_level;849;False
S0007;2026-01-02 07:06:15;temperature;21.453;False
S0005;2026-01-02 07:06:15;ventilation;0.731;False
S0001;2026-01-02 07:06:15;temperature;26.463;False
S0011;2026-01-02 07:06:15;ventilation;0.943;False
S0003;2026-01-02 07:06:30;humidity;60.959;False
S0010;2026-01-02 07:06:30;CO2_level;1178;False
S0004;2026-01-02 07:06:30;CO2_level;618;False
S0001;2026-01-02 07:06:30;temperature;20.914;False
S0007;2026-01-02 07:06:30;temperature;25.837;False
S0011;2026-01-02 07:06:30;ventilation;0.855;False
S0005;2026-01-02 07:06:30;ventilation;0.953;False
S0009;2026-01-02 07:06:30;humidity;60.478;False
S0011;2026-01-02 07:06:45;ventilation;0.68;False
S0001;2026-01-02 07:06:45;temperature;23.268;False
S0010;2026-01-02 07:06:45;CO2_level;1163;False
S0007;2026-01-02 07:06:45;temperature;18.707;False
S0004;2026-01-02 07:06:45;CO2_level;994;False
S0005;2026-01-02 07:06:45;ventilation;0.679;False
S0007;2026-01-02 07:07:00;temperature;18.926;False
S0010;2026-01-02 07:07:00;CO2_level;898;False
S0004;2026-01-02 07:07:00;CO2_level;708;False
S0011;2026-01-02 07:07:00;ventilation;0.86;False
S0009;2026-01-02 07:07:00;humidity;68.131;False
S0001;2026-01-02 07:07:00;temperature;22.714;False
S0003;2026-01-02 07:07:00;humidity;60.234;False
S0005;2026-01-02 07:07:00;ventilation;0.801;False
S0005;2026-01-02 07:07:15;ventilation;0.783;False
S0001;2026-01-02 07:07:15;temperature;18.711;False
S0010;2026-01-02 07:07:15;CO2_level;650;False
S0007;2026-01-02 07:07:15;temperature;18.556;False
S0011;2026-01-02 07:07:15;ventilation;0.781;True
S0004;2026-01-02 07:07:15;CO2_level;714;True
S0004;2026-01-02 07:07:30;CO2_level;1188;False
S0005;2026-01-02 07:07:30;ventilation;0.534;False
S0003;2026-01-02 07:07:30;humidity;64.982;False
S0001;2026-01-02 07:07:30;temperature;22.738;False
S0010;2026-01-02 07:07:30;CO2_level;923;False
S0007;2026-01-02 07:07:30;temperature;19.952;False
S0011;2026-01-02 07:07:30;ventilation;0.684;False
S0009;2026-01-02 07:07:30;humidity;64.288;False
S0004;2026-01-02 07:07:45;CO2_level;1194;False
S0011;2026-01-02 07:07:45;ventilation;0.711;False
S0007;2026-01-02 07:07:45;temperature;20.706;False
S0005;2026-01-02 07:07:45;ventilation;0.705;False
S0001;2026-01-02 07:07:45;temperature;18.327;False
S0010;2026-01-02 07:07:45;CO2_level;658;False
S0003;2026-01-02 07:08:00;humidity;62.768;False
S0007;2026-01-02 07:08:00;temperature;24.773;False
S0005;2026-01-02 07:08:00;ventilation;0.779;False
S0004;2026-01-02 07:08:00;CO2_level;826;False
S0010;2026-01-02 07:08:00;CO2_level;824;False
S0009;2026-01-02 07:08:00;humidity;63.308;False
S0011;2026-01-02 07:08:00;ventilation;0.7;False
S0001;2026-01-02 07:08:00;temperature;20.334;False
S0010;2026-01-02 07:08:15;CO2_level;null;True
S0005;2026-01-02 07:08:15;ventilation;0.794;False
S0011;2026-01-02 07:08:15;ventilation;0.885;False
S0004;2026-01-02 07:08:15;CO2_level;889;False
S0007;2026-01-02 07:08:15;temperature;20.037;False
S0001;2026-01-02 07:08:15;temperature;26.191;False
S0007;2026-01-02 07:08:30;temperature;20.804;False
S0004;2026-01-02 07:08:30;CO2_level;1053;False
S0005;2026-01-02 07:08:30;ventilation;0.709;False
S0001;2026-01-02 07:08:30;temperature;26.377;False
S0009;2026-01-02 07:08:30;humidity;68.911;False
S0011;2026-01-02 07:08:30;ventilation;0.729;False
S0010;2026-01-02 07:08:30;CO2_level;675;False
S0003;2026-01-02 07:08:30;humidity;61.775;True
S0011;2026-01-02 07:08:45;ventilation;0.814;False
S0005;2026-01-02 07:08:45;ventilation;0.997;False
S0004;2026-01-02 07:08:45;CO2_level;764;False
S0001;2026-01-02 07:08:45;temperature;23.464;False
S0010;2026-01-02 07:08:45;CO2_level;1146;False
S0007;2026-01-02 07:08:45;temperature;22.842;False
S0004;2026-01-02 07:09:00;CO2_level;1013;False
S0005;2026-01-02 07:09:00;ventilation;null;True
S0003;2026-01-02 07:09:00;humidity;61.087;False
S0011;2026-01-02 07:09:00;ventilation;0.812;False
S0001;2026-01-02 07:09:00;temperature;23.551;False
S0007;2026-01-02 07:09:00;temperature;23.567;False
S0009;2026-01-02 07:09:00;humidity;63.702;False
S0010;2026-01-02 07:09:00;CO2_level;823;False
S0005;2026-01-02 07:09:15;ventilation;0.969;False
S0004;2026-01-02 07:09:15;CO2_level;872;False
S0007;2026-01-02 07:09:15;temperature;23.676;False
S0010;2026-01-02 07:09:15;CO2_level;1061;False
S0011;2026-01-02 07:09:15;ventilation;0.571;False
S0001;2026-01-02 07:09:15;temperature;22.165;False
S0004;2026-01-02 07:09:30;CO2_level;898;False
S0009;2026-01-02 07:09:30;humidity;65.966;False
S0005;2026-01-02 07:09:30;ventilation;0.965;False
S0001;2026-01-02 07:09:30;temperature;19.127;False
S0011;2026-01-02 07:09:30;ventilation;0.728;False
S0007;2026-01-02 07:09:30;temperature;23.142;True
S0003;2026-01-02 07:09:30;humidity;69.589;False
S0010;2026-01-02 07:09:30;CO2_level;1113;False
S0007;2026-01-02 07:09:45;temperature;18.715;False
S0004;2026-01-02 07:09:45;CO2_level;1049;False
S0001;2026-01-02 07:09:45;temperature;26.486;False
S0011;2026-01-02 07:09:45;ventilation;0.886;False
S0010;2026-01-02 07:09:45;CO2_level;857;False
S0005;2026-01-02 07:09:45;ventilation;0.64;False
S0004;2026-01-02 07:10:00;CO2_level;1066;False
S0001;2026-01-02 07:10:00;temperature;20.863;False
S0011;2026-01-02 07:10:00;ventilation;0.534;False
S0010;2026-01-02 07:10:00;CO2_level;1174;False
S0005;2026-01-02 07:10:00;ventilation;0.738;False
S0003;2026-01-02 07:10:00;humidity;60.769;False
S0009;2026-01-02 07:10:00;humidity;67.177;True
S0007;2026-01-02 07:10:00;temperature;22.581;False
S0007;2026-01-02 07:10:15;temperature;20.311;False
S0011;2026-01-02 07:10:15;ventilation;0.68;False
S0005;2026-01-02 07:10:15;ventilation;0.591;False
S0001;2026-01-02 07:10:15;temperature;24.989;False
S0010;2026-01-02 07:10:15;CO2_level;837;False
S0004;2026-01-02 07:10:15;CO2_level;669;False
S0001;2026-01-02 07:10:30;temperature;25.991;False
S0003;2026-01-02 07:10:30;humidity;60.795;False
S0011;2026-01-02 07:10:30;ventilation;0.69;False
S0010;2026-01-02 07:10:30;CO2_level;1165;False
S0009;2026-01-02 07:10:30;humidity;67.687;False
S0007;2026-01-02 07:10:30;temperature;21.315;False
S0005;2026-01-02 07:10:30;ventilation;0.698;False
S0004;2026-01-02 07:10:30;CO2_level;935;False
S0005;2026-01-02 07:10:45;ventilation;0.808;False
S0001;2026-01-02 07:10:45;temperature;24.32;False
S0011;2026-01-02 07:10:45;ventilation;0.883;False
S0004;2026-01-02 07:10:45;CO2_level;1154;False
S0007;2026-01-02 07:10:45;temperature;22.254;False
S0010;2026-01-02 07:10:45;CO2_level;748;False
S0001;2026-01-02 07:11:00;temperature;23.299;False
S0011;2026-01-02 07:11:00;ventilation;0.985;False
S0010;2026-01-02 07:11:00;CO2_level;1158;False
S0005;2026-01-02 07:11:00;ventilation;0.581;False
S0003;2026-01-02 07:11:00;humidity;60.976;False
S0004;2026-01-02 07:11:00;CO2_level;1113;False
S0007;2026-01-02 07:11:00;temperature;25.065;False
S0009;2026-01-02 07:11:00;humidity;69.508;False
S0011;2026-01-02 07:11:15;ventilation;0.51;False
S0010;2026-01-02 07:11:15;CO2_level;727;False
S0005;2026-01-02 07:11:15;ventilation;0.576;False
S0001;2026-01-02 07:11:15;temperature;21.668;False
S0004;2026-01-02 07:11:15;CO2_level;633;False
S0007;2026-01-02 07:11:15;temperature;23.313;False
S0011;2026-01-02 07:11:30;ventilation;0.519;False
S0004;2026-01-02 07:11:30;CO2_level;662;False
S0001;2026-01-02 07:11:30;temperature;null;True
S0007;2026-01-02 07:11:30;temperature;24.483;False
S0003;2026-01-02 07:11:30;humidity;64.843;False
S0009;2026-01-02 07:11:30;humidity;60.495;False
S0005;2026-01-02 07:11:30;ventilation;0.998;False
S0010;2026-01-02 07:11:30;CO2_level;1172;False
S0001;2026-01-02 07:11:45;temperature;25.043;False
S0004;2026-01-02 07:11:45;CO2_level;675;False
S0005;2026-01-02 07:11:45;ventilation;0.769;True
S0010;2026-01-02 07:11:45;CO2_level;1144;False
S0011;2026-01-02 07:11:45;ventilation;0.644;False
S0007;2026-01-02 07:11:45;temperature;26.072;True
S0004;2026-01-02 07:12:00;CO2_level;1074;False
S0005;2026-01-02 07:12:00;ventilation;0.744;False
S0009;2026-01-02 07:12:00;humidity;69.755;False
S0001;2026-01-02 07:12:00;temperature;23.663;False
S0007;2026-01-02 07:12:00;temperature;24.412;False
S0011;2026-01-02 07:12:00;ventilation;0.674;False
S0010;2026-01-02 07:12:00;CO2_level;664;False
S0003;2026-01-02 07:12:00;humidity;62.636;False
S0001;2026-01-02 07:12:15;temperature;20.002;False
S0005;2026-01-02 07:12:15;ventilation;0.864;False
S0010;2026-01-02 07:12:15;CO2_level;919;False
S0007;2026-01-02 07:12:15;temperature;20.783;False
S0004;2026-01-02 07:12:15;CO2_level;829;False
S0011;2026-01-02 07:12:15;ventilation;0.513;False
S0009;2026-01-02 07:12:30;humidity;68.186;False
S0010;2026-01-02 07:12:30;CO2_level;828;False
S0003;2026-01-02 07:12:30;humidity;61.648;False
S0004;2026-01-02 07:12:30;CO2_level;993;False
S0011;2026-01-02 07:12:30;ventilation;0.866;False
S0001;2026-01-02 07:12:30;temperature;26.566;False
S0005;2026-01-02 07:12:30;ventilation;0.673;False
S0007;2026-01-02 07:12:30;temperature;24.699;False
S0011;2026-01-02 07:12:45;ventilation;0.801;False
S0001;2026-01-02 07:12:45;temperature;21.963;False
S0007;2026-01-02 07:12:45;temperature;24.116;False
S0010;2026-01-02 07:12:45;CO2_level;945;True
S0005;2026-01-02 07:12:45;ventilation;0.628;False
S0004;2026-01-02 07:12:45;CO2_level;760;False
S0007;2026-01-02 07:13:00;temperature;19.476;False
S0004;2026-01-02 07:13:00;CO2_level;811;False
S0001;2026-01-02 07:13:00;temperature;24.502;False
S0005;2026-01-02 07:13:00;ventilation;0.533;False
S0010;2026-01-02 07:13:00;CO2_level;762;False
S0003;2026-01-02 07:13:00;humidity;67.22;True
S0011;2026-01-02 07:13:00;ventilation;0.694;False
S0009;2026-01-02 07:13:00;humidity;69.407;False
S0007;2026-01-02 07:13:15;temperature;19.18;False
S0010;2026-01-02 07:13:15;CO2_level;696;False
S0005;2026-01-02 07:13:15;ventilation;0.763;False
S0011;2026-01-02 07:13:15;ventilation;0.606;False
S0001;2026-01-02 07:13:15;temperature;20.913;False
S0004;2026-01-02 07:13:15;CO2_level;1197;False
S0003;2026-01-02 07:13:30;humidity;69.96;False
S0007;2026-01-02 07:13:30;temperature;26.467;False
S0004;2026-01-02 07:13:30;CO2_level;631;False
S0010;2026-01-02 07:13:30;CO2_level;1039;False
S0005;2026-01-02 07:13:30;ventilation;0.795;False
S0001;2026-01-02 07:13:30;temperature;18.079;False
S0009;2026-01-02 07:13:30;humidity;66.487;False
S0011;2026-01-02 07:13:30;ventilation;0.81;False
S0007;2026-01-02 07:13:45;temperature;21.307;False
S0005;2026-01-02 07:13:45;ventilation;0.541;False
S0010;2026-01-02 07:13:45;CO2_level;1007;False
S0001;2026-01-02 07:13:45;temperature;26.107;False
S0004;2026-01-02 07:13:45;CO2_level;717;False
S0011;2026-01-02 07:13:45;ventilation;0.596;False
S0011;2026-01-02 07:14:00;ventilation;1.0;False
S0001;2026-01-02 07:14:00;temperature;18.504;False
S0005;2026-01-02 07:14:00;ventilation;0.744;False
S0004;2026-01-02 07:14:00;CO2_level;678;False
S0007;2026-01-02 07:14:00;temperature;18.76;False
S0003;2026-01-02 07:14:00;humidity;65.836;False
S0009;2026-01-02 07:14:00;humidity;64.173;False
S0010;2026-01-02 07:14:00;CO2_level;874;False
S0010;2026-01-02 07:14:15;CO2_level;676;False
S0007;2026-01-02 07:14:15;temperature;24.114;False
S0001;2026-01-02 07:14:15;temperature;22.237;False
S0004;2026-01-02 07:14:15;CO2_level;911;False
S0011;2026-01-02 07:14:15;ventilation;0.726;False
S0005;2026-01-02 07:14:15;ventilation;0.6;False
S0010;2026-01-02 07:14:30;CO2_level;921;False
S0007;2026-01-02 07:14:30;temperature;25.764;True
S0003;2026-01-02 07:14:30;humidity;62.096;False
S0001;2026-01-02 07:14:30;temperature;21.741;False
S0004;2026-01-02 07:14:30;CO2_level;1110;False
S0005;2026-01-02 07:14:30;ventilation;0.943;False
S0009;2026-01-02 07:14:30;humidity;60.275;False
S0011;2026-01-02 07:14:30;ventilation;0.54;False
S0005;2026-01-02 07:14:45;ventilation;0.899;False
S0004;2026-01-02 07:14:45;CO2_level;1082;False
S0001;2026-01-02 07:14:45;temperature;19.246;False
S0010;2026-01-02 07:14:45;CO2_level;1050;False
S0011;2026-01-02 07:14:45;ventilation;0.873;False
S0007;2026-01-02 07:14:45;temperature;22.657;False
S0011;2026-01-02 07:15:00;ventilation;0.821;False
S0004;2026-01-02 07:15:00;CO2_level;770;False
S0005;2026-01-02 07:15:00;ventilation;0.587;False
S0001;2026-01-02 07:15:00;temperature;23.972;True
S0009;2026-01-02 07:15:00;humidity;62.563;False
S0003;2026-01-02 07:15:00;humidity;65.672;False
S0007;2026-01-02 07:15:00;temperature;19.257;False
S0010;2026-01-02 07:15:00;CO2_level;877;False
S0004;2026-01-02 07:15:15;CO2_level;1177;False
S0011;2026-01-02 07:15:15;ventilation;0.854;False
S0005;2026-01-02 07:15:15;ventilation;0.944;False
S0001;2026-01-02 07:15:15;temperature;19.308;False
S0007;2026-01-02 07:15:15;temperature;25.425;False
S0010;2026-01-02 07:15:15;CO2_level;648;False
S0010;2026-01-02 07:15:30;CO2_level;872;False
S0003;2026-01-02 07:15:30;humidity;64.801;False
S0001;2026-01-02 07:15:30;temperature;22.313;False
S0007;2026-01-02 07:15:30;temperature;22.193;False
S0005;2026-01-02 07:15:30;ventilation;0.744;False
S0011;2026-01-02 07:15:30;ventilation;0.652;False
S0004;2026-01-02 07:15:30;CO2_level;650;False
S0009;2026-01-02 07:15:30;humidity;67.876;False
S0001;2026-01-02 07:15:45;temperature;22.082;False
S0007;2026-01-02 07:15:45;temperature;18.965;False
S0010;2026-01-02 07:15:45;CO2_level;1099;False
S0004;2026-01-02 07:15:45;CO2_level;982;False
S0005;2026-01-02 07:15:45;ventilation;0.637;True
S0011;2026-01-02 07:15:45;ventilation;0.587;False
S0009;2026-01-02 07:16:00;humidity;65.254;False
S0010;2026-01-02 07:16:00;CO2_level;893;False
S0001;2026-01-02 07:16:00;temperature;26.718;False
S0007;2026-01-02 07:16:00;temperature;25.062;False
S0011;2026-01-02 07:16:00;ventilation;0.848;False
S0005;2026-01-02 07:16:00;ventilation;0.968;False
S0003;2026-01-02 07:16:00;humidity;69.886;False
S0004;2026-01-02 07:16:00;CO2_level;1030;False
S0005;2026-01-02 07:16:15;ventilation;0.591;False
S0011;2026-01-02 07:16:15;ventilation;0.827;False
S0007;2026-01-02 07:16:15;temperature;23.902;False
S0010;2026-01-02 07:16:15;CO2_level;772;False
S0001;2026-01-02 07:16:15;temperature;23.728;False
S0004;2026-01-02 07:16:15;CO2_level;1142;False
S0004;2026-01-02 07:16:30;CO2_level;null;True
S0003;2026-01-02 07:16:30;humidity;69.552;False
S0011;2026-01-02 07:16:30;ventilation;0.686;False
S0005;2026-01-02 07:16:30;ventilation;0.503;False
S0001;2026-01-02 07:16:30;temperature;19.672;False
S0007;2026-01-02 07:16:30;temperature;18.096;False
S0009;2026-01-02 07:16:30;humidity;67.228;True
S0010;2026-01-02 07:16:30;CO2_level;1165;False
S0005;2026-01-02 07:16:45;ventilation;0.993;True
S0011;2026-01-02 07:16:45;ventilation;0.769;False
S0007;2026-01-02 07:16:45;temperature;25.055;False
S0004;2026-01-02 07:16:45;CO2_level;914;False
S0010;2026-01-02 07:16:45;CO2_level;782;False
S0001;2026-01-02 07:16:45;temperature;26.783;False
S0004;2026-01-02 07:17:00;CO2_level;934;False
S0011;2026-01-02 07:17:00;ventilation;0.803;False
S0010;2026-01-02 07:17:00;CO2_level;1199;False
S0001;2026-01-02 07:17:00;temperature;25.057;False
S0007;2026-01-02 07:17:00;temperature;25.88;False
S0009;2026-01-02 07:17:00;humidity;63.068;False
S0003;2026-01-02 07:17:00;humidity;69.649;False
S0005;2026-01-02 07:17:00;ventilation;0.809;False
S0004;2026-01-02 07:17:15;CO2_level;1001;False
S0001;2026-01-02 07:17:15;temperature;20.819;False
S0011;2026-01-02 07:17:15;ventilation;0.617;False
S0010;2026-01-02 07:17:15;CO2_level;796;False
S0007;2026-01-02 07:17:15;temperature;26.566;False
S0005;2026-01-02 07:17:15;ventilation;0.637;False
S0010;2026-01-02 07:17:30;CO2_level;1045;False
S0004;2026-01-02 07:17:30;CO2_level;1193;False
S0009;2026-01-02 07:17:30;humidity;66.823;False
S0001;2026-01-02 07:17:30;temperature;25.105;False
S0011;2026-01-02 07:17:30;ventilation;0.793;False
S0005;2026-01-02 07:17:30;ventilation;0.931;False
S0003;2026-01-02 07:17:30;humidity;63.936;False
S0007;2026-01-02 07:17:30;temperature;23.338;False
S0011;2026-01-02 07:17:45;ventilation;0.504;False
S0005;2026-01-02 07:17:45;ventilation;null;True
S0010;2026-01-02 07:17:45;CO2_level;896;False
S0007;2026-01-02 07:17:45;temperature;24.867;False
S0001;2026-01-02 07:17:45;temperature;21.915;False
S0004;2026-01-02 07:17:45;CO2_level;1087;False
S0011;2026-01-02 07:18:00;ventilation;0.797;False
S0009;2026-01-02 07:18:00;humidity;65.501;False
S0001;2026-01-02 07:18:00;temperature;25.127;False
S0005;2026-01-02 07:18:00;ventilation;0.591;True
S0003;2026-01-02 07:18:00;humidity;66.594;False
S0007;2026-01-02 07:18:00;temperature;22.232;False
S0010;2026-01-02 07:18:00;CO2_level;933;True
S0004;2026-01-02 07:18:00;CO2_level;1189;False
S0004;2026-01-02 07:18:15;CO2_level;null;True
S0001;2026-01-02 07:18:15;temperature;25.201;False
S0007;2026-01-02 07:18:15;temperature;26.19;False
S0011;2026-01-02 07:18:15;ventilation;0.852;False
S0005;2026-01-02 07:18:15;ventilation;0.652;False
S0010;2026-01-02 07:18:15;CO2_level;653;False
S0003;2026-01-02 07:18:30;humidity;66.152;False
S0009;2026-01-02 07:18:30;humidity;69.45;False
S0005;2026-01-02 07:18:30;ventilation;0.945;False
S0011;2026-01-02 07:18:30;ventilation;0.812;False
S0007;2026-01-02 07:18:30;temperature;26.29;False
S0004;2026-01-02 07:18:30;CO2_level;1118;False
S0010;2026-01-02 07:18:30;CO2_level;1040;False
S0001;2026-01-02 07:18:30;temperature;18.622;False
S0005;2026-01-02 07:18:45;ventilation;0.655;False
S0011;2026-01-02 07:18:45;ventilation;0.688;False
S0001;2026-01-02 07:18:45;temperature;25.486;False
S0004;2026-01-02 07:18:45;CO2_level;794;False
S0010;2026-01-02 07:18:45;CO2_level;884;False
S0007;2026-01-02 07:18:45;temperature;24.635;False
S0003;2026-01-02 07:19:00;humidity;66.092;False
S0010;2026-01-02 07:19:00;CO2_level;1001;False
S0005;2026-01-02 07:19:00;ventilation;0.666;False
S0001;2026-01-02 07:19:00;temperature;null;True
S0007;2026-01-02 07:19:00;temperature;23.626;False
S0011;2026-01-02 07:19:00;ventilation;0.643;False
S0009;2026-01-02 07:19:00;humidity;64.433;False
S0004;2026-01-02 07:19:00;CO2_level;656;False
S0007;2026-01-02 07:19:15;temperature;19.58;False
S0001;2026-01-02 07:19:15;temperature;25.71;False
S0011;2026-01-02 07:19:15;ventilation;0.661;False
S0005;2026-01-02 07:19:15;ventilation;0.809;False
S0010;2026-01-02 07:19:15;CO2_level;1119;False
S0004;2026-01-02 07:19:15;CO2_level;662;True
S0011;2026-01-02 07:19:30;ventilation;0.701;False
S0003;2026-01-02 07:19:30;humidity;68.467;False
S0007;2026-01-02 07:19:30;temperature;20.03;False
S0001;2026-01-02 07:19:30;temperature;22.594;False
S0010;2026-01-02 07:19:30;CO2_level;828;False
S0009;2026-01-02 07:19:30;humidity;61.298;False
S0005;2026-01-02 07:19:30;ventilation;0.74;False
S0004;2026-01-02 07:19:30;CO2_level;1175;False
S0010;2026-01-02 07:19:45;CO2_level;1189;False
S0001;2026-01-02 07:19:45;temperature;22.11;False
S0011;2026-01-02 07:19:45;ventilation;0.559;False
S0007;2026-01-02 07:19:45;temperature;24.127;False
S0004;2026-01-02 07:19:45;CO2_level;837;False
S0005;2026-01-02 07:19:45;ventilation;0.889;False
S0009;2026-01-02 07:20:00;humidity;65.055;False
S0001;2026-01-02 07:20:00;temperature;21.017;True
S0011;2026-01-02 07:20:00;ventilation;0.801;False
S0005;2026-01-02 07:20:00;ventilation;0.996;False
S0003;2026-01-02 07:20:00;humidity;66.829;False
S0004;2026-01-02 07:20:00;CO2_level;742;False
S0007;2026-01-02 07:20:00;temperature;18.798;False
S0010;2026-01-02 07:20:00;CO2_level;661;False
S0007;2026-01-02 07:20:15;temperature;25.629;False
S0011;2026-01-02 07:20:15;ventilation;0.978;True
S0010;2026-01-02 07:20:15;CO2_level;1197;False
S0001;2026-01-02 07:20:15;temperature;25.885;False
S0005;2026-01-02 07:20:15;ventilation;0.75;False
S0004;2026-01-02 07:20:15;CO2_level;898;False
S0003;2026-01-02 07:20:30;humidity;69.676;False
S0005;2026-01-02 07:20:30;ventilation;null;True
S0011;2026-01-02 07:20:30;ventilation;0.583;False
S0010;2026-01-02 07:20:30;CO2_level;903;False
S0009;2026-01-02 07:20:30;humidity;68.694;False
S0001;2026-01-02 07:20:30;temperature;18.761;False
S0004;2026-01-02 07:20:30;CO2_level;1108;False
S0007;2026-01-02 07:20:30;temperature;18.714;False
S0005;2026-01-02 07:20:45;ventilation;0.802;False
S0007;2026-01-02 07:20:45;temperature;23.088;False
S0011;2026-01-02 07:20:45;ventilation;0.806;False
S0001;2026-01-02 07:20:45;temperature;19.697;False
S0004;2026-01-02 07:20:45;CO2_level;821;False
S0010;2026-01-02 07:20:45;CO2_level;755;False
S0010;2026-01-02 07:21:00;CO2_level;1111;False
S0001;2026-01-02 07:21:00;temperature;20.819;False
S0004;2026-01-02 07:21:00;CO2_level;773;False
S0011;2026-01-02 07:21:00;ventilation;0.615;False
S0003;2026-01-02 07:21:00;humidity;66.328;False
S0009;2026-01-02 07:21:00;humidity;64.26;False
S0007;2026-01-02 07:21:00;temperature;23.525;False
S0005;2026-01-02 07:21:00;ventilation;0.962;True
S0005;2026-01-02 07:21:15;ventilation;0.654;False
S0004;2026-01-02 07:21:15;CO2_level;982;True
S0007;2026-01-02 07:21:15;temperature;20.552;False
S0011;2026-01-02 07:21:15;ventilation;0.775;False
S0001;2026-01-02 07:21:15;temperature;18.816;False
S0010;2026-01-02 07:21:15;CO2_level;1110;False
S0009;2026-01-02 07:21:30;humidity;68.297;False
S0007;2026-01-02 07:21:30;temperature;18.47;False
S0005;2026-01-02 07:21:30;ventilation;0.829;False
S0003;2026-01-02 07:21:30;humidity;65.737;False
S0004;2026-01-02 07:21:30;CO2_level;816;False
S0001;2026-01-02 07:21:30;temperature;20.433;False
S0011;2026-01-02 07:21:30;ventilation;0.894;False
S0010;2026-01-02 07:21:30;CO2_level;769;False
S0004;2026-01-02 07:21:45;CO2_level;1040;False
S0007;2026-01-02 07:21:45;temperature;24.505;True
S0001;2026-01-02 07:21:45;temperature;21.513;False
S0005;2026-01-02 07:21:45;ventilation;0.99;False
S0011;2026-01-02 07:21:45;ventilation;0.824;False
S0010;2026-01-02 07:21:45;CO2_level;1165;False
S0011;2026-01-02 07:22:00;ventilation;0.859;False
S0003;2026-01-02 07:22:00;humidity;61.908;False
S0009;2026-01-02 07:22:00;humidity;60.421;False
S0004;2026-01-02 07:22:00;CO2_level;858;False
S0005;2026-01-02 07:22:00;ventilation;0.503;False
S0001;2026-01-02 07:22:00;temperature;24.141;False
S0010;2026-01-02 07:22:00;CO2_level;987;True
S0007;2026-01-02 07:22:00;temperature;22.532;False
S0010;2026-01-02 07:22:15;CO2_level;650;False
S0005;2026-01-02 07:22:15;ventilation;0.772;False
S0001;2026-01-02 07:22:15;temperature;22.895;False
S0004;2026-01-02 07:22:15;CO2_level;804;False
S0007;2026-01-02 07:22:15;temperature;20.544;False
S0011;2026-01-02 07:22:15;ventilation;0.826;False
S0010;2026-01-02 07:22:30;CO2_level;802;False
S0001;2026-01-02 07:22:30;temperature;25.25;True
S0004;2026-01-02 07:22:30;CO2_level;1031;False
S0003;2026-01-02 07:22:30;humidity;63.539;False
S0009;2026-01-02 07:22:30;humidity;64.547;False
S0007;2026-01-02 07:22:30;temperature;20.657;False
S0005;2026-01-02 07:22:30;ventilation;0.541;False
S0011;2026-01-02 07:22:30;ventilation;0.91;False
S0007;2026-01-02 07:22:45;temperature;24.234;False
S0005;2026-01-02 07:22:45;ventilation;0.74;False
S0011;2026-01-02 07:22:45;ventilation;0.864;False
S0001;2026-01-02 07:22:45;temperature;19.534;True
S0010;2026-01-02 07:22:45;CO2_level;815;False
S0004;2026-01-02 07:22:45;CO2_level;695;False
S0011;2026-01-02 07:23:00;ventilation;0.793;False
S0010;2026-01-02 07:23:00;CO2_level;1165;False
S0009;2026-01-02 07:23:00;humidity;68.251;False
S0004;2026-01-02 07:23:00;CO2_level;1076;False
S0003;2026-01-02 07:23:00;humidity;64.488;False
S0005;2026-01-02 07:23:00;ventilation;0.689;False
S0001;2026-01-02 07:23:00;temperature;19.485;False
S0007;2026-01-02 07:23:00;temperature;23.501;False
S0005;2026-01-02 07:23:15;ventilation;0.502;False
S0011;2026-01-02 07:23:15;ventilation;0.992;False
S0001;2026-01-02 07:23:15;temperature;26.586;False
S0010;2026-01-02 07:23:15;CO2_level;644;True
S0004;2026-01-02 07:23:15;CO2_level;804;False
S0007;2026-01-02 07:23:15;temperature;26.221;False
S0001;2026-01-02 07:23:30;temperature;26.065;False
S0010;2026-01-02 07:23:30;CO2_level;1001;False
S0004;2026-01-02 07:23:30;CO2_level;1102;False
S0011;2026-01-02 07:23:30;ventilation;0.531;False
S0005;2026-01-02 07:23:30;ventilation;0.604;False
S0003;2026-01-02 07:23:30;humidity;63.56;False
S0009;2026-01-02 07:23:30;humidity;60.007;False
S0007;2026-01-02 07:23:30;temperature;25.388;False
S0001;2026-01-02 07:23:45;temperature;24.268;False
S0010;2026-01-02 07:23:45;CO2_level;620;False
S0004;2026-01-02 07:23:45;CO2_level;988;False
S0005;2026-01-02 07:23:45;ventilation;0.711;False
S0007;2026-01-02 07:23:45;temperature;26.647;False
S0011;2026-01-02 07:23:45;ventilation;0.975;False
S0001;2026-01-02 07:24:00;temperature;23.524;False
S0009;2026-01-02 07:24:00;humidity;65.145;False
S0004;2026-01-02 07:24:00;CO2_level;1097;False
S0010;2026-01-02 07:24:00;CO2_level;949;False
S0005;2026-01-02 07:24:00;ventilation;0.846;False
S0007;2026-01-02 07:24:00;temperature;21.965;False
S0003;2026-01-02 07:24:00;humidity;64.549;False
S0011;2026-01-02 07:24:00;ventilation;0.995;False
S0011;2026-01-02 07:24:15;ventilation;0.548;False
S0007;2026-01-02 07:24:15;temperature;null;True
S0004;2026-01-02 07:24:15;CO2_level;1107;False
S0001;2026-01-02 07:24:15;temperature;22.352;False
S0005;2026-01-02 07:24:15;ventilation;0.7;False
S0010;2026-01-02 07:24:15;CO2_level;639;False
S0003;2026-01-02 07:24:30;humidity;68.0;False
S0001;2026-01-02 07:24:30;temperature;21.212;False
S0007;2026-01-02 07:24:30;temperature;21.455;False
S0011;2026-01-02 07:24:30;ventilation;0.809;False
S0010;2026-01-02 07:24:30;CO2_level;918;False
S0004;2026-01-02 07:24:30;CO2_level;678;False
S0005;2026-01-02 07:24:30;ventilation;0.942;False
S0009;2026-01-02 07:24:30;humidity;67.221;False
S0010;2026-01-02 07:24:45;CO2_level;1080;False
S0007;2026-01-02 07:24:45;temperature;21.344;False
S0004;2026-01-02 07:24:45;CO2_level;996;False
S0005;2026-01-02 07:24:45;ventilation;0.895;False
S0001;2026-01-02 07:24:45;temperature;26.531;False
S0011;2026-01-02 07:24:45;ventilation;0.903;False
S0001;2026-01-02 07:25:00;temperature;23.249;False
S0011;2026-01-02 07:25:00;ventilation;0.534;False
S0009;2026-01-02 07:25:00;humidity;67.716;False
S0004;2026-01-02 07:25:00;CO2_level;1172;False
S0005;2026-01-02 07:25:00;ventilation;0.709;False
S0003;2026-01-02 07:25:00;humidity;61.952;False
S0010;2026-01-02 07:25:00;CO2_level;1118;False
S0007;2026-01-02 07:25:00;temperature;20.721;False
S0004;2026-01-02 07:25:15;CO2_level;678;False
S0005;2026-01-02 07:25:15;ventilation;0.942;True
S0011;2026-01-02 07:25:15;ventilation;0.549;False
S0001;2026-01-02 07:25:15;temperature;22.476;False
S0010;2026-01-02 07:25:15;CO2_level;858;False
S0007;2026-01-02 07:25:15;temperature;23.111;False
S0011;2026-01-02 07:25:30;ventilation;0.949;False
S0007;2026-01-02 07:25:30;temperature;22.284;False
S0003;2026-01-02 07:25:30;humidity;67.357;False
S0001;2026-01-02 07:25:30;temperature;22.458;False
S0004;2026-01-02 07:25:30;CO2_level;858;False
S0009;2026-01-02 07:25:30;humidity;null;True
S0005;2026-01-02 07:25:30;ventilation;0.868;False
S0010;2026-01-02 07:25:30;CO2_level;1134;False
S0007;2026-01-02 07:25:45;temperature;22.375;False
S0011;2026-01-02 07:25:45;ventilation;0.8;False
S0004;2026-01-02 07:25:45;CO2_level;940;False
S0010;2026-01-02 07:25:45;CO2_level;1063;False
S0005;2026-01-02 07:25:45;ventilation;0.848;False
S0001;2026-01-02 07:25:45;temperature;19.608;False
S0007;2026-01-02 07:26:00;temperature;null;True
S0011;2026-01-02 07:26:00;ventilation;0.806;False
S0004;2026-01-02 07:26:00;CO2_level;694;False
S0003;2026-01-02 07:26:00;humidity;61.179;False
S0001;2026-01-02 07:26:00;temperature;25.856;False
S0005;2026-01-02 07:26:00;ventilation;0.852;False
S0009;2026-01-02 07:26:00;humidity;60.275;False
S0010;2026-01-02 07:26:00;CO2_level;1141;False
S0007;2026-01-02 07:26:15;temperature;25.523;False
S0011;2026-01-02 07:26:15;ventilation;0.566;False
S0005;2026-01-02 07:26:15;ventilation;null;True
S0010;2026-01-02 07:26:15;CO2_level;null;True
S0004;2026-01-02 07:26:15;CO2_level;790;False
S0001;2026-01-02 07:26:15;temperature;26.415;False
S0001;2026-01-02 07:26:30;temperature;18.493;False
S0004;2026-01-02 07:26:30;CO2_level;739;False
S0009;2026-01-02 07:26:30;humidity;67.835;False
S0010;2026-01-02 07:26:30;CO2_level;885;False
S0011;2026-01-02 07:26:30;ventilation;0.865;False
S0005;2026-01-02 07:26:30;ventilation;0.693;False
S0007;2026-01-02 07:26:30;temperature;24.88;False
S0003;2026-01-02 07:26:30;humidity;64.471;False
S0010;2026-01-02 07:26:45;CO2_level;1158;False
S0007;2026-01-02 07:26:45;temperature;19.193;False
S0001;2026-01-02 07:26:45;temperature;22.974;False
S0005;2026-01-02 07:26:45;ventilation;0.786;False
S0004;2026-01-02 07:26:45;CO2_level;887;False
S0011;2026-01-02 07:26:45;ventilation;0.808;False
S0001;2026-01-02 07:27:00;temperature;21.284;False
S0007;2026-01-02 07:27:00;temperature;26.781;False
S0005;2026-01-02 07:27:00;ventilation;0.918;False
S0011;2026-01-02 07:27:00;ventilation;0.736;False
S0004;2026-01-02 07:27:00;CO2_level;694;False
S0010;2026-01-02 07:27:00;CO2_level;1187;False
S0003;2026-01-02 07:27:00;humidity;68.611;False
S0009;2026-01-02 07:27:00;humidity;66.121;False
S0011;2026-01-02 07:27:15;ventilation;0.561;False
S0010;2026-01-02 07:27:15;CO2_level;818;False
S0005;2026-01-02 07:27:15;ventilation;0.889;False
S0001;2026-01-02 07:27:15;temperature;22.819;False
S0004;2026-01-02 07:27:15;CO2_level;681;False
S0007;2026-01-02 07:27:15;temperature;21.701;False
S0003;2026-01-02 07:27:30;humidity;60.93;False
S0007;2026-01-02 07:27:30;temperature;22.976;False
S0010;2026-01-02 07:27:30;CO2_level;700;False
S0009;2026-01-02 07:27:30;humidity;64.346;False
S0004;2026-01-02 07:27:30;CO2_level;655;False
S0001;2026-01-02 07:27:30;temperature;18.255;False
S0005;2026-01-02 07:27:30;ventilation;0.811;False
S0011;2026-01-02 07:27:30;ventilation;0.543;False
S0011;2026-01-02 07:27:45;ventilation;0.964;False
S0010;2026-01-02 07:27:45;CO2_level;null;True
S0005;2026-01-02 07:27:45;ventilation;null;True
S0007;2026-01-02 07:27:45;temperature;24.394;False
S0004;2026-01-02 07:27:45;CO2_level;1152;True
S0001;2026-01-02 07:27:45;temperature;18.917;False
S0010;2026-01-02 07:28:00;CO2_level;957;False
S0001;2026-01-02 07:28:00;temperature;25.677;False
S0005;2026-01-02 07:28:00;ventilation;0.978;False
S0011;2026-01-02 07:28:00;ventilation;0.991;False
S0007;2026-01-02 07:28:00;temperature;18.167;False
S0004;2026-01-02 07:28:00;CO2_level;767;True
S0009;2026-01-02 07:28:00;humidity;68.473;False
S0003;2026-01-02 07:28:00;humidity;63.191;False
S0001;2026-01-02 07:28:15;temperature;24.353;False
S0010;2026-01-02 07:28:15;CO2_level;917;False
S0011;2026-01-02 07:28:15;ventilation;0.78;False
S0007;2026-01-02 07:28:15;temperature;21.421;False
S0004;2026-01-02 07:28:15;CO2_level;1163;False
S0005;2026-01-02 07:28:15;ventilation;0.817;False
S0010;2026-01-02 07:28:30;CO2_level;621;False
S0011;2026-01-02 07:28:30;ventilation;0.874;False
S0004;2026-01-02 07:28:30;CO2_level;750;True
S0009;2026-01-02 07:28:30;humidity;68.021;False
S0001;2026-01-02 07:28:30;temperature;21.326;False
S0005;2026-01-02 07:28:30;ventilation;0.823;False
S0007;2026-01-02 07:28:30;temperature;24.198;False
S0003;2026-01-02 07:28:30;humidity;61.854;False
S0005;2026-01-02 07:28:45;ventilation;0.812;False
S0011;2026-01-02 07:28:45;ventilation;0.668;False
S0007;2026-01-02 07:28:45;temperature;25.016;False
S0001;2026-01-02 07:28:45;temperature;21.049;False
S0010;2026-01-02 07:28:45;CO2_level;779;False
S0004;2026-01-02 07:28:45;CO2_level;641;False
S0009;2026-01-02 07:29:00;humidity;61.866;False
S0001;2026-01-02 07:29:00;temperature;23.876;False
S0011;2026-01-02 07:29:00;ventilation;0.899;False
S0007;2026-01-02 07:29:00;temperature;25.144;False
S0010;2026-01-02 07:29:00;CO2_level;681;False
S0005;2026-01-02 07:29:00;ventilation;0.72;False
S0004;2026-01-02 07:29:00;CO2_level;789;False
S0003;2026-01-02 07:29:00;humidity;66.944;False
S0010;2026-01-02 07:29:15;CO2_level;938;False
S0011;2026-01-02 07:29:15;ventilation;0.502;False
S0007;2026-01-02 07:29:15;temperature;25.244;False
S0004;2026-01-02 07:29:15;CO2_level;780;False
S0001;2026-01-02 07:29:15;temperature;20.239;False
S0005;2026-01-02 07:29:15;ventilation;0.898;False
S0004;2026-01-02 07:29:30;CO2_level;650;False
S0007;2026-01-02 07:29:30;temperature;26.604;False
S0009;2026-01-02 07:29:30;humidity;69.521;False
S0005;2026-01-02 07:29:30;ventilation;0.883;False
S0011;2026-01-02 07:29:30;ventilation;0.784;False
S0003;2026-01-02 07:29:30;humidity;62.832;False
S0010;2026-01-02 07:29:30;CO2_level;988;False
S0001;2026-01-02 07:29:30;temperature;19.615;False
S0005;2026-01-02 07:29:45;ventilation;0.712;False
S0010;2026-01-02 07:29:45;CO2_level;1147;False
S0004;2026-01-02 07:29:45;CO2_level;1013;False
S0007;2026-01-02 07:29:45;temperature;20.418;False
S0001;2026-01-02 07:29:45;temperature;22.519;False
S0011;2026-01-02 07:29:45;ventilation;0.735;False
S0009;2026-01-02 07:30:00;humidity;66.751;False
S0003;2026-01-02 07:30:00;humidity;67.378;False
S0011;2026-01-02 07:30:00;ventilation;0.541;False
S0005;2026-01-02 07:30:00;ventilation;0.917;False
S0007;2026-01-02 07:30:00;temperature;21.462;False
S0004;2026-01-02 07:30:00;CO2_level;666;False
S0010;2026-01-02 07:30:00;CO2_level;983;False
S0001;2026-01-02 07:30:00;temperature;23.995;False
S0005;2026-01-02 07:30:15;ventilation;0.802;False
S0001;2026-01-02 07:30:15;temperature;25.355;False
S0004;2026-01-02 07:30:15;CO2_level;934;True
S0007;2026-01-02 07:30:15;temperature;22.82;False
S0011;2026-01-02 07:30:15;ventilation;0.614;False
S0010;2026-01-02 07:30:15;CO2_level;904;False
S0007;2026-01-02 07:30:30;temperature;19.897;False
S0001;2026-01-02 07:30:30;temperature;18.677;False
S0010;2026-01-02 07:30:30;CO2_level;null;True
S0009;2026-01-02 07:30:30;humidity;68.772;False
S0003;2026-01-02 07:30:30;humidity;69.396;False
S0004;2026-01-02 07:30:30;CO2_level;862;False
S0005;2026-01-02 07:30:30;ventilation;0.814;False
S0011;2026-01-02 07:30:30;ventilation;0.768;False
S0007;2026-01-02 07:30:45;temperature;18.58;False
S0004;2026-01-02 07:30:45;CO2_level;997;False
S0010;2026-01-02 07:30:45;CO2_level;752;False
S0011;2026-01-02 07:30:45;ventilation;0.666;False
S0005;2026-01-02 07:30:45;ventilation;0.807;False
S0001;2026-01-02 07:30:45;temperature;19.262;True
S0001;2026-01-02 07:31:00;temperature;24.031;False
S0009;2026-01-02 07:31:00;humidity;67.745;False
S0007;2026-01-02 07:31:00;temperature;25.385;False
S0011;2026-01-02 07:31:00;ventilation;0.619;False
S0003;2026-01-02 07:31:00;humidity;62.176;False
S0010;2026-01-02 07:31:00;CO2_level;1181;False
S0004;2026-01-02 07:31:00;CO2_level;905;False
S0005;2026-01-02 07:31:00;ventilation;0.721;False
S0007;2026-01-02 07:31:15;temperature;19.315;False
S0011;2026-01-02 07:31:15;ventilation;0.783;False
S0001;2026-01-02 07:31:15;temperature;19.271;False
S0004;2026-01-02 07:31:15;CO2_level;1180;False
S0010;2026-01-02 07:31:15;CO2_level;688;False
S0005;2026-01-02 07:31:15;ventilation;0.635;False
S0005;2026-01-02 07:31:30;ventilation;0.766;False
S0007;2026-01-02 07:31:30;temperature;24.034;False
S0011;2026-01-02 07:31:30;ventilation;0.897;True
S0010;2026-01-02 07:31:30;CO2_level;730;False
S0003;2026-01-02 07:31:30;humidity;null;True
S0009;2026-01-02 07:31:30;humidity;69.109;False
S0004;2026-01-02 07:31:30;CO2_level;868;False
S0001;2026-01-02 07:31:30;temperature;18.995;False
S0007;2026-01-02 07:31:45;temperature;26.142;False
S0005;2026-01-02 07:31:45;ventilation;0.945;False
S0001;2026-01-02 07:31:45;temperature;25.014;False
S0011;2026-01-02 07:31:45;ventilation;0.703;False
S0010;2026-01-02 07:31:45;CO2_level;628;False
S0004;2026-01-02 07:31:45;CO2_level;1034;False
S0007;2026-01-02 07:32:00;temperature;21.57;False
S0009;2026-01-02 07:32:00;humidity;65.478;False
S0001;2026-01-02 07:32:00;temperature;null;True
S0003;2026-01-02 07:32:00;humidity;60.046;False
S0005;2026-01-02 07:32:00;ventilation;0.915;False
S0011;2026-01-02 07:32:00;ventilation;0.599;False
S0004;2026-01-02 07:32:00;CO2_level;1016;False
S0010;2026-01-02 07:32:00;CO2_level;630;False
S0005;2026-01-02 07:32:15;ventilation;0.704;False
S0011;2026-01-02 07:32:15;ventilation;1.0;False
S0007;2026-01-02 07:32:15;temperature;22.713;False
S0001;2026-01-02 07:32:15;temperature;20.279;False
S0010;2026-01-02 07:32:15;CO2_level;1081;False
S0004;2026-01-02 07:32:15;CO2_level;879;False
S0010;2026-01-02 07:32:30;CO2_level;882;False
S0011;2026-01-02 07:32:30;ventilation;0.951;False
S0003;2026-01-02 07:32:30;humidity;64.663;False
S0009;2026-01-02 07:32:30;humidity;68.322;False
S0004;2026-01-02 07:32:30;CO2_level;862;False
S0005;2026-01-02 07:32:30;ventilation;0.515;False
S0007;2026-01-02 07:32:30;temperature;26.504;False
S0001;2026-01-02 07:32:30;temperature;22.037;False
S0004;2026-01-02 07:32:45;CO2_level;1063;False
S0010;2026-01-02 07:32:45;CO2_level;793;False
S0011;2026-01-02 07:32:45;ventilation;0.702;False
S0007;2026-01-02 07:32:45;temperature;23.943;False
S0005;2026-01-02 07:32:45;ventilation;0.952;False
S0001;2026-01-02 07:32:45;temperature;21.919;False
S0007;2026-01-02 07:33:00;temperature;25.163;False
S0009;2026-01-02 07:33:00;humidity;63.819;False
S0004;2026-01-02 07:33:00;CO2_level;863;False
S0005;2026-01-02 07:33:00;ventilation;0.51;False
S0003;2026-01-02 07:33:00;humidity;62.069;False
S0010;2026-01-02 07:33:00;CO2_level;717;False
S0011;2026-01-02 07:33:00;ventilation;0.663;False
S0001;2026-01-02 07:33:00;temperature;25.708;False
S0010;2026-01-02 07:33:15;CO2_level;767;True
S0004;2026-01-02 07:33:15;CO2_level;847;False
S0007;2026-01-02 07:33:15;temperature;23.072;False
S0011;2026-01-02 07:33:15;ventilation;0.863;False
S0001;2026-01-02 07:33:15;temperature;26.026;False
S0005;2026-01-02 07:33:15;ventilation;0.745;False
S0001;2026-01-02 07:33:30;temperature;19.798;False
S0009;2026-01-02 07:33:30;humidity;64.452;False
S0005;2026-01-02 07:33:30;ventilation;0.971;True
S0007;2026-01-02 07:33:30;temperature;19.945;False
S0003;2026-01-02 07:33:30;humidity;62.701;False
S0011;2026-01-02 07:33:30;ventilation;0.56;False
S0010;2026-01-02 07:33:30;CO2_level;764;False
S0004;2026-01-02 07:33:30;CO2_level;1124;False
S0010;2026-01-02 07:33:45;CO2_level;965;False
S0011;2026-01-02 07:33:45;ventilation;0.768;False
S0005;2026-01-02 07:33:45;ventilation;0.809;False
S0007;2026-01-02 07:33:45;temperature;24.035;False
S0004;2026-01-02 07:33:45;CO2_level;959;False
S0001;2026-01-02 07:33:45;temperature;20.4;False
S0009;2026-01-02 07:34:00;humidity;66.952;False
S0007;2026-01-02 07:34:00;temperature;18.07;False
S0011;2026-01-02 07:34:00;ventilation;0.993;False
S0004;2026-01-02 07:34:00;CO2_level;1050;False
S0005;2026-01-02 07:34:00;ventilation;0.562;False
S0003;2026-01-02 07:34:00;humidity;64.775;False
S0010;2026-01-02 07:34:00;CO2_level;null;True
S0001;2026-01-02 07:34:00;temperature;19.932;False
S0005;2026-01-02 07:34:15;ventilation;0.683;False
S0004;2026-01-02 07:34:15;CO2_level;985;False
S0001;2026-01-02 07:34:15;temperature;19.021;False
S0007;2026-01-02 07:34:15;temperature;25.178;False
S0011;2026-01-02 07:34:15;ventilation;0.707;True
S0010;2026-01-02 07:34:15;CO2_level;1076;False
S0005;2026-01-02 07:34:30;ventilation;0.603;False
S0001;2026-01-02 07:34:30;temperature;21.746;False
S0003;2026-01-02 07:34:30;humidity;67.356;False
S0011;2026-01-02 07:34:30;ventilation;0.71;False
S0004;2026-01-02 07:34:30;CO2_level;855;False
S0007;2026-01-02 07:34:30;temperature;25.458;False
S0009;2026-01-02 07:34:30;humidity;60.317;False
S0010;2026-01-02 07:34:30;CO2_level;774;False
S0007;2026-01-02 07:34:45;temperature;25.667;False
S0004;2026-01-02 07:34:45;CO2_level;868;False
S0010;2026-01-02 07:34:45;CO2_level;650;False
S0005;2026-01-02 07:34:45;ventilation;0.521;False
S0001;2026-01-02 07:34:45;temperature;19.868;False
S0011;2026-01-02 07:34:45;ventilation;0.63;False
S0009;2026-01-02 07:35:00;humidity;69.196;False
S0003;2026-01-02 07:35:00;humidity;69.746;False
S0005;2026-01-02 07:35:00;ventilation;0.681;True
S0011;2026-01-02 07:35:00;ventilation;0.715;False
S0004;2026-01-02 07:35:00;CO2_level;666;True
S0001;2026-01-02 07:35:00;temperature;21.872;False
S0007;2026-01-02 07:35:00;temperature;18.027;False
S0010;2026-01-02 07:35:00;CO2_level;897;False
S0007;2026-01-02 07:35:15;temperature;26.321;False
S0011;2026-01-02 07:35:15;ventilation;0.557;False
S0004;2026-01-02 07:35:15;CO2_level;1072;False
S0005;2026-01-02 07:35:15;ventilation;0.971;True
S0010;2026-01-02 07:35:15;CO2_level;936;False
S0001;2026-01-02 07:35:15;temperature;23.421;False
S0003;2026-01-02 07:35:30;humidity;65.434;False
S0009;2026-01-02 07:35:30;humidity;62.917;False
S0011;2026-01-02 07:35:30;ventilation;0.689;False
S0007;2026-01-02 07:35:30;temperature;19.32;False
S0004;2026-01-02 07:35:30;CO2_level;660;False
S0005;2026-01-02 07:35:30;ventilation;0.604;False
S0010;2026-01-02 07:35:30;CO2_level;1143;False
S0001;2026-01-02 07:35:30;temperature;26.785;False
S0001;2026-01-02 07:35:45;temperature;18.056;False
S0011;2026-01-02 07:35:45;ventilation;0.774;False
S0004;2026-01-02 07:35:45;CO2_level;679;False
S0005;2026-01-02 07:35:45;ventilation;0.799;False
S0010;2026-01-02 07:35:45;CO2_level;934;False
S0007;2026-01-02 07:35:45;temperature;25.836;False
S0007;2026-01-02 07:36:00;temperature;21.285;False
S0011;2026-01-02 07:36:00;ventilation;0.964;False
S0010;2026-01-02 07:36:00;CO2_level;685;True
S0003;2026-01-02 07:36:00;humidity;68.789;False
S0009;2026-01-02 07:36:00;humidity;66.818;False
S0005;2026-01-02 07:36:00;ventilation;0.557;False
S0004;2026-01-02 07:36:00;CO2_level;1056;False
S0001;2026-01-02 07:36:00;temperature;25.062;False
S0010;2026-01-02 07:36:15;CO2_level;886;False
S0011;2026-01-02 07:36:15;ventilation;0.549;False
S0005;2026-01-02 07:36:15;ventilation;0.565;False
S0001;2026-01-02 07:36:15;temperature;21.116;False
S0004;2026-01-02 07:36:15;CO2_level;608;False
S0007;2026-01-02 07:36:15;temperature;23.385;False
S0003;2026-01-02 07:36:30;humidity;68.164;False
S0005;2026-01-02 07:36:30;ventilation;0.521;False
S0010;2026-01-02 07:36:30;CO2_level;1198;False
S0001;2026-01-02 07:36:30;temperature;22.304;False
S0004;2026-01-02 07:36:30;CO2_level;792;False
S0009;2026-01-02 07:36:30;humidity;63.659;False
S0011;2026-01-02 07:36:30;ventilation;0.527;False
S0007;2026-01-02 07:36:30;temperature;25.58;False
S0004;2026-01-02 07:36:45;CO2_level;676;False
S0010;2026-01-02 07:36:45;CO2_level;709;False
S0001;2026-01-02 07:36:45;temperature;26.135;False
S0011;2026-01-02 07:36:45;ventilation;0.703;False
S0005;2026-01-02 07:36:45;ventilation;0.527;False
S0007;2026-01-02 07:36:45;temperature;18.981;False
S0003;2026-01-02 07:37:00;humidity;68.409;False
S0007;2026-01-02 07:37:00;temperature;22.485;False
S0004;2026-01-02 07:37:00;CO2_level;1022;False
S0010;2026-01-02 07:37:00;CO2_level;602;False
S0005;2026-01-02 07:37:00;ventilation;0.586;False
S0009;2026-01-02 07:37:00;humidity;67.834;False
S0011;2026-01-02 07:37:00;ventilation;0.656;False
S0001;2026-01-02 07:37:00;temperature;25.409;False
S0010;2026-01-02 07:37:15;CO2_level;1128;False
S0011;2026-01-02 07:37:15;ventilation;0.629;False
S0004;2026-01-02 07:37:15;CO2_level;669;False
S0007;2026-01-02 07:37:15;temperature;21.368;False
S0005;2026-01-02 07:37:15;ventilation;0.673;False
S0001;2026-01-02 07:37:15;temperature;20.248;False
S0001;2026-01-02 07:37:30;temperature;24.306;False
S0009;2026-01-02 07:37:30;humidity;67.7;False
S0004;2026-01-02 07:37:30;CO2_level;null;True
S0007;2026-01-02 07:37:30;temperature;null;True
S0003;2026-01-02 07:37:30;humidity;63.098;False
S0011;2026-01-02 07:37:30;ventilation;0.682;False
S0010;2026-01-02 07:37:30;CO2_level;706;False
S0005;2026-01-02 07:37:30;ventilation;0.712;False
S0005;2026-01-02 07:37:45;ventilation;0.875;False
S0004;2026-01-02 07:37:45;CO2_level;762;False
S0011;2026-01-02 07:37:45;ventilation;0.653;False
S0010;2026-01-02 07:37:45;CO2_level;956;False
S0001;2026-01-02 07:37:45;temperature;20.077;False
S0007;2026-01-02 07:37:45;temperature;20.011;False
S0003;2026-01-02 07:38:00;humidity;68.982;False
S0011;2026-01-02 07:38:00;ventilation;0.928;False
S0009;2026-01-02 07:38:00;humidity;60.923;False
S0004;2026-01-02 07:38:00;CO2_level;627;False
S0001;2026-01-02 07:38:00;temperature;25.703;False
S0005;2026-01-02 07:38:00;ventilation;0.96;False
S0010;2026-01-02 07:38:00;CO2_level;1127;True
S0007;2026-01-02 07:38:00;temperature;null;True
S0007;2026-01-02 07:38:15;temperature;25.914;False
S0001;2026-01-02 07:38:15;temperature;26.53;False
S0011;2026-01-02 07:38:15;ventilation;0.828;True
S0005;2026-01-02 07:38:15;ventilation;0.798;False
S0010;2026-01-02 07:38:15;CO2_level;825;False
S0004;2026-01-02 07:38:15;CO2_level;1137;False
S0001;2026-01-02 07:38:30;temperature;24.366;False
S0003;2026-01-02 07:38:30;humidity;68.682;False
S0005;2026-01-02 07:38:30;ventilation;0.55;False
S0009;2026-01-02 07:38:30;humidity;65.032;False
S0010;2026-01-02 07:38:30;CO2_level;774;False
S0007;2026-01-02 07:38:30;temperature;24.893;False
S0011;2026-01-02 07:38:30;ventilation;0.979;False
S0004;2026-01-02 07:38:30;CO2_level;664;False
S0011;2026-01-02 07:38:45;ventilation;0.581;False
S0005;2026-01-02 07:38:45;ventilation;0.631;False
S0010;2026-01-02 07:38:45;CO2_level;886;False
S0001;2026-01-02 07:38:45;temperature;26.728;False
S0004;2026-01-02 07:38:45;CO2_level;859;False
S0007;2026-01-02 07:38:45;temperature;null;True
S0007;2026-01-02 07:39:00;temperature;24.424;False
S0004;2026-01-02 07:39:00;CO2_level;941;False
S0010;2026-01-02 07:39:00;CO2_level;1084;False
S0005;2026-01-02 07:39:00;ventilation;0.596;False
S0009;2026-01-02 07:39:00;humidity;68.029;False
S0003;2026-01-02 07:39:00;humidity;null;True
S0001;2026-01-02 07:39:00;temperature;22.595;False
S0011;2026-01-02 07:39:00;ventilation;0.628;False
S0011;2026-01-02 07:39:15;ventilation;null;True
S0004;2026-01-02 07:39:15;CO2_level;756;False
S0010;2026-01-02 07:39:15;CO2_level;683;False
S0005;2026-01-02 07:39:15;ventilation;0.623;False
S0001;2026-01-02 07:39:15;temperature;18.736;False
S0007;2026-01-02 07:39:15;temperature;22.759;False
S0001;2026-01-02 07:39:30;temperature;25.534;False
S0003;2026-01-02 07:39:30;humidity;63.146;False
S0011;2026-01-02 07:39:30;ventilation;0.984;False
S0009;2026-01-02 07:39:30;humidity;66.694;False
S0010;2026-01-02 07:39:30;CO2_level;881;False
S0004;2026-01-02 07:39:30;CO2_level;681;False
S0005;2026-01-02 07:39:30;ventilation;0.541;False
S0007;2026-01-02 07:39:30;temperature;22.591;False
S0001;2026-01-02 07:39:45;temperature;25.93;False
S0011;2026-01-02 07:39:45;ventilation;0.613;False
S0004;2026-01-02 07:39:45;CO2_level;1046;False
S0007;2026-01-02 07:39:45;temperature;22.041;False
S0010;2026-01-02 07:39:45;CO2_level;1047;False
S0005;2026-01-02 07:39:45;ventilation;0.665;False
S0004;2026-01-02 07:40:00;CO2_level;672;False
S0011;2026-01-02 07:40:00;ventilation;0.911;False
S0001;2026-01-02 07:40:00;temperature;22.883;False
S0009;2026-01-02 07:40:00;humidity;61.672;False
S0003;2026-01-02 07:40:00;humidity;62.752;False
S0010;2026-01-02 07:40:00;CO2_level;1083;True
S0007;2026-01-02 07:40:00;temperature;19.302;False
S0005;2026-01-02 07:40:00;ventilation;0.866;False
S0010;2026-01-02 07:40:15;CO2_level;942;False
S0005;2026-01-02 07:40:15;ventilation;0.549;False
S0004;2026-01-02 07:40:15;CO2_level;779;False
S0007;2026-01-02 07:40:15;temperature;21.233;False
S0001;2026-01-02 07:40:15;temperature;18.318;False
S0011;2026-01-02 07:40:15;ventilation;0.747;False
S0010;2026-01-02 07:40:30;CO2_level;1125;False
S0004;2026-01-02 07:40:30;CO2_level;944;False
S0011;2026-01-02 07:40:30;ventilation;0.706;False
S0007;2026-01-02 07:40:30;temperature;23.131;False
S0003;2026-01-02 07:40:30;humidity;65.765;False
S0005;2026-01-02 07:40:30;ventilation;0.994;False
S0009;2026-01-02 07:40:30;humidity;60.353;False
S0001;2026-01-02 07:40:30;temperature;21.088;False
S0001;2026-01-02 07:40:45;temperature;25.144;False
S0004;2026-01-02 07:40:45;CO2_level;1001;False
S0005;2026-01-02 07:40:45;ventilation;null;True
S0011;2026-01-02 07:40:45;ventilation;0.859;False
S0010;2026-01-02 07:40:45;CO2_level;600;False
S0007;2026-01-02 07:40:45;temperature;20.965;False
S0007;2026-01-02 07:41:00;temperature;21.188;False
S0005;2026-01-02 07:41:00;ventilation;0.701;False
S0004;2026-01-02 07:41:00;CO2_level;908;False
S0003;2026-01-02 07:41:00;humidity;66.029;False
S0010;2026-01-02 07:41:00;CO2_level;1124;False
S0011;2026-01-02 07:41:00;ventilation;0.672;False
S0001;2026-01-02 07:41:00;temperature;23.801;False
S0009;2026-01-02 07:41:00;humidity;67.687;False
S0010;2026-01-02 07:41:15;CO2_level;647;False
S0004;2026-01-02 07:41:15;CO2_level;1089;False
S0011;2026-01-02 07:41:15;ventilation;0.537;False
S0007;2026-01-02 07:41:15;temperature;23.681;False
S0005;2026-01-02 07:41:15;ventilation;0.709;False
S0001;2026-01-02 07:41:15;temperature;23.835;False
S0009;2026-01-02 07:41:30;humidity;64.067;True
S0007;2026-01-02 07:41:30;temperature;23.831;False
S0010;2026-01-02 07:41:30;CO2_level;940;True
S0005;2026-01-02 07:41:30;ventilation;0.732;False
S0004;2026-01-02 07:41:30;CO2_level;1039;False
S0001;2026-01-02 07:41:30;temperature;23.766;False
S0011;2026-01-02 07:41:30;ventilation;0.754;False
S0003;2026-01-02 07:41:30;humidity;67.582;False
S0004;2026-01-02 07:41:45;CO2_level;1134;False
S0007;2026-01-02 07:41:45;temperature;18.518;False
S0005;2026-01-02 07:41:45;ventilation;0.848;False
S0011;2026-01-02 07:41:45;ventilation;0.75;False
S0010;2026-01-02 07:41:45;CO2_level;1055;False
S0001;2026-01-02 07:41:45;temperature;19.596;False
S0007;2026-01-02 07:42:00;temperature;21.025;False
S0005;2026-01-02 07:42:00;ventilation;0.953;False
S0010;2026-01-02 07:42:00;CO2_level;853;False
S0004;2026-01-02 07:42:00;CO2_level;866;False
S0001;2026-01-02 07:42:00;temperature;24.353;False
S0011;2026-01-02 07:42:00;ventilation;0.823;False
S0003;2026-01-02 07:42:00;humidity;60.205;False
S0009;2026-01-02 07:42:00;humidity;67.507;False
S0010;2026-01-02 07:42:15;CO2_level;746;True
S0007;2026-01-02 07:42:15;temperature;23.486;False
S0001;2026-01-02 07:42:15;temperature;22.586;False
S0011;2026-01-02 07:42:15;ventilation;0.801;False
S0005;2026-01-02 07:42:15;ventilation;0.869;True
S0004;2026-01-02 07:42:15;CO2_level;954;True
S0010;2026-01-02 07:42:30;CO2_level;929;False
S0004;2026-01-02 07:42:30;CO2_level;756;False
S0003;2026-01-02 07:42:30;humidity;64.599;False
S0007;2026-01-02 07:42:30;temperature;26.425;False
S0009;2026-01-02 07:42:30;humidity;67.986;False
S0001;2026-01-02 07:42:30;temperature;23.98;False
S0005;2026-01-02 07:42:30;ventilation;0.808;False
S0011;2026-01-02 07:42:30;ventilation;0.64;False
S0004;2026-01-02 07:42:45;CO2_level;647;True
S0001;2026-01-02 07:42:45;temperature;19.121;True
S0007;2026-01-02 07:42:45;temperature;23.393;False
S0005;2026-01-02 07:42:45;ventilation;0.836;False
S0010;2026-01-02 07:42:45;CO2_level;805;False
S0011;2026-01-02 07:42:45;ventilation;0.833;False
S0003;2026-01-02 07:43:00;humidity;60.968;False
S0001;2026-01-02 07:43:00;temperature;25.058;False
S0010;2026-01-02 07:43:00;CO2_level;760;False
S0007;2026-01-02 07:43:00;temperature;26.874;False
S0011;2026-01-02 07:43:00;ventilation;0.661;False
S0004;2026-01-02 07:43:00;CO2_level;890;False
S0009;2026-01-02 07:43:00;humidity;65.184;False
S0005;2026-01-02 07:43:00;ventilation;0.59;False
S0011;2026-01-02 07:43:15;ventilation;0.517;False
S0004;2026-01-02 07:43:15;CO2_level;1072;False
S0005;2026-01-02 07:43:15;ventilation;0.959;False
S0001;2026-01-02 07:43:15;temperature;20.408;True
S0007;2026-01-02 07:43:15;temperature;18.868;False
S0010;2026-01-02 07:43:15;CO2_level;648;False
S0003;2026-01-02 07:43:30;humidity;66.388;False
S0004;2026-01-02 07:43:30;CO2_level;1093;False
S0001;2026-01-02 07:43:30;temperature;19.949;False
S0009;2026-01-02 07:43:30;humidity;65.964;False
S0011;2026-01-02 07:43:30;ventilation;0.673;False
S0007;2026-01-02 07:43:30;temperature;18.665;False
S0005;2026-01-02 07:43:30;ventilation;0.724;False
S0010;2026-01-02 07:43:30;CO2_level;719;False
S0010;2026-01-02 07:43:45;CO2_level;603;False
S0011;2026-01-02 07:43:45;ventilation;0.97;False
S0001;2026-01-02 07:43:45;temperature;19.428;False
S0004;2026-01-02 07:43:45;CO2_level;761;False
S0005;2026-01-02 07:43:45;ventilation;0.795;False
S0007;2026-01-02 07:43:45;temperature;19.05;False
S0009;2026-01-02 07:44:00;humidity;69.505;False
S0011;2026-01-02 07:44:00;ventilation;0.564;False
S0001;2026-01-02 07:44:00;temperature;18.744;False
S0004;2026-01-02 07:44:00;CO2_level;817;False
S0003;2026-01-02 07:44:00;humidity;60.911;False
S0010;2026-01-02 07:44:00;CO2_level;768;False
S0007;2026-01-02 07:44:00;temperature;22.327;False
S0005;2026-01-02 07:44:00;ventilation;0.555;False
S0004;2026-01-02 07:44:15;CO2_level;609;False
S0005;2026-01-02 07:44:15;ventilation;0.669;False
S0011;2026-01-02 07:44:15;ventilation;0.972;False
S0010;2026-01-02 07:44:15;CO2_level;997;False
S0001;2026-01-02 07:44:15;temperature;24.99;False
S0007;2026-01-02 07:44:15;temperature;19.255;False
S0005;2026-01-02 07:44:30;ventilation;0.857;False
S0009;2026-01-02 07:44:30;humidity;63.022;False
S0004;2026-01-02 07:44:30;CO2_level;664;False
S0010;2026-01-02 07:44:30;CO2_level;661;False
S0003;2026-01-02 07:44:30;humidity;64.745;False
S0011;2026-01-02 07:44:30;ventilation;0.808;False
S0007;2026-01-02 07:44:30;temperature;20.157;False
S0001;2026-01-02 07:44:30;temperature;20.291;False
S0004;2026-01-02 07:44:45;CO2_level;960;False
S0005;2026-01-02 07:44:45;ventilation;null;True
S0001;2026-01-02 07:44:45;temperature;26.263;False
S0011;2026-01-02 07:44:45;ventilation;0.945;False
S0007;2026-01-02 07:44:45;temperature;22.642;False
S0010;2026-01-02 07:44:45;CO2_level;1107;False
S0007;2026-01-02 07:45:00;temperature;25.971;False
S0003;2026-01-02 07:45:00;humidity;60.685;False
S0009;2026-01-02 07:45:00;humidity;68.831;False
S0001;2026-01-02 07:45:00;temperature;null;True
S0011;2026-01-02 07:45:00;ventilation;0.729;False
S0010;2026-01-02 07:45:00;CO2_level;651;False
S0005;2026-01-02 07:45:00;ventilation;0.856;False
S0004;2026-01-02 07:45:00;CO2_level;845;False
S0011;2026-01-02 07:45:15;ventilation;0.611;False
S0007;2026-01-02 07:45:15;temperature;25.521;False
S0010;2026-01-02 07:45:15;CO2_level;620;False
S0004;2026-01-02 07:45:15;CO2_level;758;False
S0001;2026-01-02 07:45:15;temperature;26.356;False
S0005;2026-01-02 07:45:15;ventilation;0.584;False
S0007;2026-01-02 07:45:30;temperature;20.477;False
S0010;2026-01-02 07:45:30;CO2_level;1195;False
S0004;2026-01-02 07:45:30;CO2_level;918;False
S0005;2026-01-02 07:45:30;ventilation;0.628;False
S0001;2026-01-02 07:45:30;temperature;null;True
S0011;2026-01-02 07:45:30;ventilation;0.588;False
S0003;2026-01-02 07:45:30;humidity;60.773;False
S0009;2026-01-02 07:45:30;humidity;65.442;False
S0004;2026-01-02 07:45:45;CO2_level;888;False
S0005;2026-01-02 07:45:45;ventilation;0.835;False
S0007;2026-01-02 07:45:45;temperature;19.41;False
S0001;2026-01-02 07:45:45;temperature;21.394;False
S0011;2026-01-02 07:45:45;ventilation;0.752;False
S0010;2026-01-02 07:45:45;CO2_level;924;False
S0007;2026-01-02 07:46:00;temperature;22.499;False
S0001;2026-01-02 07:46:00;temperature;26.595;False
S0003;2026-01-02 07:46:00;humidity;66.35;False
S0010;2026-01-02 07:46:00;CO2_level;1044;False
S0005;2026-01-02 07:46:00;ventilation;0.805;False
S0009;2026-01-02 07:46:00;humidity;null;True
S0011;2026-01-02 07:46:00;ventilation;0.899;False
S0004;2026-01-02 07:46:00;CO2_level;604;False
S0005;2026-01-02 07:46:15;ventilation;0.764;False
S0001;2026-01-02 07:46:15;temperature;23.877;False
S0010;2026-01-02 07:46:15;CO2_level;1011;True
S0004;2026-01-02 07:46:15;CO2_level;851;False
S0007;2026-01-02 07:46:15;temperature;26.461;False
S0011;2026-01-02 07:46:15;ventilation;0.664;False
S0009;2026-01-02 07:46:30;humidity;60.382;False
S0011;2026-01-02 07:46:30;ventilation;0.852;False
S0007;2026-01-02 07:46:30;temperature;21.21;False
S0004;2026-01-02 07:46:30;CO2_level;1013;False
S0001;2026-01-02 07:46:30;temperature;22.311;False
S0010;2026-01-02 07:46:30;CO2_level;949;False
S0003;2026-01-02 07:46:30;humidity;65.684;True
S0005;2026-01-02 07:46:30;ventilation;0.752;False
S0001;2026-01-02 07:46:45;temperature;18.116;True
S0011;2026-01-02 07:46:45;ventilation;0.557;False
S0004;2026-01-02 07:46:45;CO2_level;872;False
S0010;2026-01-02 07:46:45;CO2_level;1110;False
S0007;2026-01-02 07:46:45;temperature;19.51;False
S0005;2026-01-02 07:46:45;ventilation;0.908;False
S0007;2026-01-02 07:47:00;temperature;19.831;False
S0004;2026-01-02 07:47:00;CO2_level;689;False
S0001;2026-01-02 07:47:00;temperature;25.337;False
S0010;2026-01-02 07:47:00;CO2_level;652;False
S0005;2026-01-02 07:47:00;ventilation;0.732;False
S0009;2026-01-02 07:47:00;humidity;67.294;False
S0011;2026-01-02 07:47:00;ventilation;0.908;False
S0003;2026-01-02 07:47:00;humidity;65.431;False
S0005;2026-01-02 07:47:15;ventilation;0.788;False
S0001;2026-01-02 07:47:15;temperature;24.372;False
S0004;2026-01-02 07:47:15;CO2_level;825;False
S0007;2026-01-02 07:47:15;temperature;22.658;False
S0011;2026-01-02 07:47:15;ventilation;0.646;False
S0010;2026-01-02 07:47:15;CO2_level;1012;False
S0001;2026-01-02 07:47:30;temperature;24.529;False
S0005;2026-01-02 07:47:30;ventilation;0.807;False
S0010;2026-01-02 07:47:30;CO2_level;1197;False
S0007;2026-01-02 07:47:30;temperature;22.825;False
S0003;2026-01-02 07:47:30;humidity;61.925;False
S0009;2026-01-02 07:47:30;humidity;68.015;False
S0011;2026-01-02 07:47:30;ventilation;0.693;False
S0004;2026-01-02 07:47:30;CO2_level;882;False
S0007;2026-01-02 07:47:45;temperature;18.35;False
S0011;2026-01-02 07:47:45;ventilation;0.506;False
S0005;2026-01-02 07:47:45;ventilation;0.904;False
S0001;2026-01-02 07:47:45;temperature;19.94;False
S0010;2026-01-02 07:47:45;CO2_level;924;False
S0004;2026-01-02 07:47:45;CO2_level;824;False
S0005;2026-01-02 07:48:00;ventilation;0.531;False
S0007;2026-01-02 07:48:00;temperature;20.908;False
S0004;2026-01-02 07:48:00;CO2_level;1179;False
S0011;2026-01-02 07:48:00;ventilation;0.877;False
S0010;2026-01-02 07:48:00;CO2_level;713;False
S0009;2026-01-02 07:48:00;humidity;61.051;False
S0001;2026-01-02 07:48:00;temperature;null;True
S0003;2026-01-02 07:48:00;humidity;69.555;False
S0010;2026-01-02 07:48:15;CO2_level;635;False
S0004;2026-01-02 07:48:15;CO2_level;886;False
S0011;2026-01-02 07:48:15;ventilation;0.773;False
S0005;2026-01-02 07:48:15;ventilation;0.679;False
S0001;2026-01-02 07:48:15;temperature;18.544;False
S0007;2026-01-02 07:48:15;temperature;25.236;False
S0007;2026-01-02 07:48:30;temperature;18.294;False
S0005;2026-01-02 07:48:30;ventilation;0.92;False
S0003;2026-01-02 07:48:30;humidity;62.31;False
S0011;2026-01-02 07:48:30;ventilation;0.733;False
S0009;2026-01-02 07:48:30;humidity;60.973;False
S0001;2026-01-02 07:48:30;temperature;25.99;False
S0010;2026-01-02 07:48:30;CO2_level;1126;False
S0004;2026-01-02 07:48:30;CO2_level;889;False
S0005;2026-01-02 07:48:45;ventilation;0.764;False
S0001;2026-01-02 07:48:45;temperature;25.028;False
S0007;2026-01-02 07:48:45;temperature;18.092;False
S0010;2026-01-02 07:48:45;CO2_level;650;False
S0004;2026-01-02 07:48:45;CO2_level;1030;False
S0011;2026-01-02 07:48:45;ventilation;0.736;True
S0004;2026-01-02 07:49:00;CO2_level;975;False
S0001;2026-01-02 07:49:00;temperature;18.765;False
S0009;2026-01-02 07:49:00;humidity;60.031;False
S0010;2026-01-02 07:49:00;CO2_level;773;False
S0011;2026-01-02 07:49:00;ventilation;0.852;False
S0005;2026-01-02 07:49:00;ventilation;0.682;True
S0007;2026-01-02 07:49:00;temperature;19.333;False
S0003;2026-01-02 07:49:00;humidity;67.068;False
S0001;2026-01-02 07:49:15;temperature;18.415;False
S0010;2026-01-02 07:49:15;CO2_level;793;False
S0007;2026-01-02 07:49:15;temperature;20.251;False
S0011;2026-01-02 07:49:15;ventilation;0.718;False
S0004;2026-01-02 07:49:15;CO2_level;988;False
S0005;2026-01-02 07:49:15;ventilation;0.512;False
S0003;2026-01-02 07:49:30;humidity;66.219;False
S0001;2026-01-02 07:49:30;temperature;18.672;False
S0010;2026-01-02 07:49:30;CO2_level;944;False
S0005;2026-01-02 07:49:30;ventilation;0.688;False
S0004;2026-01-02 07:49:30;CO2_level;1115;False
S0007;2026-01-02 07:49:30;temperature;25.592;False
S0009;2026-01-02 07:49:30;humidity;60.92;False
S0011;2026-01-02 07:49:30;ventilation;0.895;False
S0001;2026-01-02 07:49:45;temperature;24.931;False
S0010;2026-01-02 07:49:45;CO2_level;870;False
S0004;2026-01-02 07:49:45;CO2_level;1152;False
S0007;2026-01-02 07:49:45;temperature;20.123;False
S0005;2026-01-02 07:49:45;ventilation;0.779;False
S0011;2026-01-02 07:49:45;ventilation;0.869;False
S0001;2026-01-02 07:50:00;temperature;20.904;False
S0007;2026-01-02 07:50:00;temperature;19.554;False
S0011;2026-01-02 07:50:00;ventilation;0.751;False
S0009;2026-01-02 07:50:00;humidity;60.709;False
S0010;2026-01-02 07:50:00;CO2_level;1067;False
S0004;2026-01-02 07:50:00;CO2_level;1177;False
S0003;2026-01-02 07:50:00;humidity;61.055;True
S0005;2026-01-02 07:50:00;ventilation;0.514;False
S0001;2026-01-02 07:50:15;temperature;23.256;False
S0004;2026-01-02 07:50:15;CO2_level;698;False
S0010;2026-01-02 07:50:15;CO2_level;1083;False
S0011;2026-01-02 07:50:15;ventilation;0.904;False
S0007;2026-01-02 07:50:15;temperature;20.235;False
S0005;2026-01-02 07:50:15;ventilation;0.897;False
S0010;2026-01-02 07:50:30;CO2_level;856;False
S0009;2026-01-02 07:50:30;humidity;65.264;False
S0004;2026-01-02 07:50:30;CO2_level;770;False
S0007;2026-01-02 07:50:30;temperature;18.352;False
S0011;2026-01-02 07:50:30;ventilation;0.502;False
S0005;2026-01-02 07:50:30;ventilation;0.765;False
S0003;2026-01-02 07:50:30;humidity;62.017;False
S0001;2026-01-02 07:50:30;temperature;19.232;False
S0005;2026-01-02 07:50:45;ventilation;0.521;False
S0004;2026-01-02 07:50:45;CO2_level;1070;False
S0007;2026-01-02 07:50:45;temperature;22.52;False
S0010;2026-01-02 07:50:45;CO2_level;699;False
S0001;2026-01-02 07:50:45;temperature;20.548;False
S0011;2026-01-02 07:50:45;ventilation;0.508;False
S0007;2026-01-02 07:51:00;temperature;25.243;False
S0001;2026-01-02 07:51:00;temperature;24.424;False
S0003;2026-01-02 07:51:00;humidity;60.123;False
S0009;2026-01-02 07:51:00;humidity;66.029;False
S0004;2026-01-02 07:51:00;CO2_level;1139;False
S0005;2026-01-02 07:51:00;ventilation;0.899;False
S0011;2026-01-02 07:51:00;ventilation;0.648;False
S0010;2026-01-02 07:51:00;CO2_level;1048;False
S0004;2026-01-02 07:51:15;CO2_level;824;False
S0001;2026-01-02 07:51:15;temperature;21.395;False
S0010;2026-01-02 07:51:15;CO2_level;1006;False
S0005;2026-01-02 07:51:15;ventilation;0.986;False
S0011;2026-01-02 07:51:15;ventilation;0.827;False
S0007;2026-01-02 07:51:15;temperature;21.384;False
S0001;2026-01-02 07:51:30;temperature;18.121;False
S0003;2026-01-02 07:51:30;humidity;60.547;True
S0005;2026-01-02 07:51:30;ventilation;0.935;False
S0010;2026-01-02 07:51:30;CO2_level;734;False
S0011;2026-01-02 07:51:30;ventilation;0.818;False
S0009;2026-01-02 07:51:30;humidity;66.274;False
S0004;2026-01-02 07:51:30;CO2_level;832;False
S0007;2026-01-02 07:51:30;temperature;18.005;False
S0001;2026-01-02 07:51:45;temperature;26.098;False
S0010;2026-01-02 07:51:45;CO2_level;1167;False
S0011;2026-01-02 07:51:45;ventilation;0.898;False
S0005;2026-01-02 07:51:45;ventilation;0.714;False
S0004;2026-01-02 07:51:45;CO2_level;1135;True
S0007;2026-01-02 07:51:45;temperature;25.305;False
S0005;2026-01-02 07:52:00;ventilation;0.609;False
S0009;2026-01-02 07:52:00;humidity;69.845;False
S0001;2026-01-02 07:52:00;temperature;24.037;False
S0003;2026-01-02 07:52:00;humidity;66.515;False
S0010;2026-01-02 07:52:00;CO2_level;859;False
S0011;2026-01-02 07:52:00;ventilation;0.976;False
S0007;2026-01-02 07:52:00;temperature;18.078;False
S0004;2026-01-02 07:52:00;CO2_level;1037;False
S0004;2026-01-02 07:52:15;CO2_level;1052;True
S0005;2026-01-02 07:52:15;ventilation;0.791;False
S0010;2026-01-02 07:52:15;CO2_level;1112;True
S0007;2026-01-02 07:52:15;temperature;23.353;False
S0001;2026-01-02 07:52:15;temperature;25.137;False
S0011;2026-01-02 07:52:15;ventilation;0.966;False
S0005;2026-01-02 07:52:30;ventilation;0.623;False
S0001;2026-01-02 07:52:30;temperature;19.511;False
S0004;2026-01-02 07:52:30;CO2_level;716;False
S0010;2026-01-02 07:52:30;CO2_level;900;False
S0011;2026-01-02 07:52:30;ventilation;0.564;False
S0009;2026-01-02 07:52:30;humidity;63.035;True
S0007;2026-01-02 07:52:30;temperature;19.194;False
S0003;2026-01-02 07:52:30;humidity;60.5;False
S0010;2026-01-02 07:52:45;CO2_level;1060;False
S0005;2026-01-02 07:52:45;ventilation;0.994;False
S0011;2026-01-02 07:52:45;ventilation;0.71;False
S0001;2026-01-02 07:52:45;temperature;22.561;False
S0007;2026-01-02 07:52:45;temperature;20.447;False
S0004;2026-01-02 07:52:45;CO2_level;1151;False
S0009;2026-01-02 07:53:00;humidity;69.582;True
S0010;2026-01-02 07:53:00;CO2_level;646;False
S0005;2026-01-02 07:53:00;ventilation;0.719;False
S0004;2026-01-02 07:53:00;CO2_level;860;False
S0007;2026-01-02 07:53:00;temperature;25.299;False
S0011;2026-01-02 07:53:00;ventilation;0.573;False
S0001;2026-01-02 07:53:00;temperature;18.2;False
S0003;2026-01-02 07:53:00;humidity;61.606;False
S0011;2026-01-02 07:53:15;ventilation;0.633;False
S0007;2026-01-02 07:53:15;temperature;18.746;False
S0004;2026-01-02 07:53:15;CO2_level;714;False
S0005;2026-01-02 07:53:15;ventilation;0.547;False
S0001;2026-01-02 07:53:15;temperature;23.928;False
S0010;2026-01-02 07:53:15;CO2_level;894;False
S0011;2026-01-02 07:53:30;ventilation;0.599;False
S0004;2026-01-02 07:53:30;CO2_level;1040;False
S0001;2026-01-02 07:53:30;temperature;19.836;False
S0003;2026-01-02 07:53:30;humidity;65.867;False
S0007;2026-01-02 07:53:30;temperature;21.417;False
S0009;2026-01-02 07:53:30;humidity;60.798;False
S0010;2026-01-02 07:53:30;CO2_level;829;False
S0005;2026-01-02 07:53:30;ventilation;null;True
S0001;2026-01-02 07:53:45;temperature;20.553;False
S0010;2026-01-02 07:53:45;CO2_level;null;True
S0007;2026-01-02 07:53:45;temperature;20.036;True
S0005;2026-01-02 07:53:45;ventilation;0.838;False
S0011;2026-01-02 07:53:45;ventilation;0.662;False
S0004;2026-01-02 07:53:45;CO2_level;785;False
S0009;2026-01-02 07:54:00;humidity;69.576;False
S0007;2026-01-02 07:54:00;temperature;23.672;False
S0003;2026-01-02 07:54:00;humidity;68.323;False
S0005;2026-01-02 07:54:00;ventilation;0.855;False
S0001;2026-01-02 07:54:00;temperature;24.319;False
S0004;2026-01-02 07:54:00;CO2_level;1073;False
S0011;2026-01-02 07:54:00;ventilation;0.709;False
S0010;2026-01-02 07:54:00;CO2_level;700;True
S0007;2026-01-02 07:54:15;temperature;25.165;False
S0010;2026-01-02 07:54:15;CO2_level;935;False
S0004;2026-01-02 07:54:15;CO2_level;1082;True
S0001;2026-01-02 07:54:15;temperature;19.725;False
S0005;2026-01-02 07:54:15;ventilation;0.95;False
S0011;2026-01-02 07:54:15;ventilation;0.802;False
S0001;2026-01-02 07:54:30;temperature;20.03;False
S0004;2026-01-02 07:54:30;CO2_level;716;False
S0003;2026-01-02 07:54:30;humidity;69.942;False
S0005;2026-01-02 07:54:30;ventilation;0.809;False
S0011;2026-01-02 07:54:30;ventilation;0.613;False
S0010;2026-01-02 07:54:30;CO2_level;619;False
S0009;2026-01-02 07:54:30;humidity;66.13;False
S0007;2026-01-02 07:54:30;temperature;21.425;False
S0011;2026-01-02 07:54:45;ventilation;0.738;False
S0001;2026-01-02 07:54:45;temperature;19.9;False
S0005;2026-01-02 07:54:45;ventilation;0.628;False
S0004;2026-01-02 07:54:45;CO2_level;618;False
S0010;2026-01-02 07:54:45;CO2_level;1049;False
S0007;2026-01-02 07:54:45;temperature;22.644;True
S0007;2026-01-02 07:55:00;temperature;19.783;False
S0004;2026-01-02 07:55:00;CO2_level;849;False
S0009;2026-01-02 07:55:00;humidity;69.092;True
S0003;2026-01-02 07:55:00;humidity;63.235;False
S0010;2026-01-02 07:55:00;CO2_level;853;True
S0011;2026-01-02 07:55:00;ventilation;0.765;False
S0005;2026-01-02 07:55:00;ventilation;0.95;False
S0001;2026-01-02 07:55:00;temperature;21.286;False
S0007;2026-01-02 07:55:15;temperature;26.782;False
S0004;2026-01-02 07:55:15;CO2_level;754;False
S0010;2026-01-02 07:55:15;CO2_level;1019;False
S0011;2026-01-02 07:55:15;ventilation;0.913;False
S0001;2026-01-02 07:55:15;temperature;22.075;False
S0005;2026-01-02 07:55:15;ventilation;0.881;False
S0003;2026-01-02 07:55:30;humidity;61.402;False
S0009;2026-01-02 07:55:30;humidity;66.667;False
S0010;2026-01-02 07:55:30;CO2_level;663;False
S0001;2026-01-02 07:55:30;temperature;25.191;False
S0004;2026-01-02 07:55:30;CO2_level;834;False
S0011;2026-01-02 07:55:30;ventilation;0.739;False
S0005;2026-01-02 07:55:30;ventilation;0.593;False
S0007;2026-01-02 07:55:30;temperature;26.547;False
S0007;2026-01-02 07:55:45;temperature;18.912;False
S0001;2026-01-02 07:55:45;temperature;25.821;False
S0004;2026-01-02 07:55:45;CO2_level;1123;False
S0010;2026-01-02 07:55:45;CO2_level;712;False
S0005;2026-01-02 07:55:45;ventilation;0.601;False
S0011;2026-01-02 07:55:45;ventilation;0.981;False
S0001;2026-01-02 07:56:00;temperature;24.861;True
S0010;2026-01-02 07:56:00;CO2_level;1145;False
S0004;2026-01-02 07:56:00;CO2_level;1181;False
S0005;2026-01-02 07:56:00;ventilation;0.967;False
S0011;2026-01-02 07:56:00;ventilation;0.991;False
S0009;2026-01-02 07:56:00;humidity;67.164;False
S0003;2026-01-02 07:56:00;humidity;61.856;False
S0007;2026-01-02 07:56:00;temperature;19.093;False
S0011;2026-01-02 07:56:15;ventilation;null;True
S0001;2026-01-02 07:56:15;temperature;21.39;False
S0005;2026-01-02 07:56:15;ventilation;0.506;False
S0010;2026-01-02 07:56:15;CO2_level;932;False
S0007;2026-01-02 07:56:15;temperature;26.86;False
S0004;2026-01-02 07:56:15;CO2_level;747;False
S0011;2026-01-02 07:56:30;ventilation;0.74;False
S0003;2026-01-02 07:56:30;humidity;69.618;False
S0009;2026-01-02 07:56:30;humidity;60.975;False
S0001;2026-01-02 07:56:30;temperature;18.047;False
S0005;2026-01-02 07:56:30;ventilation;0.847;False
S0004;2026-01-02 07:56:30;CO2_level;1051;False
S0010;2026-01-02 07:56:30;CO2_level;828;False
S0007;2026-01-02 07:56:30;temperature;18.923;False
S0010;2026-01-02 07:56:45;CO2_level;683;True
S0005;2026-01-02 07:56:45;ventilation;0.786;False
S0004;2026-01-02 07:56:45;CO2_level;1171;False
S0001;2026-01-02 07:56:45;temperature;24.289;True
S0007;2026-01-02 07:56:45;temperature;26.015;False
S0011;2026-01-02 07:56:45;ventilation;0.884;False
S0011;2026-01-02 07:57:00;ventilation;0.849;False
S0009;2026-01-02 07:57:00;humidity;65.447;False
S0007;2026-01-02 07:57:00;temperature;null;True
S0005;2026-01-02 07:57:00;ventilation;0.884;False
S0010;2026-01-02 07:57:00;CO2_level;628;False
S0004;2026-01-02 07:57:00;CO2_level;765;False
S0001;2026-01-02 07:57:00;temperature;20.25;False
S0003;2026-01-02 07:57:00;humidity;67.669;False
S0011;2026-01-02 07:57:15;ventilation;0.504;False
S0004;2026-01-02 07:57:15;CO2_level;893;False
S0005;2026-01-02 07:57:15;ventilation;0.574;False
S0010;2026-01-02 07:57:15;CO2_level;653;False
S0007;2026-01-02 07:57:15;temperature;19.102;False
S0001;2026-01-02 07:57:15;temperature;22.621;False
S0005;2026-01-02 07:57:30;ventilation;0.594;False
S0010;2026-01-02 07:57:30;CO2_level;969;False
S0001;2026-01-02 07:57:30;temperature;23.011;False
S0007;2026-01-02 07:57:30;temperature;20.708;False
S0009;2026-01-02 07:57:30;humidity;63.111;False
S0004;2026-01-02 07:57:30;CO2_level;735;False
S0003;2026-01-02 07:57:30;humidity;65.2;False
S0011;2026-01-02 07:57:30;ventilation;0.611;False
S0001;2026-01-02 07:57:45;temperature;25.684;False
S0004;2026-01-02 07:57:45;CO2_level;1147;False
S0010;2026-01-02 07:57:45;CO2_level;706;False
S0011;2026-01-02 07:57:45;ventilation;0.662;False
S0007;2026-01-02 07:57:45;temperature;24.34;False
S0005;2026-01-02 07:57:45;ventilation;0.743;False
S0011;2026-01-02 07:58:00;ventilation;0.98;True
S0001;2026-01-02 07:58:00;temperature;21.437;False
S0005;2026-01-02 07:58:00;ventilation;0.535;False
S0007;2026-01-02 07:58:00;temperature;18.573;False
S0009;2026-01-02 07:58:00;humidity;69.688;False
S0003;2026-01-02 07:58:00;humidity;64.993;False
S0004;2026-01-02 07:58:00;CO2_level;645;False
S0010;2026-01-02 07:58:00;CO2_level;659;False
S0010;2026-01-02 07:58:15;CO2_level;733;False
S0001;2026-01-02 07:58:15;temperature;18.325;False
S0007;2026-01-02 07:58:15;temperature;26.67;False
S0005;2026-01-02 07:58:15;ventilation;0.855;False
S0004;2026-01-02 07:58:15;CO2_level;682;False
S0011;2026-01-02 07:58:15;ventilation;0.716;False
S0001;2026-01-02 07:58:30;temperature;24.316;False
S0011;2026-01-02 07:58:30;ventilation;0.906;False
S0007;2026-01-02 07:58:30;temperature;21.401;False
S0010;2026-01-02 07:58:30;CO2_level;1119;False
S0009;2026-01-02 07:58:30;humidity;63.061;False
S0005;2026-01-02 07:58:30;ventilation;0.595;False
S0004;2026-01-02 07:58:30;CO2_level;810;False
S0003;2026-01-02 07:58:30;humidity;68.973;False
S0011;2026-01-02 07:58:45;ventilation;0.656;False
S0004;2026-01-02 07:58:45;CO2_level;1110;False
S0001;2026-01-02 07:58:45;temperature;19.936;False
S0007;2026-01-02 07:58:45;temperature;21.254;False
S0005;2026-01-02 07:58:45;ventilation;0.913;False
S0010;2026-01-02 07:58:45;CO2_level;732;False
S0007;2026-01-02 07:59:00;temperature;20.935;False
S0003;2026-01-02 07:59:00;humidity;62.84;False
S0001;2026-01-02 07:59:00;temperature;25.464;False
S0010;2026-01-02 07:59:00;CO2_level;1130;False
S0004;2026-01-02 07:59:00;CO2_level;1076;False
S0011;2026-01-02 07:59:00;ventilation;0.559;False
S0005;2026-01-02 07:59:00;ventilation;0.55;False
S0009;2026-01-02 07:59:00;humidity;60.463;False
S0010;2026-01-02 07:59:15;CO2_level;1093;False
S0001;2026-01-02 07:59:15;temperature;19.777;False
S0005;2026-01-02 07:59:15;ventilation;0.91;False
S0011;2026-01-02 07:59:15;ventilation;0.504;False
S0007;2026-01-02 07:59:15;temperature;22.18;False
S0004;2026-01-02 07:59:15;CO2_level;858;False
S0001;2026-01-02 07:59:30;temperature;18.624;False
S0007;2026-01-02 07:59:30;temperature;21.883;False
S0011;2026-01-02 07:59:30;ventilation;0.526;False
S0003;2026-01-02 07:59:30;humidity;67.32;False
S0005;2026-01-02 07:59:30;ventilation;0.639;False
S0004;2026-01-02 07:59:30;CO2_level;906;False
S0009;2026-01-02 07:59:30;humidity;62.817;False
S0010;2026-01-02 07:59:30;CO2_level;937;False
S0004;2026-01-02 07:59:45;CO2_level;918;False
S0005;2026-01-02 07:59:45;ventilation;0.986;False
S0010;2026-01-02 07:59:45;CO2_level;1077;False
S0001;2026-01-02 07:59:45;temperature;null;True
S0007;2026-01-02 07:59:45;temperature;23.309;False
S0011;2026-01-02 07:59:45;ventilation;0.671;True
S0009;2026-01-02 08:00:00;humidity;69.152;True
S0003;2026-01-02 08:00:00;humidity;67.896;False
S0011;2026-01-02 08:00:00;ventilation;0.658;False
S0004;2026-01-02 08:00:00;CO2_level;731;False
S0005;2026-01-02 08:00:00;ventilation;0.919;False
S0001;2026-01-02 08:00:00;temperature;22.838;True
S0007;2026-01-02 08:00:00;temperature;20.216;False
S0010;2026-01-02 08:00:00;CO2_level;761;False
S0005;2026-01-02 08:00:15;ventilation;0.597;False
S0004;2026-01-02 08:00:15;CO2_level;1160;False
S0011;2026-01-02 08:00:15;ventilation;0.921;False
S0010;2026-01-02 08:00:15;CO2_level;719;False
S0007;2026-01-02 08:00:15;temperature;25.946;False
S0001;2026-01-02 08:00:15;temperature;null;True
S0010;2026-01-02 08:00:30;CO2_level;985;False
S0004;2026-01-02 08:00:30;CO2_level;884;False
S0009;2026-01-02 08:00:30;humidity;62.69;False
S0011;2026-01-02 08:00:30;ventilation;0.829;False
S0001;2026-01-02 08:00:30;temperature;23.189;False
S0005;2026-01-02 08:00:30;ventilation;0.608;False
S0007;2026-01-02 08:00:30;temperature;26.635;False
S0003;2026-01-02 08:00:30;humidity;64.289;True
S0007;2026-01-02 08:00:45;temperature;26.022;True
S0010;2026-01-02 08:00:45;CO2_level;743;False
S0005;2026-01-02 08:00:45;ventilation;0.682;False
S0001;2026-01-02 08:00:45;temperature;21.941;False
S0004;2026-01-02 08:00:45;CO2_level;954;False
S0011;2026-01-02 08:00:45;ventilation;0.994;False
S0004;2026-01-02 08:01:00;CO2_level;718;False
S0010;2026-01-02 08:01:00;CO2_level;1059;False
S0003;2026-01-02 08:01:00;humidity;67.761;False
S0007;2026-01-02 08:01:00;temperature;20.575;False
S0001;2026-01-02 08:01:00;temperature;24.093;False
S0005;2026-01-02 08:01:00;ventilation;0.858;False
S0009;2026-01-02 08:01:00;humidity;64.611;False
S0011;2026-01-02 08:01:00;ventilation;0.932;False
S0011;2026-01-02 08:01:15;ventilation;0.521;False
S0007;2026-01-02 08:01:15;temperature;18.361;False
S0010;2026-01-02 08:01:15;CO2_level;759;False
S0004;2026-01-02 08:01:15;CO2_level;848;False
S0005;2026-01-02 08:01:15;ventilation;0.561;False
S0001;2026-01-02 08:01:15;temperature;21.153;False
S0005;2026-01-02 08:01:30;ventilation;0.715;False
S0004;2026-01-02 08:01:30;CO2_level;832;False
S0007;2026-01-02 08:01:30;temperature;23.056;False
S0009;2026-01-02 08:01:30;humidity;62.617;False
S0011;2026-01-02 08:01:30;ventilation;0.564;False
S0003;2026-01-02 08:01:30;humidity;68.666;False
S0010;2026-01-02 08:01:30;CO2_level;995;False
S0001;2026-01-02 08:01:30;temperature;19.376;False
S0004;2026-01-02 08:01:45;CO2_level;614;False
S0001;2026-01-02 08:01:45;temperature;25.713;False
S0011;2026-01-02 08:01:45;ventilation;0.999;False
S0005;2026-01-02 08:01:45;ventilation;0.881;False
S0007;2026-01-02 08:01:45;temperature;19.655;False
S0010;2026-01-02 08:01:45;CO2_level;813;False
S0003;2026-01-02 08:02:00;humidity;60.078;False
S0011;2026-01-02 08:02:00;ventilation;0.91;False
S0009;2026-01-02 08:02:00;humidity;66.641;False
S0010;2026-01-02 08:02:00;CO2_level;913;False
S0004;2026-01-02 08:02:00;CO2_level;1004;False
S0001;2026-01-02 08:02:00;temperature;22.256;False
S0005;2026-01-02 08:02:00;ventilation;0.541;False
S0007;2026-01-02 08:02:00;temperature;26.145;False
S0005;2026-01-02 08:02:15;ventilation;0.729;False
S0004;2026-01-02 08:02:15;CO2_level;1005;False
S0001;2026-01-02 08:02:15;temperature;24.338;False
S0011;2026-01-02 08:02:15;ventilation;0.994;False
S0010;2026-01-02 08:02:15;CO2_level;627;False
S0007;2026-01-02 08:02:15;temperature;22.169;False
S0010;2026-01-02 08:02:30;CO2_level;602;False
S0011;2026-01-02 08:02:30;ventilation;0.882;False
S0005;2026-01-02 08:02:30;ventilation;0.51;False
S0001;2026-01-02 08:02:30;temperature;21.784;False
S0003;2026-01-02 08:02:30;humidity;66.401;False
S0004;2026-01-02 08:02:30;CO2_level;1012;False
S0007;2026-01-02 08:02:30;temperature;21.208;False
S0009;2026-01-02 08:02:30;humidity;66.014;False
S0004;2026-01-02 08:02:45;CO2_level;867;False
S0007;2026-01-02 08:02:45;temperature;18.788;False
S0005;2026-01-02 08:02:45;ventilation;0.562;False
S0001;2026-01-02 08:02:45;temperature;23.511;False
S0010;2026-01-02 08:02:45;CO2_level;729;False
S0011;2026-01-02 08:02:45;ventilation;0.755;False
S0010;2026-01-02 08:03:00;CO2_level;828;False
S0007;2026-01-02 08:03:00;temperature;null;True
S0011;2026-01-02 08:03:00;ventilation;0.937;False
S0004;2026-01-02 08:03:00;CO2_level;null;True
S0003;2026-01-02 08:03:00;humidity;65.781;False
S0001;2026-01-02 08:03:00;temperature;25.178;False
S0009;2026-01-02 08:03:00;humidity;64.552;False
S0005;2026-01-02 08:03:00;ventilation;0.529;False
S0001;2026-01-02 08:03:15;temperature;null;True
S0010;2026-01-02 08:03:15;CO2_level;1177;False
S0004;2026-01-02 08:03:15;CO2_level;995;False
S0007;2026-01-02 08:03:15;temperature;19.215;False
S0005;2026-01-02 08:03:15;ventilation;0.899;False
S0011;2026-01-02 08:03:15;ventilation;0.85;False
S0010;2026-01-02 08:03:30;CO2_level;1078;False
S0007;2026-01-02 08:03:30;temperature;20.488;False
S0003;2026-01-02 08:03:30;humidity;63.404;False
S0011;2026-01-02 08:03:30;ventilation;0.528;False
S0009;2026-01-02 08:03:30;humidity;null;True
S0001;2026-01-02 08:03:30;temperature;18.562;False
S0004;2026-01-02 08:03:30;CO2_level;1093;False
S0005;2026-01-02 08:03:30;ventilation;0.649;False
S0004;2026-01-02 08:03:45;CO2_level;938;False
S0011;2026-01-02 08:03:45;ventilation;0.905;False
S0010;2026-01-02 08:03:45;CO2_level;963;False
S0005;2026-01-02 08:03:45;ventilation;0.918;False
S0007;2026-01-02 08:03:45;temperature;22.325;False
S0001;2026-01-02 08:03:45;temperature;18.252;False
S0009;2026-01-02 08:04:00;humidity;69.362;False
S0007;2026-01-02 08:04:00;temperature;21.577;False
S0001;2026-01-02 08:04:00;temperature;20.81;False
S0003;2026-01-02 08:04:00;humidity;64.187;False
S0004;2026-01-02 08:04:00;CO2_level;802;False
S0005;2026-01-02 08:04:00;ventilation;0.557;False
S0011;2026-01-02 08:04:00;ventilation;0.947;False
S0010;2026-01-02 08:04:00;CO2_level;841;False
S0004;2026-01-02 08:04:15;CO2_level;846;True
S0010;2026-01-02 08:04:15;CO2_level;835;False
S0005;2026-01-02 08:04:15;ventilation;0.518;False
S0001;2026-01-02 08:04:15;temperature;19.414;False
S0007;2026-01-02 08:04:15;temperature;19.239;True
S0011;2026-01-02 08:04:15;ventilation;0.778;False
S0009;2026-01-02 08:04:30;humidity;66.622;False
S0005;2026-01-02 08:04:30;ventilation;0.941;False
S0004;2026-01-02 08:04:30;CO2_level;642;False
S0007;2026-01-02 08:04:30;temperature;19.264;False
S0011;2026-01-02 08:04:30;ventilation;0.636;False
S0001;2026-01-02 08:04:30;temperature;18.088;False
S0010;2026-01-02 08:04:30;CO2_level;646;False
S0003;2026-01-02 08:04:30;humidity;69.499;True
S0011;2026-01-02 08:04:45;ventilation;0.582;False
S0004;2026-01-02 08:04:45;CO2_level;1034;False
S0005;2026-01-02 08:04:45;ventilation;0.504;False
S0010;2026-01-02 08:04:45;CO2_level;1152;False
S0007;2026-01-02 08:04:45;temperature;19.665;False
S0001;2026-01-02 08:04:45;temperature;25.345;False
S0001;2026-01-02 08:05:00;temperature;22.178;False
S0005;2026-01-02 08:05:00;ventilation;0.715;False
S0003;2026-01-02 08:05:00;humidity;62.535;False
S0010;2026-01-02 08:05:00;CO2_level;613;False
S0009;2026-01-02 08:05:00;humidity;63.681;False
S0011;2026-01-02 08:05:00;ventilation;0.729;False
S0007;2026-01-02 08:05:00;temperature;18.81;False
S0004;2026-01-02 08:05:00;CO2_level;603;False
S0011;2026-01-02 08:05:15;ventilation;0.741;False
S0007;2026-01-02 08:05:15;temperature;25.424;False
S0005;2026-01-02 08:05:15;ventilation;0.687;False
S0001;2026-01-02 08:05:15;temperature;23.145;False
S0010;2026-01-02 08:05:15;CO2_level;735;False
S0004;2026-01-02 08:05:15;CO2_level;1147;False
S0009;2026-01-02 08:05:30;humidity;64.266;False
S0001;2026-01-02 08:05:30;temperature;18.512;False
S0004;2026-01-02 08:05:30;CO2_level;1019;False
S0011;2026-01-02 08:05:30;ventilation;0.519;False
S0007;2026-01-02 08:05:30;temperature;24.592;False
S0005;2026-01-02 08:05:30;ventilation;0.577;False
S0003;2026-01-02 08:05:30;humidity;66.803;False
S0010;2026-01-02 08:05:30;CO2_level;787;False
S0004;2026-01-02 08:05:45;CO2_level;1169;False
S0007;2026-01-02 08:05:45;temperature;20.152;False
S0011;2026-01-02 08:05:45;ventilation;0.539;False
S0001;2026-01-02 08:05:45;temperature;26.843;False
S0005;2026-01-02 08:05:45;ventilation;0.643;False
S0010;2026-01-02 08:05:45;CO2_level;732;False
S0009;2026-01-02 08:06:00;humidity;64.229;False
S0005;2026-01-02 08:06:00;ventilation;0.581;False
S0004;2026-01-02 08:06:00;CO2_level;962;False
S0001;2026-01-02 08:06:00;temperature;26.795;False
S0011;2026-01-02 08:06:00;ventilation;0.525;False
S0003;2026-01-02 08:06:00;humidity;63.377;False
S0010;2026-01-02 08:06:00;CO2_level;705;False
S0007;2026-01-02 08:06:00;temperature;26.027;False
S0007;2026-01-02 08:06:15;temperature;20.513;False
S0005;2026-01-02 08:06:15;ventilation;0.886;False
S0010;2026-01-02 08:06:15;CO2_level;725;False
S0011;2026-01-02 08:06:15;ventilation;0.955;False
S0004;2026-01-02 08:06:15;CO2_level;1126;False
S0001;2026-01-02 08:06:15;temperature;21.398;False
S0001;2026-01-02 08:06:30;temperature;25.204;False
S0005;2026-01-02 08:06:30;ventilation;0.551;False
S0003;2026-01-02 08:06:30;humidity;69.421;False
S0010;2026-01-02 08:06:30;CO2_level;993;True
S0009;2026-01-02 08:06:30;humidity;67.52;False
S0011;2026-01-02 08:06:30;ventilation;0.59;False
S0007;2026-01-02 08:06:30;temperature;20.552;False
S0004;2026-01-02 08:06:30;CO2_level;980;False
S0001;2026-01-02 08:06:45;temperature;23.726;False
S0005;2026-01-02 08:06:45;ventilation;0.609;False
S0011;2026-01-02 08:06:45;ventilation;0.83;True
S0004;2026-01-02 08:06:45;CO2_level;951;False
S0010;2026-01-02 08:06:45;CO2_level;874;False
S0007;2026-01-02 08:06:45;temperature;24.744;False
S0007;2026-01-02 08:07:00;temperature;24.316;False
S0001;2026-01-02 08:07:00;temperature;25.576;False
S0005;2026-01-02 08:07:00;ventilation;0.891;False
S0010;2026-01-02 08:07:00;CO2_level;923;False
S0003;2026-01-02 08:07:00;humidity;65.112;False
S0004;2026-01-02 08:07:00;CO2_level;633;False
S0009;2026-01-02 08:07:00;humidity;65.947;False
S0011;2026-01-02 08:07:00;ventilation;0.724;False
S0004;2026-01-02 08:07:15;CO2_level;732;False
S0010;2026-01-02 08:07:15;CO2_level;853;False
S0011;2026-01-02 08:07:15;ventilation;0.641;False
S0007;2026-01-02 08:07:15;temperature;18.267;True
S0001;2026-01-02 08:07:15;temperature;26.429;False
S0005;2026-01-02 08:07:15;ventilation;0.621;False
S0009;2026-01-02 08:07:30;humidity;60.297;False
S0011;2026-01-02 08:07:30;ventilation;0.802;False
S0007;2026-01-02 08:07:30;temperature;24.245;False
S0004;2026-01-02 08:07:30;CO2_level;1009;False
S0001;2026-01-02 08:07:30;temperature;26.104;False
S0010;2026-01-02 08:07:30;CO2_level;956;False
S0005;2026-01-02 08:07:30;ventilation;0.823;False
S0003;2026-01-02 08:07:30;humidity;68.129;False
S0001;2026-01-02 08:07:45;temperature;25.216;False
S0007;2026-01-02 08:07:45;temperature;21.09;False
S0011;2026-01-02 08:07:45;ventilation;0.937;False
S0010;2026-01-02 08:07:45;CO2_level;930;False
S0005;2026-01-02 08:07:45;ventilation;0.615;False
S0004;2026-01-02 08:07:45;CO2_level;739;False
S0007;2026-01-02 08:08:00;temperature;19.764;False
S0005;2026-01-02 08:08:00;ventilation;0.726;False
S0011;2026-01-02 08:08:00;ventilation;0.659;False
S0003;2026-01-02 08:08:00;humidity;62.076;False
S0010;2026-01-02 08:08:00;CO2_level;642;False
S0009;2026-01-02 08:08:00;humidity;67.725;False
S0004;2026-01-02 08:08:00;CO2_level;1066;False
S0001;2026-01-02 08:08:00;temperature;20.683;False
S0010;2026-01-02 08:08:15;CO2_level;1046;False
S0001;2026-01-02 08:08:15;temperature;25.949;False
S0004;2026-01-02 08:08:15;CO2_level;773;False
S0011;2026-01-02 08:08:15;ventilation;0.665;True
S0007;2026-01-02 08:08:15;temperature;25.311;False
S0005;2026-01-02 08:08:15;ventilation;0.673;False
S0004;2026-01-02 08:08:30;CO2_level;923;False
S0010;2026-01-02 08:08:30;CO2_level;881;False
S0011;2026-01-02 08:08:30;ventilation;1.0;False
S0009;2026-01-02 08:08:30;humidity;65.944;False
S0005;2026-01-02 08:08:30;ventilation;0.533;False
S0007;2026-01-02 08:08:30;temperature;20.94;False
S0003;2026-01-02 08:08:30;humidity;64.042;True
S0001;2026-01-02 08:08:30;temperature;20.347;False
S0005;2026-01-02 08:08:45;ventilation;0.607;False
S0004;2026-01-02 08:08:45;CO2_level;661;False
S0007;2026-01-02 08:08:45;temperature;24.824;False
S0011;2026-01-02 08:08:45;ventilation;0.728;False
S0010;2026-01-02 08:08:45;CO2_level;1194;False
S0001;2026-01-02 08:08:45;temperature;24.184;False
S0001;2026-01-02 08:09:00;temperature;26.266;False
S0003;2026-01-02 08:09:00;humidity;67.854;True
S0010;2026-01-02 08:09:00;CO2_level;834;False
S0009;2026-01-02 08:09:00;humidity;69.539;False
S0005;2026-01-02 08:09:00;ventilation;0.693;False
S0011;2026-01-02 08:09:00;ventilation;0.724;False
S0007;2026-01-02 08:09:00;temperature;25.853;False
S0004;2026-01-02 08:09:00;CO2_level;759;False
S0001;2026-01-02 08:09:15;temperature;null;True
S0011;2026-01-02 08:09:15;ventilation;0.556;False
S0010;2026-01-02 08:09:15;CO2_level;758;False
S0005;2026-01-02 08:09:15;ventilation;0.78;False
S0007;2026-01-02 08:09:15;temperature;20.76;False
S0004;2026-01-02 08:09:15;CO2_level;1038;False
S0007;2026-01-02 08:09:30;temperature;24.464;False
S0004;2026-01-02 08:09:30;CO2_level;885;False
S0011;2026-01-02 08:09:30;ventilation;0.717;False
S0009;2026-01-02 08:09:30;humidity;65.607;False
S0003;2026-01-02 08:09:30;humidity;66.003;False
S0001;2026-01-02 08:09:30;temperature;23.743;False
S0010;2026-01-02 08:09:30;CO2_level;629;False
S0005;2026-01-02 08:09:30;ventilation;0.808;False
S0005;2026-01-02 08:09:45;ventilation;0.947;False
S0011;2026-01-02 08:09:45;ventilation;0.99;False
S0004;2026-01-02 08:09:45;CO2_level;1153;False
S0007;2026-01-02 08:09:45;temperature;26.166;False
S0010;2026-01-02 08:09:45;CO2_level;1144;False
S0001;2026-01-02 08:09:45;temperature;18.525;False
S0003;2026-01-02 08:10:00;humidity;65.977;False
S0004;2026-01-02 08:10:00;CO2_level;945;False
S0007;2026-01-02 08:10:00;temperature;25.439;False
S0010;2026-01-02 08:10:00;CO2_level;1107;False
S0001;2026-01-02 08:10:00;temperature;21.799;False
S0011;2026-01-02 08:10:00;ventilation;0.682;False
S0005;2026-01-02 08:10:00;ventilation;0.985;False
S0009;2026-01-02 08:10:00;humidity;67.772;False
S0005;2026-01-02 08:10:15;ventilation;0.943;False
S0001;2026-01-02 08:10:15;temperature;26.727;False
S0011;2026-01-02 08:10:15;ventilation;0.502;False
S0004;2026-01-02 08:10:15;CO2_level;813;False
S0010;2026-01-02 08:10:15;CO2_level;690;False
S0007;2026-01-02 08:10:15;temperature;19.368;False
S0007;2026-01-02 08:10:30;temperature;19.05;False
S0004;2026-01-02 08:10:30;CO2_level;886;False
S0011;2026-01-02 08:10:30;ventilation;0.731;False
S0010;2026-01-02 08:10:30;CO2_level;785;False
S0001;2026-01-02 08:10:30;temperature;24.235;False
S0005;2026-01-02 08:10:30;ventilation;0.616;False
S0003;2026-01-02 08:10:30;humidity;66.25;False
S0009;2026-01-02 08:10:30;humidity;62.228;False
S0011;2026-01-02 08:10:45;ventilation;0.758;False
S0007;2026-01-02 08:10:45;temperature;26.216;True
S0005;2026-01-02 08:10:45;ventilation;0.735;False
S0001;2026-01-02 08:10:45;temperature;19.063;False
S0004;2026-01-02 08:10:45;CO2_level;628;False
S0010;2026-01-02 08:10:45;CO2_level;1127;False
S0001;2026-01-02 08:11:00;temperature;19.116;True
S0011;2026-01-02 08:11:00;ventilation;0.776;False
S0007;2026-01-02 08:11:00;temperature;19.653;False
S0009;2026-01-02 08:11:00;humidity;63.113;False
S0010;2026-01-02 08:11:00;CO2_level;887;False
S0005;2026-01-02 08:11:00;ventilation;0.691;False
S0003;2026-01-02 08:11:00;humidity;60.402;False
S0004;2026-01-02 08:11:00;CO2_level;675;False
S0010;2026-01-02 08:11:15;CO2_level;651;False
S0001;2026-01-02 08:11:15;temperature;25.411;False
S0011;2026-01-02 08:11:15;ventilation;0.925;False
S0004;2026-01-02 08:11:15;CO2_level;1194;False
S0005;2026-01-02 08:11:15;ventilation;0.526;False
S0007;2026-01-02 08:11:15;temperature;18.842;False
S0010;2026-01-02 08:11:30;CO2_level;1053;False
S0004;2026-01-02 08:11:30;CO2_level;1162;False
S0001;2026-01-02 08:11:30;temperature;26.236;False
S0007;2026-01-02 08:11:30;temperature;20.236;False
S0011;2026-01-02 08:11:30;ventilation;0.554;False
S0003;2026-01-02 08:11:30;humidity;65.008;False
S0005;2026-01-02 08:11:30;ventilation;0.937;False
S0009;2026-01-02 08:11:30;humidity;61.406;False
S0011;2026-01-02 08:11:45;ventilation;0.655;False
S0010;2026-01-02 08:11:45;CO2_level;1096;False
S0001;2026-01-02 08:11:45;temperature;23.986;False
S0005;2026-01-02 08:11:45;ventilation;0.601;False
S0007;2026-01-02 08:11:45;temperature;22.897;False
S0004;2026-01-02 08:11:45;CO2_level;820;False
S0004;2026-01-02 08:12:00;CO2_level;674;False
S0001;2026-01-02 08:12:00;temperature;19.851;False
S0010;2026-01-02 08:12:00;CO2_level;1166;False
S0003;2026-01-02 08:12:00;humidity;60.258;False
S0005;2026-01-02 08:12:00;ventilation;0.54;False
S0007;2026-01-02 08:12:00;temperature;22.6;False
S0011;2026-01-02 08:12:00;ventilation;0.881;False
S0009;2026-01-02 08:12:00;humidity;61.853;False
S0007;2026-01-02 08:12:15;temperature;18.151;False
S0011;2026-01-02 08:12:15;ventilation;0.567;True
S0005;2026-01-02 08:12:15;ventilation;0.876;False
S0004;2026-01-02 08:12:15;CO2_level;1073;False
S0010;2026-01-02 08:12:15;CO2_level;1139;False
S0001;2026-01-02 08:12:15;temperature;19.769;False
S0004;2026-01-02 08:12:30;CO2_level;641;False
S0009;2026-01-02 08:12:30;humidity;65.552;False
S0011;2026-01-02 08:12:30;ventilation;0.935;False
S0005;2026-01-02 08:12:30;ventilation;0.676;False
S0003;2026-01-02 08:12:30;humidity;61.556;False
S0010;2026-01-02 08:12:30;CO2_level;null;True
S0007;2026-01-02 08:12:30;temperature;24.021;False
S0001;2026-01-02 08:12:30;temperature;24.785;False
S0007;2026-01-02 08:12:45;temperature;20.344;False
S0001;2026-01-02 08:12:45;temperature;20.185;False
S0005;2026-01-02 08:12:45;ventilation;0.805;False
S0010;2026-01-02 08:12:45;CO2_level;1073;False
S0011;2026-01-02 08:12:45;ventilation;0.912;False
S0004;2026-01-02 08:12:45;CO2_level;1157;False
S0005;2026-01-02 08:13:00;ventilation;0.92;False
S0007;2026-01-02 08:13:00;temperature;23.452;False
S0001;2026-01-02 08:13:00;temperature;21.447;False
S0003;2026-01-02 08:13:00;humidity;64.522;False
S0009;2026-01-02 08:13:00;humidity;66.28;False
S0004;2026-01-02 08:13:00;CO2_level;1158;False
S0010;2026-01-02 08:13:00;CO2_level;917;False
S0011;2026-01-02 08:13:00;ventilation;0.666;False
S0001;2026-01-02 08:13:15;temperature;18.008;False
S0004;2026-01-02 08:13:15;CO2_level;828;False
S0005;2026-01-02 08:13:15;ventilation;0.589;False
S0011;2026-01-02 08:13:15;ventilation;0.851;False
S0007;2026-01-02 08:13:15;temperature;19.707;False
S0010;2026-01-02 08:13:15;CO2_level;693;False
S0004;2026-01-02 08:13:30;CO2_level;1099;False
S0001;2026-01-02 08:13:30;temperature;25.47;False
S0009;2026-01-02 08:13:30;humidity;63.205;False
S0011;2026-01-02 08:13:30;ventilation;0.882;False
S0010;2026-01-02 08:13:30;CO2_level;674;False
S0005;2026-01-02 08:13:30;ventilation;0.501;False
S0003;2026-01-02 08:13:30;humidity;65.695;False
S0007;2026-01-02 08:13:30;temperature;25.323;False
S0001;2026-01-02 08:13:45;temperature;21.297;False
S0011;2026-01-02 08:13:45;ventilation;0.523;False
S0010;2026-01-02 08:13:45;CO2_level;779;False
S0007;2026-01-02 08:13:45;temperature;21.534;False
S0005;2026-01-02 08:13:45;ventilation;0.622;False
S0004;2026-01-02 08:13:45;CO2_level;709;False
S0001;2026-01-02 08:14:00;temperature;20.54;False
S0007;2026-01-02 08:14:00;temperature;18.034;False
S0003;2026-01-02 08:14:00;humidity;65.769;False
S0011;2026-01-02 08:14:00;ventilation;0.91;False
S0009;2026-01-02 08:14:00;humidity;68.458;False
S0005;2026-01-02 08:14:00;ventilation;0.537;False
S0004;2026-01-02 08:14:00;CO2_level;1170;False
S0010;2026-01-02 08:14:00;CO2_level;1128;False
S0010;2026-01-02 08:14:15;CO2_level;1149;False
S0007;2026-01-02 08:14:15;temperature;19.346;False
S0005;2026-01-02 08:14:15;ventilation;0.823;False
S0011;2026-01-02 08:14:15;ventilation;0.606;False
S0001;2026-01-02 08:14:15;temperature;22.282;False
S0004;2026-01-02 08:14:15;CO2_level;689;False
S0010;2026-01-02 08:14:30;CO2_level;1035;False
S0007;2026-01-02 08:14:30;temperature;20.48;False
S0011;2026-01-02 08:14:30;ventilation;0.866;False
S0004;2026-01-02 08:14:30;CO2_level;1084;False
S0001;2026-01-02 08:14:30;temperature;20.218;False
S0003;2026-01-02 08:14:30;humidity;63.15;False
S0005;2026-01-02 08:14:30;ventilation;null;True
S0009;2026-01-02 08:14:30;humidity;63.628;False
S0010;2026-01-02 08:14:45;CO2_level;698;False
S0007;2026-01-02 08:14:45;temperature;null;True
S0004;2026-01-02 08:14:45;CO2_level;1081;False
S0001;2026-01-02 08:14:45;temperature;23.044;False
S0005;2026-01-02 08:14:45;ventilation;0.592;False
S0011;2026-01-02 08:14:45;ventilation;0.739;False
S0001;2026-01-02 08:15:00;temperature;20.43;False
S0003;2026-01-02 08:15:00;humidity;63.588;False
S0007;2026-01-02 08:15:00;temperature;26.837;False
S0010;2026-01-02 08:15:00;CO2_level;1139;False
S0011;2026-01-02 08:15:00;ventilation;0.864;False
S0005;2026-01-02 08:15:00;ventilation;null;True
S0009;2026-01-02 08:15:00;humidity;67.638;False
S0004;2026-01-02 08:15:00;CO2_level;929;False
S0004;2026-01-02 08:15:15;CO2_level;644;False
S0005;2026-01-02 08:15:15;ventilation;0.675;False
S0001;2026-01-02 08:15:15;temperature;21.667;False
S0010;2026-01-02 08:15:15;CO2_level;817;False
S0007;2026-01-02 08:15:15;temperature;21.073;False
S0011;2026-01-02 08:15:15;ventilation;0.545;False
S0005;2026-01-02 08:15:30;ventilation;0.546;False
S0010;2026-01-02 08:15:30;CO2_level;916;False
S0004;2026-01-02 08:15:30;CO2_level;941;False
S0009;2026-01-02 08:15:30;humidity;65.506;False
S0007;2026-01-02 08:15:30;temperature;23.786;False
S0001;2026-01-02 08:15:30;temperature;24.948;False
S0011;2026-01-02 08:15:30;ventilation;0.982;False
S0003;2026-01-02 08:15:30;humidity;61.693;False
S0001;2026-01-02 08:15:45;temperature;22.939;False
S0010;2026-01-02 08:15:45;CO2_level;886;False
S0007;2026-01-02 08:15:45;temperature;20.646;True
S0004;2026-01-02 08:15:45;CO2_level;932;False
S0005;2026-01-02 08:15:45;ventilation;0.655;False
S0011;2026-01-02 08:15:45;ventilation;0.576;False
S0004;2026-01-02 08:16:00;CO2_level;971;False
S0003;2026-01-02 08:16:00;humidity;67.062;False
S0011;2026-01-02 08:16:00;ventilation;0.634;False
S0010;2026-01-02 08:16:00;CO2_level;764;False
S0005;2026-01-02 08:16:00;ventilation;0.707;False
S0009;2026-01-02 08:16:00;humidity;64.808;True
S0001;2026-01-02 08:16:00;temperature;20.377;False
S0007;2026-01-02 08:16:00;temperature;20.698;False
S0005;2026-01-02 08:16:15;ventilation;0.834;False
S0011;2026-01-02 08:16:15;ventilation;0.98;False
S0004;2026-01-02 08:16:15;CO2_level;952;False
S0007;2026-01-02 08:16:15;temperature;25.174;False
S0010;2026-01-02 08:16:15;CO2_level;993;False
S0001;2026-01-02 08:16:15;temperature;22.055;False
S0011;2026-01-02 08:16:30;ventilation;0.731;False
S0005;2026-01-02 08:16:30;ventilation;0.629;False
S0004;2026-01-02 08:16:30;CO2_level;691;False
S0003;2026-01-02 08:16:30;humidity;64.337;False
S0010;2026-01-02 08:16:30;CO2_level;695;False
S0009;2026-01-02 08:16:30;humidity;66.216;False
S0007;2026-01-02 08:16:30;temperature;20.838;False
S0001;2026-01-02 08:16:30;temperature;26.727;False
S0001;2026-01-02 08:16:45;temperature;21.274;False
S0011;2026-01-02 08:16:45;ventilation;0.996;False
S0005;2026-01-02 08:16:45;ventilation;0.57;False
S0004;2026-01-02 08:16:45;CO2_level;1153;False
S0007;2026-01-02 08:16:45;temperature;23.605;False
S0010;2026-01-02 08:16:45;CO2_level;971;False
S0004;2026-01-02 08:17:00;CO2_level;636;False
S0005;2026-01-02 08:17:00;ventilation;0.583;False
S0001;2026-01-02 08:17:00;temperature;21.506;False
S0009;2026-01-02 08:17:00;humidity;61.514;False
S0011;2026-01-02 08:17:00;ventilation;0.647;False
S0010;2026-01-02 08:17:00;CO2_level;1188;False
S0007;2026-01-02 08:17:00;temperature;25.592;False
S0003;2026-01-02 08:17:00;humidity;62.468;False
S0011;2026-01-02 08:17:15;ventilation;0.515;False
S0010;2026-01-02 08:17:15;CO2_level;729;False
S0007;2026-01-02 08:17:15;temperature;23.543;True
S0001;2026-01-02 08:17:15;temperature;22.908;False
S0005;2026-01-02 08:17:15;ventilation;0.547;True
S0004;2026-01-02 08:17:15;CO2_level;701;False
S0007;2026-01-02 08:17:30;temperature;18.949;False
S0011;2026-01-02 08:17:30;ventilation;0.657;False
S0004;2026-01-02 08:17:30;CO2_level;711;False
S0003;2026-01-02 08:17:30;humidity;65.213;False
S0001;2026-01-02 08:17:30;temperature;null;True
S0010;2026-01-02 08:17:30;CO2_level;1197;False
S0009;2026-01-02 08:17:30;humidity;64.681;False
S0005;2026-01-02 08:17:30;ventilation;0.58;False
S0005;2026-01-02 08:17:45;ventilation;0.993;False
S0010;2026-01-02 08:17:45;CO2_level;890;False
S0011;2026-01-02 08:17:45;ventilation;0.729;False
S0007;2026-01-02 08:17:45;temperature;20.786;False
S0004;2026-01-02 08:17:45;CO2_level;1195;False
S0001;2026-01-02 08:17:45;temperature;25.232;False
S0009;2026-01-02 08:18:00;humidity;64.682;False
S0007;2026-01-02 08:18:00;temperature;25.889;False
S0004;2026-01-02 08:18:00;CO2_level;943;False
S0003;2026-01-02 08:18:00;humidity;69.286;False
S0005;2026-01-02 08:18:00;ventilation;0.983;True
S0010;2026-01-02 08:18:00;CO2_level;1032;False
S0001;2026-01-02 08:18:00;temperature;23.227;False
S0011;2026-01-02 08:18:00;ventilation;0.536;False
S0011;2026-01-02 08:18:15;ventilation;0.508;False
S0004;2026-01-02 08:18:15;CO2_level;1193;False
S0001;2026-01-02 08:18:15;temperature;20.408;False
S0007;2026-01-02 08:18:15;temperature;19.927;True
S0005;2026-01-02 08:18:15;ventilation;0.662;False
S0010;2026-01-02 08:18:15;CO2_level;1110;False
S0004;2026-01-02 08:18:30;CO2_level;769;False
S0009;2026-01-02 08:18:30;humidity;62.308;False
S0007;2026-01-02 08:18:30;temperature;25.988;False
S0010;2026-01-02 08:18:30;CO2_level;890;False
S0011;2026-01-02 08:18:30;ventilation;0.516;False
S0003;2026-01-02 08:18:30;humidity;67.154;False
S0001;2026-01-02 08:18:30;temperature;24.803;False
S0005;2026-01-02 08:18:30;ventilation;0.767;False
S0011;2026-01-02 08:18:45;ventilation;0.961;False
S0007;2026-01-02 08:18:45;temperature;21.699;False
S0010;2026-01-02 08:18:45;CO2_level;679;False
S0001;2026-01-02 08:18:45;temperature;25.209;False
S0004;2026-01-02 08:18:45;CO2_level;627;False
S0005;2026-01-02 08:18:45;ventilation;0.68;False
S0004;2026-01-02 08:19:00;CO2_level;876;False
S0005;2026-01-02 08:19:00;ventilation;0.949;False
S0011;2026-01-02 08:19:00;ventilation;0.508;False
S0001;2026-01-02 08:19:00;temperature;25.932;False
S0003;2026-01-02 08:19:00;humidity;62.747;False
S0007;2026-01-02 08:19:00;temperature;25.499;True
S0009;2026-01-02 08:19:00;humidity;60.165;False
S0010;2026-01-02 08:19:00;CO2_level;1155;False
S0011;2026-01-02 08:19:15;ventilation;0.944;False
S0005;2026-01-02 08:19:15;ventilation;0.587;False
S0010;2026-01-02 08:19:15;CO2_level;1137;False
S0007;2026-01-02 08:19:15;temperature;19.433;False
S0004;2026-01-02 08:19:15;CO2_level;744;False
S0001;2026-01-02 08:19:15;temperature;21.096;False
S0010;2026-01-02 08:19:30;CO2_level;773;False
S0011;2026-01-02 08:19:30;ventilation;0.955;False
S0003;2026-01-02 08:19:30;humidity;67.572;False
S0005;2026-01-02 08:19:30;ventilation;0.718;False
S0004;2026-01-02 08:19:30;CO2_level;1131;False
S0009;2026-01-02 08:19:30;humidity;63.372;False
S0007;2026-01-02 08:19:30;temperature;21.714;True
S0001;2026-01-02 08:19:30;temperature;26.121;False
S0011;2026-01-02 08:19:45;ventilation;0.872;False
S0007;2026-01-02 08:19:45;temperature;26.509;True
S0001;2026-01-02 08:19:45;temperature;24.406;False
S0005;2026-01-02 08:19:45;ventilation;0.53;False
S0010;2026-01-02 08:19:45;CO2_level;745;False
S0004;2026-01-02 08:19:45;CO2_level;1065;False
S0003;2026-01-02 08:20:00;humidity;null;True
S0001;2026-01-02 08:20:00;temperature;19.088;False
S0005;2026-01-02 08:20:00;ventilation;0.85;False
S0011;2026-01-02 08:20:00;ventilation;0.7;False
S0007;2026-01-02 08:20:00;temperature;18.414;False
S0009;2026-01-02 08:20:00;humidity;64.327;False
S0010;2026-01-02 08:20:00;CO2_level;835;False
S0004;2026-01-02 08:20:00;CO2_level;809;False
S0010;2026-01-02 08:20:15;CO2_level;604;False
S0005;2026-01-02 08:20:15;ventilation;0.669;False
S0001;2026-01-02 08:20:15;temperature;23.556;False
S0007;2026-01-02 08:20:15;temperature;20.7;False
S0011;2026-01-02 08:20:15;ventilation;0.9;False
S0004;2026-01-02 08:20:15;CO2_level;1165;False
S0003;2026-01-02 08:20:30;humidity;69.172;False
S0011;2026-01-02 08:20:30;ventilation;0.668;False
S0007;2026-01-02 08:20:30;temperature;24.896;False
S0004;2026-01-02 08:20:30;CO2_level;926;False
S0009;2026-01-02 08:20:30;humidity;65.384;False
S0010;2026-01-02 08:20:30;CO2_level;852;False
S0005;2026-01-02 08:20:30;ventilation;0.708;False
S0001;2026-01-02 08:20:30;temperature;23.553;False
S0004;2026-01-02 08:20:45;CO2_level;919;False
S0010;2026-01-02 08:20:45;CO2_level;1146;False
S0005;2026-01-02 08:20:45;ventilation;0.648;False
S0007;2026-01-02 08:20:45;temperature;20.79;False
S0011;2026-01-02 08:20:45;ventilation;0.651;True
S0001;2026-01-02 08:20:45;temperature;20.806;False
S0010;2026-01-02 08:21:00;CO2_level;800;False
S0005;2026-01-02 08:21:00;ventilation;null;True
S0003;2026-01-02 08:21:00;humidity;68.808;False
S0009;2026-01-02 08:21:00;humidity;66.41;False
S0001;2026-01-02 08:21:00;temperature;22.626;False
S0011;2026-01-02 08:21:00;ventilation;0.592;False
S0007;2026-01-02 08:21:00;temperature;18.897;False
S0004;2026-01-02 08:21:00;CO2_level;809;False
S0011;2026-01-02 08:21:15;ventilation;0.821;False
S0007;2026-01-02 08:21:15;temperature;25.028;True
S0004;2026-01-02 08:21:15;CO2_level;1054;False
S0010;2026-01-02 08:21:15;CO2_level;1086;False
S0005;2026-01-02 08:21:15;ventilation;0.713;False
S0001;2026-01-02 08:21:15;temperature;22.074;False
S0007;2026-01-02 08:21:30;temperature;25.192;False
S0003;2026-01-02 08:21:30;humidity;61.81;False
S0011;2026-01-02 08:21:30;ventilation;0.781;False
S0004;2026-01-02 08:21:30;CO2_level;1107;False
S0010;2026-01-02 08:21:30;CO2_level;1186;False
S0001;2026-01-02 08:21:30;temperature;25.656;False
S0009;2026-01-02 08:21:30;humidity;68.226;False
S0005;2026-01-02 08:21:30;ventilation;0.796;False
S0005;2026-01-02 08:21:45;ventilation;0.588;True
S0010;2026-01-02 08:21:45;CO2_level;902;False
S0001;2026-01-02 08:21:45;temperature;25.887;False
S0004;2026-01-02 08:21:45;CO2_level;792;False
S0007;2026-01-02 08:21:45;temperature;22.341;False
S0011;2026-01-02 08:21:45;ventilation;0.52;False
S0010;2026-01-02 08:22:00;CO2_level;779;True
S0005;2026-01-02 08:22:00;ventilation;0.766;False
S0001;2026-01-02 08:22:00;temperature;19.459;False
S0003;2026-01-02 08:22:00;humidity;67.46;False
S0009;2026-01-02 08:22:00;humidity;60.013;False
S0011;2026-01-02 08:22:00;ventilation;0.593;False
S0004;2026-01-02 08:22:00;CO2_level;1054;False
S0007;2026-01-02 08:22:00;temperature;19.927;False
S0011;2026-01-02 08:22:15;ventilation;0.52;False
S0010;2026-01-02 08:22:15;CO2_level;1070;False
S0007;2026-01-02 08:22:15;temperature;23.841;False
S0004;2026-01-02 08:22:15;CO2_level;1080;False
S0005;2026-01-02 08:22:15;ventilation;0.608;False
S0001;2026-01-02 08:22:15;temperature;21.718;False
S0009;2026-01-02 08:22:30;humidity;69.127;False
S0007;2026-01-02 08:22:30;temperature;18.513;False
S0005;2026-01-02 08:22:30;ventilation;0.907;False
S0011;2026-01-02 08:22:30;ventilation;0.917;False
S0001;2026-01-02 08:22:30;temperature;22.514;True
S0003;2026-01-02 08:22:30;humidity;65.536;False
S0004;2026-01-02 08:22:30;CO2_level;1108;False
S0010;2026-01-02 08:22:30;CO2_level;655;False
S0001;2026-01-02 08:22:45;temperature;20.64;False
S0005;2026-01-02 08:22:45;ventilation;0.96;False
S0007;2026-01-02 08:22:45;temperature;25.098;False
S0010;2026-01-02 08:22:45;CO2_level;null;True
S0011;2026-01-02 08:22:45;ventilation;0.74;False
S0004;2026-01-02 08:22:45;CO2_level;946;False
S0010;2026-01-02 08:23:00;CO2_level;791;False
S0001;2026-01-02 08:23:00;temperature;18.577;False
S0005;2026-01-02 08:23:00;ventilation;0.721;False
S0007;2026-01-02 08:23:00;temperature;21.41;False
S0003;2026-01-02 08:23:00;humidity;60.269;False
S0011;2026-01-02 08:23:00;ventilation;0.793;False
S0004;2026-01-02 08:23:00;CO2_level;1051;False
S0009;2026-01-02 08:23:00;humidity;69.923;False
S0005;2026-01-02 08:23:15;ventilation;0.68;False
S0011;2026-01-02 08:23:15;ventilation;0.795;False
S0010;2026-01-02 08:23:15;CO2_level;925;False
S0004;2026-01-02 08:23:15;CO2_level;895;False
S0001;2026-01-02 08:23:15;temperature;24.156;False
S0007;2026-01-02 08:23:15;temperature;21.577;False
S0005;2026-01-02 08:23:30;ventilation;0.856;False
S0003;2026-01-02 08:23:30;humidity;60.304;False
S0011;2026-01-02 08:23:30;ventilation;0.73;False
S0004;2026-01-02 08:23:30;CO2_level;775;False
S0010;2026-01-02 08:23:30;CO2_level;1113;False
S0009;2026-01-02 08:23:30;humidity;64.752;False
S0007;2026-01-02 08:23:30;temperature;21.175;False
S0001;2026-01-02 08:23:30;temperature;21.206;False
S0007;2026-01-02 08:23:45;temperature;25.668;False
S0011;2026-01-02 08:23:45;ventilation;0.627;False
S0004;2026-01-02 08:23:45;CO2_level;690;False
S0010;2026-01-02 08:23:45;CO2_level;685;False
S0005;2026-01-02 08:23:45;ventilation;0.911;True
S0001;2026-01-02 08:23:45;temperature;23.119;False
S0011;2026-01-02 08:24:00;ventilation;0.72;False
S0009;2026-01-02 08:24:00;humidity;67.756;False
S0004;2026-01-02 08:24:00;CO2_level;641;False
S0005;2026-01-02 08:24:00;ventilation;0.897;False
S0001;2026-01-02 08:24:00;temperature;25.946;False
S0003;2026-01-02 08:24:00;humidity;65.637;False
S0010;2026-01-02 08:24:00;CO2_level;896;False
S0007;2026-01-02 08:24:00;temperature;22.554;False
S0001;2026-01-02 08:24:15;temperature;26.45;False
S0004;2026-01-02 08:24:15;CO2_level;932;False
S0007;2026-01-02 08:24:15;temperature;24.114;False
S0005;2026-01-02 08:24:15;ventilation;0.54;False
S0010;2026-01-02 08:24:15;CO2_level;661;False
S0011;2026-01-02 08:24:15;ventilation;0.932;False
S0004;2026-01-02 08:24:30;CO2_level;1060;True
S0010;2026-01-02 08:24:30;CO2_level;1022;False
S0003;2026-01-02 08:24:30;humidity;62.407;False
S0001;2026-01-02 08:24:30;temperature;25.296;False
S0011;2026-01-02 08:24:30;ventilation;0.872;False
S0009;2026-01-02 08:24:30;humidity;64.677;True
S0007;2026-01-02 08:24:30;temperature;21.231;False
S0005;2026-01-02 08:24:30;ventilation;0.646;False
S0005;2026-01-02 08:24:45;ventilation;0.915;False
S0007;2026-01-02 08:24:45;temperature;26.84;False
S0011;2026-01-02 08:24:45;ventilation;0.975;False
S0004;2026-01-02 08:24:45;CO2_level;1035;False
S0010;2026-01-02 08:24:45;CO2_level;1129;False
S0001;2026-01-02 08:24:45;temperature;19.006;False
S0005;2026-01-02 08:25:00;ventilation;0.768;False
S0007;2026-01-02 08:25:00;temperature;21.225;True
S0009;2026-01-02 08:25:00;humidity;61.943;False
S0011;2026-01-02 08:25:00;ventilation;0.951;False
S0010;2026-01-02 08:25:00;CO2_level;988;False
S0003;2026-01-02 08:25:00;humidity;61.336;False
S0001;2026-01-02 08:25:00;temperature;20.078;False
S0004;2026-01-02 08:25:00;CO2_level;632;False
S0001;2026-01-02 08:25:15;temperature;22.626;False
S0011;2026-01-02 08:25:15;ventilation;0.852;False
S0005;2026-01-02 08:25:15;ventilation;0.537;False
S0004;2026-01-02 08:25:15;CO2_level;617;False
S0007;2026-01-02 08:25:15;temperature;18.634;False
S0010;2026-01-02 08:25:15;CO2_level;1052;False
S0001;2026-01-02 08:25:30;temperature;20.793;False
S0004;2026-01-02 08:25:30;CO2_level;810;False
S0009;2026-01-02 08:25:30;humidity;67.525;False
S0011;2026-01-02 08:25:30;ventilation;0.714;False
S0010;2026-01-02 08:25:30;CO2_level;722;False
S0007;2026-01-02 08:25:30;temperature;26.383;False
S0005;2026-01-02 08:25:30;ventilation;0.569;False
S0003;2026-01-02 08:25:30;humidity;65.777;False
S0007;2026-01-02 08:25:45;temperature;null;True
S0004;2026-01-02 08:25:45;CO2_level;1068;False
S0001;2026-01-02 08:25:45;temperature;22.929;False
S0005;2026-01-02 08:25:45;ventilation;0.736;False
S0010;2026-01-02 08:25:45;CO2_level;1134;False
S0011;2026-01-02 08:25:45;ventilation;0.834;False
S0004;2026-01-02 08:26:00;CO2_level;1168;False
S0011;2026-01-02 08:26:00;ventilation;0.724;False
S0005;2026-01-02 08:26:00;ventilation;0.756;False
S0009;2026-01-02 08:26:00;humidity;62.004;False
S0001;2026-01-02 08:26:00;temperature;23.492;False
S0003;2026-01-02 08:26:00;humidity;69.475;False
S0007;2026-01-02 08:26:00;temperature;26.778;False
S0010;2026-01-02 08:26:00;CO2_level;656;False
S0004;2026-01-02 08:26:15;CO2_level;634;False
S0001;2026-01-02 08:26:15;temperature;26.233;False
S0010;2026-01-02 08:26:15;CO2_level;756;False
S0005;2026-01-02 08:26:15;ventilation;0.821;False
S0007;2026-01-02 08:26:15;temperature;22.235;False
S0011;2026-01-02 08:26:15;ventilation;0.603;False
S0007;2026-01-02 08:26:30;temperature;22.836;False
S0005;2026-01-02 08:26:30;ventilation;0.629;False
S0001;2026-01-02 08:26:30;temperature;23.563;False
S0011;2026-01-02 08:26:30;ventilation;0.978;False
S0003;2026-01-02 08:26:30;humidity;68.698;False
S0004;2026-01-02 08:26:30;CO2_level;1041;False
S0009;2026-01-02 08:26:30;humidity;69.67;False
S0010;2026-01-02 08:26:30;CO2_level;1175;False
S0010;2026-01-02 08:26:45;CO2_level;986;False
S0004;2026-01-02 08:26:45;CO2_level;935;False
S0011;2026-01-02 08:26:45;ventilation;0.536;False
S0001;2026-01-02 08:26:45;temperature;23.883;False
S0005;2026-01-02 08:26:45;ventilation;0.614;False
S0007;2026-01-02 08:26:45;temperature;21.079;False
S0011;2026-01-02 08:27:00;ventilation;0.551;False
S0001;2026-01-02 08:27:00;temperature;24.04;False
S0004;2026-01-02 08:27:00;CO2_level;1109;False
S0010;2026-01-02 08:27:00;CO2_level;1104;False
S0007;2026-01-02 08:27:00;temperature;23.34;False
S0009;2026-01-02 08:27:00;humidity;67.401;False
S0005;2026-01-02 08:27:00;ventilation;0.605;False
S0003;2026-01-02 08:27:00;humidity;64.253;False
S0010;2026-01-02 08:27:15;CO2_level;799;False
S0001;2026-01-02 08:27:15;temperature;20.414;False
S0011;2026-01-02 08:27:15;ventilation;0.561;False
S0007;2026-01-02 08:27:15;temperature;20.942;False
S0004;2026-01-02 08:27:15;CO2_level;1099;False
S0005;2026-01-02 08:27:15;ventilation;0.521;False
S0003;2026-01-02 08:27:30;humidity;60.375;False
S0001;2026-01-02 08:27:30;temperature;23.754;False
S0007;2026-01-02 08:27:30;temperature;18.161;False
S0011;2026-01-02 08:27:30;ventilation;0.639;False
S0010;2026-01-02 08:27:30;CO2_level;845;False
S0009;2026-01-02 08:27:30;humidity;61.617;False
S0004;2026-01-02 08:27:30;CO2_level;746;False
S0005;2026-01-02 08:27:30;ventilation;0.618;False
S0001;2026-01-02 08:27:45;temperature;22.025;False
S0005;2026-01-02 08:27:45;ventilation;0.803;False
S0011;2026-01-02 08:27:45;ventilation;0.757;False
S0010;2026-01-02 08:27:45;CO2_level;953;False
S0004;2026-01-02 08:27:45;CO2_level;677;False
S0007;2026-01-02 08:27:45;temperature;19.914;False
S0001;2026-01-02 08:28:00;temperature;23.158;False
S0010;2026-01-02 08:28:00;CO2_level;null;True
S0009;2026-01-02 08:28:00;humidity;62.312;False
S0007;2026-01-02 08:28:00;temperature;25.919;False
S0005;2026-01-02 08:28:00;ventilation;0.804;False
S0004;2026-01-02 08:28:00;CO2_level;846;False
S0011;2026-01-02 08:28:00;ventilation;0.577;False
S0003;2026-01-02 08:28:00;humidity;68.441;False
S0001;2026-01-02 08:28:15;temperature;18.117;False
S0011;2026-01-02 08:28:15;ventilation;0.588;False
S0010;2026-01-02 08:28:15;CO2_level;870;False
S0005;2026-01-02 08:28:15;ventilation;0.626;False
S0004;2026-01-02 08:28:15;CO2_level;null;True
S0007;2026-01-02 08:28:15;temperature;23.396;False
S0005;2026-01-02 08:28:30;ventilation;0.857;False
S0001;2026-01-02 08:28:30;temperature;19.202;False
S0007;2026-01-02 08:28:30;temperature;18.926;False
S0011;2026-01-02 08:28:30;ventilation;0.847;False
S0010;2026-01-02 08:28:30;CO2_level;1157;False
S0009;2026-01-02 08:28:30;humidity;60.084;False
S0004;2026-01-02 08:28:30;CO2_level;992;False
S0003;2026-01-02 08:28:30;humidity;68.891;False
S0001;2026-01-02 08:28:45;temperature;24.863;False
S0010;2026-01-02 08:28:45;CO2_level;728;False
S0004;2026-01-02 08:28:45;CO2_level;604;False
S0011;2026-01-02 08:28:45;ventilation;0.555;False
S0005;2026-01-02 08:28:45;ventilation;0.832;False
S0007;2026-01-02 08:28:45;temperature;21.955;False
S0011;2026-01-02 08:29:00;ventilation;0.728;True
S0004;2026-01-02 08:29:00;CO2_level;693;False
S0001;2026-01-02 08:29:00;temperature;25.441;False
S0003;2026-01-02 08:29:00;humidity;62.432;False
S0005;2026-01-02 08:29:00;ventilation;0.533;False
S0009;2026-01-02 08:29:00;humidity;null;True
S0010;2026-01-02 08:29:00;CO2_level;1176;False
S0007;2026-01-02 08:29:00;temperature;25.769;False
S0011;2026-01-02 08:29:15;ventilation;0.519;False
S0001;2026-01-02 08:29:15;temperature;23.27;False
S0004;2026-01-02 08:29:15;CO2_level;856;False
S0005;2026-01-02 08:29:15;ventilation;0.749;False
S0010;2026-01-02 08:29:15;CO2_level;1048;False
S0007;2026-01-02 08:29:15;temperature;20.519;False
S0005;2026-01-02 08:29:30;ventilation;0.681;False
S0001;2026-01-02 08:29:30;temperature;22.491;False
S0004;2026-01-02 08:29:30;CO2_level;618;False
S0009;2026-01-02 08:29:30;humidity;66.769;False
S0010;2026-01-02 08:29:30;CO2_level;1011;False
S0003;2026-01-02 08:29:30;humidity;67.503;False
S0011;2026-01-02 08:29:30;ventilation;0.835;False
S0007;2026-01-02 08:29:30;temperature;23.979;False
S0005;2026-01-02 08:29:45;ventilation;0.546;False
S0001;2026-01-02 08:29:45;temperature;20.823;False
S0004;2026-01-02 08:29:45;CO2_level;896;False
S0007;2026-01-02 08:29:45;temperature;24.874;False
S0011;2026-01-02 08:29:45;ventilation;0.662;False
S0010;2026-01-02 08:29:45;CO2_level;793;False
S0010;2026-01-02 08:30:00;CO2_level;978;False
S0011;2026-01-02 08:30:00;ventilation;0.695;False
S0001;2026-01-02 08:30:00;temperature;23.369;False
S0005;2026-01-02 08:30:00;ventilation;0.826;False
S0003;2026-01-02 08:30:00;humidity;null;True
S0004;2026-01-02 08:30:00;CO2_level;null;True
S0007;2026-01-02 08:30:00;temperature;18.316;False
S0009;2026-01-02 08:30:00;humidity;62.559;False
S0004;2026-01-02 08:30:15;CO2_level;725;False
S0010;2026-01-02 08:30:15;CO2_level;818;False
S0007;2026-01-02 08:30:15;temperature;20.383;False
S0011;2026-01-02 08:30:15;ventilation;0.524;False
S0005;2026-01-02 08:30:15;ventilation;0.954;False
S0001;2026-01-02 08:30:15;temperature;26.727;False
S0004;2026-01-02 08:30:30;CO2_level;1176;False
S0003;2026-01-02 08:30:30;humidity;62.424;False
S0001;2026-01-02 08:30:30;temperature;21.359;True
S0009;2026-01-02 08:30:30;humidity;60.366;False
S0007;2026-01-02 08:30:30;temperature;24.915;False
S0005;2026-01-02 08:30:30;ventilation;0.644;False
S0011;2026-01-02 08:30:30;ventilation;0.703;False
S0010;2026-01-02 08:30:30;CO2_level;725;False
S0007;2026-01-02 08:30:45;temperature;26.685;False
S0005;2026-01-02 08:30:45;ventilation;0.899;False
S0011;2026-01-02 08:30:45;ventilation;0.959;False
S0010;2026-01-02 08:30:45;CO2_level;1007;False
S0004;2026-01-02 08:30:45;CO2_level;800;False
S0001;2026-01-02 08:30:45;temperature;19.947;False
S0010;2026-01-02 08:31:00;CO2_level;1111;False
S0004;2026-01-02 08:31:00;CO2_level;731;False
S0001;2026-01-02 08:31:00;temperature;24.015;False
S0005;2026-01-02 08:31:00;ventilation;0.655;False
S0007;2026-01-02 08:31:00;temperature;21.282;False
S0011;2026-01-02 08:31:00;ventilation;0.79;False
S0003;2026-01-02 08:31:00;humidity;67.702;False
S0009;2026-01-02 08:31:00;humidity;60.715;False
S0004;2026-01-02 08:31:15;CO2_level;1022;False
S0010;2026-01-02 08:31:15;CO2_level;1015;False
S0005;2026-01-02 08:31:15;ventilation;0.736;False
S0011;2026-01-02 08:31:15;ventilation;0.629;False
S0001;2026-01-02 08:31:15;temperature;25.917;False
S0007;2026-01-02 08:31:15;temperature;21.576;False
S0004;2026-01-02 08:31:30;CO2_level;811;False
S0003;2026-01-02 08:31:30;humidity;66.409;False
S0001;2026-01-02 08:31:30;temperature;26.22;False
S0009;2026-01-02 08:31:30;humidity;62.411;False
S0010;2026-01-02 08:31:30;CO2_level;1188;False
S0005;2026-01-02 08:31:30;ventilation;0.734;False
S0007;2026-01-02 08:31:30;temperature;22.814;False
S0011;2026-01-02 08:31:30;ventilation;0.724;False
S0001;2026-01-02 08:31:45;temperature;26.649;False
S0004;2026-01-02 08:31:45;CO2_level;1195;False
S0005;2026-01-02 08:31:45;ventilation;0.594;False
S0007;2026-01-02 08:31:45;temperature;20.369;False
S0011;2026-01-02 08:31:45;ventilation;0.647;True
S0010;2026-01-02 08:31:45;CO2_level;649;False
S0010;2026-01-02 08:32:00;CO2_level;675;False
S0011;2026-01-02 08:32:00;ventilation;null;True
S0004;2026-01-02 08:32:00;CO2_level;840;False
S0003;2026-01-02 08:32:00;humidity;68.294;False
S0009;2026-01-02 08:32:00;humidity;61.19;False
S0001;2026-01-02 08:32:00;temperature;null;True
S0007;2026-01-02 08:32:00;temperature;20.774;False
S0005;2026-01-02 08:32:00;ventilation;0.579;False
S0011;2026-01-02 08:32:15;ventilation;0.988;False
S0007;2026-01-02 08:32:15;temperature;25.067;False
S0010;2026-01-02 08:32:15;CO2_level;764;False
S0001;2026-01-02 08:32:15;temperature;23.448;False
S0004;2026-01-02 08:32:15;CO2_level;819;False
S0005;2026-01-02 08:32:15;ventilation;0.574;False
S0004;2026-01-02 08:32:30;CO2_level;702;False
S0009;2026-01-02 08:32:30;humidity;68.457;False
S0005;2026-01-02 08:32:30;ventilation;0.692;False
S0001;2026-01-02 08:32:30;temperature;19.178;True
S0010;2026-01-02 08:32:30;CO2_level;772;False
S0003;2026-01-02 08:32:30;humidity;64.472;False
S0011;2026-01-02 08:32:30;ventilation;0.885;False
S0007;2026-01-02 08:32:30;temperature;25.644;False
S0005;2026-01-02 08:32:45;ventilation;0.688;False
S0001;2026-01-02 08:32:45;temperature;21.918;False
S0004;2026-01-02 08:32:45;CO2_level;942;False
S0011;2026-01-02 08:32:45;ventilation;0.841;False
S0007;2026-01-02 08:32:45;temperature;20.594;False
S0010;2026-01-02 08:32:45;CO2_level;610;False
S0007;2026-01-02 08:33:00;temperature;18.24;False
S0004;2026-01-02 08:33:00;CO2_level;997;False
S0003;2026-01-02 08:33:00;humidity;60.625;False
S0011;2026-01-02 08:33:00;ventilation;0.952;False
S0010;2026-01-02 08:33:00;CO2_level;622;False
S0005;2026-01-02 08:33:00;ventilation;0.929;False
S0009;2026-01-02 08:33:00;humidity;61.037;False
S0001;2026-01-02 08:33:00;temperature;26.023;True
S0001;2026-01-02 08:33:15;temperature;18.313;False
S0010;2026-01-02 08:33:15;CO2_level;737;False
S0011;2026-01-02 08:33:15;ventilation;0.851;False
S0004;2026-01-02 08:33:15;CO2_level;1144;True
S0007;2026-01-02 08:33:15;temperature;26.522;False
S0005;2026-01-02 08:33:15;ventilation;0.811;False
S0010;2026-01-02 08:33:30;CO2_level;1102;False
S0004;2026-01-02 08:33:30;CO2_level;1127;False
S0003;2026-01-02 08:33:30;humidity;65.185;True
S0009;2026-01-02 08:33:30;humidity;66.194;False
S0005;2026-01-02 08:33:30;ventilation;0.594;False
S0001;2026-01-02 08:33:30;temperature;20.436;True
S0011;2026-01-02 08:33:30;ventilation;0.552;False
S0007;2026-01-02 08:33:30;temperature;24.386;False
S0011;2026-01-02 08:33:45;ventilation;0.52;False
S0010;2026-01-02 08:33:45;CO2_level;965;False
S0004;2026-01-02 08:33:45;CO2_level;1005;False
S0007;2026-01-02 08:33:45;temperature;26.022;False
S0005;2026-01-02 08:33:45;ventilation;null;True
S0001;2026-01-02 08:33:45;temperature;22.689;False
S0007;2026-01-02 08:34:00;temperature;20.938;False
S0004;2026-01-02 08:34:00;CO2_level;811;False
S0003;2026-01-02 08:34:00;humidity;64.764;False
S0005;2026-01-02 08:34:00;ventilation;0.861;False
S0009;2026-01-02 08:34:00;humidity;69.532;False
S0001;2026-01-02 08:34:00;temperature;24.317;False
S0011;2026-01-02 08:34:00;ventilation;0.953;False
S0010;2026-01-02 08:34:00;CO2_level;774;False
S0010;2026-01-02 08:34:15;CO2_level;1123;False
S0005;2026-01-02 08:34:15;ventilation;0.698;False
S0001;2026-01-02 08:34:15;temperature;21.698;False
S0011;2026-01-02 08:34:15;ventilation;0.762;False
S0007;2026-01-02 08:34:15;temperature;25.83;False
S0004;2026-01-02 08:34:15;CO2_level;688;False
S0009;2026-01-02 08:34:30;humidity;63.07;False
S0004;2026-01-02 08:34:30;CO2_level;658;False
S0010;2026-01-02 08:34:30;CO2_level;740;False
S0003;2026-01-02 08:34:30;humidity;65.722;False
S0007;2026-01-02 08:34:30;temperature;25.36;False
S0011;2026-01-02 08:34:30;ventilation;0.965;False
S0005;2026-01-02 08:34:30;ventilation;0.712;False
S0001;2026-01-02 08:34:30;temperature;25.097;True
S0004;2026-01-02 08:34:45;CO2_level;620;False
S0010;2026-01-02 08:34:45;CO2_level;801;False
S0011;2026-01-02 08:34:45;ventilation;0.836;False
S0005;2026-01-02 08:34:45;ventilation;0.718;False
S0001;2026-01-02 08:34:45;temperature;21.389;False
S0007;2026-01-02 08:34:45;temperature;25.266;False
S0007;2026-01-02 08:35:00;temperature;24.514;False
S0011;2026-01-02 08:35:00;ventilation;0.81;False
S0005;2026-01-02 08:35:00;ventilation;0.539;False
S0004;2026-01-02 08:35:00;CO2_level;1151;False
S0009;2026-01-02 08:35:00;humidity;62.514;False
S0010;2026-01-02 08:35:00;CO2_level;1144;False
S0001;2026-01-02 08:35:00;temperature;19.333;False
S0003;2026-01-02 08:35:00;humidity;69.088;False
S0010;2026-01-02 08:35:15;CO2_level;813;False
S0005;2026-01-02 08:35:15;ventilation;0.642;False
S0007;2026-01-02 08:35:15;temperature;20.489;False
S0001;2026-01-02 08:35:15;temperature;26.123;False
S0011;2026-01-02 08:35:15;ventilation;0.695;True
S0004;2026-01-02 08:35:15;CO2_level;1182;False
S0009;2026-01-02 08:35:30;humidity;66.194;False
S0010;2026-01-02 08:35:30;CO2_level;631;False
S0003;2026-01-02 08:35:30;humidity;64.05;False
S0007;2026-01-02 08:35:30;temperature;20.733;False
S0011;2026-01-02 08:35:30;ventilation;0.928;False
S0001;2026-01-02 08:35:30;temperature;21.021;False
S0004;2026-01-02 08:35:30;CO2_level;998;False
S0005;2026-01-02 08:35:30;ventilation;0.928;False
S0004;2026-01-02 08:35:45;CO2_level;1052;False
S0010;2026-01-02 08:35:45;CO2_level;645;False
S0001;2026-01-02 08:35:45;temperature;25.304;True
S0011;2026-01-02 08:35:45;ventilation;0.813;False
S0007;2026-01-02 08:35:45;temperature;22.532;False
S0005;2026-01-02 08:35:45;ventilation;0.953;False
S0003;2026-01-02 08:36:00;humidity;67.823;False
S0001;2026-01-02 08:36:00;temperature;24.984;False
S0007;2026-01-02 08:36:00;temperature;20.015;False
S0009;2026-01-02 08:36:00;humidity;68.209;False
S0010;2026-01-02 08:36:00;CO2_level;895;False
S0005;2026-01-02 08:36:00;ventilation;0.546;False
S0011;2026-01-02 08:36:00;ventilation;0.854;False
S0004;2026-01-02 08:36:00;CO2_level;747;False
S0007;2026-01-02 08:36:15;temperature;26.139;False
S0011;2026-01-02 08:36:15;ventilation;0.944;False
S0010;2026-01-02 08:36:15;CO2_level;609;False
S0001;2026-01-02 08:36:15;temperature;26.491;False
S0004;2026-01-02 08:36:15;CO2_level;908;True
S0005;2026-01-02 08:36:15;ventilation;0.55;False
S0009;2026-01-02 08:36:30;humidity;60.858;False
S0010;2026-01-02 08:36:30;CO2_level;1153;False
S0007;2026-01-02 08:36:30;temperature;24.336;False
S0003;2026-01-02 08:36:30;humidity;61.041;False
S0001;2026-01-02 08:36:30;temperature;24.559;False
S0011;2026-01-02 08:36:30;ventilation;0.964;False
S0004;2026-01-02 08:36:30;CO2_level;772;False
S0005;2026-01-02 08:36:30;ventilation;0.808;False
S0005;2026-01-02 08:36:45;ventilation;0.796;False
S0011;2026-01-02 08:36:45;ventilation;0.551;False
S0007;2026-01-02 08:36:45;temperature;24.467;False
S0004;2026-01-02 08:36:45;CO2_level;978;False
S0001;2026-01-02 08:36:45;temperature;19.784;False
S0010;2026-01-02 08:36:45;CO2_level;674;False
S0007;2026-01-02 08:37:00;temperature;20.294;False
S0005;2026-01-02 08:37:00;ventilation;0.636;True
S0009;2026-01-02 08:37:00;humidity;61.911;False
S0004;2026-01-02 08:37:00;CO2_level;1062;False
S0003;2026-01-02 08:37:00;humidity;69.829;False
S0011;2026-01-02 08:37:00;ventilation;0.907;True
S0010;2026-01-02 08:37:00;CO2_level;1088;False
S0001;2026-01-02 08:37:00;temperature;21.591;False
S0005;2026-01-02 08:37:15;ventilation;0.822;False
S0011;2026-01-02 08:37:15;ventilation;0.7;False
S0001;2026-01-02 08:37:15;temperature;21.179;False
S0010;2026-01-02 08:37:15;CO2_level;955;False
S0007;2026-01-02 08:37:15;temperature;21.588;False
S0004;2026-01-02 08:37:15;CO2_level;921;False
S0010;2026-01-02 08:37:30;CO2_level;693;False
S0011;2026-01-02 08:37:30;ventilation;0.551;False
S0009;2026-01-02 08:37:30;humidity;68.799;False
S0005;2026-01-02 08:37:30;ventilation;0.816;False
S0007;2026-01-02 08:37:30;temperature;21.104;False
S0004;2026-01-02 08:37:30;CO2_level;689;False
S0001;2026-01-02 08:37:30;temperature;18.682;False
S0003;2026-01-02 08:37:30;humidity;62.106;False
S0010;2026-01-02 08:37:45;CO2_level;1044;False
S0011;2026-01-02 08:37:45;ventilation;0.913;False
S0005;2026-01-02 08:37:45;ventilation;0.937;False
S0004;2026-01-02 08:37:45;CO2_level;755;False
S0007;2026-01-02 08:37:45;temperature;18.042;False
S0001;2026-01-02 08:37:45;temperature;20.468;False
S0003;2026-01-02 08:38:00;humidity;62.448;False
S0001;2026-01-02 08:38:00;temperature;26.178;True
S0010;2026-01-02 08:38:00;CO2_level;677;False
S0007;2026-01-02 08:38:00;temperature;24.244;False
S0004;2026-01-02 08:38:00;CO2_level;1059;False
S0009;2026-01-02 08:38:00;humidity;68.791;False
S0011;2026-01-02 08:38:00;ventilation;0.942;False
S0005;2026-01-02 08:38:00;ventilation;0.867;False
S0010;2026-01-02 08:38:15;CO2_level;1114;False
S0011;2026-01-02 08:38:15;ventilation;0.871;False
S0005;2026-01-02 08:38:15;ventilation;0.537;False
S0001;2026-01-02 08:38:15;temperature;26.617;True
S0004;2026-01-02 08:38:15;CO2_level;878;False
S0007;2026-01-02 08:38:15;temperature;23.729;False
S0001;2026-01-02 08:38:30;temperature;24.332;False
S0004;2026-01-02 08:38:30;CO2_level;861;False
S0003;2026-01-02 08:38:30;humidity;63.249;False
S0010;2026-01-02 08:38:30;CO2_level;913;False
S0005;2026-01-02 08:38:30;ventilation;0.996;False
S0009;2026-01-02 08:38:30;humidity;69.221;False
S0011;2026-01-02 08:38:30;ventilation;0.945;False
S0007;2026-01-02 08:38:30;temperature;24.009;False
S0001;2026-01-02 08:38:45;temperature;22.404;False
S0010;2026-01-02 08:38:45;CO2_level;896;False
S0004;2026-01-02 08:38:45;CO2_level;1112;False
S0005;2026-01-02 08:38:45;ventilation;0.742;False
S0011;2026-01-02 08:38:45;ventilation;0.692;False
S0007;2026-01-02 08:38:45;temperature;25.089;False
S0010;2026-01-02 08:39:00;CO2_level;1143;False
S0001;2026-01-02 08:39:00;temperature;26.245;False
S0005;2026-01-02 08:39:00;ventilation;0.992;True
S0003;2026-01-02 08:39:00;humidity;60.494;False
S0009;2026-01-02 08:39:00;humidity;63.55;False
S0004;2026-01-02 08:39:00;CO2_level;1076;False
S0011;2026-01-02 08:39:00;ventilation;0.595;False
S0007;2026-01-02 08:39:00;temperature;25.17;False
S0004;2026-01-02 08:39:15;CO2_level;994;False
S0005;2026-01-02 08:39:15;ventilation;0.676;False
S0001;2026-01-02 08:39:15;temperature;18.946;False
S0011;2026-01-02 08:39:15;ventilation;0.906;False
S0010;2026-01-02 08:39:15;CO2_level;1070;False
S0007;2026-01-02 08:39:15;temperature;23.717;False
S0001;2026-01-02 08:39:30;temperature;24.969;False
S0011;2026-01-02 08:39:30;ventilation;0.884;False
S0003;2026-01-02 08:39:30;humidity;69.847;False
S0005;2026-01-02 08:39:30;ventilation;0.579;False
S0010;2026-01-02 08:39:30;CO2_level;687;False
S0007;2026-01-02 08:39:30;temperature;23.367;False
S0004;2026-01-02 08:39:30;CO2_level;1100;False
S0009;2026-01-02 08:39:30;humidity;65.716;False
S0010;2026-01-02 08:39:45;CO2_level;1096;False
S0005;2026-01-02 08:39:45;ventilation;0.847;False
S0001;2026-01-02 08:39:45;temperature;25.243;False
S0007;2026-01-02 08:39:45;temperature;19.141;False
S0011;2026-01-02 08:39:45;ventilation;0.759;False
S0004;2026-01-02 08:39:45;CO2_level;768;False
S0003;2026-01-02 08:40:00;humidity;62.938;False
S0005;2026-01-02 08:40:00;ventilation;0.57;False
S0007;2026-01-02 08:40:00;temperature;25.392;False
S0011;2026-01-02 08:40:00;ventilation;0.94;True
S0004;2026-01-02 08:40:00;CO2_level;892;False
S0010;2026-01-02 08:40:00;CO2_level;1043;False
S0009;2026-01-02 08:40:00;humidity;62.65;False
S0001;2026-01-02 08:40:00;temperature;21.264;False
S0004;2026-01-02 08:40:15;CO2_level;1139;False
S0010;2026-01-02 08:40:15;CO2_level;1128;False
S0011;2026-01-02 08:40:15;ventilation;0.661;False
S0007;2026-01-02 08:40:15;temperature;23.516;False
S0001;2026-01-02 08:40:15;temperature;26.442;False
S0005;2026-01-02 08:40:15;ventilation;0.844;False
S0005;2026-01-02 08:40:30;ventilation;0.667;False
S0009;2026-01-02 08:40:30;humidity;66.67;False
S0011;2026-01-02 08:40:30;ventilation;0.758;False
S0007;2026-01-02 08:40:30;temperature;21.904;False
S0010;2026-01-02 08:40:30;CO2_level;1021;True
S0001;2026-01-02 08:40:30;temperature;24.445;False
S0003;2026-01-02 08:40:30;humidity;64.396;False
S0004;2026-01-02 08:40:30;CO2_level;1149;False
S0007;2026-01-02 08:40:45;temperature;23.83;False
S0010;2026-01-02 08:40:45;CO2_level;647;False
S0005;2026-01-02 08:40:45;ventilation;0.586;False
S0001;2026-01-02 08:40:45;temperature;25.271;False
S0004;2026-01-02 08:40:45;CO2_level;879;False
S0011;2026-01-02 08:40:45;ventilation;0.807;False
S0001;2026-01-02 08:41:00;temperature;20.41;False
S0011;2026-01-02 08:41:00;ventilation;0.653;False
S0009;2026-01-02 08:41:00;humidity;60.273;False
S0007;2026-01-02 08:41:00;temperature;26.663;False
S0005;2026-01-02 08:41:00;ventilation;0.719;False
S0010;2026-01-02 08:41:00;CO2_level;854;False
S0003;2026-01-02 08:41:00;humidity;61.2;False
S0004;2026-01-02 08:41:00;CO2_level;1046;False
S0010;2026-01-02 08:41:15;CO2_level;738;False
S0005;2026-01-02 08:41:15;ventilation;0.846;False
S0001;2026-01-02 08:41:15;temperature;21.257;False
S0004;2026-01-02 08:41:15;CO2_level;602;False
S0011;2026-01-02 08:41:15;ventilation;0.504;False
S0007;2026-01-02 08:41:15;temperature;22.095;True
S0009;2026-01-02 08:41:30;humidity;62.036;False
S0001;2026-01-02 08:41:30;temperature;18.169;False
S0004;2026-01-02 08:41:30;CO2_level;1065;False
S0005;2026-01-02 08:41:30;ventilation;0.75;False
S0007;2026-01-02 08:41:30;temperature;24.368;False
S0011;2026-01-02 08:41:30;ventilation;0.605;False
S0010;2026-01-02 08:41:30;CO2_level;1158;False
S0003;2026-01-02 08:41:30;humidity;66.215;False
S0001;2026-01-02 08:41:45;temperature;20.15;False
S0004;2026-01-02 08:41:45;CO2_level;814;False
S0010;2026-01-02 08:41:45;CO2_level;1075;True
S0011;2026-01-02 08:41:45;ventilation;0.613;False
S0005;2026-01-02 08:41:45;ventilation;0.601;False
S0007;2026-01-02 08:41:45;temperature;23.255;False
S0004;2026-01-02 08:42:00;CO2_level;991;False
S0010;2026-01-02 08:42:00;CO2_level;1180;False
S0011;2026-01-02 08:42:00;ventilation;0.604;False
S0009;2026-01-02 08:42:00;humidity;67.342;False
S0005;2026-01-02 08:42:00;ventilation;0.521;False
S0003;2026-01-02 08:42:00;humidity;68.693;False
S0001;2026-01-02 08:42:00;temperature;20.705;False
S0007;2026-01-02 08:42:00;temperature;26.608;False
S0010;2026-01-02 08:42:15;CO2_level;1083;False
S0007;2026-01-02 08:42:15;temperature;20.415;False
S0001;2026-01-02 08:42:15;temperature;19.036;False
S0004;2026-01-02 08:42:15;CO2_level;789;False
S0005;2026-01-02 08:42:15;ventilation;0.77;False
S0011;2026-01-02 08:42:15;ventilation;0.668;False
S0001;2026-01-02 08:42:30;temperature;26.531;False
S0009;2026-01-02 08:42:30;humidity;67.546;False
S0011;2026-01-02 08:42:30;ventilation;0.755;False
S0005;2026-01-02 08:42:30;ventilation;0.904;False
S0010;2026-01-02 08:42:30;CO2_level;1042;False
S0003;2026-01-02 08:42:30;humidity;63.792;False
S0004;2026-01-02 08:42:30;CO2_level;628;False
S0007;2026-01-02 08:42:30;temperature;20.724;False
S0004;2026-01-02 08:42:45;CO2_level;1182;False
S0010;2026-01-02 08:42:45;CO2_level;965;False
S0005;2026-01-02 08:42:45;ventilation;null;True
S0001;2026-01-02 08:42:45;temperature;23.179;False
S0011;2026-01-02 08:42:45;ventilation;0.522;False
S0007;2026-01-02 08:42:45;temperature;22.611;False
S0003;2026-01-02 08:43:00;humidity;66.522;False
S0001;2026-01-02 08:43:00;temperature;21.233;False
S0011;2026-01-02 08:43:00;ventilation;0.965;False
S0007;2026-01-02 08:43:00;temperature;25.368;False
S0004;2026-01-02 08:43:00;CO2_level;1037;False
S0005;2026-01-02 08:43:00;ventilation;0.673;False
S0009;2026-01-02 08:43:00;humidity;null;True
S0010;2026-01-02 08:43:00;CO2_level;730;False
S0007;2026-01-02 08:43:15;temperature;21.12;False
S0011;2026-01-02 08:43:15;ventilation;0.695;False
S0001;2026-01-02 08:43:15;temperature;22.649;False
S0005;2026-01-02 08:43:15;ventilation;0.849;False
S0010;2026-01-02 08:43:15;CO2_level;844;False
S0004;2026-01-02 08:43:15;CO2_level;706;False
S0003;2026-01-02 08:43:30;humidity;65.846;False
S0011;2026-01-02 08:43:30;ventilation;0.982;False
S0010;2026-01-02 08:43:30;CO2_level;849;False
S0004;2026-01-02 08:43:30;CO2_level;1019;False
S0007;2026-01-02 08:43:30;temperature;24.18;False
S0005;2026-01-02 08:43:30;ventilation;0.616;False
S0009;2026-01-02 08:43:30;humidity;69.131;True
S0001;2026-01-02 08:43:30;temperature;20.962;False
S0005;2026-01-02 08:43:45;ventilation;0.56;True
S0004;2026-01-02 08:43:45;CO2_level;1140;False
S0001;2026-01-02 08:43:45;temperature;26.738;False
S0010;2026-01-02 08:43:45;CO2_level;620;False
S0011;2026-01-02 08:43:45;ventilation;0.995;False
S0007;2026-01-02 08:43:45;temperature;25.376;False
S0010;2026-01-02 08:44:00;CO2_level;867;False
S0001;2026-01-02 08:44:00;temperature;21.85;False
S0007;2026-01-02 08:44:00;temperature;20.719;False
S0003;2026-01-02 08:44:00;humidity;62.427;False
S0009;2026-01-02 08:44:00;humidity;67.022;False
S0005;2026-01-02 08:44:00;ventilation;0.661;False
S0004;2026-01-02 08:44:00;CO2_level;695;True
S0011;2026-01-02 08:44:00;ventilation;0.823;False
S0001;2026-01-02 08:44:15;temperature;20.989;False
S0005;2026-01-02 08:44:15;ventilation;0.935;False
S0007;2026-01-02 08:44:15;temperature;26.825;False
S0004;2026-01-02 08:44:15;CO2_level;637;False
S0010;2026-01-02 08:44:15;CO2_level;919;False
S0011;2026-01-02 08:44:15;ventilation;0.604;False
S0005;2026-01-02 08:44:30;ventilation;0.655;False
S0007;2026-01-02 08:44:30;temperature;20.481;False
S0001;2026-01-02 08:44:30;temperature;22.416;False
S0004;2026-01-02 08:44:30;CO2_level;731;False
S0009;2026-01-02 08:44:30;humidity;63.837;False
S0010;2026-01-02 08:44:30;CO2_level;1022;False
S0003;2026-01-02 08:44:30;humidity;60.928;False
S0011;2026-01-02 08:44:30;ventilation;0.999;False
S0010;2026-01-02 08:44:45;CO2_level;700;False
S0004;2026-01-02 08:44:45;CO2_level;836;False
S0011;2026-01-02 08:44:45;ventilation;0.829;False
S0001;2026-01-02 08:44:45;temperature;22.175;False
S0005;2026-01-02 08:44:45;ventilation;0.966;False
S0007;2026-01-02 08:44:45;temperature;21.504;False
S0005;2026-01-02 08:45:00;ventilation;0.807;False
S0010;2026-01-02 08:45:00;CO2_level;908;False
S0003;2026-01-02 08:45:00;humidity;61.077;False
S0007;2026-01-02 08:45:00;temperature;23.802;False
S0009;2026-01-02 08:45:00;humidity;69.645;False
S0004;2026-01-02 08:45:00;CO2_level;789;False
S0001;2026-01-02 08:45:00;temperature;25.096;False
S0011;2026-01-02 08:45:00;ventilation;0.939;False
S0007;2026-01-02 08:45:15;temperature;22.796;False
S0004;2026-01-02 08:45:15;CO2_level;815;False
S0001;2026-01-02 08:45:15;temperature;null;True
S0005;2026-01-02 08:45:15;ventilation;0.927;False
S0010;2026-01-02 08:45:15;CO2_level;856;False
S0011;2026-01-02 08:45:15;ventilation;0.503;False
S0007;2026-01-02 08:45:30;temperature;25.929;False
S0004;2026-01-02 08:45:30;CO2_level;731;False
S0010;2026-01-02 08:45:30;CO2_level;639;False
S0009;2026-01-02 08:45:30;humidity;67.333;False
S0005;2026-01-02 08:45:30;ventilation;0.572;False
S0001;2026-01-02 08:45:30;temperature;21.313;False
S0011;2026-01-02 08:45:30;ventilation;0.528;False
S0003;2026-01-02 08:45:30;humidity;63.237;False
S0007;2026-01-02 08:45:45;temperature;25.23;False
S0005;2026-01-02 08:45:45;ventilation;0.511;False
S0010;2026-01-02 08:45:45;CO2_level;833;False
S0001;2026-01-02 08:45:45;temperature;25.664;False
S0011;2026-01-02 08:45:45;ventilation;0.964;False
S0004;2026-01-02 08:45:45;CO2_level;1148;False
S0010;2026-01-02 08:46:00;CO2_level;660;False
S0003;2026-01-02 08:46:00;humidity;67.035;False
S0011;2026-01-02 08:46:00;ventilation;0.597;False
S0004;2026-01-02 08:46:00;CO2_level;1006;False
S0007;2026-01-02 08:46:00;temperature;23.528;False
S0005;2026-01-02 08:46:00;ventilation;0.731;False
S0001;2026-01-02 08:46:00;temperature;21.491;False
S0009;2026-01-02 08:46:00;humidity;62.098;False
S0004;2026-01-02 08:46:15;CO2_level;845;False
S0005;2026-01-02 08:46:15;ventilation;0.712;False
S0010;2026-01-02 08:46:15;CO2_level;749;False
S0007;2026-01-02 08:46:15;temperature;18.208;False
S0011;2026-01-02 08:46:15;ventilation;0.63;True
S0001;2026-01-02 08:46:15;temperature;18.186;False
S0001;2026-01-02 08:46:30;temperature;21.825;False
S0007;2026-01-02 08:46:30;temperature;19.387;False
S0004;2026-01-02 08:46:30;CO2_level;912;False
S0003;2026-01-02 08:46:30;humidity;69.936;False
S0005;2026-01-02 08:46:30;ventilation;0.913;False
S0011;2026-01-02 08:46:30;ventilation;0.616;False
S0009;2026-01-02 08:46:30;humidity;66.712;False
S0010;2026-01-02 08:46:30;CO2_level;923;False
S0007;2026-01-02 08:46:45;temperature;19.881;False
S0011;2026-01-02 08:46:45;ventilation;0.74;False
S0004;2026-01-02 08:46:45;CO2_level;1056;False
S0001;2026-01-02 08:46:45;temperature;20.85;False
S0010;2026-01-02 08:46:45;CO2_level;896;False
S0005;2026-01-02 08:46:45;ventilation;0.946;False
S0005;2026-01-02 08:47:00;ventilation;0.515;False
S0007;2026-01-02 08:47:00;temperature;26.688;False
S0011;2026-01-02 08:47:00;ventilation;0.826;False
S0001;2026-01-02 08:47:00;temperature;20.682;False
S0009;2026-01-02 08:47:00;humidity;60.152;True
S0004;2026-01-02 08:47:00;CO2_level;821;False
S0010;2026-01-02 08:47:00;CO2_level;1132;False
S0003;2026-01-02 08:47:00;humidity;66.183;False
S0007;2026-01-02 08:47:15;temperature;18.714;True
S0004;2026-01-02 08:47:15;CO2_level;781;False
S0001;2026-01-02 08:47:15;temperature;26.146;False
S0011;2026-01-02 08:47:15;ventilation;0.579;False
S0010;2026-01-02 08:47:15;CO2_level;1153;False
S0005;2026-01-02 08:47:15;ventilation;0.913;False
S0010;2026-01-02 08:47:30;CO2_level;675;False
S0004;2026-01-02 08:47:30;CO2_level;1041;False
S0007;2026-01-02 08:47:30;temperature;20.674;False
S0001;2026-01-02 08:47:30;temperature;23.737;False
S0005;2026-01-02 08:47:30;ventilation;0.985;False
S0011;2026-01-02 08:47:30;ventilation;0.938;False
S0003;2026-01-02 08:47:30;humidity;61.168;False
S0009;2026-01-02 08:47:30;humidity;64.38;False
S0005;2026-01-02 08:47:45;ventilation;0.727;False
S0011;2026-01-02 08:47:45;ventilation;0.632;False
S0007;2026-01-02 08:47:45;temperature;21.707;False
S0004;2026-01-02 08:47:45;CO2_level;931;False
S0001;2026-01-02 08:47:45;temperature;19.644;False
S0010;2026-01-02 08:47:45;CO2_level;806;False
S0001;2026-01-02 08:48:00;temperature;22.698;True
S0007;2026-01-02 08:48:00;temperature;19.438;False
S0004;2026-01-02 08:48:00;CO2_level;1084;False
S0009;2026-01-02 08:48:00;humidity;66.235;False
S0003;2026-01-02 08:48:00;humidity;64.292;False
S0005;2026-01-02 08:48:00;ventilation;0.808;False
S0011;2026-01-02 08:48:00;ventilation;0.667;False
S0010;2026-01-02 08:48:00;CO2_level;646;True
S0007;2026-01-02 08:48:15;temperature;20.404;False
S0011;2026-01-02 08:48:15;ventilation;0.884;False
S0001;2026-01-02 08:48:15;temperature;null;True
S0004;2026-01-02 08:48:15;CO2_level;657;False
S0005;2026-01-02 08:48:15;ventilation;0.546;False
S0010;2026-01-02 08:48:15;CO2_level;1075;False
S0001;2026-01-02 08:48:30;temperature;20.122;False
S0005;2026-01-02 08:48:30;ventilation;0.955;False
S0009;2026-01-02 08:48:30;humidity;67.583;False
S0003;2026-01-02 08:48:30;humidity;61.163;False
S0007;2026-01-02 08:48:30;temperature;24.74;False
S0011;2026-01-02 08:48:30;ventilation;0.578;False
S0004;2026-01-02 08:48:30;CO2_level;707;False
S0010;2026-01-02 08:48:30;CO2_level;1030;False
S0010;2026-01-02 08:48:45;CO2_level;728;False
S0011;2026-01-02 08:48:45;ventilation;0.533;False
S0001;2026-01-02 08:48:45;temperature;22.091;False
S0005;2026-01-02 08:48:45;ventilation;0.983;False
S0004;2026-01-02 08:48:45;CO2_level;1178;False
S0007;2026-01-02 08:48:45;temperature;21.559;False
S0007;2026-01-02 08:49:00;temperature;18.879;True
S0003;2026-01-02 08:49:00;humidity;64.254;False
S0001;2026-01-02 08:49:00;temperature;21.568;False
S0005;2026-01-02 08:49:00;ventilation;0.951;False
S0009;2026-01-02 08:49:00;humidity;65.139;False
S0011;2026-01-02 08:49:00;ventilation;0.676;False
S0010;2026-01-02 08:49:00;CO2_level;1181;False
S0004;2026-01-02 08:49:00;CO2_level;653;False
S0011;2026-01-02 08:49:15;ventilation;0.718;False
S0001;2026-01-02 08:49:15;temperature;23.058;True
S0007;2026-01-02 08:49:15;temperature;19.676;False
S0010;2026-01-02 08:49:15;CO2_level;687;False
S0005;2026-01-02 08:49:15;ventilation;0.579;False
S0004;2026-01-02 08:49:15;CO2_level;1059;False
S0004;2026-01-02 08:49:30;CO2_level;1199;False
S0003;2026-01-02 08:49:30;humidity;63.766;False
S0010;2026-01-02 08:49:30;CO2_level;929;False
S0007;2026-01-02 08:49:30;temperature;22.647;False
S0005;2026-01-02 08:49:30;ventilation;0.62;False
S0001;2026-01-02 08:49:30;temperature;26.661;False
S0011;2026-01-02 08:49:30;ventilation;0.707;False
S0009;2026-01-02 08:49:30;humidity;69.194;False
S0004;2026-01-02 08:49:45;CO2_level;693;False
S0010;2026-01-02 08:49:45;CO2_level;962;False
S0005;2026-01-02 08:49:45;ventilation;0.817;False
S0001;2026-01-02 08:49:45;temperature;20.391;False
S0007;2026-01-02 08:49:45;temperature;23.081;False
S0011;2026-01-02 08:49:45;ventilation;0.933;False
S0009;2026-01-02 08:50:00;humidity;67.135;False
S0005;2026-01-02 08:50:00;ventilation;0.862;False
S0011;2026-01-02 08:50:00;ventilation;0.503;False
S0004;2026-01-02 08:50:00;CO2_level;1113;False
S0010;2026-01-02 08:50:00;CO2_level;654;False
S0001;2026-01-02 08:50:00;temperature;23.725;False
S0007;2026-01-02 08:50:00;temperature;null;True
S0003;2026-01-02 08:50:00;humidity;66.096;False
S0001;2026-01-02 08:50:15;temperature;18.984;False
S0005;2026-01-02 08:50:15;ventilation;0.969;False
S0011;2026-01-02 08:50:15;ventilation;0.631;False
S0004;2026-01-02 08:50:15;CO2_level;607;False
S0007;2026-01-02 08:50:15;temperature;23.406;False
S0010;2026-01-02 08:50:15;CO2_level;933;False
S0005;2026-01-02 08:50:30;ventilation;0.53;True
S0011;2026-01-02 08:50:30;ventilation;0.582;False
S0004;2026-01-02 08:50:30;CO2_level;1141;False
S0009;2026-01-02 08:50:30;humidity;69.082;False
S0003;2026-01-02 08:50:30;humidity;60.139;False
S0007;2026-01-02 08:50:30;temperature;20.973;False
S0001;2026-01-02 08:50:30;temperature;19.043;True
S0010;2026-01-02 08:50:30;CO2_level;1102;False
S0010;2026-01-02 08:50:45;CO2_level;681;False
S0005;2026-01-02 08:50:45;ventilation;0.948;False
S0011;2026-01-02 08:50:45;ventilation;0.694;False
S0001;2026-01-02 08:50:45;temperature;24.68;False
S0007;2026-01-02 08:50:45;temperature;24.103;False
S0004;2026-01-02 08:50:45;CO2_level;619;False
S0001;2026-01-02 08:51:00;temperature;20.121;False
S0009;2026-01-02 08:51:00;humidity;null;True
S0007;2026-01-02 08:51:00;temperature;18.283;False
S0003;2026-01-02 08:51:00;humidity;69.231;False
S0011;2026-01-02 08:51:00;ventilation;0.69;False
S0004;2026-01-02 08:51:00;CO2_level;723;True
S0010;2026-01-02 08:51:00;CO2_level;1032;False
S0005;2026-01-02 08:51:00;ventilation;0.919;False
S0005;2026-01-02 08:51:15;ventilation;0.95;False
S0007;2026-01-02 08:51:15;temperature;21.231;False
S0004;2026-01-02 08:51:15;CO2_level;697;False
S0010;2026-01-02 08:51:15;CO2_level;738;True
S0011;2026-01-02 08:51:15;ventilation;0.596;False
S0001;2026-01-02 08:51:15;temperature;19.548;False
S0005;2026-01-02 08:51:30;ventilation;0.544;False
S0011;2026-01-02 08:51:30;ventilation;0.667;False
S0003;2026-01-02 08:51:30;humidity;69.156;False
S0010;2026-01-02 08:51:30;CO2_level;1109;False
S0004;2026-01-02 08:51:30;CO2_level;756;False
S0001;2026-01-02 08:51:30;temperature;25.099;False
S0009;2026-01-02 08:51:30;humidity;67.544;False
S0007;2026-01-02 08:51:30;temperature;24.267;False
S0010;2026-01-02 08:51:45;CO2_level;989;False
S0007;2026-01-02 08:51:45;temperature;null;True
S0001;2026-01-02 08:51:45;temperature;20.067;False
S0011;2026-01-02 08:51:45;ventilation;0.819;False
S0005;2026-01-02 08:51:45;ventilation;0.617;True
S0004;2026-01-02 08:51:45;CO2_level;767;False
S0005;2026-01-02 08:52:00;ventilation;0.9;False
S0010;2026-01-02 08:52:00;CO2_level;975;False
S0004;2026-01-02 08:52:00;CO2_level;645;False
S0003;2026-01-02 08:52:00;humidity;66.26;False
S0001;2026-01-02 08:52:00;temperature;18.457;False
S0009;2026-01-02 08:52:00;humidity;64.663;False
S0011;2026-01-02 08:52:00;ventilation;0.507;False
S0007;2026-01-02 08:52:00;temperature;24.569;False
S0004;2026-01-02 08:52:15;CO2_level;921;False
S0010;2026-01-02 08:52:15;CO2_level;634;False
S0005;2026-01-02 08:52:15;ventilation;0.555;False
S0011;2026-01-02 08:52:15;ventilation;0.825;False
S0007;2026-01-02 08:52:15;temperature;22.244;False
S0001;2026-01-02 08:52:15;temperature;22.646;False
S0004;2026-01-02 08:52:30;CO2_level;790;False
S0009;2026-01-02 08:52:30;humidity;68.922;False
S0001;2026-01-02 08:52:30;temperature;18.63;False
S0007;2026-01-02 08:52:30;temperature;null;True
S0005;2026-01-02 08:52:30;ventilation;0.885;False
S0011;2026-01-02 08:52:30;ventilation;0.743;False
S0010;2026-01-02 08:52:30;CO2_level;699;False
S0003;2026-01-02 08:52:30;humidity;61.186;False
S0007;2026-01-02 08:52:45;temperature;18.303;False
S0004;2026-01-02 08:52:45;CO2_level;899;False
S0005;2026-01-02 08:52:45;ventilation;0.903;False
S0011;2026-01-02 08:52:45;ventilation;0.641;False
S0010;2026-01-02 08:52:45;CO2_level;999;False
S0001;2026-01-02 08:52:45;temperature;25.992;False
S0003;2026-01-02 08:53:00;humidity;69.021;False
S0007;2026-01-02 08:53:00;temperature;26.722;False
S0004;2026-01-02 08:53:00;CO2_level;622;False
S0009;2026-01-02 08:53:00;humidity;68.81;True
S0001;2026-01-02 08:53:00;temperature;24.261;False
S0011;2026-01-02 08:53:00;ventilation;0.761;False
S0005;2026-01-02 08:53:00;ventilation;0.651;False
S0010;2026-01-02 08:53:00;CO2_level;807;False
S0007;2026-01-02 08:53:15;temperature;23.543;False
S0011;2026-01-02 08:53:15;ventilation;0.802;False
S0005;2026-01-02 08:53:15;ventilation;0.577;False
S0010;2026-01-02 08:53:15;CO2_level;1015;False
S0001;2026-01-02 08:53:15;temperature;22.804;False
S0004;2026-01-02 08:53:15;CO2_level;674;False
S0005;2026-01-02 08:53:30;ventilation;0.99;False
S0001;2026-01-02 08:53:30;temperature;19.322;False
S0007;2026-01-02 08:53:30;temperature;23.735;False
S0009;2026-01-02 08:53:30;humidity;60.154;False
S0004;2026-01-02 08:53:30;CO2_level;925;False
S0011;2026-01-02 08:53:30;ventilation;0.711;False
S0003;2026-01-02 08:53:30;humidity;61.728;False
S0010;2026-01-02 08:53:30;CO2_level;657;True
S0007;2026-01-02 08:53:45;temperature;21.312;False
S0005;2026-01-02 08:53:45;ventilation;0.774;False
S0011;2026-01-02 08:53:45;ventilation;0.514;False
S0004;2026-01-02 08:53:45;CO2_level;634;False
S0001;2026-01-02 08:53:45;temperature;25.996;True
S0010;2026-01-02 08:53:45;CO2_level;931;False
S0007;2026-01-02 08:54:00;temperature;19.767;False
S0011;2026-01-02 08:54:00;ventilation;0.585;False
S0001;2026-01-02 08:54:00;temperature;25.963;False
S0010;2026-01-02 08:54:00;CO2_level;943;False
S0005;2026-01-02 08:54:00;ventilation;0.919;False
S0004;2026-01-02 08:54:00;CO2_level;918;False
S0003;2026-01-02 08:54:00;humidity;61.117;True
S0009;2026-01-02 08:54:00;humidity;67.387;False
S0007;2026-01-02 08:54:15;temperature;21.654;False
S0005;2026-01-02 08:54:15;ventilation;0.759;False
S0011;2026-01-02 08:54:15;ventilation;0.982;False
S0004;2026-01-02 08:54:15;CO2_level;762;False
S0010;2026-01-02 08:54:15;CO2_level;1066;False
S0001;2026-01-02 08:54:15;temperature;23.843;False
S0001;2026-01-02 08:54:30;temperature;25.199;False
S0007;2026-01-02 08:54:30;temperature;22.817;False
S0005;2026-01-02 08:54:30;ventilation;0.946;False
S0004;2026-01-02 08:54:30;CO2_level;834;False
S0003;2026-01-02 08:54:30;humidity;68.484;False
S0009;2026-01-02 08:54:30;humidity;63.071;False
S0011;2026-01-02 08:54:30;ventilation;0.566;False
S0010;2026-01-02 08:54:30;CO2_level;844;False
S0004;2026-01-02 08:54:45;CO2_level;1132;False
S0001;2026-01-02 08:54:45;temperature;18.574;False
S0011;2026-01-02 08:54:45;ventilation;0.858;False
S0010;2026-01-02 08:54:45;CO2_level;1033;False
S0007;2026-01-02 08:54:45;temperature;21.161;False
S0005;2026-01-02 08:54:45;ventilation;0.529;False
S0011;2026-01-02 08:55:00;ventilation;0.974;False
S0009;2026-01-02 08:55:00;humidity;67.576;False
S0001;2026-01-02 08:55:00;temperature;23.967;False
S0005;2026-01-02 08:55:00;ventilation;0.989;True
S0004;2026-01-02 08:55:00;CO2_level;969;False
S0007;2026-01-02 08:55:00;temperature;25.926;False
S0003;2026-01-02 08:55:00;humidity;61.297;False
S0010;2026-01-02 08:55:00;CO2_level;743;False
S0004;2026-01-02 08:55:15;CO2_level;1049;False
S0011;2026-01-02 08:55:15;ventilation;0.857;False
S0001;2026-01-02 08:55:15;temperature;23.13;False
S0005;2026-01-02 08:55:15;ventilation;0.631;False
S0010;2026-01-02 08:55:15;CO2_level;616;False
S0007;2026-01-02 08:55:15;temperature;18.712;False
S0004;2026-01-02 08:55:30;CO2_level;638;False
S0001;2026-01-02 08:55:30;temperature;22.703;False
S0010;2026-01-02 08:55:30;CO2_level;1195;False
S0003;2026-01-02 08:55:30;humidity;68.261;False
S0005;2026-01-02 08:55:30;ventilation;0.96;False
S0007;2026-01-02 08:55:30;temperature;26.26;False
S0009;2026-01-02 08:55:30;humidity;null;True
S0011;2026-01-02 08:55:30;ventilation;0.612;False
S0005;2026-01-02 08:55:45;ventilation;0.624;False
S0001;2026-01-02 08:55:45;temperature;20.608;False
S0011;2026-01-02 08:55:45;ventilation;0.672;False
S0007;2026-01-02 08:55:45;temperature;18.796;False
S0004;2026-01-02 08:55:45;CO2_level;1038;False
S0010;2026-01-02 08:55:45;CO2_level;711;True
S0001;2026-01-02 08:56:00;temperature;23.823;False
S0009;2026-01-02 08:56:00;humidity;60.306;False
S0010;2026-01-02 08:56:00;CO2_level;1112;False
S0007;2026-01-02 08:56:00;temperature;21.101;False
S0005;2026-01-02 08:56:00;ventilation;0.736;False
S0004;2026-01-02 08:56:00;CO2_level;1157;False
S0011;2026-01-02 08:56:00;ventilation;0.855;False
S0003;2026-01-02 08:56:00;humidity;69.103;False
S0011;2026-01-02 08:56:15;ventilation;0.883;False
S0001;2026-01-02 08:56:15;temperature;21.145;False
S0004;2026-01-02 08:56:15;CO2_level;843;False
S0005;2026-01-02 08:56:15;ventilation;0.723;False
S0007;2026-01-02 08:56:15;temperature;20.974;False
S0010;2026-01-02 08:56:15;CO2_level;908;False
S0005;2026-01-02 08:56:30;ventilation;0.627;False
S0004;2026-01-02 08:56:30;CO2_level;809;False
S0010;2026-01-02 08:56:30;CO2_level;622;False
S0007;2026-01-02 08:56:30;temperature;23.338;False
S0011;2026-01-02 08:56:30;ventilation;0.515;False
S0009;2026-01-02 08:56:30;humidity;68.962;False
S0003;2026-01-02 08:56:30;humidity;62.136;False
S0001;2026-01-02 08:56:30;temperature;25.042;False
S0005;2026-01-02 08:56:45;ventilation;0.523;False
S0010;2026-01-02 08:56:45;CO2_level;670;False
S0007;2026-01-02 08:56:45;temperature;23.343;False
S0004;2026-01-02 08:56:45;CO2_level;1160;False
S0011;2026-01-02 08:56:45;ventilation;0.671;False
S0001;2026-01-02 08:56:45;temperature;22.16;False
S0003;2026-01-02 08:57:00;humidity;66.194;False
S0009;2026-01-02 08:57:00;humidity;69.442;False
S0004;2026-01-02 08:57:00;CO2_level;770;False
S0005;2026-01-02 08:57:00;ventilation;0.756;False
S0001;2026-01-02 08:57:00;temperature;19.178;False
S0010;2026-01-02 08:57:00;CO2_level;1068;False
S0011;2026-01-02 08:57:00;ventilation;0.809;False
S0007;2026-01-02 08:57:00;temperature;25.894;False
S0011;2026-01-02 08:57:15;ventilation;0.978;False
S0004;2026-01-02 08:57:15;CO2_level;925;False
S0007;2026-01-02 08:57:15;temperature;20.473;False
S0010;2026-01-02 08:57:15;CO2_level;1065;True
S0001;2026-01-02 08:57:15;temperature;23.392;False
S0005;2026-01-02 08:57:15;ventilation;0.961;False
S0007;2026-01-02 08:57:30;temperature;22.694;False
S0011;2026-01-02 08:57:30;ventilation;0.741;False
S0010;2026-01-02 08:57:30;CO2_level;1075;False
S0001;2026-01-02 08:57:30;temperature;26.389;False
S0004;2026-01-02 08:57:30;CO2_level;802;False
S0003;2026-01-02 08:57:30;humidity;60.764;False
S0005;2026-01-02 08:57:30;ventilation;0.778;False
S0009;2026-01-02 08:57:30;humidity;68.234;False
S0001;2026-01-02 08:57:45;temperature;24.988;False
S0011;2026-01-02 08:57:45;ventilation;0.767;True
S0005;2026-01-02 08:57:45;ventilation;0.852;False
S0004;2026-01-02 08:57:45;CO2_level;853;False
S0007;2026-01-02 08:57:45;temperature;20.484;False
S0010;2026-01-02 08:57:45;CO2_level;724;False
S0010;2026-01-02 08:58:00;CO2_level;728;False
S0009;2026-01-02 08:58:00;humidity;63.134;False
S0001;2026-01-02 08:58:00;temperature;18.887;False
S0011;2026-01-02 08:58:00;ventilation;0.997;False
S0004;2026-01-02 08:58:00;CO2_level;854;False
S0003;2026-01-02 08:58:00;humidity;64.665;False
S0007;2026-01-02 08:58:00;temperature;23.42;False
S0005;2026-01-02 08:58:00;ventilation;0.875;False
S0010;2026-01-02 08:58:15;CO2_level;1012;False
S0001;2026-01-02 08:58:15;temperature;20.127;False
S0011;2026-01-02 08:58:15;ventilation;0.976;False
S0004;2026-01-02 08:58:15;CO2_level;744;False
S0007;2026-01-02 08:58:15;temperature;20.132;True
S0005;2026-01-02 08:58:15;ventilation;0.723;False
S0004;2026-01-02 08:58:30;CO2_level;1171;False
S0010;2026-01-02 08:58:30;CO2_level;873;False
S0003;2026-01-02 08:58:30;humidity;64.434;False
S0011;2026-01-02 08:58:30;ventilation;0.574;False
S0009;2026-01-02 08:58:30;humidity;66.411;False
S0001;2026-01-02 08:58:30;temperature;21.596;False
S0007;2026-01-02 08:58:30;temperature;23.896;False
S0005;2026-01-02 08:58:30;ventilation;0.946;True
S0004;2026-01-02 08:58:45;CO2_level;886;False
S0001;2026-01-02 08:58:45;temperature;22.981;False
S0010;2026-01-02 08:58:45;CO2_level;1016;False
S0005;2026-01-02 08:58:45;ventilation;0.683;False
S0011;2026-01-02 08:58:45;ventilation;0.628;False
S0007;2026-01-02 08:58:45;temperature;22.787;False
S0007;2026-01-02 08:59:00;temperature;22.145;False
S0010;2026-01-02 08:59:00;CO2_level;918;False
S0003;2026-01-02 08:59:00;humidity;63.129;False
S0011;2026-01-02 08:59:00;ventilation;0.754;False
S0001;2026-01-02 08:59:00;temperature;21.616;False
S0004;2026-01-02 08:59:00;CO2_level;995;False
S0005;2026-01-02 08:59:00;ventilation;0.97;False
S0009;2026-01-02 08:59:00;humidity;61.44;False
S0007;2026-01-02 08:59:15;temperature;25.637;False
S0010;2026-01-02 08:59:15;CO2_level;830;False
S0004;2026-01-02 08:59:15;CO2_level;1168;False
S0005;2026-01-02 08:59:15;ventilation;0.866;False
S0001;2026-01-02 08:59:15;temperature;18.471;False
S0011;2026-01-02 08:59:15;ventilation;0.624;False
S0007;2026-01-02 08:59:30;temperature;24.974;False
S0011;2026-01-02 08:59:30;ventilation;0.541;False
S0005;2026-01-02 08:59:30;ventilation;0.629;False
S0010;2026-01-02 08:59:30;CO2_level;677;False
S0003;2026-01-02 08:59:30;humidity;64.245;True
S0001;2026-01-02 08:59:30;temperature;23.436;False
S0009;2026-01-02 08:59:30;humidity;61.755;False
S0004;2026-01-02 08:59:30;CO2_level;928;False
S0011;2026-01-02 08:59:45;ventilation;0.85;False
S0001;2026-01-02 08:59:45;temperature;20.876;False
S0007;2026-01-02 08:59:45;temperature;25.353;False
S0010;2026-01-02 08:59:45;CO2_level;null;True
S0005;2026-01-02 08:59:45;ventilation;0.887;False
S0004;2026-01-02 08:59:45;CO2_level;707;False
S0001;2026-01-02 09:00:00;temperature;21.27;False
S0003;2026-01-02 09:00:00;humidity;64.495;False
S0004;2026-01-02 09:00:00;CO2_level;1014;False
S0005;2026-01-02 09:00:00;ventilation;0.928;True
S0009;2026-01-02 09:00:00;humidity;66.499;False
S0007;2026-01-02 09:00:00;temperature;25.993;False
S0011;2026-01-02 09:00:00;ventilation;0.961;False
S0010;2026-01-02 09:00:00;CO2_level;697;False
S0011;2026-01-02 09:00:15;ventilation;0.601;False
S0004;2026-01-02 09:00:15;CO2_level;795;False
S0007;2026-01-02 09:00:15;temperature;18.63;True
S0010;2026-01-02 09:00:15;CO2_level;898;False
S0001;2026-01-02 09:00:15;temperature;24.8;False
S0005;2026-01-02 09:00:15;ventilation;0.531;False
S0005;2026-01-02 09:00:30;ventilation;0.888;False
S0001;2026-01-02 09:00:30;temperature;23.406;False
S0009;2026-01-02 09:00:30;humidity;66.126;False
S0004;2026-01-02 09:00:30;CO2_level;1156;False
S0011;2026-01-02 09:00:30;ventilation;0.752;False
S0007;2026-01-02 09:00:30;temperature;18.357;False
S0010;2026-01-02 09:00:30;CO2_level;667;False
S0003;2026-01-02 09:00:30;humidity;65.587;False
S0011;2026-01-02 09:00:45;ventilation;0.973;False
S0010;2026-01-02 09:00:45;CO2_level;1091;False
S0005;2026-01-02 09:00:45;ventilation;0.811;False
S0007;2026-01-02 09:00:45;temperature;19.708;False
S0001;2026-01-02 09:00:45;temperature;null;True
S0004;2026-01-02 09:00:45;CO2_level;915;False
S0011;2026-01-02 09:01:00;ventilation;0.944;False
S0005;2026-01-02 09:01:00;ventilation;0.697;False
S0007;2026-01-02 09:01:00;temperature;19.02;False
S0009;2026-01-02 09:01:00;humidity;69.839;False
S0004;2026-01-02 09:01:00;CO2_level;693;False
S0001;2026-01-02 09:01:00;temperature;21.878;False
S0010;2026-01-02 09:01:00;CO2_level;1027;False
S0003;2026-01-02 09:01:00;humidity;69.819;False
S0007;2026-01-02 09:01:15;temperature;21.793;False
S0011;2026-01-02 09:01:15;ventilation;0.804;False
S0001;2026-01-02 09:01:15;temperature;23.448;False
S0010;2026-01-02 09:01:15;CO2_level;982;False
S0004;2026-01-02 09:01:15;CO2_level;681;False
S0005;2026-01-02 09:01:15;ventilation;0.809;False
S0011;2026-01-02 09:01:30;ventilation;0.798;False
S0010;2026-01-02 09:01:30;CO2_level;673;False
S0004;2026-01-02 09:01:30;CO2_level;924;False
S0007;2026-01-02 09:01:30;temperature;26.346;False
S0009;2026-01-02 09:01:30;humidity;60.857;False
S0001;2026-01-02 09:01:30;temperature;18.651;True
S0005;2026-01-02 09:01:30;ventilation;0.744;False
S0003;2026-01-02 09:01:30;humidity;60.829;False
S0011;2026-01-02 09:01:45;ventilation;0.635;False
S0001;2026-01-02 09:01:45;temperature;22.825;False
S0007;2026-01-02 09:01:45;temperature;26.723;False
S0004;2026-01-02 09:01:45;CO2_level;872;False
S0010;2026-01-02 09:01:45;CO2_level;1164;False
S0005;2026-01-02 09:01:45;ventilation;0.665;False
S0005;2026-01-02 09:02:00;ventilation;0.538;False
S0001;2026-01-02 09:02:00;temperature;19.39;False
S0007;2026-01-02 09:02:00;temperature;19.951;False
S0009;2026-01-02 09:02:00;humidity;65.236;False
S0004;2026-01-02 09:02:00;CO2_level;649;False
S0003;2026-01-02 09:02:00;humidity;66.571;False
S0011;2026-01-02 09:02:00;ventilation;0.592;False
S0010;2026-01-02 09:02:00;CO2_level;1041;False
S0007;2026-01-02 09:02:15;temperature;20.51;True
S0010;2026-01-02 09:02:15;CO2_level;694;False
S0001;2026-01-02 09:02:15;temperature;18.638;False
S0004;2026-01-02 09:02:15;CO2_level;698;False
S0005;2026-01-02 09:02:15;ventilation;0.769;False
S0011;2026-01-02 09:02:15;ventilation;0.528;False
S0010;2026-01-02 09:02:30;CO2_level;608;False
S0001;2026-01-02 09:02:30;temperature;23.944;False
S0011;2026-01-02 09:02:30;ventilation;0.809;False
S0009;2026-01-02 09:02:30;humidity;61.142;False
S0007;2026-01-02 09:02:30;temperature;23.007;False
S0003;2026-01-02 09:02:30;humidity;65.188;False
S0004;2026-01-02 09:02:30;CO2_level;978;False
S0005;2026-01-02 09:02:30;ventilation;0.572;False
S0004;2026-01-02 09:02:45;CO2_level;965;False
S0007;2026-01-02 09:02:45;temperature;19.702;False
S0001;2026-01-02 09:02:45;temperature;22.923;False
S0011;2026-01-02 09:02:45;ventilation;0.794;False
S0010;2026-01-02 09:02:45;CO2_level;678;False
S0005;2026-01-02 09:02:45;ventilation;0.788;False
S0001;2026-01-02 09:03:00;temperature;18.77;False
S0004;2026-01-02 09:03:00;CO2_level;893;False
S0007;2026-01-02 09:03:00;temperature;26.177;False
S0005;2026-01-02 09:03:00;ventilation;0.946;False
S0009;2026-01-02 09:03:00;humidity;66.769;False
S0010;2026-01-02 09:03:00;CO2_level;978;False
S0003;2026-01-02 09:03:00;humidity;67.158;True
S0011;2026-01-02 09:03:00;ventilation;0.852;False
S0005;2026-01-02 09:03:15;ventilation;0.968;False
S0004;2026-01-02 09:03:15;CO2_level;1081;False
S0011;2026-01-02 09:03:15;ventilation;0.544;False
S0010;2026-01-02 09:03:15;CO2_level;1070;True
S0001;2026-01-02 09:03:15;temperature;20.677;False
S0007;2026-01-02 09:03:15;temperature;24.466;False
S0009;2026-01-02 09:03:30;humidity;67.677;True
S0005;2026-01-02 09:03:30;ventilation;0.765;False
S0004;2026-01-02 09:03:30;CO2_level;1003;False
S0001;2026-01-02 09:03:30;temperature;25.917;False
S0007;2026-01-02 09:03:30;temperature;24.975;False
S0011;2026-01-02 09:03:30;ventilation;0.565;False
S0003;2026-01-02 09:03:30;humidity;65.873;False
S0010;2026-01-02 09:03:30;CO2_level;747;False
S0005;2026-01-02 09:03:45;ventilation;0.595;False
S0001;2026-01-02 09:03:45;temperature;22.407;False
S0007;2026-01-02 09:03:45;temperature;18.97;False
S0010;2026-01-02 09:03:45;CO2_level;743;False
S0011;2026-01-02 09:03:45;ventilation;0.938;False
S0004;2026-01-02 09:03:45;CO2_level;null;True
S0004;2026-01-02 09:04:00;CO2_level;null;True
S0011;2026-01-02 09:04:00;ventilation;0.818;False
S0007;2026-01-02 09:04:00;temperature;24.544;False
S0003;2026-01-02 09:04:00;humidity;66.189;False
S0001;2026-01-02 09:04:00;temperature;22.545;False
S0009;2026-01-02 09:04:00;humidity;68.177;False
S0005;2026-01-02 09:04:00;ventilation;0.907;False
S0010;2026-01-02 09:04:00;CO2_level;1043;False
S0004;2026-01-02 09:04:15;CO2_level;1081;True
S0005;2026-01-02 09:04:15;ventilation;0.782;False
S0010;2026-01-02 09:04:15;CO2_level;null;True
S0001;2026-01-02 09:04:15;temperature;19.262;False
S0007;2026-01-02 09:04:15;temperature;23.361;False
S0011;2026-01-02 09:04:15;ventilation;0.677;False
S0005;2026-01-02 09:04:30;ventilation;0.886;False
S0004;2026-01-02 09:04:30;CO2_level;753;False
S0011;2026-01-02 09:04:30;ventilation;0.698;False
S0010;2026-01-02 09:04:30;CO2_level;1036;False
S0001;2026-01-02 09:04:30;temperature;18.468;False
S0007;2026-01-02 09:04:30;temperature;22.812;False
S0003;2026-01-02 09:04:30;humidity;68.494;False
S0009;2026-01-02 09:04:30;humidity;60.694;False
S0011;2026-01-02 09:04:45;ventilation;0.57;False
S0007;2026-01-02 09:04:45;temperature;19.083;False
S0005;2026-01-02 09:04:45;ventilation;0.53;False
S0010;2026-01-02 09:04:45;CO2_level;915;False
S0001;2026-01-02 09:04:45;temperature;25.831;False
S0004;2026-01-02 09:04:45;CO2_level;681;False
S0011;2026-01-02 09:05:00;ventilation;0.958;False
S0010;2026-01-02 09:05:00;CO2_level;634;False
S0005;2026-01-02 09:05:00;ventilation;0.834;False
S0003;2026-01-02 09:05:00;humidity;68.615;False
S0007;2026-01-02 09:05:00;temperature;24.42;False
S0001;2026-01-02 09:05:00;temperature;21.985;False
S0009;2026-01-02 09:05:00;humidity;69.505;False
S0004;2026-01-02 09:05:00;CO2_level;794;False
S0004;2026-01-02 09:05:15;CO2_level;1192;False
S0011;2026-01-02 09:05:15;ventilation;0.994;False
S0001;2026-01-02 09:05:15;temperature;20.62;False
S0010;2026-01-02 09:05:15;CO2_level;971;False
S0005;2026-01-02 09:05:15;ventilation;0.669;False
S0007;2026-01-02 09:05:15;temperature;19.374;False
S0001;2026-01-02 09:05:30;temperature;24.645;False
S0003;2026-01-02 09:05:30;humidity;66.731;False
S0004;2026-01-02 09:05:30;CO2_level;1143;False
S0011;2026-01-02 09:05:30;ventilation;0.628;False
S0007;2026-01-02 09:05:30;temperature;25.856;False
S0009;2026-01-02 09:05:30;humidity;68.691;False
S0005;2026-01-02 09:05:30;ventilation;0.546;False
S0010;2026-01-02 09:05:30;CO2_level;791;False
S0001;2026-01-02 09:05:45;temperature;18.369;False
S0011;2026-01-02 09:05:45;ventilation;0.689;False
S0005;2026-01-02 09:05:45;ventilation;0.549;False
S0004;2026-01-02 09:05:45;CO2_level;1195;False
S0007;2026-01-02 09:05:45;temperature;18.177;False
S0010;2026-01-02 09:05:45;CO2_level;1063;False
S0003;2026-01-02 09:06:00;humidity;69.616;False
S0001;2026-01-02 09:06:00;temperature;25.858;False
S0011;2026-01-02 09:06:00;ventilation;0.841;False
S0010;2026-01-02 09:06:00;CO2_level;1090;False
S0005;2026-01-02 09:06:00;ventilation;0.529;False
S0009;2026-01-02 09:06:00;humidity;62.343;False
S0007;2026-01-02 09:06:00;temperature;24.104;False
S0004;2026-01-02 09:06:00;CO2_level;1147;False
S0005;2026-01-02 09:06:15;ventilation;0.545;False
S0011;2026-01-02 09:06:15;ventilation;0.608;False
S0001;2026-01-02 09:06:15;temperature;21.247;False
S0004;2026-01-02 09:06:15;CO2_level;1055;False
S0010;2026-01-02 09:06:15;CO2_level;836;False
S0007;2026-01-02 09:06:15;temperature;21.304;False
S0001;2026-01-02 09:06:30;temperature;26.14;False
S0009;2026-01-02 09:06:30;humidity;67.185;False
S0011;2026-01-02 09:06:30;ventilation;0.937;False
S0010;2026-01-02 09:06:30;CO2_level;683;False
S0007;2026-01-02 09:06:30;temperature;20.694;False
S0004;2026-01-02 09:06:30;CO2_level;680;False
S0005;2026-01-02 09:06:30;ventilation;0.725;False
S0003;2026-01-02 09:06:30;humidity;61.071;False
S0011;2026-01-02 09:06:45;ventilation;0.92;False
S0007;2026-01-02 09:06:45;temperature;20.301;False
S0004;2026-01-02 09:06:45;CO2_level;992;False
S0005;2026-01-02 09:06:45;ventilation;0.696;False
S0001;2026-01-02 09:06:45;temperature;19.69;False
S0010;2026-01-02 09:06:45;CO2_level;766;False
S0011;2026-01-02 09:07:00;ventilation;0.953;False
S0004;2026-01-02 09:07:00;CO2_level;633;False
S0001;2026-01-02 09:07:00;temperature;20.753;False
S0010;2026-01-02 09:07:00;CO2_level;641;False
S0007;2026-01-02 09:07:00;temperature;23.699;False
S0003;2026-01-02 09:07:00;humidity;62.26;False
S0005;2026-01-02 09:07:00;ventilation;0.667;False
S0009;2026-01-02 09:07:00;humidity;61.474;False
S0005;2026-01-02 09:07:15;ventilation;0.816;False
S0004;2026-01-02 09:07:15;CO2_level;1017;False
S0010;2026-01-02 09:07:15;CO2_level;1090;False
S0007;2026-01-02 09:07:15;temperature;18.931;False
S0001;2026-01-02 09:07:15;temperature;25.045;False
S0011;2026-01-02 09:07:15;ventilation;0.886;False
S0009;2026-01-02 09:07:30;humidity;65.465;False
S0005;2026-01-02 09:07:30;ventilation;0.932;False
S0004;2026-01-02 09:07:30;CO2_level;826;False
S0011;2026-01-02 09:07:30;ventilation;0.602;False
S0003;2026-01-02 09:07:30;humidity;63.076;False
S0001;2026-01-02 09:07:30;temperature;18.528;False
S0007;2026-01-02 09:07:30;temperature;18.876;False
S0010;2026-01-02 09:07:30;CO2_level;999;True
S0005;2026-01-02 09:07:45;ventilation;0.886;False
S0007;2026-01-02 09:07:45;temperature;22.863;False
S0011;2026-01-02 09:07:45;ventilation;0.751;False
S0001;2026-01-02 09:07:45;temperature;23.605;False
S0004;2026-01-02 09:07:45;CO2_level;746;False
S0010;2026-01-02 09:07:45;CO2_level;798;False
S0011;2026-01-02 09:08:00;ventilation;0.762;False
S0010;2026-01-02 09:08:00;CO2_level;740;False
S0005;2026-01-02 09:08:00;ventilation;0.615;False
S0004;2026-01-02 09:08:00;CO2_level;1069;True
S0007;2026-01-02 09:08:00;temperature;18.25;False
S0009;2026-01-02 09:08:00;humidity;60.153;False
S0003;2026-01-02 09:08:00;humidity;67.292;False
S0001;2026-01-02 09:08:00;temperature;24.623;False
S0005;2026-01-02 09:08:15;ventilation;0.581;False
S0004;2026-01-02 09:08:15;CO2_level;1121;False
S0007;2026-01-02 09:08:15;temperature;22.273;False
S0010;2026-01-02 09:08:15;CO2_level;834;False
S0011;2026-01-02 09:08:15;ventilation;0.7;False
S0001;2026-01-02 09:08:15;temperature;20.661;False
S0001;2026-01-02 09:08:30;temperature;24.522;False
S0007;2026-01-02 09:08:30;temperature;18.761;False
S0011;2026-01-02 09:08:30;ventilation;0.765;False
S0003;2026-01-02 09:08:30;humidity;60.305;False
S0009;2026-01-02 09:08:30;humidity;61.904;False
S0004;2026-01-02 09:08:30;CO2_level;743;False
S0010;2026-01-02 09:08:30;CO2_level;703;False
S0005;2026-01-02 09:08:30;ventilation;0.973;False
S0001;2026-01-02 09:08:45;temperature;25.304;False
S0011;2026-01-02 09:08:45;ventilation;0.621;False
S0010;2026-01-02 09:08:45;CO2_level;966;False
S0005;2026-01-02 09:08:45;ventilation;0.985;False
S0004;2026-01-02 09:08:45;CO2_level;null;True
S0007;2026-01-02 09:08:45;temperature;20.728;False
S0009;2026-01-02 09:09:00;humidity;65.218;False
S0010;2026-01-02 09:09:00;CO2_level;649;False
S0007;2026-01-02 09:09:00;temperature;18.748;False
S0003;2026-01-02 09:09:00;humidity;60.356;False
S0011;2026-01-02 09:09:00;ventilation;0.517;False
S0001;2026-01-02 09:09:00;temperature;21.987;False
S0005;2026-01-02 09:09:00;ventilation;0.646;True
S0004;2026-01-02 09:09:00;CO2_level;null;True
S0004;2026-01-02 09:09:15;CO2_level;940;False
S0005;2026-01-02 09:09:15;ventilation;0.572;False
S0007;2026-01-02 09:09:15;temperature;18.381;False
S0001;2026-01-02 09:09:15;temperature;19.506;False
S0011;2026-01-02 09:09:15;ventilation;0.807;False
S0010;2026-01-02 09:09:15;CO2_level;1064;False
S0009;2026-01-02 09:09:30;humidity;69.634;False
S0005;2026-01-02 09:09:30;ventilation;0.599;False
S0001;2026-01-02 09:09:30;temperature;25.071;False
S0003;2026-01-02 09:09:30;humidity;60.089;False
S0011;2026-01-02 09:09:30;ventilation;0.946;True
S0010;2026-01-02 09:09:30;CO2_level;809;False
S0004;2026-01-02 09:09:30;CO2_level;661;False
S0007;2026-01-02 09:09:30;temperature;20.517;False
S0010;2026-01-02 09:09:45;CO2_level;1151;False
S0011;2026-01-02 09:09:45;ventilation;0.755;False
S0004;2026-01-02 09:09:45;CO2_level;1041;False
S0005;2026-01-02 09:09:45;ventilation;0.632;False
S0001;2026-01-02 09:09:45;temperature;21.04;False
S0007;2026-01-02 09:09:45;temperature;19.639;False
S0003;2026-01-02 09:10:00;humidity;64.823;False
S0005;2026-01-02 09:10:00;ventilation;0.582;False
S0009;2026-01-02 09:10:00;humidity;62.239;False
S0007;2026-01-02 09:10:00;temperature;20.844;False
S0004;2026-01-02 09:10:00;CO2_level;null;True
S0011;2026-01-02 09:10:00;ventilation;0.837;False
S0010;2026-01-02 09:10:00;CO2_level;1091;False
S0001;2026-01-02 09:10:00;temperature;20.647;False
S0005;2026-01-02 09:10:15;ventilation;0.977;False
S0011;2026-01-02 09:10:15;ventilation;0.92;False
S0004;2026-01-02 09:10:15;CO2_level;1089;False
S0010;2026-01-02 09:10:15;CO2_level;1069;False
S0001;2026-01-02 09:10:15;temperature;24.895;False
S0007;2026-01-02 09:10:15;temperature;18.266;False
S0001;2026-01-02 09:10:30;temperature;21.007;False
S0004;2026-01-02 09:10:30;CO2_level;825;False
S0007;2026-01-02 09:10:30;temperature;21.611;False
S0003;2026-01-02 09:10:30;humidity;66.586;False
S0005;2026-01-02 09:10:30;ventilation;0.769;False
S0011;2026-01-02 09:10:30;ventilation;0.894;False
S0010;2026-01-02 09:10:30;CO2_level;1006;False
S0009;2026-01-02 09:10:30;humidity;66.596;False
S0005;2026-01-02 09:10:45;ventilation;0.596;False
S0011;2026-01-02 09:10:45;ventilation;null;True
S0007;2026-01-02 09:10:45;temperature;25.059;False
S0004;2026-01-02 09:10:45;CO2_level;660;False
S0001;2026-01-02 09:10:45;temperature;21.716;False
S0010;2026-01-02 09:10:45;CO2_level;1088;False
S0003;2026-01-02 09:11:00;humidity;60.155;False
S0005;2026-01-02 09:11:00;ventilation;0.997;True
S0007;2026-01-02 09:11:00;temperature;22.389;False
S0001;2026-01-02 09:11:00;temperature;25.734;False
S0004;2026-01-02 09:11:00;CO2_level;816;False
S0011;2026-01-02 09:11:00;ventilation;0.517;False
S0009;2026-01-02 09:11:00;humidity;67.322;False
S0010;2026-01-02 09:11:00;CO2_level;1147;False
S0005;2026-01-02 09:11:15;ventilation;0.584;False
S0007;2026-01-02 09:11:15;temperature;25.673;False
S0010;2026-01-02 09:11:15;CO2_level;1181;False
S0011;2026-01-02 09:11:15;ventilation;0.889;False
S0004;2026-01-02 09:11:15;CO2_level;941;False
S0001;2026-01-02 09:11:15;temperature;24.4;False
S0010;2026-01-02 09:11:30;CO2_level;885;False
S0011;2026-01-02 09:11:30;ventilation;0.662;False
S0005;2026-01-02 09:11:30;ventilation;0.727;False
S0009;2026-01-02 09:11:30;humidity;65.416;False
S0001;2026-01-02 09:11:30;temperature;19.334;False
S0003;2026-01-02 09:11:30;humidity;64.958;False
S0004;2026-01-02 09:11:30;CO2_level;773;False
S0007;2026-01-02 09:11:30;temperature;25.496;False
S0007;2026-01-02 09:11:45;temperature;20.263;False
S0005;2026-01-02 09:11:45;ventilation;0.795;False
S0001;2026-01-02 09:11:45;temperature;21.581;False
S0011;2026-01-02 09:11:45;ventilation;0.997;False
S0010;2026-01-02 09:11:45;CO2_level;938;False
S0004;2026-01-02 09:11:45;CO2_level;1121;False
S0007;2026-01-02 09:12:00;temperature;20.206;True
S0004;2026-01-02 09:12:00;CO2_level;861;False
S0003;2026-01-02 09:12:00;humidity;64.741;False
S0005;2026-01-02 09:12:00;ventilation;0.774;False
S0001;2026-01-02 09:12:00;temperature;20.511;False
S0011;2026-01-02 09:12:00;ventilation;0.579;False
S0010;2026-01-02 09:12:00;CO2_level;851;False
S0009;2026-01-02 09:12:00;humidity;64.47;False
S0010;2026-01-02 09:12:15;CO2_level;918;False
S0011;2026-01-02 09:12:15;ventilation;0.729;False
S0007;2026-01-02 09:12:15;temperature;20.238;False
S0005;2026-01-02 09:12:15;ventilation;0.576;False
S0001;2026-01-02 09:12:15;temperature;18.972;False
S0004;2026-01-02 09:12:15;CO2_level;637;True
S0005;2026-01-02 09:12:30;ventilation;0.842;True
S0004;2026-01-02 09:12:30;CO2_level;903;False
S0010;2026-01-02 09:12:30;CO2_level;848;False
S0003;2026-01-02 09:12:30;humidity;62.21;False
S0001;2026-01-02 09:12:30;temperature;18.701;False
S0009;2026-01-02 09:12:30;humidity;60.959;False
S0011;2026-01-02 09:12:30;ventilation;0.707;False
S0007;2026-01-02 09:12:30;temperature;22.671;False
S0004;2026-01-02 09:12:45;CO2_level;672;False
S0005;2026-01-02 09:12:45;ventilation;0.878;False
S0010;2026-01-02 09:12:45;CO2_level;738;False
S0001;2026-01-02 09:12:45;temperature;19.464;False
S0011;2026-01-02 09:12:45;ventilation;0.596;False
S0007;2026-01-02 09:12:45;temperature;18.737;False
S0007;2026-01-02 09:13:00;temperature;25.977;False
S0011;2026-01-02 09:13:00;ventilation;0.753;False
S0010;2026-01-02 09:13:00;CO2_level;1143;False
S0001;2026-01-02 09:13:00;temperature;22.428;False
S0005;2026-01-02 09:13:00;ventilation;null;True
S0009;2026-01-02 09:13:00;humidity;68.355;False
S0003;2026-01-02 09:13:00;humidity;64.715;False
S0004;2026-01-02 09:13:00;CO2_level;1059;False
S0005;2026-01-02 09:13:15;ventilation;0.912;False
S0001;2026-01-02 09:13:15;temperature;22.285;False
S0004;2026-01-02 09:13:15;CO2_level;880;False
S0007;2026-01-02 09:13:15;temperature;19.182;False
S0011;2026-01-02 09:13:15;ventilation;0.61;False
S0010;2026-01-02 09:13:15;CO2_level;857;False
S0001;2026-01-02 09:13:30;temperature;20.427;False
S0007;2026-01-02 09:13:30;temperature;22.368;False
S0003;2026-01-02 09:13:30;humidity;66.34;False
S0011;2026-01-02 09:13:30;ventilation;0.678;False
S0005;2026-01-02 09:13:30;ventilation;0.564;False
S0009;2026-01-02 09:13:30;humidity;60.29;False
S0010;2026-01-02 09:13:30;CO2_level;926;False
S0004;2026-01-02 09:13:30;CO2_level;791;False
S0010;2026-01-02 09:13:45;CO2_level;956;False
S0001;2026-01-02 09:13:45;temperature;24.438;False
S0004;2026-01-02 09:13:45;CO2_level;835;False
S0011;2026-01-02 09:13:45;ventilation;0.686;False
S0007;2026-01-02 09:13:45;temperature;26.104;False
S0005;2026-01-02 09:13:45;ventilation;0.557;False
S0001;2026-01-02 09:14:00;temperature;21.917;False
S0007;2026-01-02 09:14:00;temperature;null;True
S0003;2026-01-02 09:14:00;humidity;61.732;True
S0011;2026-01-02 09:14:00;ventilation;0.819;False
S0009;2026-01-02 09:14:00;humidity;69.239;False
S0010;2026-01-02 09:14:00;CO2_level;793;False
S0005;2026-01-02 09:14:00;ventilation;0.842;False
S0004;2026-01-02 09:14:00;CO2_level;974;False
S0005;2026-01-02 09:14:15;ventilation;0.545;False
S0007;2026-01-02 09:14:15;temperature;20.594;False
S0004;2026-01-02 09:14:15;CO2_level;631;False
S0010;2026-01-02 09:14:15;CO2_level;1093;False
S0011;2026-01-02 09:14:15;ventilation;0.782;False
S0001;2026-01-02 09:14:15;temperature;22.489;False
S0004;2026-01-02 09:14:30;CO2_level;605;False
S0009;2026-01-02 09:14:30;humidity;67.439;False
S0005;2026-01-02 09:14:30;ventilation;null;True
S0007;2026-01-02 09:14:30;temperature;25.422;False
S0001;2026-01-02 09:14:30;temperature;18.673;False
S0010;2026-01-02 09:14:30;CO2_level;771;False
S0011;2026-01-02 09:14:30;ventilation;0.819;True
S0003;2026-01-02 09:14:30;humidity;60.984;False
S0004;2026-01-02 09:14:45;CO2_level;969;False
S0007;2026-01-02 09:14:45;temperature;18.202;True
S0010;2026-01-02 09:14:45;CO2_level;648;False
S0001;2026-01-02 09:14:45;temperature;23.157;False
S0011;2026-01-02 09:14:45;ventilation;0.974;False
S0005;2026-01-02 09:14:45;ventilation;0.518;False
S0009;2026-01-02 09:15:00;humidity;68.982;False
S0007;2026-01-02 09:15:00;temperature;25.037;False
S0004;2026-01-02 09:15:00;CO2_level;944;False
S0010;2026-01-02 09:15:00;CO2_level;897;False
S0005;2026-01-02 09:15:00;ventilation;0.727;False
S0011;2026-01-02 09:15:00;ventilation;null;True
S0003;2026-01-02 09:15:00;humidity;66.782;False
S0001;2026-01-02 09:15:00;temperature;25.497;False
S0005;2026-01-02 09:15:15;ventilation;0.952;False
S0004;2026-01-02 09:15:15;CO2_level;1035;False
S0011;2026-01-02 09:15:15;ventilation;0.632;False
S0007;2026-01-02 09:15:15;temperature;23.69;True
S0001;2026-01-02 09:15:15;temperature;23.543;False
S0010;2026-01-02 09:15:15;CO2_level;1011;False
S0011;2026-01-02 09:15:30;ventilation;0.546;False
S0001;2026-01-02 09:15:30;temperature;22.264;False
S0010;2026-01-02 09:15:30;CO2_level;867;False
S0005;2026-01-02 09:15:30;ventilation;0.878;False
S0003;2026-01-02 09:15:30;humidity;64.976;False
S0004;2026-01-02 09:15:30;CO2_level;673;False
S0007;2026-01-02 09:15:30;temperature;21.477;False
S0009;2026-01-02 09:15:30;humidity;66.407;False
S0004;2026-01-02 09:15:45;CO2_level;763;False
S0001;2026-01-02 09:15:45;temperature;19.555;False
S0011;2026-01-02 09:15:45;ventilation;0.537;False
S0007;2026-01-02 09:15:45;temperature;25.964;False
S0005;2026-01-02 09:15:45;ventilation;0.886;False
S0010;2026-01-02 09:15:45;CO2_level;null;True
S0001;2026-01-02 09:16:00;temperature;22.584;False
S0009;2026-01-02 09:16:00;humidity;64.872;False
S0003;2026-01-02 09:16:00;humidity;66.334;False
S0011;2026-01-02 09:16:00;ventilation;0.685;False
S0010;2026-01-02 09:16:00;CO2_level;751;False
S0005;2026-01-02 09:16:00;ventilation;0.766;False
S0004;2026-01-02 09:16:00;CO2_level;987;False
S0007;2026-01-02 09:16:00;temperature;21.929;False
S0001;2026-01-02 09:16:15;temperature;26.573;False
S0011;2026-01-02 09:16:15;ventilation;0.784;False
S0010;2026-01-02 09:16:15;CO2_level;628;False
S0007;2026-01-02 09:16:15;temperature;18.687;False
S0004;2026-01-02 09:16:15;CO2_level;896;False
S0005;2026-01-02 09:16:15;ventilation;0.905;False
S0004;2026-01-02 09:16:30;CO2_level;935;False
S0003;2026-01-02 09:16:30;humidity;64.621;False
S0010;2026-01-02 09:16:30;CO2_level;658;False
S0011;2026-01-02 09:16:30;ventilation;0.957;False
S0007;2026-01-02 09:16:30;temperature;20.933;False
S0001;2026-01-02 09:16:30;temperature;19.44;False
S0009;2026-01-02 09:16:30;humidity;60.463;False
S0005;2026-01-02 09:16:30;ventilation;0.564;False
S0005;2026-01-02 09:16:45;ventilation;0.67;False
S0001;2026-01-02 09:16:45;temperature;22.2;False
S0004;2026-01-02 09:16:45;CO2_level;682;False
S0010;2026-01-02 09:16:45;CO2_level;612;False
S0011;2026-01-02 09:16:45;ventilation;0.636;False
S0007;2026-01-02 09:16:45;temperature;26.7;False
S0007;2026-01-02 09:17:00;temperature;26.502;False
S0001;2026-01-02 09:17:00;temperature;19.463;False
S0003;2026-01-02 09:17:00;humidity;67.413;False
S0004;2026-01-02 09:17:00;CO2_level;1092;False
S0010;2026-01-02 09:17:00;CO2_level;1001;False
S0009;2026-01-02 09:17:00;humidity;61.859;False
S0011;2026-01-02 09:17:00;ventilation;0.553;False
S0005;2026-01-02 09:17:00;ventilation;0.533;False
S0001;2026-01-02 09:17:15;temperature;22.361;False
S0004;2026-01-02 09:17:15;CO2_level;null;True
S0010;2026-01-02 09:17:15;CO2_level;670;False
S0005;2026-01-02 09:17:15;ventilation;0.506;False
S0011;2026-01-02 09:17:15;ventilation;0.607;False
S0007;2026-01-02 09:17:15;temperature;24.357;False
S0004;2026-01-02 09:17:30;CO2_level;814;False
S0010;2026-01-02 09:17:30;CO2_level;825;False
S0001;2026-01-02 09:17:30;temperature;19.492;False
S0007;2026-01-02 09:17:30;temperature;19.639;False
S0005;2026-01-02 09:17:30;ventilation;0.885;False
S0003;2026-01-02 09:17:30;humidity;null;True
S0011;2026-01-02 09:17:30;ventilation;0.69;True
S0009;2026-01-02 09:17:30;humidity;68.811;False
S0010;2026-01-02 09:17:45;CO2_level;1051;False
S0005;2026-01-02 09:17:45;ventilation;0.617;False
S0011;2026-01-02 09:17:45;ventilation;0.864;True
S0007;2026-01-02 09:17:45;temperature;23.216;False
S0001;2026-01-02 09:17:45;temperature;24.851;False
S0004;2026-01-02 09:17:45;CO2_level;1056;False
S0011;2026-01-02 09:18:00;ventilation;0.594;False
S0010;2026-01-02 09:18:00;CO2_level;1183;False
S0009;2026-01-02 09:18:00;humidity;65.805;False
S0007;2026-01-02 09:18:00;temperature;25.11;False
S0004;2026-01-02 09:18:00;CO2_level;null;True
S0005;2026-01-02 09:18:00;ventilation;0.752;False
S0003;2026-01-02 09:18:00;humidity;68.158;False
S0001;2026-01-02 09:18:00;temperature;24.633;False
S0007;2026-01-02 09:18:15;temperature;25.987;False
S0011;2026-01-02 09:18:15;ventilation;0.616;False
S0010;2026-01-02 09:18:15;CO2_level;718;False
S0004;2026-01-02 09:18:15;CO2_level;658;False
S0001;2026-01-02 09:18:15;temperature;26.265;False
S0005;2026-01-02 09:18:15;ventilation;0.523;False
S0010;2026-01-02 09:18:30;CO2_level;1170;False
S0003;2026-01-02 09:18:30;humidity;69.361;False
S0009;2026-01-02 09:18:30;humidity;64.197;False
S0007;2026-01-02 09:18:30;temperature;21.673;False
S0011;2026-01-02 09:18:30;ventilation;0.884;False
S0001;2026-01-02 09:18:30;temperature;18.199;False
S0004;2026-01-02 09:18:30;CO2_level;843;False
S0005;2026-01-02 09:18:30;ventilation;0.802;False
S0004;2026-01-02 09:18:45;CO2_level;1180;False
S0010;2026-01-02 09:18:45;CO2_level;994;False
S0011;2026-01-02 09:18:45;ventilation;0.54;False
S0001;2026-01-02 09:18:45;temperature;22.344;False
S0007;2026-01-02 09:18:45;temperature;26.762;False
S0005;2026-01-02 09:18:45;ventilation;0.903;False
S0007;2026-01-02 09:19:00;temperature;23.67;False
S0004;2026-01-02 09:19:00;CO2_level;854;False
S0009;2026-01-02 09:19:00;humidity;65.765;False
S0001;2026-01-02 09:19:00;temperature;22.368;False
S0005;2026-01-02 09:19:00;ventilation;0.624;False
S0010;2026-01-02 09:19:00;CO2_level;998;False
S0003;2026-01-02 09:19:00;humidity;65.11;False
S0011;2026-01-02 09:19:00;ventilation;0.783;False
S0004;2026-01-02 09:19:15;CO2_level;660;False
S0005;2026-01-02 09:19:15;ventilation;0.542;True
S0010;2026-01-02 09:19:15;CO2_level;901;False
S0007;2026-01-02 09:19:15;temperature;18.456;False
S0001;2026-01-02 09:19:15;temperature;21.509;False
S0011;2026-01-02 09:19:15;ventilation;0.6;False
S0001;2026-01-02 09:19:30;temperature;18.047;False
S0009;2026-01-02 09:19:30;humidity;63.561;False
S0011;2026-01-02 09:19:30;ventilation;0.796;False
S0004;2026-01-02 09:19:30;CO2_level;1029;False
S0005;2026-01-02 09:19:30;ventilation;0.709;False
S0007;2026-01-02 09:19:30;temperature;24.995;False
S0010;2026-01-02 09:19:30;CO2_level;1038;False
S0003;2026-01-02 09:19:30;humidity;63.192;False
S0010;2026-01-02 09:19:45;CO2_level;1110;False
S0007;2026-01-02 09:19:45;temperature;23.769;False
S0001;2026-01-02 09:19:45;temperature;25.874;False
S0004;2026-01-02 09:19:45;CO2_level;858;False
S0005;2026-01-02 09:19:45;ventilation;0.572;False
S0011;2026-01-02 09:19:45;ventilation;0.966;False
S0005;2026-01-02 09:20:00;ventilation;0.669;False
S0007;2026-01-02 09:20:00;temperature;23.238;False
S0009;2026-01-02 09:20:00;humidity;66.383;False
S0011;2026-01-02 09:20:00;ventilation;0.925;False
S0001;2026-01-02 09:20:00;temperature;26.66;False
S0010;2026-01-02 09:20:00;CO2_level;848;False
S0004;2026-01-02 09:20:00;CO2_level;833;False
S0003;2026-01-02 09:20:00;humidity;64.144;False
S0007;2026-01-02 09:20:15;temperature;23.002;False
S0011;2026-01-02 09:20:15;ventilation;0.924;False
S0010;2026-01-02 09:20:15;CO2_level;1028;False
S0004;2026-01-02 09:20:15;CO2_level;866;False
S0005;2026-01-02 09:20:15;ventilation;0.827;False
S0001;2026-01-02 09:20:15;temperature;23.774;False
S0001;2026-01-02 09:20:30;temperature;25.008;False
S0005;2026-01-02 09:20:30;ventilation;0.675;False
S0010;2026-01-02 09:20:30;CO2_level;919;False
S0009;2026-01-02 09:20:30;humidity;63.426;False
S0011;2026-01-02 09:20:30;ventilation;0.987;False
S0004;2026-01-02 09:20:30;CO2_level;870;False
S0007;2026-01-02 09:20:30;temperature;22.136;False
S0003;2026-01-02 09:20:30;humidity;64.193;True
S0005;2026-01-02 09:20:45;ventilation;0.631;False
S0004;2026-01-02 09:20:45;CO2_level;940;False
S0001;2026-01-02 09:20:45;temperature;20.226;False
S0010;2026-01-02 09:20:45;CO2_level;1137;False
S0007;2026-01-02 09:20:45;temperature;25.142;False
S0011;2026-01-02 09:20:45;ventilation;0.61;False
S0004;2026-01-02 09:21:00;CO2_level;844;False
S0001;2026-01-02 09:21:00;temperature;20.397;False
S0005;2026-01-02 09:21:00;ventilation;0.946;False
S0011;2026-01-02 09:21:00;ventilation;0.57;False
S0009;2026-01-02 09:21:00;humidity;69.952;False
S0007;2026-01-02 09:21:00;temperature;20.958;False
S0010;2026-01-02 09:21:00;CO2_level;733;False
S0003;2026-01-02 09:21:00;humidity;60.445;False
S0010;2026-01-02 09:21:15;CO2_level;826;True
S0011;2026-01-02 09:21:15;ventilation;0.945;False
S0004;2026-01-02 09:21:15;CO2_level;915;False
S0001;2026-01-02 09:21:15;temperature;23.407;False
S0005;2026-01-02 09:21:15;ventilation;0.621;False
S0007;2026-01-02 09:21:15;temperature;23.352;False
S0011;2026-01-02 09:21:30;ventilation;0.935;False
S0001;2026-01-02 09:21:30;temperature;21.302;False
S0007;2026-01-02 09:21:30;temperature;24.822;False
S0004;2026-01-02 09:21:30;CO2_level;809;False
S0009;2026-01-02 09:21:30;humidity;65.711;False
S0005;2026-01-02 09:21:30;ventilation;0.936;False
S0003;2026-01-02 09:21:30;humidity;69.051;True
S0010;2026-01-02 09:21:30;CO2_level;764;False
S0011;2026-01-02 09:21:45;ventilation;0.719;False
S0005;2026-01-02 09:21:45;ventilation;0.99;True
S0001;2026-01-02 09:21:45;temperature;18.383;False
S0010;2026-01-02 09:21:45;CO2_level;1118;False
S0004;2026-01-02 09:21:45;CO2_level;740;False
S0007;2026-01-02 09:21:45;temperature;25.144;False
S0001;2026-01-02 09:22:00;temperature;21.483;False
S0011;2026-01-02 09:22:00;ventilation;0.894;False
S0004;2026-01-02 09:22:00;CO2_level;681;False
S0007;2026-01-02 09:22:00;temperature;19.901;False
S0010;2026-01-02 09:22:00;CO2_level;1038;False
S0009;2026-01-02 09:22:00;humidity;69.838;False
S0003;2026-01-02 09:22:00;humidity;67.923;False
S0005;2026-01-02 09:22:00;ventilation;0.585;False
S0004;2026-01-02 09:22:15;CO2_level;1071;False
S0001;2026-01-02 09:22:15;temperature;19.306;False
S0011;2026-01-02 09:22:15;ventilation;0.708;False
S0007;2026-01-02 09:22:15;temperature;25.834;False
S0005;2026-01-02 09:22:15;ventilation;0.913;False
S0010;2026-01-02 09:22:15;CO2_level;991;False
S0004;2026-01-02 09:22:30;CO2_level;982;False
S0011;2026-01-02 09:22:30;ventilation;null;True
S0001;2026-01-02 09:22:30;temperature;22.997;False
S0010;2026-01-02 09:22:30;CO2_level;1031;True
S0009;2026-01-02 09:22:30;humidity;64.858;False
S0003;2026-01-02 09:22:30;humidity;68.862;False
S0007;2026-01-02 09:22:30;temperature;20.793;False
S0005;2026-01-02 09:22:30;ventilation;0.505;False
S0005;2026-01-02 09:22:45;ventilation;0.811;False
S0011;2026-01-02 09:22:45;ventilation;0.682;True
S0007;2026-01-02 09:22:45;temperature;19.652;False
S0001;2026-01-02 09:22:45;temperature;24.794;False
S0004;2026-01-02 09:22:45;CO2_level;1134;False
S0010;2026-01-02 09:22:45;CO2_level;742;False
S0009;2026-01-02 09:23:00;humidity;69.854;False
S0005;2026-01-02 09:23:00;ventilation;0.634;False
S0011;2026-01-02 09:23:00;ventilation;0.908;False
S0007;2026-01-02 09:23:00;temperature;20.644;False
S0004;2026-01-02 09:23:00;CO2_level;739;False
S0001;2026-01-02 09:23:00;temperature;23.958;False
S0010;2026-01-02 09:23:00;CO2_level;1121;False
S0003;2026-01-02 09:23:00;humidity;64.561;False
S0004;2026-01-02 09:23:15;CO2_level;null;True
S0010;2026-01-02 09:23:15;CO2_level;663;False
S0007;2026-01-02 09:23:15;temperature;26.202;False
S0005;2026-01-02 09:23:15;ventilation;0.731;False
S0001;2026-01-02 09:23:15;temperature;19.758;False
S0011;2026-01-02 09:23:15;ventilation;0.771;False
S0010;2026-01-02 09:23:30;CO2_level;984;False
S0005;2026-01-02 09:23:30;ventilation;0.884;False
S0001;2026-01-02 09:23:30;temperature;20.077;False
S0003;2026-01-02 09:23:30;humidity;63.638;False
S0009;2026-01-02 09:23:30;humidity;60.454;False
S0004;2026-01-02 09:23:30;CO2_level;1171;False
S0007;2026-01-02 09:23:30;temperature;19.489;False
S0011;2026-01-02 09:23:30;ventilation;0.52;False
S0001;2026-01-02 09:23:45;temperature;22.502;False
S0005;2026-01-02 09:23:45;ventilation;0.975;False
S0004;2026-01-02 09:23:45;CO2_level;1194;False
S0007;2026-01-02 09:23:45;temperature;18.406;False
S0011;2026-01-02 09:23:45;ventilation;0.622;False
S0010;2026-01-02 09:23:45;CO2_level;714;False
S0011;2026-01-02 09:24:00;ventilation;0.977;False
S0004;2026-01-02 09:24:00;CO2_level;727;False
S0005;2026-01-02 09:24:00;ventilation;0.588;False
S0003;2026-01-02 09:24:00;humidity;64.654;False
S0007;2026-01-02 09:24:00;temperature;19.908;False
S0001;2026-01-02 09:24:00;temperature;24.651;False
S0010;2026-01-02 09:24:00;CO2_level;1010;False
S0009;2026-01-02 09:24:00;humidity;67.69;False
S0010;2026-01-02 09:24:15;CO2_level;654;False
S0007;2026-01-02 09:24:15;temperature;26.258;False
S0004;2026-01-02 09:24:15;CO2_level;1078;False
S0001;2026-01-02 09:24:15;temperature;20.445;False
S0005;2026-01-02 09:24:15;ventilation;0.95;False
S0011;2026-01-02 09:24:15;ventilation;0.945;False
S0004;2026-01-02 09:24:30;CO2_level;649;False
S0010;2026-01-02 09:24:30;CO2_level;814;False
S0007;2026-01-02 09:24:30;temperature;22.544;False
S0003;2026-01-02 09:24:30;humidity;65.891;False
S0011;2026-01-02 09:24:30;ventilation;0.503;False
S0005;2026-01-02 09:24:30;ventilation;0.727;False
S0009;2026-01-02 09:24:30;humidity;63.894;False
S0001;2026-01-02 09:24:30;temperature;null;True
S0011;2026-01-02 09:24:45;ventilation;0.58;False
S0004;2026-01-02 09:24:45;CO2_level;749;False
S0007;2026-01-02 09:24:45;temperature;18.506;False
S0005;2026-01-02 09:24:45;ventilation;0.541;False
S0001;2026-01-02 09:24:45;temperature;23.333;False
S0010;2026-01-02 09:24:45;CO2_level;694;False
S0011;2026-01-02 09:25:00;ventilation;0.859;False
S0001;2026-01-02 09:25:00;temperature;18.322;False
S0004;2026-01-02 09:25:00;CO2_level;650;False
S0003;2026-01-02 09:25:00;humidity;64.522;False
S0007;2026-01-02 09:25:00;temperature;25.128;False
S0005;2026-01-02 09:25:00;ventilation;0.848;False
S0009;2026-01-02 09:25:00;humidity;65.972;False
S0010;2026-01-02 09:25:00;CO2_level;1099;False
S0001;2026-01-02 09:25:15;temperature;25.563;False
S0011;2026-01-02 09:25:15;ventilation;0.662;False
S0004;2026-01-02 09:25:15;CO2_level;951;False
S0005;2026-01-02 09:25:15;ventilation;0.526;True
S0007;2026-01-02 09:25:15;temperature;20.14;False
S0010;2026-01-02 09:25:15;CO2_level;1003;False
S0004;2026-01-02 09:25:30;CO2_level;785;False
S0005;2026-01-02 09:25:30;ventilation;0.665;False
S0001;2026-01-02 09:25:30;temperature;21.961;False
S0003;2026-01-02 09:25:30;humidity;65.417;False
S0007;2026-01-02 09:25:30;temperature;20.066;False
S0011;2026-01-02 09:25:30;ventilation;0.6;False
S0010;2026-01-02 09:25:30;CO2_level;888;False
S0009;2026-01-02 09:25:30;humidity;65.933;False
S0001;2026-01-02 09:25:45;temperature;26.328;False
S0007;2026-01-02 09:25:45;temperature;24.065;False
S0011;2026-01-02 09:25:45;ventilation;0.977;False
S0010;2026-01-02 09:25:45;CO2_level;967;False
S0005;2026-01-02 09:25:45;ventilation;0.847;False
S0004;2026-01-02 09:25:45;CO2_level;636;False
S0003;2026-01-02 09:26:00;humidity;61.413;False
S0001;2026-01-02 09:26:00;temperature;21.466;False
S0010;2026-01-02 09:26:00;CO2_level;732;False
S0007;2026-01-02 09:26:00;temperature;24.083;False
S0009;2026-01-02 09:26:00;humidity;64.206;False
S0011;2026-01-02 09:26:00;ventilation;0.623;False
S0004;2026-01-02 09:26:00;CO2_level;759;False
S0005;2026-01-02 09:26:00;ventilation;0.637;False
S0007;2026-01-02 09:26:15;temperature;19.503;True
S0004;2026-01-02 09:26:15;CO2_level;1097;False
S0010;2026-01-02 09:26:15;CO2_level;817;False
S0011;2026-01-02 09:26:15;ventilation;0.7;False
S0001;2026-01-02 09:26:15;temperature;20.015;False
S0005;2026-01-02 09:26:15;ventilation;0.804;False
S0009;2026-01-02 09:26:30;humidity;68.311;False
S0003;2026-01-02 09:26:30;humidity;63.593;False
S0005;2026-01-02 09:26:30;ventilation;0.958;False
S0004;2026-01-02 09:26:30;CO2_level;788;False
S0007;2026-01-02 09:26:30;temperature;20.493;False
S0001;2026-01-02 09:26:30;temperature;26.832;False
S0011;2026-01-02 09:26:30;ventilation;0.82;False
S0010;2026-01-02 09:26:30;CO2_level;803;False
S0001;2026-01-02 09:26:45;temperature;18.692;False
S0004;2026-01-02 09:26:45;CO2_level;923;False
S0005;2026-01-02 09:26:45;ventilation;0.566;False
S0010;2026-01-02 09:26:45;CO2_level;901;False
S0011;2026-01-02 09:26:45;ventilation;0.884;False
S0007;2026-01-02 09:26:45;temperature;19.208;False
S0011;2026-01-02 09:27:00;ventilation;0.805;False
S0001;2026-01-02 09:27:00;temperature;24.271;False
S0003;2026-01-02 09:27:00;humidity;65.798;False
S0005;2026-01-02 09:27:00;ventilation;0.88;False
S0004;2026-01-02 09:27:00;CO2_level;760;False
S0010;2026-01-02 09:27:00;CO2_level;689;False
S0009;2026-01-02 09:27:00;humidity;67.638;False
S0007;2026-01-02 09:27:00;temperature;22.235;False
S0001;2026-01-02 09:27:15;temperature;26.786;False
S0007;2026-01-02 09:27:15;temperature;25.837;False
S0010;2026-01-02 09:27:15;CO2_level;1008;False
S0005;2026-01-02 09:27:15;ventilation;0.641;False
S0011;2026-01-02 09:27:15;ventilation;0.531;False
S0004;2026-01-02 09:27:15;CO2_level;874;False
S0011;2026-01-02 09:27:30;ventilation;0.72;False
S0007;2026-01-02 09:27:30;temperature;22.916;False
S0004;2026-01-02 09:27:30;CO2_level;981;False
S0003;2026-01-02 09:27:30;humidity;66.004;False
S0009;2026-01-02 09:27:30;humidity;61.126;True
S0001;2026-01-02 09:27:30;temperature;22.429;False
S0005;2026-01-02 09:27:30;ventilation;0.798;False
S0010;2026-01-02 09:27:30;CO2_level;736;False
S0004;2026-01-02 09:27:45;CO2_level;993;False
S0001;2026-01-02 09:27:45;temperature;20.253;False
S0010;2026-01-02 09:27:45;CO2_level;832;False
S0011;2026-01-02 09:27:45;ventilation;0.647;False
S0005;2026-01-02 09:27:45;ventilation;0.7;False
S0007;2026-01-02 09:27:45;temperature;23.235;False
S0011;2026-01-02 09:28:00;ventilation;0.718;False
S0001;2026-01-02 09:28:00;temperature;25.951;False
S0005;2026-01-02 09:28:00;ventilation;0.619;False
S0010;2026-01-02 09:28:00;CO2_level;865;False
S0009;2026-01-02 09:28:00;humidity;63.233;False
S0004;2026-01-02 09:28:00;CO2_level;641;False
S0007;2026-01-02 09:28:00;temperature;19.55;False
S0003;2026-01-02 09:28:00;humidity;62.868;False
S0010;2026-01-02 09:28:15;CO2_level;1014;False
S0004;2026-01-02 09:28:15;CO2_level;972;False
S0007;2026-01-02 09:28:15;temperature;19.659;False
S0001;2026-01-02 09:28:15;temperature;25.476;False
S0005;2026-01-02 09:28:15;ventilation;0.807;False
S0011;2026-01-02 09:28:15;ventilation;0.915;False
S0001;2026-01-02 09:28:30;temperature;21.003;False
S0011;2026-01-02 09:28:30;ventilation;0.969;False
S0010;2026-01-02 09:28:30;CO2_level;700;False
S0003;2026-01-02 09:28:30;humidity;69.625;False
S0007;2026-01-02 09:28:30;temperature;22.444;False
S0009;2026-01-02 09:28:30;humidity;64.106;False
S0004;2026-01-02 09:28:30;CO2_level;756;False
S0005;2026-01-02 09:28:30;ventilation;null;True
S0001;2026-01-02 09:28:45;temperature;21.307;False
S0010;2026-01-02 09:28:45;CO2_level;672;False
S0007;2026-01-02 09:28:45;temperature;24.116;False
S0004;2026-01-02 09:28:45;CO2_level;612;False
S0011;2026-01-02 09:28:45;ventilation;0.852;False
S0005;2026-01-02 09:28:45;ventilation;0.725;False
S0003;2026-01-02 09:29:00;humidity;68.675;False
S0011;2026-01-02 09:29:00;ventilation;0.616;False
S0001;2026-01-02 09:29:00;temperature;20.977;False
S0009;2026-01-02 09:29:00;humidity;62.311;False
S0010;2026-01-02 09:29:00;CO2_level;1140;False
S0007;2026-01-02 09:29:00;temperature;19.239;False
S0005;2026-01-02 09:29:00;ventilation;0.772;False
S0004;2026-01-02 09:29:00;CO2_level;630;True
S0011;2026-01-02 09:29:15;ventilation;0.761;False
S0004;2026-01-02 09:29:15;CO2_level;611;False
S0007;2026-01-02 09:29:15;temperature;25.367;False
S0001;2026-01-02 09:29:15;temperature;23.428;False
S0010;2026-01-02 09:29:15;CO2_level;null;True
S0005;2026-01-02 09:29:15;ventilation;0.762;False
S0004;2026-01-02 09:29:30;CO2_level;669;False
S0005;2026-01-02 09:29:30;ventilation;0.512;False
S0011;2026-01-02 09:29:30;ventilation;0.649;False
S0001;2026-01-02 09:29:30;temperature;24.696;False
S0007;2026-01-02 09:29:30;temperature;24.713;False
S0010;2026-01-02 09:29:30;CO2_level;681;False
S0003;2026-01-02 09:29:30;humidity;68.905;False
S0009;2026-01-02 09:29:30;humidity;66.753;False
S0004;2026-01-02 09:29:45;CO2_level;1091;False
S0010;2026-01-02 09:29:45;CO2_level;1104;False
S0007;2026-01-02 09:29:45;temperature;25.446;False
S0011;2026-01-02 09:29:45;ventilation;0.878;False
S0005;2026-01-02 09:29:45;ventilation;0.731;False
S0001;2026-01-02 09:29:45;temperature;20.75;True
S0009;2026-01-02 09:30:00;humidity;69.032;False
S0003;2026-01-02 09:30:00;humidity;67.628;False
S0004;2026-01-02 09:30:00;CO2_level;980;False
S0007;2026-01-02 09:30:00;temperature;25.487;False
S0011;2026-01-02 09:30:00;ventilation;0.725;False
S0010;2026-01-02 09:30:00;CO2_level;839;False
S0001;2026-01-02 09:30:00;temperature;20.922;False
S0005;2026-01-02 09:30:00;ventilation;0.803;False
S0001;2026-01-02 09:30:15;temperature;24.485;False
S0011;2026-01-02 09:30:15;ventilation;0.729;False
S0004;2026-01-02 09:30:15;CO2_level;619;False
S0007;2026-01-02 09:30:15;temperature;21.415;False
S0005;2026-01-02 09:30:15;ventilation;0.594;False
S0010;2026-01-02 09:30:15;CO2_level;805;False
S0001;2026-01-02 09:30:30;temperature;19.716;False
S0007;2026-01-02 09:30:30;temperature;18.613;False
S0004;2026-01-02 09:30:30;CO2_level;1130;False
S0009;2026-01-02 09:30:30;humidity;69.021;False
S0010;2026-01-02 09:30:30;CO2_level;967;False
S0003;2026-01-02 09:30:30;humidity;64.47;False
S0011;2026-01-02 09:30:30;ventilation;0.927;False
S0005;2026-01-02 09:30:30;ventilation;0.839;False
S0010;2026-01-02 09:30:45;CO2_level;849;False
S0005;2026-01-02 09:30:45;ventilation;0.546;False
S0001;2026-01-02 09:30:45;temperature;24.59;False
S0004;2026-01-02 09:30:45;CO2_level;1001;False
S0011;2026-01-02 09:30:45;ventilation;0.675;False
S0007;2026-01-02 09:30:45;temperature;23.172;False
S0003;2026-01-02 09:31:00;humidity;67.932;False
S0005;2026-01-02 09:31:00;ventilation;null;True
S0009;2026-01-02 09:31:00;humidity;63.855;False
S0011;2026-01-02 09:31:00;ventilation;0.85;False
S0004;2026-01-02 09:31:00;CO2_level;1199;False
S0001;2026-01-02 09:31:00;temperature;20.506;True
S0007;2026-01-02 09:31:00;temperature;18.787;False
S0010;2026-01-02 09:31:00;CO2_level;928;False
S0011;2026-01-02 09:31:15;ventilation;0.669;False
S0001;2026-01-02 09:31:15;temperature;23.392;False
S0010;2026-01-02 09:31:15;CO2_level;759;False
S0007;2026-01-02 09:31:15;temperature;24.135;False
S0005;2026-01-02 09:31:15;ventilation;0.544;False
S0004;2026-01-02 09:31:15;CO2_level;1062;False
S0005;2026-01-02 09:31:30;ventilation;0.926;False
S0007;2026-01-02 09:31:30;temperature;24.281;False
S0009;2026-01-02 09:31:30;humidity;61.571;False
S0011;2026-01-02 09:31:30;ventilation;null;True
S0010;2026-01-02 09:31:30;CO2_level;935;False
S0004;2026-01-02 09:31:30;CO2_level;724;False
S0001;2026-01-02 09:31:30;temperature;null;True
S0003;2026-01-02 09:31:30;humidity;60.703;False
S0001;2026-01-02 09:31:45;temperature;20.528;False
S0005;2026-01-02 09:31:45;ventilation;0.537;False
S0004;2026-01-02 09:31:45;CO2_level;1086;False
S0011;2026-01-02 09:31:45;ventilation;0.822;False
S0010;2026-01-02 09:31:45;CO2_level;1128;True
S0007;2026-01-02 09:31:45;temperature;20.215;False
S0011;2026-01-02 09:32:00;ventilation;0.504;True
S0005;2026-01-02 09:32:00;ventilation;0.944;False
S0003;2026-01-02 09:32:00;humidity;67.855;False
S0001;2026-01-02 09:32:00;temperature;21.271;False
S0010;2026-01-02 09:32:00;CO2_level;732;True
S0007;2026-01-02 09:32:00;temperature;26.802;False
S0004;2026-01-02 09:32:00;CO2_level;1124;False
S0009;2026-01-02 09:32:00;humidity;66.439;False
S0007;2026-01-02 09:32:15;temperature;22.125;False
S0011;2026-01-02 09:32:15;ventilation;0.707;False
S0001;2026-01-02 09:32:15;temperature;25.084;False
S0010;2026-01-02 09:32:15;CO2_level;765;False
S0005;2026-01-02 09:32:15;ventilation;0.781;False
S0004;2026-01-02 09:32:15;CO2_level;1099;False
S0009;2026-01-02 09:32:30;humidity;69.758;False
S0001;2026-01-02 09:32:30;temperature;20.739;True
S0010;2026-01-02 09:32:30;CO2_level;784;False
S0011;2026-01-02 09:32:30;ventilation;0.898;False
S0004;2026-01-02 09:32:30;CO2_level;1075;False
S0003;2026-01-02 09:32:30;humidity;69.034;False
S0005;2026-01-02 09:32:30;ventilation;0.81;False
S0007;2026-01-02 09:32:30;temperature;22.622;False
S0011;2026-01-02 09:32:45;ventilation;0.533;False
S0005;2026-01-02 09:32:45;ventilation;0.55;False
S0001;2026-01-02 09:32:45;temperature;23.709;False
S0010;2026-01-02 09:32:45;CO2_level;787;False
S0007;2026-01-02 09:32:45;temperature;21.27;False
S0004;2026-01-02 09:32:45;CO2_level;996;False
S0001;2026-01-02 09:33:00;temperature;20.124;False
S0007;2026-01-02 09:33:00;temperature;19.021;False
S0005;2026-01-02 09:33:00;ventilation;0.614;False
S0009;2026-01-02 09:33:00;humidity;66.432;True
S0011;2026-01-02 09:33:00;ventilation;0.956;False
S0004;2026-01-02 09:33:00;CO2_level;985;False
S0010;2026-01-02 09:33:00;CO2_level;656;False
S0003;2026-01-02 09:33:00;humidity;63.613;False
S0005;2026-01-02 09:33:15;ventilation;0.783;True
S0010;2026-01-02 09:33:15;CO2_level;1128;False
S0001;2026-01-02 09:33:15;temperature;24.56;False
S0007;2026-01-02 09:33:15;temperature;25.07;False
S0004;2026-01-02 09:33:15;CO2_level;1055;False
S0011;2026-01-02 09:33:15;ventilation;0.526;False
S0001;2026-01-02 09:33:30;temperature;18.188;False
S0004;2026-01-02 09:33:30;CO2_level;949;False
S0010;2026-01-02 09:33:30;CO2_level;917;False
S0005;2026-01-02 09:33:30;ventilation;0.561;False
S0003;2026-01-02 09:33:30;humidity;63.975;False
S0011;2026-01-02 09:33:30;ventilation;0.785;False
S0009;2026-01-02 09:33:30;humidity;60.617;False
S0007;2026-01-02 09:33:30;temperature;24.007;False
S0001;2026-01-02 09:33:45;temperature;21.133;False
S0010;2026-01-02 09:33:45;CO2_level;784;False
S0004;2026-01-02 09:33:45;CO2_level;849;False
S0007;2026-01-02 09:33:45;temperature;21.584;False
S0011;2026-01-02 09:33:45;ventilation;0.517;False
S0005;2026-01-02 09:33:45;ventilation;0.502;False
S0001;2026-01-02 09:34:00;temperature;26.896;False
S0009;2026-01-02 09:34:00;humidity;65.608;False
S0005;2026-01-02 09:34:00;ventilation;0.759;False
S0010;2026-01-02 09:34:00;CO2_level;883;False
S0007;2026-01-02 09:34:00;temperature;18.378;False
S0004;2026-01-02 09:34:00;CO2_level;933;True
S0011;2026-01-02 09:34:00;ventilation;0.658;False
S0003;2026-01-02 09:34:00;humidity;65.021;False
S0005;2026-01-02 09:34:15;ventilation;0.559;False
S0011;2026-01-02 09:34:15;ventilation;0.741;False
S0007;2026-01-02 09:34:15;temperature;21.108;False
S0010;2026-01-02 09:34:15;CO2_level;1115;False
S0004;2026-01-02 09:34:15;CO2_level;742;False
S0001;2026-01-02 09:34:15;temperature;19.752;False
S0007;2026-01-02 09:34:30;temperature;22.747;False
S0005;2026-01-02 09:34:30;ventilation;0.808;False
S0010;2026-01-02 09:34:30;CO2_level;683;False
S0004;2026-01-02 09:34:30;CO2_level;1004;False
S0001;2026-01-02 09:34:30;temperature;19.63;False
S0003;2026-01-02 09:34:30;humidity;69.969;False
S0011;2026-01-02 09:34:30;ventilation;0.601;False
S0009;2026-01-02 09:34:30;humidity;61.655;False
S0007;2026-01-02 09:34:45;temperature;22.875;False
S0005;2026-01-02 09:34:45;ventilation;0.696;False
S0004;2026-01-02 09:34:45;CO2_level;767;False
S0010;2026-01-02 09:34:45;CO2_level;null;True
S0001;2026-01-02 09:34:45;temperature;23.546;False
S0011;2026-01-02 09:34:45;ventilation;0.626;False
S0003;2026-01-02 09:35:00;humidity;67.427;False
S0004;2026-01-02 09:35:00;CO2_level;655;False
S0007;2026-01-02 09:35:00;temperature;20.789;False
S0009;2026-01-02 09:35:00;humidity;63.559;False
S0011;2026-01-02 09:35:00;ventilation;0.682;False
S0005;2026-01-02 09:35:00;ventilation;0.686;False
S0001;2026-01-02 09:35:00;temperature;21.721;False
S0010;2026-01-02 09:35:00;CO2_level;761;False
S0011;2026-01-02 09:35:15;ventilation;0.776;False
S0005;2026-01-02 09:35:15;ventilation;0.731;False
S0004;2026-01-02 09:35:15;CO2_level;1037;False
S0001;2026-01-02 09:35:15;temperature;21.078;False
S0010;2026-01-02 09:35:15;CO2_level;1113;False
S0007;2026-01-02 09:35:15;temperature;23.677;False
S0001;2026-01-02 09:35:30;temperature;24.469;False
S0005;2026-01-02 09:35:30;ventilation;0.54;False
S0011;2026-01-02 09:35:30;ventilation;0.845;False
S0003;2026-01-02 09:35:30;humidity;61.764;False
S0009;2026-01-02 09:35:30;humidity;62.71;False
S0004;2026-01-02 09:35:30;CO2_level;829;False
S0007;2026-01-02 09:35:30;temperature;22.746;True
S0010;2026-01-02 09:35:30;CO2_level;1156;False
S0011;2026-01-02 09:35:45;ventilation;0.549;False
S0007;2026-01-02 09:35:45;temperature;20.35;False
S0004;2026-01-02 09:35:45;CO2_level;1046;False
S0001;2026-01-02 09:35:45;temperature;20.059;False
S0010;2026-01-02 09:35:45;CO2_level;899;False
S0005;2026-01-02 09:35:45;ventilation;0.879;False
S0004;2026-01-02 09:36:00;CO2_level;904;False
S0010;2026-01-02 09:36:00;CO2_level;677;False
S0005;2026-01-02 09:36:00;ventilation;0.971;False
S0003;2026-01-02 09:36:00;humidity;68.976;False
S0009;2026-01-02 09:36:00;humidity;67.966;False
S0001;2026-01-02 09:36:00;temperature;25.502;False
S0007;2026-01-02 09:36:00;temperature;22.416;False
S0011;2026-01-02 09:36:00;ventilation;0.848;False
S0005;2026-01-02 09:36:15;ventilation;0.807;False
S0004;2026-01-02 09:36:15;CO2_level;1095;False
S0010;2026-01-02 09:36:15;CO2_level;1007;False
S0001;2026-01-02 09:36:15;temperature;26.843;False
S0011;2026-01-02 09:36:15;ventilation;0.585;False
S0007;2026-01-02 09:36:15;temperature;18.073;False
S0011;2026-01-02 09:36:30;ventilation;0.816;False
S0009;2026-01-02 09:36:30;humidity;67.181;False
S0003;2026-01-02 09:36:30;humidity;61.009;True
S0001;2026-01-02 09:36:30;temperature;19.168;False
S0007;2026-01-02 09:36:30;temperature;22.251;False
S0004;2026-01-02 09:36:30;CO2_level;1138;False
S0005;2026-01-02 09:36:30;ventilation;0.575;False
S0010;2026-01-02 09:36:30;CO2_level;977;False
S0007;2026-01-02 09:36:45;temperature;20.567;False
S0001;2026-01-02 09:36:45;temperature;22.858;False
S0005;2026-01-02 09:36:45;ventilation;0.976;False
S0004;2026-01-02 09:36:45;CO2_level;658;False
S0010;2026-01-02 09:36:45;CO2_level;677;False
S0011;2026-01-02 09:36:45;ventilation;0.616;False
S0005;2026-01-02 09:37:00;ventilation;0.783;False
S0011;2026-01-02 09:37:00;ventilation;0.65;False
S0001;2026-01-02 09:37:00;temperature;19.975;False
S0007;2026-01-02 09:37:00;temperature;20.414;True
S0003;2026-01-02 09:37:00;humidity;63.442;False
S0010;2026-01-02 09:37:00;CO2_level;766;False
S0009;2026-01-02 09:37:00;humidity;63.88;False
S0004;2026-01-02 09:37:00;CO2_level;808;False
S0007;2026-01-02 09:37:15;temperature;18.656;False
S0005;2026-01-02 09:37:15;ventilation;0.82;False
S0004;2026-01-02 09:37:15;CO2_level;1150;True
S0011;2026-01-02 09:37:15;ventilation;0.739;True
S0001;2026-01-02 09:37:15;temperature;26.362;False
S0010;2026-01-02 09:37:15;CO2_level;1100;False
S0003;2026-01-02 09:37:30;humidity;64.216;False
S0007;2026-01-02 09:37:30;temperature;22.036;False
S0001;2026-01-02 09:37:30;temperature;25.144;False
S0009;2026-01-02 09:37:30;humidity;61.9;False
S0005;2026-01-02 09:37:30;ventilation;0.997;False
S0004;2026-01-02 09:37:30;CO2_level;757;False
S0010;2026-01-02 09:37:30;CO2_level;954;False
S0011;2026-01-02 09:37:30;ventilation;0.811;False
S0005;2026-01-02 09:37:45;ventilation;0.546;False
S0007;2026-01-02 09:37:45;temperature;18.91;False
S0011;2026-01-02 09:37:45;ventilation;0.529;False
S0004;2026-01-02 09:37:45;CO2_level;1130;False
S0010;2026-01-02 09:37:45;CO2_level;1168;True
S0001;2026-01-02 09:37:45;temperature;19.878;False
S0009;2026-01-02 09:38:00;humidity;69.659;False
S0004;2026-01-02 09:38:00;CO2_level;742;False
S0005;2026-01-02 09:38:00;ventilation;0.863;False
S0010;2026-01-02 09:38:00;CO2_level;668;False
S0003;2026-01-02 09:38:00;humidity;65.889;False
S0011;2026-01-02 09:38:00;ventilation;0.701;False
S0007;2026-01-02 09:38:00;temperature;21.884;True
S0001;2026-01-02 09:38:00;temperature;22.426;False
S0001;2026-01-02 09:38:15;temperature;24.906;False
S0005;2026-01-02 09:38:15;ventilation;0.895;False
S0004;2026-01-02 09:38:15;CO2_level;1051;False
S0011;2026-01-02 09:38:15;ventilation;0.673;False
S0007;2026-01-02 09:38:15;temperature;20.99;False
S0010;2026-01-02 09:38:15;CO2_level;889;False
S0011;2026-01-02 09:38:30;ventilation;0.5;False
S0003;2026-01-02 09:38:30;humidity;65.27;False
S0010;2026-01-02 09:38:30;CO2_level;696;False
S0007;2026-01-02 09:38:30;temperature;26.471;False
S0009;2026-01-02 09:38:30;humidity;67.371;False
S0001;2026-01-02 09:38:30;temperature;21.443;False
S0005;2026-01-02 09:38:30;ventilation;0.632;False
S0004;2026-01-02 09:38:30;CO2_level;645;False
S0011;2026-01-02 09:38:45;ventilation;0.832;False
S0001;2026-01-02 09:38:45;temperature;22.691;False
S0005;2026-01-02 09:38:45;ventilation;0.636;False
S0004;2026-01-02 09:38:45;CO2_level;1197;False
S0010;2026-01-02 09:38:45;CO2_level;604;False
S0007;2026-01-02 09:38:45;temperature;18.888;False
S0011;2026-01-02 09:39:00;ventilation;0.943;False
S0007;2026-01-02 09:39:00;temperature;26.778;False
S0009;2026-01-02 09:39:00;humidity;62.047;False
S0003;2026-01-02 09:39:00;humidity;66.286;False
S0005;2026-01-02 09:39:00;ventilation;0.507;False
S0004;2026-01-02 09:39:00;CO2_level;951;False
S0010;2026-01-02 09:39:00;CO2_level;755;False
S0001;2026-01-02 09:39:00;temperature;25.271;False
S0010;2026-01-02 09:39:15;CO2_level;687;False
S0005;2026-01-02 09:39:15;ventilation;0.535;False
S0011;2026-01-02 09:39:15;ventilation;0.99;False
S0004;2026-01-02 09:39:15;CO2_level;897;False
S0007;2026-01-02 09:39:15;temperature;24.191;False
S0001;2026-01-02 09:39:15;temperature;20.087;False
S0010;2026-01-02 09:39:30;CO2_level;980;False
S0011;2026-01-02 09:39:30;ventilation;0.617;False
S0003;2026-01-02 09:39:30;humidity;64.016;False
S0004;2026-01-02 09:39:30;CO2_level;1147;False
S0007;2026-01-02 09:39:30;temperature;18.478;False
S0001;2026-01-02 09:39:30;temperature;23.816;False
S0009;2026-01-02 09:39:30;humidity;66.031;False
S0005;2026-01-02 09:39:30;ventilation;0.957;False
S0004;2026-01-02 09:39:45;CO2_level;840;False
S0007;2026-01-02 09:39:45;temperature;19.333;False
S0010;2026-01-02 09:39:45;CO2_level;681;False
S0001;2026-01-02 09:39:45;temperature;21.224;False
S0005;2026-01-02 09:39:45;ventilation;0.908;False
S0011;2026-01-02 09:39:45;ventilation;0.911;False
S0007;2026-01-02 09:40:00;temperature;19.536;False
S0005;2026-01-02 09:40:00;ventilation;0.907;False
S0010;2026-01-02 09:40:00;CO2_level;1004;False
S0011;2026-01-02 09:40:00;ventilation;0.892;False
S0004;2026-01-02 09:40:00;CO2_level;760;False
S0003;2026-01-02 09:40:00;humidity;61.917;False
S0009;2026-01-02 09:40:00;humidity;63.815;False
S0001;2026-01-02 09:40:00;temperature;18.973;False
S0011;2026-01-02 09:40:15;ventilation;0.809;False
S0010;2026-01-02 09:40:15;CO2_level;1074;False
S0007;2026-01-02 09:40:15;temperature;25.303;False
S0005;2026-01-02 09:40:15;ventilation;0.954;False
S0004;2026-01-02 09:40:15;CO2_level;996;False
S0001;2026-01-02 09:40:15;temperature;25.706;False
S0007;2026-01-02 09:40:30;temperature;19.321;False
S0011;2026-01-02 09:40:30;ventilation;0.875;False
S0009;2026-01-02 09:40:30;humidity;61.064;False
S0001;2026-01-02 09:40:30;temperature;18.831;False
S0003;2026-01-02 09:40:30;humidity;62.037;False
S0005;2026-01-02 09:40:30;ventilation;0.622;False
S0010;2026-01-02 09:40:30;CO2_level;751;False
S0004;2026-01-02 09:40:30;CO2_level;1018;False
S0011;2026-01-02 09:40:45;ventilation;0.986;False
S0004;2026-01-02 09:40:45;CO2_level;673;False
S0010;2026-01-02 09:40:45;CO2_level;813;False
S0001;2026-01-02 09:40:45;temperature;25.019;False
S0007;2026-01-02 09:40:45;temperature;21.846;False
S0005;2026-01-02 09:40:45;ventilation;0.69;False
S0007;2026-01-02 09:41:00;temperature;26.696;False
S0004;2026-01-02 09:41:00;CO2_level;1184;False
S0001;2026-01-02 09:41:00;temperature;19.197;False
S0003;2026-01-02 09:41:00;humidity;64.48;False
S0009;2026-01-02 09:41:00;humidity;62.532;False
S0005;2026-01-02 09:41:00;ventilation;0.78;False
S0011;2026-01-02 09:41:00;ventilation;0.811;False
S0010;2026-01-02 09:41:00;CO2_level;1164;False
S0010;2026-01-02 09:41:15;CO2_level;1018;False
S0005;2026-01-02 09:41:15;ventilation;0.609;False
S0004;2026-01-02 09:41:15;CO2_level;1012;False
S0001;2026-01-02 09:41:15;temperature;26.802;False
S0011;2026-01-02 09:41:15;ventilation;0.752;False
S0007;2026-01-02 09:41:15;temperature;26.726;False
S0009;2026-01-02 09:41:30;humidity;63.516;False
S0004;2026-01-02 09:41:30;CO2_level;1002;False
S0003;2026-01-02 09:41:30;humidity;65.77;False
S0010;2026-01-02 09:41:30;CO2_level;740;False
S0007;2026-01-02 09:41:30;temperature;21.199;False
S0005;2026-01-02 09:41:30;ventilation;0.656;False
S0011;2026-01-02 09:41:30;ventilation;0.601;False
S0001;2026-01-02 09:41:30;temperature;26.352;False
S0007;2026-01-02 09:41:45;temperature;25.555;False
S0001;2026-01-02 09:41:45;temperature;18.273;True
S0010;2026-01-02 09:41:45;CO2_level;611;False
S0004;2026-01-02 09:41:45;CO2_level;1022;False
S0011;2026-01-02 09:41:45;ventilation;0.716;False
S0005;2026-01-02 09:41:45;ventilation;0.628;False
S0001;2026-01-02 09:42:00;temperature;19.214;True
S0005;2026-01-02 09:42:00;ventilation;0.698;False
S0007;2026-01-02 09:42:00;temperature;26.191;False
S0011;2026-01-02 09:42:00;ventilation;0.718;False
S0009;2026-01-02 09:42:00;humidity;66.691;False
S0010;2026-01-02 09:42:00;CO2_level;1192;False
S0004;2026-01-02 09:42:00;CO2_level;731;False
S0003;2026-01-02 09:42:00;humidity;68.693;False
S0004;2026-01-02 09:42:15;CO2_level;806;False
S0005;2026-01-02 09:42:15;ventilation;0.686;False
S0001;2026-01-02 09:42:15;temperature;25.098;False
S0007;2026-01-02 09:42:15;temperature;21.883;False
S0010;2026-01-02 09:42:15;CO2_level;1117;False
S0011;2026-01-02 09:42:15;ventilation;0.679;False
S0001;2026-01-02 09:42:30;temperature;19.075;False
S0007;2026-01-02 09:42:30;temperature;null;True
S0003;2026-01-02 09:42:30;humidity;65.037;False
S0009;2026-01-02 09:42:30;humidity;66.077;False
S0010;2026-01-02 09:42:30;CO2_level;765;False
S0004;2026-01-02 09:42:30;CO2_level;772;False
S0011;2026-01-02 09:42:30;ventilation;0.726;False
S0005;2026-01-02 09:42:30;ventilation;0.649;False
S0005;2026-01-02 09:42:45;ventilation;0.9;False
S0007;2026-01-02 09:42:45;temperature;25.494;False
S0010;2026-01-02 09:42:45;CO2_level;945;False
S0004;2026-01-02 09:42:45;CO2_level;1048;False
S0001;2026-01-02 09:42:45;temperature;25.61;False
S0011;2026-01-02 09:42:45;ventilation;null;True
S0011;2026-01-02 09:43:00;ventilation;0.66;False
S0003;2026-01-02 09:43:00;humidity;65.446;False
S0010;2026-01-02 09:43:00;CO2_level;747;False
S0004;2026-01-02 09:43:00;CO2_level;1136;False
S0007;2026-01-02 09:43:00;temperature;21.68;True
S0005;2026-01-02 09:43:00;ventilation;0.709;False
S0001;2026-01-02 09:43:00;temperature;18.78;False
S0009;2026-01-02 09:43:00;humidity;61.041;False
S0011;2026-01-02 09:43:15;ventilation;0.618;False
S0004;2026-01-02 09:43:15;CO2_level;1118;False
S0010;2026-01-02 09:43:15;CO2_level;1151;False
S0001;2026-01-02 09:43:15;temperature;18.94;False
S0007;2026-01-02 09:43:15;temperature;23.021;False
S0005;2026-01-02 09:43:15;ventilation;0.672;False
S0007;2026-01-02 09:43:30;temperature;22.311;False
S0003;2026-01-02 09:43:30;humidity;66.78;False
S0005;2026-01-02 09:43:30;ventilation;0.812;False
S0010;2026-01-02 09:43:30;CO2_level;985;False
S0009;2026-01-02 09:43:30;humidity;68.623;False
S0001;2026-01-02 09:43:30;temperature;19.209;False
S0004;2026-01-02 09:43:30;CO2_level;611;False
S0011;2026-01-02 09:43:30;ventilation;0.545;False
S0010;2026-01-02 09:43:45;CO2_level;996;False
S0005;2026-01-02 09:43:45;ventilation;0.509;False
S0007;2026-01-02 09:43:45;temperature;25.282;True
S0011;2026-01-02 09:43:45;ventilation;0.722;False
S0004;2026-01-02 09:43:45;CO2_level;871;True
S0001;2026-01-02 09:43:45;temperature;20.665;False
S0005;2026-01-02 09:44:00;ventilation;0.785;False
S0003;2026-01-02 09:44:00;humidity;64.76;False
S0007;2026-01-02 09:44:00;temperature;20.517;False
S0010;2026-01-02 09:44:00;CO2_level;940;False
S0001;2026-01-02 09:44:00;temperature;26.252;False
S0004;2026-01-02 09:44:00;CO2_level;874;False
S0011;2026-01-02 09:44:00;ventilation;0.795;False
S0009;2026-01-02 09:44:00;humidity;62.538;False
S0011;2026-01-02 09:44:15;ventilation;0.919;False
S0010;2026-01-02 09:44:15;CO2_level;1120;False
S0005;2026-01-02 09:44:15;ventilation;0.734;False
S0007;2026-01-02 09:44:15;temperature;24.432;False
S0004;2026-01-02 09:44:15;CO2_level;1063;False
S0001;2026-01-02 09:44:15;temperature;24.676;False
S0001;2026-01-02 09:44:30;temperature;18.094;False
S0011;2026-01-02 09:44:30;ventilation;0.67;False
S0009;2026-01-02 09:44:30;humidity;66.213;False
S0010;2026-01-02 09:44:30;CO2_level;603;False
S0007;2026-01-02 09:44:30;temperature;23.66;False
S0005;2026-01-02 09:44:30;ventilation;0.793;False
S0003;2026-01-02 09:44:30;humidity;61.368;False
S0004;2026-01-02 09:44:30;CO2_level;715;False
S0007;2026-01-02 09:44:45;temperature;22.193;False
S0011;2026-01-02 09:44:45;ventilation;0.972;False
S0004;2026-01-02 09:44:45;CO2_level;741;False
S0010;2026-01-02 09:44:45;CO2_level;955;False
S0005;2026-01-02 09:44:45;ventilation;0.737;False
S0001;2026-01-02 09:44:45;temperature;23.722;False
S0003;2026-01-02 09:45:00;humidity;62.222;False
S0009;2026-01-02 09:45:00;humidity;69.767;False
S0011;2026-01-02 09:45:00;ventilation;null;True
S0010;2026-01-02 09:45:00;CO2_level;851;False
S0007;2026-01-02 09:45:00;temperature;21.916;False
S0005;2026-01-02 09:45:00;ventilation;0.901;False
S0004;2026-01-02 09:45:00;CO2_level;861;False
S0001;2026-01-02 09:45:00;temperature;25.323;False
S0011;2026-01-02 09:45:15;ventilation;0.606;False
S0001;2026-01-02 09:45:15;temperature;24.576;False
S0010;2026-01-02 09:45:15;CO2_level;1052;False
S0004;2026-01-02 09:45:15;CO2_level;1064;False
S0005;2026-01-02 09:45:15;ventilation;0.646;False
S0007;2026-01-02 09:45:15;temperature;null;True
S0005;2026-01-02 09:45:30;ventilation;0.687;False
S0011;2026-01-02 09:45:30;ventilation;0.748;False
S0010;2026-01-02 09:45:30;CO2_level;836;False
S0004;2026-01-02 09:45:30;CO2_level;687;False
S0001;2026-01-02 09:45:30;temperature;20.345;False
S0003;2026-01-02 09:45:30;humidity;64.925;False
S0007;2026-01-02 09:45:30;temperature;21.927;True
S0009;2026-01-02 09:45:30;humidity;61.294;False
S0001;2026-01-02 09:45:45;temperature;19.194;True
S0011;2026-01-02 09:45:45;ventilation;0.969;False
S0007;2026-01-02 09:45:45;temperature;24.137;False
S0005;2026-01-02 09:45:45;ventilation;0.903;False
S0004;2026-01-02 09:45:45;CO2_level;1170;False
S0010;2026-01-02 09:45:45;CO2_level;951;False
S0011;2026-01-02 09:46:00;ventilation;0.557;False
S0010;2026-01-02 09:46:00;CO2_level;1112;False
S0009;2026-01-02 09:46:00;humidity;65.537;False
S0003;2026-01-02 09:46:00;humidity;65.071;False
S0007;2026-01-02 09:46:00;temperature;null;True
S0004;2026-01-02 09:46:00;CO2_level;1050;False
S0001;2026-01-02 09:46:00;temperature;19.558;False
S0005;2026-01-02 09:46:00;ventilation;0.898;False
S0001;2026-01-02 09:46:15;temperature;19.485;False
S0011;2026-01-02 09:46:15;ventilation;0.943;False
S0004;2026-01-02 09:46:15;CO2_level;1054;False
S0005;2026-01-02 09:46:15;ventilation;0.859;False
S0010;2026-01-02 09:46:15;CO2_level;878;False
S0007;2026-01-02 09:46:15;temperature;22.421;False
S0011;2026-01-02 09:46:30;ventilation;0.695;False
S0005;2026-01-02 09:46:30;ventilation;0.523;False
S0003;2026-01-02 09:46:30;humidity;63.345;False
S0004;2026-01-02 09:46:30;CO2_level;1135;False
S0010;2026-01-02 09:46:30;CO2_level;802;True
S0001;2026-01-02 09:46:30;temperature;24.568;False
S0007;2026-01-02 09:46:30;temperature;18.481;False
S0009;2026-01-02 09:46:30;humidity;63.139;False
S0004;2026-01-02 09:46:45;CO2_level;1087;False
S0010;2026-01-02 09:46:45;CO2_level;1068;False
S0011;2026-01-02 09:46:45;ventilation;0.824;False
S0007;2026-01-02 09:46:45;temperature;24.522;False
S0001;2026-01-02 09:46:45;temperature;18.365;False
S0005;2026-01-02 09:46:45;ventilation;0.79;False
S0009;2026-01-02 09:47:00;humidity;60.939;False
S0011;2026-01-02 09:47:00;ventilation;0.635;False
S0003;2026-01-02 09:47:00;humidity;68.154;False
S0005;2026-01-02 09:47:00;ventilation;0.873;False
S0004;2026-01-02 09:47:00;CO2_level;null;True
S0007;2026-01-02 09:47:00;temperature;25.094;False
S0010;2026-01-02 09:47:00;CO2_level;627;False
S0001;2026-01-02 09:47:00;temperature;23.721;False
S0011;2026-01-02 09:47:15;ventilation;0.793;False
S0005;2026-01-02 09:47:15;ventilation;0.895;False
S0004;2026-01-02 09:47:15;CO2_level;null;True
S0010;2026-01-02 09:47:15;CO2_level;1150;False
S0001;2026-01-02 09:47:15;temperature;20.969;False
S0007;2026-01-02 09:47:15;temperature;24.214;False
S0010;2026-01-02 09:47:30;CO2_level;782;False
S0009;2026-01-02 09:47:30;humidity;62.136;False
S0005;2026-01-02 09:47:30;ventilation;0.619;False
S0007;2026-01-02 09:47:30;temperature;25.067;False
S0001;2026-01-02 09:47:30;temperature;22.851;False
S0004;2026-01-02 09:47:30;CO2_level;701;False
S0011;2026-01-02 09:47:30;ventilation;0.65;False
S0003;2026-01-02 09:47:30;humidity;61.933;False
S0005;2026-01-02 09:47:45;ventilation;0.561;True
S0011;2026-01-02 09:47:45;ventilation;0.876;False
S0004;2026-01-02 09:47:45;CO2_level;978;False
S0007;2026-01-02 09:47:45;temperature;18.949;False
S0001;2026-01-02 09:47:45;temperature;26.508;False
S0010;2026-01-02 09:47:45;CO2_level;930;False
S0004;2026-01-02 09:48:00;CO2_level;977;False
S0007;2026-01-02 09:48:00;temperature;23.107;False
S0010;2026-01-02 09:48:00;CO2_level;null;True
S0001;2026-01-02 09:48:00;temperature;18.176;False
S0005;2026-01-02 09:48:00;ventilation;0.525;False
S0011;2026-01-02 09:48:00;ventilation;0.888;False
S0009;2026-01-02 09:48:00;humidity;61.884;False
S0003;2026-01-02 09:48:00;humidity;null;True
S0007;2026-01-02 09:48:15;temperature;25.072;False
S0011;2026-01-02 09:48:15;ventilation;0.917;True
S0010;2026-01-02 09:48:15;CO2_level;733;False
S0004;2026-01-02 09:48:15;CO2_level;712;False
S0001;2026-01-02 09:48:15;temperature;21.445;False
S0005;2026-01-02 09:48:15;ventilation;0.73;False
S0003;2026-01-02 09:48:30;humidity;64.764;False
S0001;2026-01-02 09:48:30;temperature;25.979;False
S0007;2026-01-02 09:48:30;temperature;24.97;True
S0011;2026-01-02 09:48:30;ventilation;0.741;False
S0005;2026-01-02 09:48:30;ventilation;0.771;False
S0010;2026-01-02 09:48:30;CO2_level;962;False
S0009;2026-01-02 09:48:30;humidity;62.541;False
S0004;2026-01-02 09:48:30;CO2_level;763;False
S0005;2026-01-02 09:48:45;ventilation;0.911;False
S0010;2026-01-02 09:48:45;CO2_level;null;True
S0007;2026-01-02 09:48:45;temperature;23.583;False
S0001;2026-01-02 09:48:45;temperature;23.976;False
S0011;2026-01-02 09:48:45;ventilation;0.701;False
S0004;2026-01-02 09:48:45;CO2_level;763;False
S0011;2026-01-02 09:49:00;ventilation;0.929;False
S0010;2026-01-02 09:49:00;CO2_level;1020;False
S0009;2026-01-02 09:49:00;humidity;69.761;False
S0007;2026-01-02 09:49:00;temperature;24.347;False
S0001;2026-01-02 09:49:00;temperature;23.27;False
S0004;2026-01-02 09:49:00;CO2_level;1071;False
S0003;2026-01-02 09:49:00;humidity;67.099;False
S0005;2026-01-02 09:49:00;ventilation;0.804;False
S0001;2026-01-02 09:49:15;temperature;20.511;False
S0010;2026-01-02 09:49:15;CO2_level;1182;True
S0004;2026-01-02 09:49:15;CO2_level;701;False
S0005;2026-01-02 09:49:15;ventilation;0.959;False
S0011;2026-01-02 09:49:15;ventilation;0.815;False
S0007;2026-01-02 09:49:15;temperature;19.717;False
S0010;2026-01-02 09:49:30;CO2_level;619;False
S0005;2026-01-02 09:49:30;ventilation;0.843;False
S0003;2026-01-02 09:49:30;humidity;63.571;False
S0007;2026-01-02 09:49:30;temperature;22.132;False
S0004;2026-01-02 09:49:30;CO2_level;853;False
S0011;2026-01-02 09:49:30;ventilation;0.615;False
S0009;2026-01-02 09:49:30;humidity;62.035;False
S0001;2026-01-02 09:49:30;temperature;20.812;False
S0010;2026-01-02 09:49:45;CO2_level;618;False
S0007;2026-01-02 09:49:45;temperature;26.604;False
S0011;2026-01-02 09:49:45;ventilation;0.847;False
S0001;2026-01-02 09:49:45;temperature;18.04;False
S0004;2026-01-02 09:49:45;CO2_level;877;False
S0005;2026-01-02 09:49:45;ventilation;0.884;False
S0004;2026-01-02 09:50:00;CO2_level;984;True
S0001;2026-01-02 09:50:00;temperature;18.71;False
S0009;2026-01-02 09:50:00;humidity;68.396;False
S0007;2026-01-02 09:50:00;temperature;25.848;False
S0010;2026-01-02 09:50:00;CO2_level;878;False
S0005;2026-01-02 09:50:00;ventilation;0.574;False
S0003;2026-01-02 09:50:00;humidity;65.967;False
S0011;2026-01-02 09:50:00;ventilation;0.806;False
S0011;2026-01-02 09:50:15;ventilation;0.627;False
S0007;2026-01-02 09:50:15;temperature;19.423;False
S0004;2026-01-02 09:50:15;CO2_level;1194;False
S0005;2026-01-02 09:50:15;ventilation;0.554;False
S0010;2026-01-02 09:50:15;CO2_level;793;False
S0001;2026-01-02 09:50:15;temperature;26.565;False
S0011;2026-01-02 09:50:30;ventilation;0.559;False
S0007;2026-01-02 09:50:30;temperature;21.076;False
S0009;2026-01-02 09:50:30;humidity;69.161;False
S0005;2026-01-02 09:50:30;ventilation;0.758;False
S0010;2026-01-02 09:50:30;CO2_level;1018;True
S0001;2026-01-02 09:50:30;temperature;26.615;False
S0003;2026-01-02 09:50:30;humidity;65.576;False
S0004;2026-01-02 09:50:30;CO2_level;735;False
S0001;2026-01-02 09:50:45;temperature;18.421;False
S0010;2026-01-02 09:50:45;CO2_level;1120;False
S0007;2026-01-02 09:50:45;temperature;24.649;False
S0004;2026-01-02 09:50:45;CO2_level;893;False
S0011;2026-01-02 09:50:45;ventilation;0.511;False
S0005;2026-01-02 09:50:45;ventilation;0.751;False
S0004;2026-01-02 09:51:00;CO2_level;808;False
S0007;2026-01-02 09:51:00;temperature;24.907;False
S0009;2026-01-02 09:51:00;humidity;62.313;False
S0001;2026-01-02 09:51:00;temperature;20.554;False
S0011;2026-01-02 09:51:00;ventilation;0.829;False
S0003;2026-01-02 09:51:00;humidity;60.011;False
S0010;2026-01-02 09:51:00;CO2_level;1129;False
S0005;2026-01-02 09:51:00;ventilation;0.816;False
S0005;2026-01-02 09:51:15;ventilation;0.83;False
S0004;2026-01-02 09:51:15;CO2_level;974;False
S0010;2026-01-02 09:51:15;CO2_level;1097;False
S0001;2026-01-02 09:51:15;temperature;18.531;False
S0011;2026-01-02 09:51:15;ventilation;0.717;False
S0007;2026-01-02 09:51:15;temperature;null;True
S0001;2026-01-02 09:51:30;temperature;22.307;False
S0005;2026-01-02 09:51:30;ventilation;0.97;False
S0011;2026-01-02 09:51:30;ventilation;0.896;False
S0009;2026-01-02 09:51:30;humidity;69.673;False
S0007;2026-01-02 09:51:30;temperature;20.138;False
S0003;2026-01-02 09:51:30;humidity;65.995;False
S0004;2026-01-02 09:51:30;CO2_level;790;False
S0010;2026-01-02 09:51:30;CO2_level;758;False
S0011;2026-01-02 09:51:45;ventilation;0.736;False
S0001;2026-01-02 09:51:45;temperature;18.101;False
S0004;2026-01-02 09:51:45;CO2_level;1149;False
S0005;2026-01-02 09:51:45;ventilation;0.997;False
S0007;2026-01-02 09:51:45;temperature;23.164;False
S0010;2026-01-02 09:51:45;CO2_level;778;False
S0009;2026-01-02 09:52:00;humidity;65.925;False
S0007;2026-01-02 09:52:00;temperature;22.373;False
S0010;2026-01-02 09:52:00;CO2_level;895;False
S0005;2026-01-02 09:52:00;ventilation;0.954;False
S0011;2026-01-02 09:52:00;ventilation;0.599;False
S0003;2026-01-02 09:52:00;humidity;65.103;False
S0004;2026-01-02 09:52:00;CO2_level;979;False
S0001;2026-01-02 09:52:00;temperature;21.874;False
S0011;2026-01-02 09:52:15;ventilation;0.784;False
S0010;2026-01-02 09:52:15;CO2_level;1154;False
S0001;2026-01-02 09:52:15;temperature;23.364;False
S0004;2026-01-02 09:52:15;CO2_level;1191;False
S0007;2026-01-02 09:52:15;temperature;21.961;False
S0005;2026-01-02 09:52:15;ventilation;0.791;False
S0003;2026-01-02 09:52:30;humidity;65.537;False
S0001;2026-01-02 09:52:30;temperature;24.282;False
S0010;2026-01-02 09:52:30;CO2_level;961;False
S0005;2026-01-02 09:52:30;ventilation;0.965;False
S0011;2026-01-02 09:52:30;ventilation;0.74;False
S0009;2026-01-02 09:52:30;humidity;66.271;False
S0004;2026-01-02 09:52:30;CO2_level;913;False
S0007;2026-01-02 09:52:30;temperature;22.184;False
S0001;2026-01-02 09:52:45;temperature;25.485;False
S0011;2026-01-02 09:52:45;ventilation;0.877;False
S0005;2026-01-02 09:52:45;ventilation;0.616;False
S0007;2026-01-02 09:52:45;temperature;18.768;False
S0010;2026-01-02 09:52:45;CO2_level;1191;False
S0004;2026-01-02 09:52:45;CO2_level;626;False
S0005;2026-01-02 09:53:00;ventilation;0.868;False
S0001;2026-01-02 09:53:00;temperature;19.349;False
S0009;2026-01-02 09:53:00;humidity;64.406;False
S0010;2026-01-02 09:53:00;CO2_level;1008;False
S0003;2026-01-02 09:53:00;humidity;68.306;True
S0007;2026-01-02 09:53:00;temperature;20.662;False
S0011;2026-01-02 09:53:00;ventilation;0.595;False
S0004;2026-01-02 09:53:00;CO2_level;724;False
S0005;2026-01-02 09:53:15;ventilation;0.616;False
S0001;2026-01-02 09:53:15;temperature;26.863;False
S0010;2026-01-02 09:53:15;CO2_level;1045;False
S0007;2026-01-02 09:53:15;temperature;22.384;False
S0011;2026-01-02 09:53:15;ventilation;0.775;False
S0004;2026-01-02 09:53:15;CO2_level;909;False
S0004;2026-01-02 09:53:30;CO2_level;1130;False
S0010;2026-01-02 09:53:30;CO2_level;986;False
S0011;2026-01-02 09:53:30;ventilation;0.85;False
S0005;2026-01-02 09:53:30;ventilation;0.755;False
S0001;2026-01-02 09:53:30;temperature;25.388;False
S0003;2026-01-02 09:53:30;humidity;67.302;False
S0009;2026-01-02 09:53:30;humidity;64.448;False
S0007;2026-01-02 09:53:30;temperature;24.277;False
S0001;2026-01-02 09:53:45;temperature;23.107;False
S0011;2026-01-02 09:53:45;ventilation;0.528;False
S0005;2026-01-02 09:53:45;ventilation;0.649;False
S0004;2026-01-02 09:53:45;CO2_level;1007;False
S0010;2026-01-02 09:53:45;CO2_level;1046;False
S0007;2026-01-02 09:53:45;temperature;21.66;False
S0009;2026-01-02 09:54:00;humidity;68.942;False
S0011;2026-01-02 09:54:00;ventilation;0.649;False
S0007;2026-01-02 09:54:00;temperature;25.608;False
S0010;2026-01-02 09:54:00;CO2_level;1164;False
S0005;2026-01-02 09:54:00;ventilation;0.948;False
S0001;2026-01-02 09:54:00;temperature;22.721;False
S0003;2026-01-02 09:54:00;humidity;68.791;False
S0004;2026-01-02 09:54:00;CO2_level;890;False
S0010;2026-01-02 09:54:15;CO2_level;1013;False
S0007;2026-01-02 09:54:15;temperature;19.607;False
S0004;2026-01-02 09:54:15;CO2_level;1158;False
S0011;2026-01-02 09:54:15;ventilation;0.693;False
S0005;2026-01-02 09:54:15;ventilation;0.946;False
S0001;2026-01-02 09:54:15;temperature;25.784;False
S0007;2026-01-02 09:54:30;temperature;23.84;False
S0003;2026-01-02 09:54:30;humidity;65.507;False
S0010;2026-01-02 09:54:30;CO2_level;1072;False
S0005;2026-01-02 09:54:30;ventilation;0.661;False
S0011;2026-01-02 09:54:30;ventilation;0.84;False
S0001;2026-01-02 09:54:30;temperature;23.712;False
S0004;2026-01-02 09:54:30;CO2_level;1191;False
S0009;2026-01-02 09:54:30;humidity;60.564;False
S0007;2026-01-02 09:54:45;temperature;20.176;False
S0010;2026-01-02 09:54:45;CO2_level;949;False
S0005;2026-01-02 09:54:45;ventilation;0.77;False
S0001;2026-01-02 09:54:45;temperature;19.114;False
S0004;2026-01-02 09:54:45;CO2_level;1071;False
S0011;2026-01-02 09:54:45;ventilation;0.742;False
S0010;2026-01-02 09:55:00;CO2_level;1109;False
S0005;2026-01-02 09:55:00;ventilation;0.525;False
S0009;2026-01-02 09:55:00;humidity;64.384;True
S0007;2026-01-02 09:55:00;temperature;24.703;False
S0011;2026-01-02 09:55:00;ventilation;0.559;False
S0004;2026-01-02 09:55:00;CO2_level;764;False
S0003;2026-01-02 09:55:00;humidity;66.187;False
S0001;2026-01-02 09:55:00;temperature;22.324;False
S0005;2026-01-02 09:55:15;ventilation;0.759;True
S0007;2026-01-02 09:55:15;temperature;25.902;True
S0011;2026-01-02 09:55:15;ventilation;0.81;False
S0004;2026-01-02 09:55:15;CO2_level;940;False
S0010;2026-01-02 09:55:15;CO2_level;1115;False
S0001;2026-01-02 09:55:15;temperature;18.28;False
S0005;2026-01-02 09:55:30;ventilation;0.643;False
S0011;2026-01-02 09:55:30;ventilation;0.562;False
S0010;2026-01-02 09:55:30;CO2_level;654;True
S0004;2026-01-02 09:55:30;CO2_level;684;False
S0007;2026-01-02 09:55:30;temperature;22.984;False
S0009;2026-01-02 09:55:30;humidity;61.563;False
S0001;2026-01-02 09:55:30;temperature;26.416;False
S0003;2026-01-02 09:55:30;humidity;63.971;False
S0005;2026-01-02 09:55:45;ventilation;0.647;False
S0010;2026-01-02 09:55:45;CO2_level;853;False
S0007;2026-01-02 09:55:45;temperature;20.699;False
S0001;2026-01-02 09:55:45;temperature;24.322;False
S0004;2026-01-02 09:55:45;CO2_level;809;False
S0011;2026-01-02 09:55:45;ventilation;0.625;True
S0011;2026-01-02 09:56:00;ventilation;0.917;False
S0004;2026-01-02 09:56:00;CO2_level;800;False
S0003;2026-01-02 09:56:00;humidity;64.888;False
S0007;2026-01-02 09:56:00;temperature;19.901;False
S0009;2026-01-02 09:56:00;humidity;66.328;False
S0005;2026-01-02 09:56:00;ventilation;0.674;False
S0010;2026-01-02 09:56:00;CO2_level;623;False
S0001;2026-01-02 09:56:00;temperature;19.949;False
S0004;2026-01-02 09:56:15;CO2_level;1130;False
S0005;2026-01-02 09:56:15;ventilation;0.94;False
S0010;2026-01-02 09:56:15;CO2_level;817;False
S0001;2026-01-02 09:56:15;temperature;25.203;False
S0011;2026-01-02 09:56:15;ventilation;0.815;False
S0007;2026-01-02 09:56:15;temperature;25.62;False
S0010;2026-01-02 09:56:30;CO2_level;1031;True
S0011;2026-01-02 09:56:30;ventilation;0.522;False
S0009;2026-01-02 09:56:30;humidity;65.983;False
S0005;2026-01-02 09:56:30;ventilation;0.546;False
S0007;2026-01-02 09:56:30;temperature;21.752;True
S0001;2026-01-02 09:56:30;temperature;20.783;False
S0003;2026-01-02 09:56:30;humidity;64.988;False
S0004;2026-01-02 09:56:30;CO2_level;992;False
S0005;2026-01-02 09:56:45;ventilation;0.575;False
S0001;2026-01-02 09:56:45;temperature;23.68;False
S0011;2026-01-02 09:56:45;ventilation;0.776;False
S0010;2026-01-02 09:56:45;CO2_level;1146;False
S0004;2026-01-02 09:56:45;CO2_level;885;False
S0007;2026-01-02 09:56:45;temperature;25.551;False
S0003;2026-01-02 09:57:00;humidity;64.961;False
S0009;2026-01-02 09:57:00;humidity;60.886;False
S0001;2026-01-02 09:57:00;temperature;25.783;False
S0011;2026-01-02 09:57:00;ventilation;0.603;False
S0007;2026-01-02 09:57:00;temperature;24.757;False
S0010;2026-01-02 09:57:00;CO2_level;985;False
S0004;2026-01-02 09:57:00;CO2_level;690;False
S0005;2026-01-02 09:57:00;ventilation;0.82;False
S0010;2026-01-02 09:57:15;CO2_level;987;False
S0007;2026-01-02 09:57:15;temperature;24.491;False
S0004;2026-01-02 09:57:15;CO2_level;1154;False
S0011;2026-01-02 09:57:15;ventilation;0.537;False
S0005;2026-01-02 09:57:15;ventilation;0.617;False
S0001;2026-01-02 09:57:15;temperature;22.496;False
S0011;2026-01-02 09:57:30;ventilation;0.582;False
S0007;2026-01-02 09:57:30;temperature;25.322;False
S0001;2026-01-02 09:57:30;temperature;21.269;False
S0010;2026-01-02 09:57:30;CO2_level;1198;False
S0009;2026-01-02 09:57:30;humidity;68.246;False
S0005;2026-01-02 09:57:30;ventilation;0.71;False
S0004;2026-01-02 09:57:30;CO2_level;661;False
S0003;2026-01-02 09:57:30;humidity;60.281;False
S0001;2026-01-02 09:57:45;temperature;19.868;False
S0005;2026-01-02 09:57:45;ventilation;0.7;False
S0007;2026-01-02 09:57:45;temperature;20.867;False
S0010;2026-01-02 09:57:45;CO2_level;691;True
S0011;2026-01-02 09:57:45;ventilation;0.657;False
S0004;2026-01-02 09:57:45;CO2_level;809;False
S0011;2026-01-02 09:58:00;ventilation;0.732;False
S0003;2026-01-02 09:58:00;humidity;68.193;False
S0004;2026-01-02 09:58:00;CO2_level;1183;False
S0010;2026-01-02 09:58:00;CO2_level;1128;False
S0009;2026-01-02 09:58:00;humidity;64.949;False
S0007;2026-01-02 09:58:00;temperature;19.791;False
S0005;2026-01-02 09:58:00;ventilation;0.868;False
S0001;2026-01-02 09:58:00;temperature;19.496;False
S0011;2026-01-02 09:58:15;ventilation;0.562;False
S0010;2026-01-02 09:58:15;CO2_level;766;False
S0001;2026-01-02 09:58:15;temperature;20.107;False
S0005;2026-01-02 09:58:15;ventilation;0.989;False
S0007;2026-01-02 09:58:15;temperature;22.433;False
S0004;2026-01-02 09:58:15;CO2_level;913;False
S0009;2026-01-02 09:58:30;humidity;66.439;False
S0007;2026-01-02 09:58:30;temperature;24.905;False
S0001;2026-01-02 09:58:30;temperature;26.389;False
S0011;2026-01-02 09:58:30;ventilation;0.525;False
S0010;2026-01-02 09:58:30;CO2_level;711;False
S0004;2026-01-02 09:58:30;CO2_level;699;False
S0005;2026-01-02 09:58:30;ventilation;0.61;False
S0003;2026-01-02 09:58:30;humidity;62.685;False
S0005;2026-01-02 09:58:45;ventilation;0.963;False
S0011;2026-01-02 09:58:45;ventilation;0.713;False
S0001;2026-01-02 09:58:45;temperature;22.858;False
S0007;2026-01-02 09:58:45;temperature;26.466;False
S0004;2026-01-02 09:58:45;CO2_level;1052;False
S0010;2026-01-02 09:58:45;CO2_level;938;False
S0001;2026-01-02 09:59:00;temperature;23.521;False
S0003;2026-01-02 09:59:00;humidity;60.851;False
S0011;2026-01-02 09:59:00;ventilation;0.664;True
S0005;2026-01-02 09:59:00;ventilation;0.549;False
S0004;2026-01-02 09:59:00;CO2_level;983;False
S0007;2026-01-02 09:59:00;temperature;19.202;True
S0010;2026-01-02 09:59:00;CO2_level;1156;False
S0009;2026-01-02 09:59:00;humidity;67.809;False
S0005;2026-01-02 09:59:15;ventilation;0.635;False
S0001;2026-01-02 09:59:15;temperature;22.702;False
S0011;2026-01-02 09:59:15;ventilation;0.505;False
S0007;2026-01-02 09:59:15;temperature;19.921;False
S0010;2026-01-02 09:59:15;CO2_level;606;False
S0004;2026-01-02 09:59:15;CO2_level;898;False
S0001;2026-01-02 09:59:30;temperature;25.878;False
S0004;2026-01-02 09:59:30;CO2_level;814;False
S0009;2026-01-02 09:59:30;humidity;68.162;False
S0010;2026-01-02 09:59:30;CO2_level;755;False
S0003;2026-01-02 09:59:30;humidity;69.789;False
S0005;2026-01-02 09:59:30;ventilation;0.616;False
S0007;2026-01-02 09:59:30;temperature;18.319;False
S0011;2026-01-02 09:59:30;ventilation;0.723;False
S0005;2026-01-02 09:59:45;ventilation;0.694;False
S0010;2026-01-02 09:59:45;CO2_level;1033;False
S0011;2026-01-02 09:59:45;ventilation;null;True
S0007;2026-01-02 09:59:45;temperature;18.052;False
S0004;2026-01-02 09:59:45;CO2_level;916;True
S0001;2026-01-02 09:59:45;temperature;22.543;False
S0005;2026-01-02 10:00:00;ventilation;0.686;False
S0011;2026-01-02 10:00:00;ventilation;0.582;False
S0001;2026-01-02 10:00:00;temperature;21.238;False
S0007;2026-01-02 10:00:00;temperature;26.618;False
S0004;2026-01-02 10:00:00;CO2_level;1156;False
S0009;2026-01-02 10:00:00;humidity;65.305;False
S0003;2026-01-02 10:00:00;humidity;66.135;False
S0010;2026-01-02 10:00:00;CO2_level;643;False
S0001;2026-01-02 10:00:15;temperature;21.931;False
S0007;2026-01-02 10:00:15;temperature;24.366;True
S0011;2026-01-02 10:00:15;ventilation;0.788;False
S0005;2026-01-02 10:00:15;ventilation;0.752;False
S0004;2026-01-02 10:00:15;CO2_level;1177;False
S0010;2026-01-02 10:00:15;CO2_level;850;False
S0007;2026-01-02 10:00:30;temperature;26.683;False
S0004;2026-01-02 10:00:30;CO2_level;878;False
S0009;2026-01-02 10:00:30;humidity;60.112;False
S0003;2026-01-02 10:00:30;humidity;65.611;False
S0011;2026-01-02 10:00:30;ventilation;0.714;False
S0005;2026-01-02 10:00:30;ventilation;0.529;False
S0001;2026-01-02 10:00:30;temperature;18.966;False
S0010;2026-01-02 10:00:30;CO2_level;995;False
S0010;2026-01-02 10:00:45;CO2_level;602;False
S0007;2026-01-02 10:00:45;temperature;19.412;False
S0004;2026-01-02 10:00:45;CO2_level;827;False
S0005;2026-01-02 10:00:45;ventilation;0.712;True
S0001;2026-01-02 10:00:45;temperature;22.862;False
S0011;2026-01-02 10:00:45;ventilation;0.816;False
S0005;2026-01-02 10:01:00;ventilation;0.622;False
S0003;2026-01-02 10:01:00;humidity;63.673;False
S0011;2026-01-02 10:01:00;ventilation;0.94;False
S0004;2026-01-02 10:01:00;CO2_level;1068;False
S0009;2026-01-02 10:01:00;humidity;69.268;False
S0010;2026-01-02 10:01:00;CO2_level;925;False
S0007;2026-01-02 10:01:00;temperature;25.39;False
S0001;2026-01-02 10:01:00;temperature;24.63;False
S0005;2026-01-02 10:01:15;ventilation;0.894;False
S0001;2026-01-02 10:01:15;temperature;null;True
S0010;2026-01-02 10:01:15;CO2_level;1183;False
S0007;2026-01-02 10:01:15;temperature;23.613;False
S0011;2026-01-02 10:01:15;ventilation;0.786;False
S0004;2026-01-02 10:01:15;CO2_level;664;False
S0007;2026-01-02 10:01:30;temperature;24.548;False
S0011;2026-01-02 10:01:30;ventilation;0.576;False
S0003;2026-01-02 10:01:30;humidity;60.5;True
S0001;2026-01-02 10:01:30;temperature;24.277;False
S0005;2026-01-02 10:01:30;ventilation;0.961;False
S0009;2026-01-02 10:01:30;humidity;60.307;True
S0004;2026-01-02 10:01:30;CO2_level;628;False
S0010;2026-01-02 10:01:30;CO2_level;704;False
S0007;2026-01-02 10:01:45;temperature;20.263;False
S0005;2026-01-02 10:01:45;ventilation;0.971;False
S0010;2026-01-02 10:01:45;CO2_level;829;True
S0001;2026-01-02 10:01:45;temperature;18.146;False
S0011;2026-01-02 10:01:45;ventilation;0.635;False
S0004;2026-01-02 10:01:45;CO2_level;978;False
S0009;2026-01-02 10:02:00;humidity;61.686;False
S0011;2026-01-02 10:02:00;ventilation;0.922;False
S0005;2026-01-02 10:02:00;ventilation;0.867;False
S0003;2026-01-02 10:02:00;humidity;69.045;False
S0001;2026-01-02 10:02:00;temperature;26.009;False
S0007;2026-01-02 10:02:00;temperature;19.898;False
S0010;2026-01-02 10:02:00;CO2_level;808;False
S0004;2026-01-02 10:02:00;CO2_level;842;False
S0010;2026-01-02 10:02:15;CO2_level;1132;False
S0004;2026-01-02 10:02:15;CO2_level;975;False
S0007;2026-01-02 10:02:15;temperature;25.151;False
S0005;2026-01-02 10:02:15;ventilation;0.798;False
S0011;2026-01-02 10:02:15;ventilation;0.843;False
S0001;2026-01-02 10:02:15;temperature;22.498;False
S0003;2026-01-02 10:02:30;humidity;65.443;True
S0007;2026-01-02 10:02:30;temperature;22.157;False
S0009;2026-01-02 10:02:30;humidity;60.332;False
S0004;2026-01-02 10:02:30;CO2_level;866;False
S0011;2026-01-02 10:02:30;ventilation;0.689;False
S0001;2026-01-02 10:02:30;temperature;26.536;False
S0010;2026-01-02 10:02:30;CO2_level;602;False
S0005;2026-01-02 10:02:30;ventilation;0.701;False
S0010;2026-01-02 10:02:45;CO2_level;873;False
S0004;2026-01-02 10:02:45;CO2_level;776;True
S0005;2026-01-02 10:02:45;ventilation;0.917;False
S0007;2026-01-02 10:02:45;temperature;23.591;False
S0001;2026-01-02 10:02:45;temperature;26.861;False
S0011;2026-01-02 10:02:45;ventilation;0.654;False
S0001;2026-01-02 10:03:00;temperature;23.251;False
S0009;2026-01-02 10:03:00;humidity;63.391;False
S0003;2026-01-02 10:03:00;humidity;68.904;False
S0004;2026-01-02 10:03:00;CO2_level;1176;False
S0007;2026-01-02 10:03:00;temperature;19.574;False
S0010;2026-01-02 10:03:00;CO2_level;1134;False
S0005;2026-01-02 10:03:00;ventilation;0.894;False
S0011;2026-01-02 10:03:00;ventilation;0.621;False
S0007;2026-01-02 10:03:15;temperature;23.217;False
S0004;2026-01-02 10:03:15;CO2_level;1187;False
S0011;2026-01-02 10:03:15;ventilation;0.848;False
S0001;2026-01-02 10:03:15;temperature;24.948;False
S0010;2026-01-02 10:03:15;CO2_level;951;False
S0005;2026-01-02 10:03:15;ventilation;0.593;True
S0009;2026-01-02 10:03:30;humidity;61.496;False
S0001;2026-01-02 10:03:30;temperature;20.053;True
S0010;2026-01-02 10:03:30;CO2_level;1074;False
S0003;2026-01-02 10:03:30;humidity;63.108;False
S0004;2026-01-02 10:03:30;CO2_level;849;False
S0005;2026-01-02 10:03:30;ventilation;0.595;False
S0011;2026-01-02 10:03:30;ventilation;0.929;False
S0007;2026-01-02 10:03:30;temperature;20.384;False
S0010;2026-01-02 10:03:45;CO2_level;1061;False
S0004;2026-01-02 10:03:45;CO2_level;675;False
S0007;2026-01-02 10:03:45;temperature;25.952;False
S0001;2026-01-02 10:03:45;temperature;20.615;False
S0011;2026-01-02 10:03:45;ventilation;0.994;False
S0005;2026-01-02 10:03:45;ventilation;0.966;False
S0011;2026-01-02 10:04:00;ventilation;0.912;False
S0009;2026-01-02 10:04:00;humidity;66.351;False
S0007;2026-01-02 10:04:00;temperature;22.707;False
S0010;2026-01-02 10:04:00;CO2_level;1138;False
S0003;2026-01-02 10:04:00;humidity;69.607;False
S0004;2026-01-02 10:04:00;CO2_level;1159;False
S0001;2026-01-02 10:04:00;temperature;19.27;False
S0005;2026-01-02 10:04:00;ventilation;0.933;False
S0005;2026-01-02 10:04:15;ventilation;0.805;False
S0011;2026-01-02 10:04:15;ventilation;0.858;False
S0010;2026-01-02 10:04:15;CO2_level;1198;False
S0004;2026-01-02 10:04:15;CO2_level;649;False
S0007;2026-01-02 10:04:15;temperature;18.33;False
S0001;2026-01-02 10:04:15;temperature;23.282;False
S0001;2026-01-02 10:04:30;temperature;19.147;False
S0003;2026-01-02 10:04:30;humidity;63.548;False
S0011;2026-01-02 10:04:30;ventilation;0.682;False
S0007;2026-01-02 10:04:30;temperature;20.98;False
S0009;2026-01-02 10:04:30;humidity;69.912;False
S0005;2026-01-02 10:04:30;ventilation;0.589;False
S0010;2026-01-02 10:04:30;CO2_level;1020;False
S0004;2026-01-02 10:04:30;CO2_level;944;False
S0004;2026-01-02 10:04:45;CO2_level;1102;False
S0011;2026-01-02 10:04:45;ventilation;0.794;False
S0001;2026-01-02 10:04:45;temperature;20.222;False
S0007;2026-01-02 10:04:45;temperature;18.58;False
S0005;2026-01-02 10:04:45;ventilation;0.549;False
S0010;2026-01-02 10:04:45;CO2_level;735;False
S0004;2026-01-02 10:05:00;CO2_level;863;False
S0005;2026-01-02 10:05:00;ventilation;0.569;False
S0010;2026-01-02 10:05:00;CO2_level;1091;False
S0001;2026-01-02 10:05:00;temperature;19.738;False
S0003;2026-01-02 10:05:00;humidity;69.978;False
S0009;2026-01-02 10:05:00;humidity;69.412;False
S0011;2026-01-02 10:05:00;ventilation;0.782;False
S0007;2026-01-02 10:05:00;temperature;19.983;False
S0010;2026-01-02 10:05:15;CO2_level;744;False
S0001;2026-01-02 10:05:15;temperature;20.835;False
S0011;2026-01-02 10:05:15;ventilation;0.529;False
S0004;2026-01-02 10:05:15;CO2_level;1050;False
S0007;2026-01-02 10:05:15;temperature;24.499;False
S0005;2026-01-02 10:05:15;ventilation;0.516;False
S0010;2026-01-02 10:05:30;CO2_level;742;False
S0009;2026-01-02 10:05:30;humidity;69.214;False
S0004;2026-01-02 10:05:30;CO2_level;982;False
S0007;2026-01-02 10:05:30;temperature;26.478;False
S0011;2026-01-02 10:05:30;ventilation;0.92;False
S0005;2026-01-02 10:05:30;ventilation;null;True
S0001;2026-01-02 10:05:30;temperature;19.151;False
S0003;2026-01-02 10:05:30;humidity;67.079;False
S0005;2026-01-02 10:05:45;ventilation;0.634;False
S0004;2026-01-02 10:05:45;CO2_level;695;False
S0011;2026-01-02 10:05:45;ventilation;0.802;False
S0010;2026-01-02 10:05:45;CO2_level;923;False
S0001;2026-01-02 10:05:45;temperature;23.101;False
S0007;2026-01-02 10:05:45;temperature;24.546;False
S0005;2026-01-02 10:06:00;ventilation;0.964;False
S0011;2026-01-02 10:06:00;ventilation;0.669;False
S0009;2026-01-02 10:06:00;humidity;66.332;False
S0010;2026-01-02 10:06:00;CO2_level;783;False
S0001;2026-01-02 10:06:00;temperature;19.713;False
S0007;2026-01-02 10:06:00;temperature;24.765;False
S0003;2026-01-02 10:06:00;humidity;66.873;False
S0004;2026-01-02 10:06:00;CO2_level;893;False
S0007;2026-01-02 10:06:15;temperature;24.337;False
S0005;2026-01-02 10:06:15;ventilation;0.691;False
S0010;2026-01-02 10:06:15;CO2_level;704;False
S0004;2026-01-02 10:06:15;CO2_level;1048;False
S0001;2026-01-02 10:06:15;temperature;26.117;False
S0011;2026-01-02 10:06:15;ventilation;0.575;False
S0005;2026-01-02 10:06:30;ventilation;0.827;False
S0010;2026-01-02 10:06:30;CO2_level;931;True
S0004;2026-01-02 10:06:30;CO2_level;730;False
S0009;2026-01-02 10:06:30;humidity;66.719;False
S0003;2026-01-02 10:06:30;humidity;61.916;False
S0001;2026-01-02 10:06:30;temperature;25.698;False
S0007;2026-01-02 10:06:30;temperature;19.816;False
S0011;2026-01-02 10:06:30;ventilation;0.609;False
S0011;2026-01-02 10:06:45;ventilation;0.623;False
S0001;2026-01-02 10:06:45;temperature;19.645;False
S0005;2026-01-02 10:06:45;ventilation;0.688;False
S0004;2026-01-02 10:06:45;CO2_level;1158;False
S0010;2026-01-02 10:06:45;CO2_level;1083;False
S0007;2026-01-02 10:06:45;temperature;23.05;False
S0001;2026-01-02 10:07:00;temperature;20.021;False
S0004;2026-01-02 10:07:00;CO2_level;1080;False
S0003;2026-01-02 10:07:00;humidity;66.019;False
S0011;2026-01-02 10:07:00;ventilation;0.831;False
S0010;2026-01-02 10:07:00;CO2_level;1186;True
S0007;2026-01-02 10:07:00;temperature;18.022;False
S0005;2026-01-02 10:07:00;ventilation;0.51;False
S0009;2026-01-02 10:07:00;humidity;61.916;False
S0004;2026-01-02 10:07:15;CO2_level;683;False
S0007;2026-01-02 10:07:15;temperature;23.831;False
S0011;2026-01-02 10:07:15;ventilation;0.656;False
S0005;2026-01-02 10:07:15;ventilation;0.533;False
S0001;2026-01-02 10:07:15;temperature;19.733;False
S0010;2026-01-02 10:07:15;CO2_level;1083;False
S0005;2026-01-02 10:07:30;ventilation;0.983;False
S0011;2026-01-02 10:07:30;ventilation;0.871;False
S0001;2026-01-02 10:07:30;temperature;24.973;False
S0009;2026-01-02 10:07:30;humidity;66.128;False
S0003;2026-01-02 10:07:30;humidity;65.542;False
S0007;2026-01-02 10:07:30;temperature;18.681;False
S0010;2026-01-02 10:07:30;CO2_level;675;False
S0004;2026-01-02 10:07:30;CO2_level;1188;False
S0010;2026-01-02 10:07:45;CO2_level;737;False
S0005;2026-01-02 10:07:45;ventilation;0.803;False
S0001;2026-01-02 10:07:45;temperature;18.071;False
S0011;2026-01-02 10:07:45;ventilation;0.823;False
S0007;2026-01-02 10:07:45;temperature;22.774;False
S0004;2026-01-02 10:07:45;CO2_level;689;True
S0005;2026-01-02 10:08:00;ventilation;0.928;False
S0003;2026-01-02 10:08:00;humidity;65.117;False
S0009;2026-01-02 10:08:00;humidity;61.264;False
S0001;2026-01-02 10:08:00;temperature;18.486;False
S0011;2026-01-02 10:08:00;ventilation;0.528;False
S0010;2026-01-02 10:08:00;CO2_level;1199;True
S0007;2026-01-02 10:08:00;temperature;19.307;False
S0004;2026-01-02 10:08:00;CO2_level;1182;False
S0007;2026-01-02 10:08:15;temperature;20.485;False
S0004;2026-01-02 10:08:15;CO2_level;704;False
S0005;2026-01-02 10:08:15;ventilation;0.955;False
S0011;2026-01-02 10:08:15;ventilation;null;True
S0010;2026-01-02 10:08:15;CO2_level;868;False
S0001;2026-01-02 10:08:15;temperature;25.092;False
S0001;2026-01-02 10:08:30;temperature;25.601;False
S0005;2026-01-02 10:08:30;ventilation;0.718;False
S0004;2026-01-02 10:08:30;CO2_level;1065;False
S0010;2026-01-02 10:08:30;CO2_level;1153;False
S0003;2026-01-02 10:08:30;humidity;65.529;False
S0011;2026-01-02 10:08:30;ventilation;0.515;False
S0009;2026-01-02 10:08:30;humidity;67.372;False
S0007;2026-01-02 10:08:30;temperature;24.404;False
S0007;2026-01-02 10:08:45;temperature;18.351;False
S0005;2026-01-02 10:08:45;ventilation;0.71;False
S0004;2026-01-02 10:08:45;CO2_level;689;False
S0001;2026-01-02 10:08:45;temperature;24.934;False
S0011;2026-01-02 10:08:45;ventilation;0.88;False
S0010;2026-01-02 10:08:45;CO2_level;683;False
S0007;2026-01-02 10:09:00;temperature;21.289;False
S0011;2026-01-02 10:09:00;ventilation;0.611;False
S0004;2026-01-02 10:09:00;CO2_level;1084;False
S0009;2026-01-02 10:09:00;humidity;62.66;False
S0005;2026-01-02 10:09:00;ventilation;0.528;True
S0003;2026-01-02 10:09:00;humidity;61.31;False
S0001;2026-01-02 10:09:00;temperature;21.712;False
S0010;2026-01-02 10:09:00;CO2_level;646;False
S0011;2026-01-02 10:09:15;ventilation;0.783;False
S0005;2026-01-02 10:09:15;ventilation;0.623;False
S0007;2026-01-02 10:09:15;temperature;19.463;False
S0001;2026-01-02 10:09:15;temperature;26.196;False
S0010;2026-01-02 10:09:15;CO2_level;806;False
S0004;2026-01-02 10:09:15;CO2_level;1086;False
S0003;2026-01-02 10:09:30;humidity;62.936;False
S0007;2026-01-02 10:09:30;temperature;23.772;True
S0011;2026-01-02 10:09:30;ventilation;0.585;False
S0001;2026-01-02 10:09:30;temperature;19.658;False
S0010;2026-01-02 10:09:30;CO2_level;942;False
S0004;2026-01-02 10:09:30;CO2_level;604;False
S0009;2026-01-02 10:09:30;humidity;62.456;False
S0005;2026-01-02 10:09:30;ventilation;0.935;False
S0001;2026-01-02 10:09:45;temperature;24.751;False
S0007;2026-01-02 10:09:45;temperature;21.561;False
S0010;2026-01-02 10:09:45;CO2_level;888;False
S0005;2026-01-02 10:09:45;ventilation;0.597;False
S0011;2026-01-02 10:09:45;ventilation;0.763;False
S0004;2026-01-02 10:09:45;CO2_level;1133;False
S0004;2026-01-02 10:10:00;CO2_level;1085;False
S0003;2026-01-02 10:10:00;humidity;63.303;True
S0001;2026-01-02 10:10:00;temperature;20.099;True
S0010;2026-01-02 10:10:00;CO2_level;721;False
S0007;2026-01-02 10:10:00;temperature;19.054;False
S0005;2026-01-02 10:10:00;ventilation;0.659;False
S0009;2026-01-02 10:10:00;humidity;65.347;False
S0011;2026-01-02 10:10:00;ventilation;0.828;False
S0004;2026-01-02 10:10:15;CO2_level;939;False
S0010;2026-01-02 10:10:15;CO2_level;897;True
S0001;2026-01-02 10:10:15;temperature;24.222;True
S0007;2026-01-02 10:10:15;temperature;20.943;False
S0005;2026-01-02 10:10:15;ventilation;0.976;False
S0011;2026-01-02 10:10:15;ventilation;0.724;False
S0009;2026-01-02 10:10:30;humidity;65.519;False
S0003;2026-01-02 10:10:30;humidity;64.158;True
S0011;2026-01-02 10:10:30;ventilation;0.665;False
S0007;2026-01-02 10:10:30;temperature;23.244;False
S0005;2026-01-02 10:10:30;ventilation;0.595;False
S0004;2026-01-02 10:10:30;CO2_level;1038;False
S0001;2026-01-02 10:10:30;temperature;25.488;False
S0010;2026-01-02 10:10:30;CO2_level;1114;False
S0004;2026-01-02 10:10:45;CO2_level;1097;False
S0005;2026-01-02 10:10:45;ventilation;0.936;False
S0007;2026-01-02 10:10:45;temperature;22.822;False
S0011;2026-01-02 10:10:45;ventilation;0.841;False
S0010;2026-01-02 10:10:45;CO2_level;1115;False
S0001;2026-01-02 10:10:45;temperature;24.041;False
S0009;2026-01-02 10:11:00;humidity;62.296;False
S0003;2026-01-02 10:11:00;humidity;62.847;False
S0007;2026-01-02 10:11:00;temperature;26.069;False
S0001;2026-01-02 10:11:00;temperature;18.551;True
S0010;2026-01-02 10:11:00;CO2_level;1126;False
S0011;2026-01-02 10:11:00;ventilation;0.933;False
S0005;2026-01-02 10:11:00;ventilation;0.645;False
S0004;2026-01-02 10:11:00;CO2_level;1034;False
S0001;2026-01-02 10:11:15;temperature;26.837;False
S0010;2026-01-02 10:11:15;CO2_level;869;False
S0011;2026-01-02 10:11:15;ventilation;0.795;False
S0005;2026-01-02 10:11:15;ventilation;0.579;False
S0007;2026-01-02 10:11:15;temperature;19.199;False
S0004;2026-01-02 10:11:15;CO2_level;620;False
S0001;2026-01-02 10:11:30;temperature;19.224;False
S0009;2026-01-02 10:11:30;humidity;66.135;True
S0004;2026-01-02 10:11:30;CO2_level;785;False
S0003;2026-01-02 10:11:30;humidity;69.945;False
S0011;2026-01-02 10:11:30;ventilation;0.75;False
S0010;2026-01-02 10:11:30;CO2_level;766;False
S0005;2026-01-02 10:11:30;ventilation;0.741;False
S0007;2026-01-02 10:11:30;temperature;26.592;False
S0005;2026-01-02 10:11:45;ventilation;0.572;False
S0001;2026-01-02 10:11:45;temperature;18.098;False
S0007;2026-01-02 10:11:45;temperature;24.292;False
S0010;2026-01-02 10:11:45;CO2_level;656;False
S0011;2026-01-02 10:11:45;ventilation;0.626;False
S0004;2026-01-02 10:11:45;CO2_level;654;False
S0010;2026-01-02 10:12:00;CO2_level;724;False
S0007;2026-01-02 10:12:00;temperature;20.465;False
S0004;2026-01-02 10:12:00;CO2_level;946;False
S0003;2026-01-02 10:12:00;humidity;60.816;False
S0001;2026-01-02 10:12:00;temperature;22.817;False
S0005;2026-01-02 10:12:00;ventilation;0.909;False
S0011;2026-01-02 10:12:00;ventilation;0.598;False
S0009;2026-01-02 10:12:00;humidity;66.25;False
S0011;2026-01-02 10:12:15;ventilation;0.573;False
S0004;2026-01-02 10:12:15;CO2_level;674;False
S0005;2026-01-02 10:12:15;ventilation;0.778;False
S0007;2026-01-02 10:12:15;temperature;19.037;False
S0001;2026-01-02 10:12:15;temperature;21.199;False
S0010;2026-01-02 10:12:15;CO2_level;708;False
S0004;2026-01-02 10:12:30;CO2_level;873;False
S0007;2026-01-02 10:12:30;temperature;24.499;False
S0005;2026-01-02 10:12:30;ventilation;0.948;False
S0010;2026-01-02 10:12:30;CO2_level;1091;False
S0011;2026-01-02 10:12:30;ventilation;0.504;False
S0003;2026-01-02 10:12:30;humidity;61.744;False
S0001;2026-01-02 10:12:30;temperature;21.277;False
S0009;2026-01-02 10:12:30;humidity;68.844;False
S0010;2026-01-02 10:12:45;CO2_level;1058;False
S0007;2026-01-02 10:12:45;temperature;20.705;False
S0001;2026-01-02 10:12:45;temperature;24.541;False
S0005;2026-01-02 10:12:45;ventilation;0.756;False
S0004;2026-01-02 10:12:45;CO2_level;1153;False
S0011;2026-01-02 10:12:45;ventilation;null;True
S0005;2026-01-02 10:13:00;ventilation;0.584;False
S0003;2026-01-02 10:13:00;humidity;66.988;False
S0010;2026-01-02 10:13:00;CO2_level;1192;False
S0007;2026-01-02 10:13:00;temperature;18.623;False
S0001;2026-01-02 10:13:00;temperature;19.33;False
S0011;2026-01-02 10:13:00;ventilation;0.827;False
S0004;2026-01-02 10:13:00;CO2_level;755;False
S0009;2026-01-02 10:13:00;humidity;61.493;False
S0001;2026-01-02 10:13:15;temperature;24.204;False
S0011;2026-01-02 10:13:15;ventilation;0.549;False
S0010;2026-01-02 10:13:15;CO2_level;810;False
S0004;2026-01-02 10:13:15;CO2_level;1071;False
S0007;2026-01-02 10:13:15;temperature;24.947;False
S0005;2026-01-02 10:13:15;ventilation;0.701;False
S0001;2026-01-02 10:13:30;temperature;21.536;False
S0007;2026-01-02 10:13:30;temperature;23.943;False
S0009;2026-01-02 10:13:30;humidity;65.833;False
S0011;2026-01-02 10:13:30;ventilation;0.766;False
S0005;2026-01-02 10:13:30;ventilation;0.788;False
S0004;2026-01-02 10:13:30;CO2_level;937;False
S0010;2026-01-02 10:13:30;CO2_level;1017;False
S0003;2026-01-02 10:13:30;humidity;65.003;False
S0011;2026-01-02 10:13:45;ventilation;0.539;False
S0001;2026-01-02 10:13:45;temperature;19.33;False
S0010;2026-01-02 10:13:45;CO2_level;null;True
S0007;2026-01-02 10:13:45;temperature;18.482;False
S0005;2026-01-02 10:13:45;ventilation;0.844;False
S0004;2026-01-02 10:13:45;CO2_level;975;False
S0010;2026-01-02 10:14:00;CO2_level;1145;False
S0003;2026-01-02 10:14:00;humidity;66.289;False
S0001;2026-01-02 10:14:00;temperature;18.683;False
S0009;2026-01-02 10:14:00;humidity;68.995;False
S0004;2026-01-02 10:14:00;CO2_level;1038;False
S0011;2026-01-02 10:14:00;ventilation;0.899;False
S0007;2026-01-02 10:14:00;temperature;24.505;False
S0005;2026-01-02 10:14:00;ventilation;0.864;False
S0010;2026-01-02 10:14:15;CO2_level;765;False
S0011;2026-01-02 10:14:15;ventilation;0.726;False
S0007;2026-01-02 10:14:15;temperature;21.884;False
S0004;2026-01-02 10:14:15;CO2_level;954;False
S0001;2026-01-02 10:14:15;temperature;26.094;False
S0005;2026-01-02 10:14:15;ventilation;0.949;False
S0010;2026-01-02 10:14:30;CO2_level;768;False
S0001;2026-01-02 10:14:30;temperature;19.679;False
S0005;2026-01-02 10:14:30;ventilation;0.513;False
S0007;2026-01-02 10:14:30;temperature;24.847;False
S0003;2026-01-02 10:14:30;humidity;60.171;False
S0009;2026-01-02 10:14:30;humidity;60.868;False
S0004;2026-01-02 10:14:30;CO2_level;726;False
S0011;2026-01-02 10:14:30;ventilation;0.9;False
S0007;2026-01-02 10:14:45;temperature;24.018;False
S0005;2026-01-02 10:14:45;ventilation;0.605;False
S0001;2026-01-02 10:14:45;temperature;20.369;False
S0010;2026-01-02 10:14:45;CO2_level;897;False
S0004;2026-01-02 10:14:45;CO2_level;893;False
S0011;2026-01-02 10:14:45;ventilation;0.599;False
S0005;2026-01-02 10:15:00;ventilation;0.922;False
S0001;2026-01-02 10:15:00;temperature;18.314;False
S0007;2026-01-02 10:15:00;temperature;25.722;False
S0010;2026-01-02 10:15:00;CO2_level;785;False
S0011;2026-01-02 10:15:00;ventilation;0.996;False
S0004;2026-01-02 10:15:00;CO2_level;650;False
S0003;2026-01-02 10:15:00;humidity;65.279;False
S0009;2026-01-02 10:15:00;humidity;63.476;False
S0007;2026-01-02 10:15:15;temperature;19.861;False
S0004;2026-01-02 10:15:15;CO2_level;697;False
S0011;2026-01-02 10:15:15;ventilation;0.824;False
S0005;2026-01-02 10:15:15;ventilation;0.545;False
S0001;2026-01-02 10:15:15;temperature;18.419;False
S0010;2026-01-02 10:15:15;CO2_level;633;False
S0007;2026-01-02 10:15:30;temperature;26.116;True
S0010;2026-01-02 10:15:30;CO2_level;726;False
S0003;2026-01-02 10:15:30;humidity;63.995;True
S0004;2026-01-02 10:15:30;CO2_level;736;True
S0001;2026-01-02 10:15:30;temperature;19.148;False
S0009;2026-01-02 10:15:30;humidity;61.703;False
S0011;2026-01-02 10:15:30;ventilation;0.864;False
S0005;2026-01-02 10:15:30;ventilation;0.821;False
S0004;2026-01-02 10:15:45;CO2_level;1096;False
S0011;2026-01-02 10:15:45;ventilation;0.854;False
S0007;2026-01-02 10:15:45;temperature;20.721;False
S0010;2026-01-02 10:15:45;CO2_level;1066;False
S0001;2026-01-02 10:15:45;temperature;21.846;False
S0005;2026-01-02 10:15:45;ventilation;0.538;False
S0004;2026-01-02 10:16:00;CO2_level;645;False
S0011;2026-01-02 10:16:00;ventilation;0.898;False
S0007;2026-01-02 10:16:00;temperature;24.392;False
S0009;2026-01-02 10:16:00;humidity;60.116;False
S0003;2026-01-02 10:16:00;humidity;64.561;False
S0005;2026-01-02 10:16:00;ventilation;0.898;False
S0010;2026-01-02 10:16:00;CO2_level;1050;False
S0001;2026-01-02 10:16:00;temperature;25.571;False
S0004;2026-01-02 10:16:15;CO2_level;719;False
S0010;2026-01-02 10:16:15;CO2_level;676;False
S0011;2026-01-02 10:16:15;ventilation;0.783;False
S0001;2026-01-02 10:16:15;temperature;20.599;False
S0005;2026-01-02 10:16:15;ventilation;0.581;False
S0007;2026-01-02 10:16:15;temperature;19.473;False
S0004;2026-01-02 10:16:30;CO2_level;1049;False
S0011;2026-01-02 10:16:30;ventilation;0.859;False
S0005;2026-01-02 10:16:30;ventilation;0.606;False
S0007;2026-01-02 10:16:30;temperature;19.241;False
S0009;2026-01-02 10:16:30;humidity;66.765;False
S0010;2026-01-02 10:16:30;CO2_level;929;False
S0001;2026-01-02 10:16:30;temperature;18.728;False
S0003;2026-01-02 10:16:30;humidity;65.784;False
S0001;2026-01-02 10:16:45;temperature;23.718;False
S0007;2026-01-02 10:16:45;temperature;24.199;False
S0004;2026-01-02 10:16:45;CO2_level;606;False
S0005;2026-01-02 10:16:45;ventilation;0.8;False
S0011;2026-01-02 10:16:45;ventilation;0.729;False
S0010;2026-01-02 10:16:45;CO2_level;648;True
S0009;2026-01-02 10:17:00;humidity;66.308;True
S0003;2026-01-02 10:17:00;humidity;66.742;False
S0001;2026-01-02 10:17:00;temperature;24.777;False
S0010;2026-01-02 10:17:00;CO2_level;910;False
S0005;2026-01-02 10:17:00;ventilation;0.852;False
S0007;2026-01-02 10:17:00;temperature;25.654;False
S0011;2026-01-02 10:17:00;ventilation;0.546;False
S0004;2026-01-02 10:17:00;CO2_level;1002;False
S0005;2026-01-02 10:17:15;ventilation;0.601;False
S0010;2026-01-02 10:17:15;CO2_level;941;False
S0011;2026-01-02 10:17:15;ventilation;0.711;False
S0004;2026-01-02 10:17:15;CO2_level;1191;False
S0001;2026-01-02 10:17:15;temperature;21.123;False
S0007;2026-01-02 10:17:15;temperature;24.791;False
S0004;2026-01-02 10:17:30;CO2_level;940;False
S0007;2026-01-02 10:17:30;temperature;24.764;False
S0001;2026-01-02 10:17:30;temperature;18.589;False
S0010;2026-01-02 10:17:30;CO2_level;663;False
S0011;2026-01-02 10:17:30;ventilation;0.529;False
S0003;2026-01-02 10:17:30;humidity;66.605;False
S0009;2026-01-02 10:17:30;humidity;67.736;False
S0005;2026-01-02 10:17:30;ventilation;0.572;False
S0005;2026-01-02 10:17:45;ventilation;0.682;False
S0011;2026-01-02 10:17:45;ventilation;0.563;False
S0007;2026-01-02 10:17:45;temperature;24.75;False
S0001;2026-01-02 10:17:45;temperature;24.198;False
S0004;2026-01-02 10:17:45;CO2_level;1186;False
S0010;2026-01-02 10:17:45;CO2_level;1077;False
S0010;2026-01-02 10:18:00;CO2_level;797;False
S0005;2026-01-02 10:18:00;ventilation;0.727;False
S0009;2026-01-02 10:18:00;humidity;62.968;False
S0011;2026-01-02 10:18:00;ventilation;0.825;False
S0003;2026-01-02 10:18:00;humidity;61.02;False
S0007;2026-01-02 10:18:00;temperature;19.599;False
S0001;2026-01-02 10:18:00;temperature;23.205;False
S0004;2026-01-02 10:18:00;CO2_level;1153;False
S0005;2026-01-02 10:18:15;ventilation;0.994;False
S0007;2026-01-02 10:18:15;temperature;23.364;False
S0010;2026-01-02 10:18:15;CO2_level;735;False
S0001;2026-01-02 10:18:15;temperature;19.47;False
S0004;2026-01-02 10:18:15;CO2_level;659;False
S0011;2026-01-02 10:18:15;ventilation;0.86;False
S0007;2026-01-02 10:18:30;temperature;25.552;False
S0005;2026-01-02 10:18:30;ventilation;0.803;False
S0010;2026-01-02 10:18:30;CO2_level;960;False
S0003;2026-01-02 10:18:30;humidity;65.295;True
S0001;2026-01-02 10:18:30;temperature;19.188;False
S0004;2026-01-02 10:18:30;CO2_level;941;False
S0011;2026-01-02 10:18:30;ventilation;null;True
S0009;2026-01-02 10:18:30;humidity;66.985;False
S0010;2026-01-02 10:18:45;CO2_level;1177;False
S0011;2026-01-02 10:18:45;ventilation;0.62;False
S0001;2026-01-02 10:18:45;temperature;18.123;False
S0005;2026-01-02 10:18:45;ventilation;0.766;False
S0007;2026-01-02 10:18:45;temperature;23.411;False
S0004;2026-01-02 10:18:45;CO2_level;707;False
S0011;2026-01-02 10:19:00;ventilation;0.782;False
S0007;2026-01-02 10:19:00;temperature;22.402;False
S0001;2026-01-02 10:19:00;temperature;22.82;False
S0005;2026-01-02 10:19:00;ventilation;0.657;False
S0004;2026-01-02 10:19:00;CO2_level;861;False
S0010;2026-01-02 10:19:00;CO2_level;1095;False
S0009;2026-01-02 10:19:00;humidity;63.677;False
S0003;2026-01-02 10:19:00;humidity;null;True
S0010;2026-01-02 10:19:15;CO2_level;1057;False
S0007;2026-01-02 10:19:15;temperature;25.13;False
S0005;2026-01-02 10:19:15;ventilation;0.69;False
S0011;2026-01-02 10:19:15;ventilation;0.914;False
S0001;2026-01-02 10:19:15;temperature;19.056;False
S0004;2026-01-02 10:19:15;CO2_level;868;False
S0011;2026-01-02 10:19:30;ventilation;0.743;False
S0001;2026-01-02 10:19:30;temperature;22.7;False
S0010;2026-01-02 10:19:30;CO2_level;1130;False
S0009;2026-01-02 10:19:30;humidity;65.888;False
S0007;2026-01-02 10:19:30;temperature;22.655;False
S0003;2026-01-02 10:19:30;humidity;62.573;False
S0004;2026-01-02 10:19:30;CO2_level;846;False
S0005;2026-01-02 10:19:30;ventilation;0.8;False
S0005;2026-01-02 10:19:45;ventilation;null;True
S0010;2026-01-02 10:19:45;CO2_level;972;False
S0011;2026-01-02 10:19:45;ventilation;0.927;False
S0007;2026-01-02 10:19:45;temperature;21.255;False
S0004;2026-01-02 10:19:45;CO2_level;803;False
S0001;2026-01-02 10:19:45;temperature;18.334;False
S0004;2026-01-02 10:20:00;CO2_level;752;False
S0003;2026-01-02 10:20:00;humidity;69.757;False
S0011;2026-01-02 10:20:00;ventilation;0.752;False
S0001;2026-01-02 10:20:00;temperature;18.84;False
S0010;2026-01-02 10:20:00;CO2_level;836;False
S0005;2026-01-02 10:20:00;ventilation;0.717;False
S0007;2026-01-02 10:20:00;temperature;20.364;False
S0009;2026-01-02 10:20:00;humidity;65.032;False
S0007;2026-01-02 10:20:15;temperature;19.822;False
S0011;2026-01-02 10:20:15;ventilation;0.941;False
S0001;2026-01-02 10:20:15;temperature;24.593;False
S0005;2026-01-02 10:20:15;ventilation;0.83;False
S0004;2026-01-02 10:20:15;CO2_level;1189;False
S0010;2026-01-02 10:20:15;CO2_level;706;False
S0011;2026-01-02 10:20:30;ventilation;0.813;False
S0003;2026-01-02 10:20:30;humidity;60.574;False
S0010;2026-01-02 10:20:30;CO2_level;896;False
S0004;2026-01-02 10:20:30;CO2_level;865;False
S0005;2026-01-02 10:20:30;ventilation;0.545;False
S0009;2026-01-02 10:20:30;humidity;65.296;False
S0007;2026-01-02 10:20:30;temperature;22.848;False
S0001;2026-01-02 10:20:30;temperature;23.293;False
S0004;2026-01-02 10:20:45;CO2_level;1045;False
S0011;2026-01-02 10:20:45;ventilation;0.823;False
S0001;2026-01-02 10:20:45;temperature;24.235;False
S0005;2026-01-02 10:20:45;ventilation;0.694;False
S0010;2026-01-02 10:20:45;CO2_level;962;False
S0007;2026-01-02 10:20:45;temperature;18.392;False
S0001;2026-01-02 10:21:00;temperature;25.018;False
S0010;2026-01-02 10:21:00;CO2_level;753;False
S0007;2026-01-02 10:21:00;temperature;22.103;False
S0009;2026-01-02 10:21:00;humidity;61.195;False
S0011;2026-01-02 10:21:00;ventilation;0.713;False
S0004;2026-01-02 10:21:00;CO2_level;672;False
S0005;2026-01-02 10:21:00;ventilation;0.732;False
S0003;2026-01-02 10:21:00;humidity;69.342;False
S0005;2026-01-02 10:21:15;ventilation;0.64;False
S0001;2026-01-02 10:21:15;temperature;22.303;False
S0010;2026-01-02 10:21:15;CO2_level;725;False
S0007;2026-01-02 10:21:15;temperature;19.738;False
S0011;2026-01-02 10:21:15;ventilation;0.773;False
S0004;2026-01-02 10:21:15;CO2_level;721;False
S0009;2026-01-02 10:21:30;humidity;61.148;False
S0007;2026-01-02 10:21:30;temperature;26.9;False
S0001;2026-01-02 10:21:30;temperature;18.525;False
S0010;2026-01-02 10:21:30;CO2_level;634;False
S0005;2026-01-02 10:21:30;ventilation;0.76;False
S0004;2026-01-02 10:21:30;CO2_level;1171;False
S0003;2026-01-02 10:21:30;humidity;64.056;False
S0011;2026-01-02 10:21:30;ventilation;0.668;False
S0001;2026-01-02 10:21:45;temperature;22.794;False
S0004;2026-01-02 10:21:45;CO2_level;null;True
S0010;2026-01-02 10:21:45;CO2_level;637;False
S0011;2026-01-02 10:21:45;ventilation;0.68;False
S0005;2026-01-02 10:21:45;ventilation;0.966;False
S0007;2026-01-02 10:21:45;temperature;22.776;False
S0005;2026-01-02 10:22:00;ventilation;0.944;False
S0009;2026-01-02 10:22:00;humidity;69.376;False
S0010;2026-01-02 10:22:00;CO2_level;1103;False
S0001;2026-01-02 10:22:00;temperature;21.371;False
S0007;2026-01-02 10:22:00;temperature;20.641;False
S0011;2026-01-02 10:22:00;ventilation;0.708;False
S0004;2026-01-02 10:22:00;CO2_level;null;True
S0003;2026-01-02 10:22:00;humidity;62.178;False
S0001;2026-01-02 10:22:15;temperature;20.458;False
S0010;2026-01-02 10:22:15;CO2_level;819;False
S0007;2026-01-02 10:22:15;temperature;19.048;False
S0011;2026-01-02 10:22:15;ventilation;0.795;False
S0004;2026-01-02 10:22:15;CO2_level;1138;False
S0005;2026-01-02 10:22:15;ventilation;0.632;False
S0003;2026-01-02 10:22:30;humidity;68.756;False
S0007;2026-01-02 10:22:30;temperature;24.037;False
S0004;2026-01-02 10:22:30;CO2_level;848;False
S0010;2026-01-02 10:22:30;CO2_level;1118;False
S0005;2026-01-02 10:22:30;ventilation;0.711;False
S0011;2026-01-02 10:22:30;ventilation;0.685;False
S0009;2026-01-02 10:22:30;humidity;67.347;False
S0001;2026-01-02 10:22:30;temperature;25.456;False
S0010;2026-01-02 10:22:45;CO2_level;680;False
S0011;2026-01-02 10:22:45;ventilation;0.51;False
S0001;2026-01-02 10:22:45;temperature;18.832;False
S0004;2026-01-02 10:22:45;CO2_level;1038;False
S0005;2026-01-02 10:22:45;ventilation;0.978;False
S0007;2026-01-02 10:22:45;temperature;21.711;False
S0005;2026-01-02 10:23:00;ventilation;0.868;False
S0010;2026-01-02 10:23:00;CO2_level;839;False
S0009;2026-01-02 10:23:00;humidity;68.327;False
S0007;2026-01-02 10:23:00;temperature;23.35;False
S0004;2026-01-02 10:23:00;CO2_level;708;True
S0001;2026-01-02 10:23:00;temperature;22.44;False
S0003;2026-01-02 10:23:00;humidity;66.983;False
S0011;2026-01-02 10:23:00;ventilation;0.8;False
S0001;2026-01-02 10:23:15;temperature;22.208;False
S0004;2026-01-02 10:23:15;CO2_level;1086;False
S0010;2026-01-02 10:23:15;CO2_level;1115;False
S0011;2026-01-02 10:23:15;ventilation;0.971;False
S0007;2026-01-02 10:23:15;temperature;21.465;False
S0005;2026-01-02 10:23:15;ventilation;0.796;True
S0009;2026-01-02 10:23:30;humidity;61.078;False
S0001;2026-01-02 10:23:30;temperature;25.902;False
S0004;2026-01-02 10:23:30;CO2_level;1043;False
S0011;2026-01-02 10:23:30;ventilation;0.929;False
S0007;2026-01-02 10:23:30;temperature;22.106;True
S0003;2026-01-02 10:23:30;humidity;63.529;False
S0005;2026-01-02 10:23:30;ventilation;0.754;False
S0010;2026-01-02 10:23:30;CO2_level;1039;False
S0007;2026-01-02 10:23:45;temperature;21.338;False
S0001;2026-01-02 10:23:45;temperature;21.693;False
S0010;2026-01-02 10:23:45;CO2_level;969;False
S0004;2026-01-02 10:23:45;CO2_level;834;False
S0005;2026-01-02 10:23:45;ventilation;0.796;False
S0011;2026-01-02 10:23:45;ventilation;0.502;False
S0005;2026-01-02 10:24:00;ventilation;0.713;False
S0003;2026-01-02 10:24:00;humidity;63.07;False
S0011;2026-01-02 10:24:00;ventilation;0.776;False
S0001;2026-01-02 10:24:00;temperature;21.178;False
S0004;2026-01-02 10:24:00;CO2_level;1132;False
S0007;2026-01-02 10:24:00;temperature;24.326;False
S0009;2026-01-02 10:24:00;humidity;60.934;False
S0010;2026-01-02 10:24:00;CO2_level;664;False
S0005;2026-01-02 10:24:15;ventilation;0.58;False
S0010;2026-01-02 10:24:15;CO2_level;1107;False
S0004;2026-01-02 10:24:15;CO2_level;908;False
S0001;2026-01-02 10:24:15;temperature;22.741;False
S0011;2026-01-02 10:24:15;ventilation;0.961;False
S0007;2026-01-02 10:24:15;temperature;19.295;True
S0001;2026-01-02 10:24:30;temperature;20.357;False
S0005;2026-01-02 10:24:30;ventilation;0.549;False
S0011;2026-01-02 10:24:30;ventilation;0.98;False
S0009;2026-01-02 10:24:30;humidity;65.472;False
S0003;2026-01-02 10:24:30;humidity;64.932;False
S0010;2026-01-02 10:24:30;CO2_level;803;False
S0004;2026-01-02 10:24:30;CO2_level;1004;False
S0007;2026-01-02 10:24:30;temperature;20.453;False
S0007;2026-01-02 10:24:45;temperature;26.4;False
S0010;2026-01-02 10:24:45;CO2_level;695;False
S0004;2026-01-02 10:24:45;CO2_level;610;False
S0011;2026-01-02 10:24:45;ventilation;0.528;False
S0005;2026-01-02 10:24:45;ventilation;0.557;False
S0001;2026-01-02 10:24:45;temperature;24.627;False
S0004;2026-01-02 10:25:00;CO2_level;1095;False
S0009;2026-01-02 10:25:00;humidity;65.805;False
S0007;2026-01-02 10:25:00;temperature;18.387;False
S0011;2026-01-02 10:25:00;ventilation;0.909;False
S0001;2026-01-02 10:25:00;temperature;20.272;False
S0010;2026-01-02 10:25:00;CO2_level;640;False
S0005;2026-01-02 10:25:00;ventilation;0.82;False
S0003;2026-01-02 10:25:00;humidity;69.24;False
S0007;2026-01-02 10:25:15;temperature;21.142;False
S0011;2026-01-02 10:25:15;ventilation;0.505;False
S0004;2026-01-02 10:25:15;CO2_level;802;False
S0010;2026-01-02 10:25:15;CO2_level;787;False
S0005;2026-01-02 10:25:15;ventilation;0.875;False
S0001;2026-01-02 10:25:15;temperature;23.693;False
S0001;2026-01-02 10:25:30;temperature;25.678;False
S0010;2026-01-02 10:25:30;CO2_level;1132;False
S0005;2026-01-02 10:25:30;ventilation;0.585;False
S0011;2026-01-02 10:25:30;ventilation;0.583;False
S0007;2026-01-02 10:25:30;temperature;21.775;False
S0003;2026-01-02 10:25:30;humidity;65.529;False
S0009;2026-01-02 10:25:30;humidity;65.742;False
S0004;2026-01-02 10:25:30;CO2_level;950;False
S0004;2026-01-02 10:25:45;CO2_level;1184;False
S0011;2026-01-02 10:25:45;ventilation;0.957;False
S0010;2026-01-02 10:25:45;CO2_level;799;False
S0007;2026-01-02 10:25:45;temperature;20.684;True
S0005;2026-01-02 10:25:45;ventilation;null;True
S0001;2026-01-02 10:25:45;temperature;19.215;False
S0003;2026-01-02 10:26:00;humidity;60.367;False
S0011;2026-01-02 10:26:00;ventilation;0.524;False
S0004;2026-01-02 10:26:00;CO2_level;768;False
S0007;2026-01-02 10:26:00;temperature;24.709;False
S0005;2026-01-02 10:26:00;ventilation;0.526;False
S0009;2026-01-02 10:26:00;humidity;67.921;False
S0001;2026-01-02 10:26:00;temperature;23.387;False
S0010;2026-01-02 10:26:00;CO2_level;1064;False
S0011;2026-01-02 10:26:15;ventilation;0.614;False
S0007;2026-01-02 10:26:15;temperature;22.699;False
S0004;2026-01-02 10:26:15;CO2_level;680;False
S0001;2026-01-02 10:26:15;temperature;21.484;False
S0010;2026-01-02 10:26:15;CO2_level;820;False
S0005;2026-01-02 10:26:15;ventilation;0.852;False
S0004;2026-01-02 10:26:30;CO2_level;1184;False
S0007;2026-01-02 10:26:30;temperature;19.266;False
S0009;2026-01-02 10:26:30;humidity;60.481;False
S0001;2026-01-02 10:26:30;temperature;21.53;False
S0010;2026-01-02 10:26:30;CO2_level;640;False
S0005;2026-01-02 10:26:30;ventilation;0.574;False
S0011;2026-01-02 10:26:30;ventilation;0.952;False
S0003;2026-01-02 10:26:30;humidity;62.254;False
S0007;2026-01-02 10:26:45;temperature;26.707;False
S0010;2026-01-02 10:26:45;CO2_level;806;False
S0011;2026-01-02 10:26:45;ventilation;0.967;True
S0001;2026-01-02 10:26:45;temperature;23.664;False
S0005;2026-01-02 10:26:45;ventilation;0.67;False
S0004;2026-01-02 10:26:45;CO2_level;1134;False
S0001;2026-01-02 10:27:00;temperature;21.978;False
S0003;2026-01-02 10:27:00;humidity;68.52;False
S0007;2026-01-02 10:27:00;temperature;23.434;True
S0011;2026-01-02 10:27:00;ventilation;0.883;False
S0004;2026-01-02 10:27:00;CO2_level;962;False
S0010;2026-01-02 10:27:00;CO2_level;769;False
S0009;2026-01-02 10:27:00;humidity;66.83;False
S0005;2026-01-02 10:27:00;ventilation;0.721;False
S0005;2026-01-02 10:27:15;ventilation;0.959;False
S0007;2026-01-02 10:27:15;temperature;22.818;False
S0010;2026-01-02 10:27:15;CO2_level;745;False
S0001;2026-01-02 10:27:15;temperature;26.176;True
S0011;2026-01-02 10:27:15;ventilation;0.963;False
S0004;2026-01-02 10:27:15;CO2_level;995;False
S0001;2026-01-02 10:27:30;temperature;26.05;False
S0011;2026-01-02 10:27:30;ventilation;0.866;False
S0010;2026-01-02 10:27:30;CO2_level;1104;False
S0004;2026-01-02 10:27:30;CO2_level;663;True
S0009;2026-01-02 10:27:30;humidity;62.061;False
S0005;2026-01-02 10:27:30;ventilation;0.944;False
S0007;2026-01-02 10:27:30;temperature;18.928;False
S0003;2026-01-02 10:27:30;humidity;67.119;False
S0010;2026-01-02 10:27:45;CO2_level;927;True
S0001;2026-01-02 10:27:45;temperature;null;True
S0007;2026-01-02 10:27:45;temperature;20.056;False
S0011;2026-01-02 10:27:45;ventilation;0.612;False
S0005;2026-01-02 10:27:45;ventilation;null;True
S0004;2026-01-02 10:27:45;CO2_level;636;False
S0010;2026-01-02 10:28:00;CO2_level;1123;False
S0003;2026-01-02 10:28:00;humidity;66.755;False
S0007;2026-01-02 10:28:00;temperature;22.697;False
S0009;2026-01-02 10:28:00;humidity;67.633;False
S0005;2026-01-02 10:28:00;ventilation;0.922;False
S0001;2026-01-02 10:28:00;temperature;18.573;False
S0004;2026-01-02 10:28:00;CO2_level;1185;False
S0011;2026-01-02 10:28:00;ventilation;0.644;False
S0005;2026-01-02 10:28:15;ventilation;0.848;False
S0011;2026-01-02 10:28:15;ventilation;0.519;False
S0004;2026-01-02 10:28:15;CO2_level;855;False
S0010;2026-01-02 10:28:15;CO2_level;706;False
S0007;2026-01-02 10:28:15;temperature;24.832;False
S0001;2026-01-02 10:28:15;temperature;23.047;False
S0001;2026-01-02 10:28:30;temperature;23.914;False
S0005;2026-01-02 10:28:30;ventilation;0.604;False
S0009;2026-01-02 10:28:30;humidity;60.215;False
S0004;2026-01-02 10:28:30;CO2_level;1167;False
S0010;2026-01-02 10:28:30;CO2_level;1115;False
S0007;2026-01-02 10:28:30;temperature;24.692;False
S0011;2026-01-02 10:28:30;ventilation;0.824;False
S0003;2026-01-02 10:28:30;humidity;65.178;False
S0011;2026-01-02 10:28:45;ventilation;0.767;False
S0010;2026-01-02 10:28:45;CO2_level;1010;False
S0007;2026-01-02 10:28:45;temperature;24.497;False
S0004;2026-01-02 10:28:45;CO2_level;1063;False
S0005;2026-01-02 10:28:45;ventilation;0.634;False
S0001;2026-01-02 10:28:45;temperature;21.156;False
S0011;2026-01-02 10:29:00;ventilation;0.879;False
S0004;2026-01-02 10:29:00;CO2_level;759;False
S0003;2026-01-02 10:29:00;humidity;60.403;False
S0005;2026-01-02 10:29:00;ventilation;0.608;False
S0010;2026-01-02 10:29:00;CO2_level;668;False
S0001;2026-01-02 10:29:00;temperature;18.723;False
S0007;2026-01-02 10:29:00;temperature;25.416;False
S0009;2026-01-02 10:29:00;humidity;61.818;False
S0007;2026-01-02 10:29:15;temperature;18.577;False
S0005;2026-01-02 10:29:15;ventilation;0.645;False
S0011;2026-01-02 10:29:15;ventilation;0.942;False
S0004;2026-01-02 10:29:15;CO2_level;717;False
S0010;2026-01-02 10:29:15;CO2_level;731;False
S0001;2026-01-02 10:29:15;temperature;20.979;False
S0003;2026-01-02 10:29:30;humidity;62.223;False
S0011;2026-01-02 10:29:30;ventilation;0.679;False
S0004;2026-01-02 10:29:30;CO2_level;1171;True
S0009;2026-01-02 10:29:30;humidity;66.765;False
S0007;2026-01-02 10:29:30;temperature;22.844;False
S0001;2026-01-02 10:29:30;temperature;23.154;False
S0010;2026-01-02 10:29:30;CO2_level;839;False
S0005;2026-01-02 10:29:30;ventilation;0.693;False
S0004;2026-01-02 10:29:45;CO2_level;810;False
S0010;2026-01-02 10:29:45;CO2_level;822;False
S0011;2026-01-02 10:29:45;ventilation;0.685;True
S0007;2026-01-02 10:29:45;temperature;25.044;False
S0001;2026-01-02 10:29:45;temperature;21.511;False
S0005;2026-01-02 10:29:45;ventilation;0.64;False
S0011;2026-01-02 10:30:00;ventilation;0.769;False
S0010;2026-01-02 10:30:00;CO2_level;778;False
S0009;2026-01-02 10:30:00;humidity;66.811;False
S0003;2026-01-02 10:30:00;humidity;67.22;False
S0001;2026-01-02 10:30:00;temperature;19.485;False
S0004;2026-01-02 10:30:00;CO2_level;668;False
S0005;2026-01-02 10:30:00;ventilation;0.957;False
S0007;2026-01-02 10:30:00;temperature;24.397;False
S0001;2026-01-02 10:30:15;temperature;22.479;False
S0005;2026-01-02 10:30:15;ventilation;0.894;False
S0007;2026-01-02 10:30:15;temperature;21.14;False
S0011;2026-01-02 10:30:15;ventilation;0.736;True
S0010;2026-01-02 10:30:15;CO2_level;634;False
S0004;2026-01-02 10:30:15;CO2_level;873;False
S0011;2026-01-02 10:30:30;ventilation;0.793;False
S0009;2026-01-02 10:30:30;humidity;61.708;False
S0010;2026-01-02 10:30:30;CO2_level;1053;True
S0005;2026-01-02 10:30:30;ventilation;0.537;False
S0003;2026-01-02 10:30:30;humidity;68.326;False
S0007;2026-01-02 10:30:30;temperature;26.752;False
S0004;2026-01-02 10:30:30;CO2_level;979;False
S0001;2026-01-02 10:30:30;temperature;19.63;False
S0011;2026-01-02 10:30:45;ventilation;0.715;False
S0001;2026-01-02 10:30:45;temperature;24.995;False
S0010;2026-01-02 10:30:45;CO2_level;732;False
S0005;2026-01-02 10:30:45;ventilation;0.776;False
S0007;2026-01-02 10:30:45;temperature;19.159;True
S0004;2026-01-02 10:30:45;CO2_level;645;False
S0007;2026-01-02 10:31:00;temperature;null;True
S0005;2026-01-02 10:31:00;ventilation;0.523;False
S0004;2026-01-02 10:31:00;CO2_level;1038;False
S0010;2026-01-02 10:31:00;CO2_level;759;False
S0011;2026-01-02 10:31:00;ventilation;0.553;False
S0009;2026-01-02 10:31:00;humidity;63.712;False
S0003;2026-01-02 10:31:00;humidity;69.13;True
S0001;2026-01-02 10:31:00;temperature;23.788;False
S0005;2026-01-02 10:31:15;ventilation;0.772;False
S0007;2026-01-02 10:31:15;temperature;18.352;False
S0004;2026-01-02 10:31:15;CO2_level;1133;False
S0001;2026-01-02 10:31:15;temperature;22.877;False
S0010;2026-01-02 10:31:15;CO2_level;656;False
S0011;2026-01-02 10:31:15;ventilation;0.781;False
S0005;2026-01-02 10:31:30;ventilation;0.829;False
S0009;2026-01-02 10:31:30;humidity;61.121;False
S0011;2026-01-02 10:31:30;ventilation;0.718;False
S0001;2026-01-02 10:31:30;temperature;24.683;False
S0004;2026-01-02 10:31:30;CO2_level;1148;False
S0003;2026-01-02 10:31:30;humidity;65.963;False
S0007;2026-01-02 10:31:30;temperature;23.239;False
S0010;2026-01-02 10:31:30;CO2_level;682;False
S0011;2026-01-02 10:31:45;ventilation;0.749;False
S0001;2026-01-02 10:31:45;temperature;20.541;False
S0007;2026-01-02 10:31:45;temperature;18.159;False
S0010;2026-01-02 10:31:45;CO2_level;783;False
S0005;2026-01-02 10:31:45;ventilation;0.932;False
S0004;2026-01-02 10:31:45;CO2_level;664;False
S0010;2026-01-02 10:32:00;CO2_level;996;False
S0009;2026-01-02 10:32:00;humidity;61.322;True
S0003;2026-01-02 10:32:00;humidity;65.4;False
S0005;2026-01-02 10:32:00;ventilation;0.911;False
S0007;2026-01-02 10:32:00;temperature;23.012;True
S0011;2026-01-02 10:32:00;ventilation;0.804;False
S0001;2026-01-02 10:32:00;temperature;24.793;False
S0004;2026-01-02 10:32:00;CO2_level;662;False
S0011;2026-01-02 10:32:15;ventilation;0.852;False
S0005;2026-01-02 10:32:15;ventilation;0.909;False
S0004;2026-01-02 10:32:15;CO2_level;1065;False
S0010;2026-01-02 10:32:15;CO2_level;851;False
S0007;2026-01-02 10:32:15;temperature;18.343;False
S0001;2026-01-02 10:32:15;temperature;21.041;False
S0007;2026-01-02 10:32:30;temperature;24.209;False
S0010;2026-01-02 10:32:30;CO2_level;771;False
S0011;2026-01-02 10:32:30;ventilation;0.702;False
S0004;2026-01-02 10:32:30;CO2_level;1145;False
S0009;2026-01-02 10:32:30;humidity;62.551;False
S0003;2026-01-02 10:32:30;humidity;68.791;False
S0005;2026-01-02 10:32:30;ventilation;0.909;True
S0001;2026-01-02 10:32:30;temperature;26.369;False
S0001;2026-01-02 10:32:45;temperature;24.457;False
S0004;2026-01-02 10:32:45;CO2_level;681;False
S0011;2026-01-02 10:32:45;ventilation;0.891;False
S0010;2026-01-02 10:32:45;CO2_level;1003;False
S0005;2026-01-02 10:32:45;ventilation;0.971;False
S0007;2026-01-02 10:32:45;temperature;19.872;False
S0005;2026-01-02 10:33:00;ventilation;null;True
S0011;2026-01-02 10:33:00;ventilation;0.561;False
S0003;2026-01-02 10:33:00;humidity;61.089;False
S0010;2026-01-02 10:33:00;CO2_level;null;True
S0004;2026-01-02 10:33:00;CO2_level;1033;False
S0001;2026-01-02 10:33:00;temperature;25.918;False
S0007;2026-01-02 10:33:00;temperature;23.465;False
S0009;2026-01-02 10:33:00;humidity;67.948;False
S0007;2026-01-02 10:33:15;temperature;24.421;False
S0010;2026-01-02 10:33:15;CO2_level;1136;False
S0005;2026-01-02 10:33:15;ventilation;0.928;False
S0001;2026-01-02 10:33:15;temperature;18.414;False
S0011;2026-01-02 10:33:15;ventilation;0.54;False
S0004;2026-01-02 10:33:15;CO2_level;1142;False
S0001;2026-01-02 10:33:30;temperature;24.981;False
S0009;2026-01-02 10:33:30;humidity;65.54;False
S0004;2026-01-02 10:33:30;CO2_level;942;False
S0005;2026-01-02 10:33:30;ventilation;0.716;False
S0003;2026-01-02 10:33:30;humidity;60.993;False
S0011;2026-01-02 10:33:30;ventilation;0.713;False
S0007;2026-01-02 10:33:30;temperature;26.401;False
S0010;2026-01-02 10:33:30;CO2_level;974;False
S0007;2026-01-02 10:33:45;temperature;19.971;False
S0010;2026-01-02 10:33:45;CO2_level;1196;True
S0005;2026-01-02 10:33:45;ventilation;0.649;False
S0001;2026-01-02 10:33:45;temperature;22.188;False
S0011;2026-01-02 10:33:45;ventilation;0.71;False
S0004;2026-01-02 10:33:45;CO2_level;770;False
S0007;2026-01-02 10:34:00;temperature;21.954;False
S0005;2026-01-02 10:34:00;ventilation;0.594;False
S0001;2026-01-02 10:34:00;temperature;22.787;False
S0011;2026-01-02 10:34:00;ventilation;0.898;False
S0010;2026-01-02 10:34:00;CO2_level;634;False
S0004;2026-01-02 10:34:00;CO2_level;857;False
S0003;2026-01-02 10:34:00;humidity;66.485;False
S0009;2026-01-02 10:34:00;humidity;60.875;False
S0001;2026-01-02 10:34:15;temperature;26.061;False
S0011;2026-01-02 10:34:15;ventilation;0.634;False
S0005;2026-01-02 10:34:15;ventilation;0.985;False
S0010;2026-01-02 10:34:15;CO2_level;837;False
S0007;2026-01-02 10:34:15;temperature;25.457;False
S0004;2026-01-02 10:34:15;CO2_level;962;False
S0005;2026-01-02 10:34:30;ventilation;0.735;False
S0004;2026-01-02 10:34:30;CO2_level;871;False
S0007;2026-01-02 10:34:30;temperature;19.152;False
S0009;2026-01-02 10:34:30;humidity;62.671;False
S0011;2026-01-02 10:34:30;ventilation;0.56;False
S0001;2026-01-02 10:34:30;temperature;22.253;False
S0003;2026-01-02 10:34:30;humidity;68.268;False
S0010;2026-01-02 10:34:30;CO2_level;1143;False
S0005;2026-01-02 10:34:45;ventilation;0.738;False
S0011;2026-01-02 10:34:45;ventilation;0.899;False
S0001;2026-01-02 10:34:45;temperature;26.673;False
S0007;2026-01-02 10:34:45;temperature;22.21;False
S0010;2026-01-02 10:34:45;CO2_level;919;False
S0004;2026-01-02 10:34:45;CO2_level;837;False
S0005;2026-01-02 10:35:00;ventilation;0.587;False
S0007;2026-01-02 10:35:00;temperature;24.776;False
S0001;2026-01-02 10:35:00;temperature;null;True
S0004;2026-01-02 10:35:00;CO2_level;1178;False
S0003;2026-01-02 10:35:00;humidity;64.392;False
S0011;2026-01-02 10:35:00;ventilation;0.621;False
S0009;2026-01-02 10:35:00;humidity;62.814;False
S0010;2026-01-02 10:35:00;CO2_level;789;False
S0010;2026-01-02 10:35:15;CO2_level;911;False
S0011;2026-01-02 10:35:15;ventilation;0.643;False
S0007;2026-01-02 10:35:15;temperature;20.878;False
S0005;2026-01-02 10:35:15;ventilation;0.771;False
S0004;2026-01-02 10:35:15;CO2_level;743;False
S0001;2026-01-02 10:35:15;temperature;20.694;False
S0005;2026-01-02 10:35:30;ventilation;0.925;False
S0007;2026-01-02 10:35:30;temperature;23.604;False
S0001;2026-01-02 10:35:30;temperature;22.601;False
S0011;2026-01-02 10:35:30;ventilation;0.784;False
S0010;2026-01-02 10:35:30;CO2_level;626;False
S0004;2026-01-02 10:35:30;CO2_level;611;False
S0009;2026-01-02 10:35:30;humidity;61.419;False
S0003;2026-01-02 10:35:30;humidity;69.986;False
S0010;2026-01-02 10:35:45;CO2_level;732;False
S0005;2026-01-02 10:35:45;ventilation;0.83;False
S0004;2026-01-02 10:35:45;CO2_level;990;False
S0007;2026-01-02 10:35:45;temperature;20.089;False
S0011;2026-01-02 10:35:45;ventilation;0.661;False
S0001;2026-01-02 10:35:45;temperature;24.247;False
S0010;2026-01-02 10:36:00;CO2_level;759;False
S0007;2026-01-02 10:36:00;temperature;null;True
S0005;2026-01-02 10:36:00;ventilation;0.975;False
S0004;2026-01-02 10:36:00;CO2_level;957;False
S0003;2026-01-02 10:36:00;humidity;62.342;True
S0009;2026-01-02 10:36:00;humidity;60.171;False
S0011;2026-01-02 10:36:00;ventilation;0.91;False
S0001;2026-01-02 10:36:00;temperature;21.231;False
S0004;2026-01-02 10:36:15;CO2_level;1192;False
S0010;2026-01-02 10:36:15;CO2_level;813;False
S0005;2026-01-02 10:36:15;ventilation;0.852;False
S0001;2026-01-02 10:36:15;temperature;24.048;False
S0007;2026-01-02 10:36:15;temperature;25.053;False
S0011;2026-01-02 10:36:15;ventilation;0.772;False
S0003;2026-01-02 10:36:30;humidity;64.742;False
S0011;2026-01-02 10:36:30;ventilation;0.805;False
S0010;2026-01-02 10:36:30;CO2_level;976;False
S0001;2026-01-02 10:36:30;temperature;22.57;False
S0007;2026-01-02 10:36:30;temperature;23.022;True
S0009;2026-01-02 10:36:30;humidity;66.708;False
S0004;2026-01-02 10:36:30;CO2_level;761;False
S0005;2026-01-02 10:36:30;ventilation;0.64;False
S0005;2026-01-02 10:36:45;ventilation;0.766;False
S0011;2026-01-02 10:36:45;ventilation;0.603;False
S0001;2026-01-02 10:36:45;temperature;18.369;False
S0007;2026-01-02 10:36:45;temperature;20.865;False
S0010;2026-01-02 10:36:45;CO2_level;1184;False
S0004;2026-01-02 10:36:45;CO2_level;847;False
S0010;2026-01-02 10:37:00;CO2_level;821;False
S0001;2026-01-02 10:37:00;temperature;18.26;False
S0004;2026-01-02 10:37:00;CO2_level;1067;False
S0007;2026-01-02 10:37:00;temperature;20.598;False
S0011;2026-01-02 10:37:00;ventilation;0.932;False
S0005;2026-01-02 10:37:00;ventilation;0.724;False
S0003;2026-01-02 10:37:00;humidity;64.417;False
S0009;2026-01-02 10:37:00;humidity;66.961;False
S0001;2026-01-02 10:37:15;temperature;26.837;False
S0010;2026-01-02 10:37:15;CO2_level;1048;False
S0007;2026-01-02 10:37:15;temperature;20.862;False
S0011;2026-01-02 10:37:15;ventilation;0.699;False
S0004;2026-01-02 10:37:15;CO2_level;838;False
S0005;2026-01-02 10:37:15;ventilation;0.572;False
S0005;2026-01-02 10:37:30;ventilation;0.603;False
S0003;2026-01-02 10:37:30;humidity;64.161;False
S0010;2026-01-02 10:37:30;CO2_level;620;False
S0009;2026-01-02 10:37:30;humidity;67.036;False
S0007;2026-01-02 10:37:30;temperature;21.095;False
S0001;2026-01-02 10:37:30;temperature;21.734;False
S0011;2026-01-02 10:37:30;ventilation;0.725;False
S0004;2026-01-02 10:37:30;CO2_level;774;False
S0004;2026-01-02 10:37:45;CO2_level;1112;False
S0007;2026-01-02 10:37:45;temperature;19.72;False
S0010;2026-01-02 10:37:45;CO2_level;701;False
S0011;2026-01-02 10:37:45;ventilation;0.774;False
S0005;2026-01-02 10:37:45;ventilation;0.737;False
S0001;2026-01-02 10:37:45;temperature;19.556;False
S0003;2026-01-02 10:38:00;humidity;65.061;False
S0001;2026-01-02 10:38:00;temperature;24.502;False
S0007;2026-01-02 10:38:00;temperature;24.224;False
S0009;2026-01-02 10:38:00;humidity;61.592;False
S0011;2026-01-02 10:38:00;ventilation;0.775;False
S0004;2026-01-02 10:38:00;CO2_level;875;False
S0010;2026-01-02 10:38:00;CO2_level;1195;False
S0005;2026-01-02 10:38:00;ventilation;0.894;False
S0005;2026-01-02 10:38:15;ventilation;0.672;False
S0010;2026-01-02 10:38:15;CO2_level;910;False
S0007;2026-01-02 10:38:15;temperature;22.901;False
S0011;2026-01-02 10:38:15;ventilation;0.989;False
S0001;2026-01-02 10:38:15;temperature;20.817;False
S0004;2026-01-02 10:38:15;CO2_level;null;True
S0009;2026-01-02 10:38:30;humidity;68.668;False
S0005;2026-01-02 10:38:30;ventilation;0.784;False
S0011;2026-01-02 10:38:30;ventilation;0.922;False
S0003;2026-01-02 10:38:30;humidity;67.581;False
S0010;2026-01-02 10:38:30;CO2_level;735;False
S0001;2026-01-02 10:38:30;temperature;20.94;False
S0007;2026-01-02 10:38:30;temperature;26.051;False
S0004;2026-01-02 10:38:30;CO2_level;881;False
S0004;2026-01-02 10:38:45;CO2_level;941;False
S0011;2026-01-02 10:38:45;ventilation;0.903;False
S0005;2026-01-02 10:38:45;ventilation;0.546;False
S0001;2026-01-02 10:38:45;temperature;18.262;False
S0007;2026-01-02 10:38:45;temperature;20.982;False
S0010;2026-01-02 10:38:45;CO2_level;1174;False
S0004;2026-01-02 10:39:00;CO2_level;1098;False
S0003;2026-01-02 10:39:00;humidity;64.831;False
S0011;2026-01-02 10:39:00;ventilation;0.805;False
S0007;2026-01-02 10:39:00;temperature;23.301;False
S0009;2026-01-02 10:39:00;humidity;65.873;False
S0010;2026-01-02 10:39:00;CO2_level;611;False
S0001;2026-01-02 10:39:00;temperature;22.852;False
S0005;2026-01-02 10:39:00;ventilation;0.83;False
S0010;2026-01-02 10:39:15;CO2_level;1042;False
S0001;2026-01-02 10:39:15;temperature;20.185;False
S0007;2026-01-02 10:39:15;temperature;22.974;False
S0004;2026-01-02 10:39:15;CO2_level;876;False
S0011;2026-01-02 10:39:15;ventilation;0.95;False
S0005;2026-01-02 10:39:15;ventilation;0.766;False
S0003;2026-01-02 10:39:30;humidity;67.669;False
S0007;2026-01-02 10:39:30;temperature;18.555;False
S0011;2026-01-02 10:39:30;ventilation;0.634;False
S0009;2026-01-02 10:39:30;humidity;60.428;False
S0004;2026-01-02 10:39:30;CO2_level;615;False
S0005;2026-01-02 10:39:30;ventilation;0.639;False
S0010;2026-01-02 10:39:30;CO2_level;627;False
S0001;2026-01-02 10:39:30;temperature;24.416;False
S0004;2026-01-02 10:39:45;CO2_level;659;False
S0011;2026-01-02 10:39:45;ventilation;0.948;False
S0005;2026-01-02 10:39:45;ventilation;0.944;False
S0007;2026-01-02 10:39:45;temperature;25.62;False
S0010;2026-01-02 10:39:45;CO2_level;627;False
S0001;2026-01-02 10:39:45;temperature;18.742;False
S0007;2026-01-02 10:40:00;temperature;25.45;False
S0005;2026-01-02 10:40:00;ventilation;0.71;False
S0003;2026-01-02 10:40:00;humidity;60.755;False
S0011;2026-01-02 10:40:00;ventilation;0.574;False
S0004;2026-01-02 10:40:00;CO2_level;746;False
S0009;2026-01-02 10:40:00;humidity;63.915;False
S0010;2026-01-02 10:40:00;CO2_level;967;False
S0001;2026-01-02 10:40:00;temperature;22.182;False
S0001;2026-01-02 10:40:15;temperature;23.457;False
S0011;2026-01-02 10:40:15;ventilation;0.683;False
S0005;2026-01-02 10:40:15;ventilation;0.801;False
S0004;2026-01-02 10:40:15;CO2_level;861;False
S0010;2026-01-02 10:40:15;CO2_level;710;False
S0007;2026-01-02 10:40:15;temperature;24.025;False
S0007;2026-01-02 10:40:30;temperature;21.551;False
S0011;2026-01-02 10:40:30;ventilation;0.857;False
S0009;2026-01-02 10:40:30;humidity;60.242;False
S0005;2026-01-02 10:40:30;ventilation;0.748;False
S0003;2026-01-02 10:40:30;humidity;68.238;False
S0004;2026-01-02 10:40:30;CO2_level;null;True
S0001;2026-01-02 10:40:30;temperature;21.188;False
S0010;2026-01-02 10:40:30;CO2_level;845;False
S0005;2026-01-02 10:40:45;ventilation;0.708;False
S0011;2026-01-02 10:40:45;ventilation;0.649;False
S0007;2026-01-02 10:40:45;temperature;20.691;False
S0001;2026-01-02 10:40:45;temperature;23.737;False
S0010;2026-01-02 10:40:45;CO2_level;894;False
S0004;2026-01-02 10:40:45;CO2_level;625;False
S0003;2026-01-02 10:41:00;humidity;64.552;False
S0011;2026-01-02 10:41:00;ventilation;0.977;False
S0007;2026-01-02 10:41:00;temperature;24.993;False
S0010;2026-01-02 10:41:00;CO2_level;730;False
S0009;2026-01-02 10:41:00;humidity;63.228;False
S0001;2026-01-02 10:41:00;temperature;18.924;False
S0005;2026-01-02 10:41:00;ventilation;0.751;False
S0004;2026-01-02 10:41:00;CO2_level;907;False
S0007;2026-01-02 10:41:15;temperature;25.452;False
S0005;2026-01-02 10:41:15;ventilation;0.994;True
S0010;2026-01-02 10:41:15;CO2_level;1138;False
S0004;2026-01-02 10:41:15;CO2_level;1092;False
S0011;2026-01-02 10:41:15;ventilation;0.86;False
S0001;2026-01-02 10:41:15;temperature;19.499;False
S0009;2026-01-02 10:41:30;humidity;68.166;False
S0003;2026-01-02 10:41:30;humidity;65.765;False
S0004;2026-01-02 10:41:30;CO2_level;1159;False
S0001;2026-01-02 10:41:30;temperature;22.538;False
S0007;2026-01-02 10:41:30;temperature;20.229;False
S0010;2026-01-02 10:41:30;CO2_level;842;False
S0011;2026-01-02 10:41:30;ventilation;0.741;False
S0005;2026-01-02 10:41:30;ventilation;0.997;False
S0005;2026-01-02 10:41:45;ventilation;0.727;False
S0007;2026-01-02 10:41:45;temperature;23.756;False
S0010;2026-01-02 10:41:45;CO2_level;1127;False
S0004;2026-01-02 10:41:45;CO2_level;667;False
S0001;2026-01-02 10:41:45;temperature;26.403;False
S0011;2026-01-02 10:41:45;ventilation;0.742;False
S0004;2026-01-02 10:42:00;CO2_level;894;False
S0010;2026-01-02 10:42:00;CO2_level;988;False
S0011;2026-01-02 10:42:00;ventilation;0.95;False
S0001;2026-01-02 10:42:00;temperature;25.033;False
S0009;2026-01-02 10:42:00;humidity;69.457;False
S0005;2026-01-02 10:42:00;ventilation;0.567;False
S0003;2026-01-02 10:42:00;humidity;62.146;False
S0007;2026-01-02 10:42:00;temperature;19.034;False
S0005;2026-01-02 10:42:15;ventilation;0.582;False
S0004;2026-01-02 10:42:15;CO2_level;null;True
S0007;2026-01-02 10:42:15;temperature;23.436;False
S0011;2026-01-02 10:42:15;ventilation;0.713;False
S0001;2026-01-02 10:42:15;temperature;24.038;False
S0010;2026-01-02 10:42:15;CO2_level;974;False
S0007;2026-01-02 10:42:30;temperature;26.234;False
S0010;2026-01-02 10:42:30;CO2_level;970;True
S0005;2026-01-02 10:42:30;ventilation;0.549;False
S0011;2026-01-02 10:42:30;ventilation;0.622;False
S0009;2026-01-02 10:42:30;humidity;65.33;False
S0001;2026-01-02 10:42:30;temperature;24.24;False
S0003;2026-01-02 10:42:30;humidity;60.043;False
S0004;2026-01-02 10:42:30;CO2_level;1182;False
S0011;2026-01-02 10:42:45;ventilation;0.844;False
S0005;2026-01-02 10:42:45;ventilation;0.725;False
S0001;2026-01-02 10:42:45;temperature;25.287;False
S0010;2026-01-02 10:42:45;CO2_level;806;False
S0007;2026-01-02 10:42:45;temperature;24.862;False
S0004;2026-01-02 10:42:45;CO2_level;705;False
S0001;2026-01-02 10:43:00;temperature;21.226;False
S0009;2026-01-02 10:43:00;humidity;60.07;False
S0011;2026-01-02 10:43:00;ventilation;0.644;False
S0004;2026-01-02 10:43:00;CO2_level;909;False
S0003;2026-01-02 10:43:00;humidity;65.149;False
S0005;2026-01-02 10:43:00;ventilation;0.696;False
S0007;2026-01-02 10:43:00;temperature;22.205;False
S0010;2026-01-02 10:43:00;CO2_level;919;False
S0005;2026-01-02 10:43:15;ventilation;0.695;False
S0011;2026-01-02 10:43:15;ventilation;0.581;False
S0007;2026-01-02 10:43:15;temperature;24.058;False
S0001;2026-01-02 10:43:15;temperature;20.227;False
S0004;2026-01-02 10:43:15;CO2_level;637;False
S0010;2026-01-02 10:43:15;CO2_level;1008;False
S0003;2026-01-02 10:43:30;humidity;65.547;False
S0009;2026-01-02 10:43:30;humidity;65.426;False
S0011;2026-01-02 10:43:30;ventilation;0.517;False
S0007;2026-01-02 10:43:30;temperature;26.105;False
S0004;2026-01-02 10:43:30;CO2_level;1073;False
S0001;2026-01-02 10:43:30;temperature;18.329;False
S0010;2026-01-02 10:43:30;CO2_level;968;False
S0005;2026-01-02 10:43:30;ventilation;0.669;False
S0007;2026-01-02 10:43:45;temperature;20.938;False
S0011;2026-01-02 10:43:45;ventilation;0.715;False
S0004;2026-01-02 10:43:45;CO2_level;616;False
S0001;2026-01-02 10:43:45;temperature;25.812;False
S0010;2026-01-02 10:43:45;CO2_level;815;False
S0005;2026-01-02 10:43:45;ventilation;0.937;False
S0011;2026-01-02 10:44:00;ventilation;0.831;False
S0003;2026-01-02 10:44:00;humidity;60.048;False
S0005;2026-01-02 10:44:00;ventilation;0.984;False
S0001;2026-01-02 10:44:00;temperature;25.159;False
S0007;2026-01-02 10:44:00;temperature;25.729;False
S0004;2026-01-02 10:44:00;CO2_level;878;True
S0010;2026-01-02 10:44:00;CO2_level;1008;False
S0009;2026-01-02 10:44:00;humidity;63.697;False
S0010;2026-01-02 10:44:15;CO2_level;636;False
S0011;2026-01-02 10:44:15;ventilation;0.925;False
S0007;2026-01-02 10:44:15;temperature;26.742;False
S0005;2026-01-02 10:44:15;ventilation;0.656;False
S0004;2026-01-02 10:44:15;CO2_level;1171;False
S0001;2026-01-02 10:44:15;temperature;22.633;False
S0010;2026-01-02 10:44:30;CO2_level;869;False
S0007;2026-01-02 10:44:30;temperature;21.268;False
S0005;2026-01-02 10:44:30;ventilation;0.9;False
S0011;2026-01-02 10:44:30;ventilation;0.978;False
S0004;2026-01-02 10:44:30;CO2_level;874;False
S0001;2026-01-02 10:44:30;temperature;18.158;False
S0003;2026-01-02 10:44:30;humidity;67.326;False
S0009;2026-01-02 10:44:30;humidity;68.303;True
S0007;2026-01-02 10:44:45;temperature;22.397;False
S0001;2026-01-02 10:44:45;temperature;21.621;False
S0011;2026-01-02 10:44:45;ventilation;0.612;False
S0005;2026-01-02 10:44:45;ventilation;0.922;False
S0004;2026-01-02 10:44:45;CO2_level;803;False
S0010;2026-01-02 10:44:45;CO2_level;939;False
S0004;2026-01-02 10:45:00;CO2_level;913;False
S0007;2026-01-02 10:45:00;temperature;22.757;False
S0003;2026-01-02 10:45:00;humidity;69.808;False
S0010;2026-01-02 10:45:00;CO2_level;643;False
S0009;2026-01-02 10:45:00;humidity;null;True
S0001;2026-01-02 10:45:00;temperature;20.891;False
S0011;2026-01-02 10:45:00;ventilation;0.97;False
S0005;2026-01-02 10:45:00;ventilation;0.618;False
S0010;2026-01-02 10:45:15;CO2_level;674;False
S0005;2026-01-02 10:45:15;ventilation;0.807;False
S0011;2026-01-02 10:45:15;ventilation;0.643;False
S0004;2026-01-02 10:45:15;CO2_level;830;False
S0001;2026-01-02 10:45:15;temperature;19.014;False
S0007;2026-01-02 10:45:15;temperature;26.626;False
S0009;2026-01-02 10:45:30;humidity;65.414;False
S0007;2026-01-02 10:45:30;temperature;24.666;False
S0004;2026-01-02 10:45:30;CO2_level;872;False
S0010;2026-01-02 10:45:30;CO2_level;1061;False
S0001;2026-01-02 10:45:30;temperature;null;True
S0005;2026-01-02 10:45:30;ventilation;0.768;True
S0011;2026-01-02 10:45:30;ventilation;0.73;False
S0003;2026-01-02 10:45:30;humidity;61.897;False
S0004;2026-01-02 10:45:45;CO2_level;939;False
S0011;2026-01-02 10:45:45;ventilation;0.699;False
S0010;2026-01-02 10:45:45;CO2_level;1108;False
S0001;2026-01-02 10:45:45;temperature;26.624;False
S0005;2026-01-02 10:45:45;ventilation;0.935;False
S0007;2026-01-02 10:45:45;temperature;20.539;False
S0009;2026-01-02 10:46:00;humidity;69.702;False
S0003;2026-01-02 10:46:00;humidity;63.17;False
S0011;2026-01-02 10:46:00;ventilation;0.847;False
S0005;2026-01-02 10:46:00;ventilation;null;True
S0004;2026-01-02 10:46:00;CO2_level;695;False
S0001;2026-01-02 10:46:00;temperature;22.484;False
S0010;2026-01-02 10:46:00;CO2_level;879;False
S0007;2026-01-02 10:46:00;temperature;26.213;False
S0010;2026-01-02 10:46:15;CO2_level;949;False
S0007;2026-01-02 10:46:15;temperature;22.385;False
S0005;2026-01-02 10:46:15;ventilation;0.769;True
S0011;2026-01-02 10:46:15;ventilation;0.783;False
S0001;2026-01-02 10:46:15;temperature;19.526;False
S0004;2026-01-02 10:46:15;CO2_level;1082;False
S0010;2026-01-02 10:46:30;CO2_level;740;False
S0011;2026-01-02 10:46:30;ventilation;0.717;False
S0007;2026-01-02 10:46:30;temperature;19.555;False
S0003;2026-01-02 10:46:30;humidity;60.926;False
S0009;2026-01-02 10:46:30;humidity;60.998;False
S0005;2026-01-02 10:46:30;ventilation;0.701;False
S0001;2026-01-02 10:46:30;temperature;19.793;False
S0004;2026-01-02 10:46:30;CO2_level;1190;False
S0005;2026-01-02 10:46:45;ventilation;0.565;False
S0010;2026-01-02 10:46:45;CO2_level;1003;False
S0001;2026-01-02 10:46:45;temperature;24.992;False
S0007;2026-01-02 10:46:45;temperature;24.973;False
S0011;2026-01-02 10:46:45;ventilation;0.781;True
S0004;2026-01-02 10:46:45;CO2_level;1098;False
S0001;2026-01-02 10:47:00;temperature;21.801;False
S0009;2026-01-02 10:47:00;humidity;62.322;False
S0005;2026-01-02 10:47:00;ventilation;0.621;False
S0003;2026-01-02 10:47:00;humidity;68.514;False
S0010;2026-01-02 10:47:00;CO2_level;812;False
S0004;2026-01-02 10:47:00;CO2_level;645;False
S0011;2026-01-02 10:47:00;ventilation;0.993;False
S0007;2026-01-02 10:47:00;temperature;25.568;False
S0001;2026-01-02 10:47:15;temperature;19.061;False
S0004;2026-01-02 10:47:15;CO2_level;1097;False
S0005;2026-01-02 10:47:15;ventilation;0.606;False
S0011;2026-01-02 10:47:15;ventilation;0.693;False
S0010;2026-01-02 10:47:15;CO2_level;879;False
S0007;2026-01-02 10:47:15;temperature;25.533;False
S0003;2026-01-02 10:47:30;humidity;63.014;False
S0005;2026-01-02 10:47:30;ventilation;0.778;False
S0011;2026-01-02 10:47:30;ventilation;0.837;False
S0004;2026-01-02 10:47:30;CO2_level;808;False
S0009;2026-01-02 10:47:30;humidity;69.42;False
S0001;2026-01-02 10:47:30;temperature;19.216;True
S0007;2026-01-02 10:47:30;temperature;26.804;False
S0010;2026-01-02 10:47:30;CO2_level;1020;False
S0007;2026-01-02 10:47:45;temperature;18.174;False
S0001;2026-01-02 10:47:45;temperature;24.091;False
S0005;2026-01-02 10:47:45;ventilation;0.545;False
S0011;2026-01-02 10:47:45;ventilation;0.94;False
S0004;2026-01-02 10:47:45;CO2_level;889;False
S0010;2026-01-02 10:47:45;CO2_level;753;False
S0005;2026-01-02 10:48:00;ventilation;0.806;False
S0004;2026-01-02 10:48:00;CO2_level;878;False
S0003;2026-01-02 10:48:00;humidity;69.785;False
S0011;2026-01-02 10:48:00;ventilation;0.626;False
S0009;2026-01-02 10:48:00;humidity;67.086;False
S0010;2026-01-02 10:48:00;CO2_level;772;False
S0007;2026-01-02 10:48:00;temperature;22.774;False
S0001;2026-01-02 10:48:00;temperature;21.989;False
S0001;2026-01-02 10:48:15;temperature;20.647;False
S0010;2026-01-02 10:48:15;CO2_level;982;False
S0005;2026-01-02 10:48:15;ventilation;0.971;False
S0004;2026-01-02 10:48:15;CO2_level;935;False
S0007;2026-01-02 10:48:15;temperature;19.817;False
S0011;2026-01-02 10:48:15;ventilation;0.877;False
S0001;2026-01-02 10:48:30;temperature;23.119;False
S0010;2026-01-02 10:48:30;CO2_level;807;False
S0004;2026-01-02 10:48:30;CO2_level;1074;False
S0003;2026-01-02 10:48:30;humidity;62.367;False
S0007;2026-01-02 10:48:30;temperature;26.651;False
S0009;2026-01-02 10:48:30;humidity;62.77;False
S0011;2026-01-02 10:48:30;ventilation;0.76;True
S0005;2026-01-02 10:48:30;ventilation;0.513;False
S0001;2026-01-02 10:48:45;temperature;21.988;False
S0010;2026-01-02 10:48:45;CO2_level;709;False
S0004;2026-01-02 10:48:45;CO2_level;1132;False
S0005;2026-01-02 10:48:45;ventilation;0.569;False
S0007;2026-01-02 10:48:45;temperature;26.079;False
S0011;2026-01-02 10:48:45;ventilation;0.895;False
S0009;2026-01-02 10:49:00;humidity;67.902;False
S0004;2026-01-02 10:49:00;CO2_level;1199;False
S0007;2026-01-02 10:49:00;temperature;24.139;False
S0003;2026-01-02 10:49:00;humidity;66.879;True
S0005;2026-01-02 10:49:00;ventilation;0.88;False
S0011;2026-01-02 10:49:00;ventilation;0.964;False
S0001;2026-01-02 10:49:00;temperature;25.208;False
S0010;2026-01-02 10:49:00;CO2_level;973;False
S0005;2026-01-02 10:49:15;ventilation;0.655;False
S0001;2026-01-02 10:49:15;temperature;19.037;False
S0007;2026-01-02 10:49:15;temperature;20.776;False
S0010;2026-01-02 10:49:15;CO2_level;990;False
S0011;2026-01-02 10:49:15;ventilation;0.511;False
S0004;2026-01-02 10:49:15;CO2_level;1036;False
S0001;2026-01-02 10:49:30;temperature;21.998;False
S0011;2026-01-02 10:49:30;ventilation;0.805;False
S0005;2026-01-02 10:49:30;ventilation;0.618;False
S0007;2026-01-02 10:49:30;temperature;26.219;False
S0004;2026-01-02 10:49:30;CO2_level;1065;False
S0010;2026-01-02 10:49:30;CO2_level;1166;False
S0003;2026-01-02 10:49:30;humidity;65.899;False
S0009;2026-01-02 10:49:30;humidity;68.908;True
S0007;2026-01-02 10:49:45;temperature;20.025;False
S0010;2026-01-02 10:49:45;CO2_level;977;True
S0001;2026-01-02 10:49:45;temperature;20.307;False
S0004;2026-01-02 10:49:45;CO2_level;817;False
S0005;2026-01-02 10:49:45;ventilation;0.86;False
S0011;2026-01-02 10:49:45;ventilation;null;True
S0003;2026-01-02 10:50:00;humidity;69.528;False
S0004;2026-01-02 10:50:00;CO2_level;1136;False
S0005;2026-01-02 10:50:00;ventilation;0.731;False
S0010;2026-01-02 10:50:00;CO2_level;858;False
S0011;2026-01-02 10:50:00;ventilation;0.843;True
S0009;2026-01-02 10:50:00;humidity;60.274;False
S0007;2026-01-02 10:50:00;temperature;26.264;False
S0001;2026-01-02 10:50:00;temperature;25.593;False
S0001;2026-01-02 10:50:15;temperature;19.918;False
S0010;2026-01-02 10:50:15;CO2_level;931;False
S0004;2026-01-02 10:50:15;CO2_level;701;False
S0005;2026-01-02 10:50:15;ventilation;0.587;False
S0007;2026-01-02 10:50:15;temperature;26.883;False
S0011;2026-01-02 10:50:15;ventilation;0.506;True
S0007;2026-01-02 10:50:30;temperature;26.649;False
S0003;2026-01-02 10:50:30;humidity;65.515;False
S0011;2026-01-02 10:50:30;ventilation;0.618;False
S0001;2026-01-02 10:50:30;temperature;24.412;False
S0005;2026-01-02 10:50:30;ventilation;0.936;False
S0004;2026-01-02 10:50:30;CO2_level;1155;False
S0009;2026-01-02 10:50:30;humidity;62.958;False
S0010;2026-01-02 10:50:30;CO2_level;765;False
S0001;2026-01-02 10:50:45;temperature;22.058;False
S0004;2026-01-02 10:50:45;CO2_level;842;False
S0007;2026-01-02 10:50:45;temperature;19.214;False
S0010;2026-01-02 10:50:45;CO2_level;813;False
S0005;2026-01-02 10:50:45;ventilation;0.575;False
S0011;2026-01-02 10:50:45;ventilation;0.583;False
S0007;2026-01-02 10:51:00;temperature;25.085;False
S0009;2026-01-02 10:51:00;humidity;60.045;False
S0003;2026-01-02 10:51:00;humidity;67.863;False
S0011;2026-01-02 10:51:00;ventilation;0.745;False
S0004;2026-01-02 10:51:00;CO2_level;654;False
S0005;2026-01-02 10:51:00;ventilation;0.664;False
S0001;2026-01-02 10:51:00;temperature;22.268;False
S0010;2026-01-02 10:51:00;CO2_level;707;False
S0007;2026-01-02 10:51:15;temperature;21.071;False
S0011;2026-01-02 10:51:15;ventilation;0.669;False
S0004;2026-01-02 10:51:15;CO2_level;876;False
S0010;2026-01-02 10:51:15;CO2_level;791;False
S0001;2026-01-02 10:51:15;temperature;18.87;False
S0005;2026-01-02 10:51:15;ventilation;0.586;False
S0001;2026-01-02 10:51:30;temperature;24.433;False
S0010;2026-01-02 10:51:30;CO2_level;843;False
S0004;2026-01-02 10:51:30;CO2_level;747;False
S0005;2026-01-02 10:51:30;ventilation;0.681;False
S0011;2026-01-02 10:51:30;ventilation;0.55;False
S0003;2026-01-02 10:51:30;humidity;67.067;False
S0009;2026-01-02 10:51:30;humidity;67.929;False
S0007;2026-01-02 10:51:30;temperature;25.098;False
S0010;2026-01-02 10:51:45;CO2_level;646;False
S0007;2026-01-02 10:51:45;temperature;25.215;False
S0001;2026-01-02 10:51:45;temperature;20.723;True
S0005;2026-01-02 10:51:45;ventilation;0.625;False
S0004;2026-01-02 10:51:45;CO2_level;744;False
S0011;2026-01-02 10:51:45;ventilation;0.754;False
S0003;2026-01-02 10:52:00;humidity;null;True
S0010;2026-01-02 10:52:00;CO2_level;955;False
S0007;2026-01-02 10:52:00;temperature;18.516;False
S0009;2026-01-02 10:52:00;humidity;66.921;False
S0001;2026-01-02 10:52:00;temperature;21.41;False
S0004;2026-01-02 10:52:00;CO2_level;1049;False
S0011;2026-01-02 10:52:00;ventilation;0.542;False
S0005;2026-01-02 10:52:00;ventilation;0.827;False
S0007;2026-01-02 10:52:15;temperature;19.578;True
S0001;2026-01-02 10:52:15;temperature;21.704;False
S0011;2026-01-02 10:52:15;ventilation;0.799;False
S0010;2026-01-02 10:52:15;CO2_level;872;False
S0004;2026-01-02 10:52:15;CO2_level;952;False
S0005;2026-01-02 10:52:15;ventilation;0.865;False
S0005;2026-01-02 10:52:30;ventilation;0.594;False
S0011;2026-01-02 10:52:30;ventilation;0.748;False
S0001;2026-01-02 10:52:30;temperature;23.663;False
S0010;2026-01-02 10:52:30;CO2_level;668;False
S0009;2026-01-02 10:52:30;humidity;61.653;False
S0004;2026-01-02 10:52:30;CO2_level;920;False
S0007;2026-01-02 10:52:30;temperature;24.167;False
S0003;2026-01-02 10:52:30;humidity;64.918;False
S0011;2026-01-02 10:52:45;ventilation;0.824;False
S0001;2026-01-02 10:52:45;temperature;26.15;True
S0007;2026-01-02 10:52:45;temperature;18.668;False
S0005;2026-01-02 10:52:45;ventilation;0.816;False
S0004;2026-01-02 10:52:45;CO2_level;934;False
S0010;2026-01-02 10:52:45;CO2_level;779;False
S0011;2026-01-02 10:53:00;ventilation;0.923;False
S0001;2026-01-02 10:53:00;temperature;19.556;False
S0005;2026-01-02 10:53:00;ventilation;0.975;False
S0004;2026-01-02 10:53:00;CO2_level;1064;False
S0007;2026-01-02 10:53:00;temperature;25.492;False
S0003;2026-01-02 10:53:00;humidity;65.704;False
S0009;2026-01-02 10:53:00;humidity;60.417;False
S0010;2026-01-02 10:53:00;CO2_level;1179;False
S0004;2026-01-02 10:53:15;CO2_level;1137;False
S0005;2026-01-02 10:53:15;ventilation;0.877;False
S0010;2026-01-02 10:53:15;CO2_level;882;False
S0007;2026-01-02 10:53:15;temperature;21.204;False
S0011;2026-01-02 10:53:15;ventilation;0.562;False
S0001;2026-01-02 10:53:15;temperature;22.324;False
S0010;2026-01-02 10:53:30;CO2_level;632;False
S0005;2026-01-02 10:53:30;ventilation;0.503;False
S0009;2026-01-02 10:53:30;humidity;69.163;False
S0001;2026-01-02 10:53:30;temperature;18.228;False
S0007;2026-01-02 10:53:30;temperature;24.499;False
S0004;2026-01-02 10:53:30;CO2_level;1011;False
S0003;2026-01-02 10:53:30;humidity;68.189;False
S0011;2026-01-02 10:53:30;ventilation;0.695;True
S0004;2026-01-02 10:53:45;CO2_level;827;False
S0010;2026-01-02 10:53:45;CO2_level;1010;False
S0011;2026-01-02 10:53:45;ventilation;0.765;False
S0005;2026-01-02 10:53:45;ventilation;0.789;False
S0001;2026-01-02 10:53:45;temperature;26.755;False
S0007;2026-01-02 10:53:45;temperature;26.075;False
S0004;2026-01-02 10:54:00;CO2_level;642;False
S0001;2026-01-02 10:54:00;temperature;18.066;False
S0011;2026-01-02 10:54:00;ventilation;0.681;False
S0009;2026-01-02 10:54:00;humidity;69.583;False
S0005;2026-01-02 10:54:00;ventilation;0.997;False
S0010;2026-01-02 10:54:00;CO2_level;1089;False
S0007;2026-01-02 10:54:00;temperature;20.854;False
S0003;2026-01-02 10:54:00;humidity;62.991;False
S0011;2026-01-02 10:54:15;ventilation;0.575;False
S0004;2026-01-02 10:54:15;CO2_level;851;False
S0010;2026-01-02 10:54:15;CO2_level;649;False
S0007;2026-01-02 10:54:15;temperature;22.685;False
S0001;2026-01-02 10:54:15;temperature;23.972;False
S0005;2026-01-02 10:54:15;ventilation;0.838;False
S0005;2026-01-02 10:54:30;ventilation;0.86;False
S0009;2026-01-02 10:54:30;humidity;68.682;False
S0007;2026-01-02 10:54:30;temperature;26.67;True
S0003;2026-01-02 10:54:30;humidity;61.843;False
S0010;2026-01-02 10:54:30;CO2_level;1004;False
S0011;2026-01-02 10:54:30;ventilation;0.891;False
S0004;2026-01-02 10:54:30;CO2_level;1002;True
S0001;2026-01-02 10:54:30;temperature;22.342;False
S0001;2026-01-02 10:54:45;temperature;19.788;False
S0011;2026-01-02 10:54:45;ventilation;0.734;False
S0007;2026-01-02 10:54:45;temperature;24.285;False
S0004;2026-01-02 10:54:45;CO2_level;1152;False
S0005;2026-01-02 10:54:45;ventilation;0.788;False
S0010;2026-01-02 10:54:45;CO2_level;897;False
S0004;2026-01-02 10:55:00;CO2_level;958;False
S0009;2026-01-02 10:55:00;humidity;65.558;False
S0010;2026-01-02 10:55:00;CO2_level;1084;False
S0005;2026-01-02 10:55:00;ventilation;0.665;False
S0001;2026-01-02 10:55:00;temperature;25.847;False
S0007;2026-01-02 10:55:00;temperature;null;True
S0003;2026-01-02 10:55:00;humidity;64.095;False
S0011;2026-01-02 10:55:00;ventilation;0.698;False
S0010;2026-01-02 10:55:15;CO2_level;1073;False
S0011;2026-01-02 10:55:15;ventilation;0.68;False
S0004;2026-01-02 10:55:15;CO2_level;691;False
S0007;2026-01-02 10:55:15;temperature;22.419;False
S0001;2026-01-02 10:55:15;temperature;23.169;False
S0005;2026-01-02 10:55:15;ventilation;0.906;False
S0007;2026-01-02 10:55:30;temperature;20.157;True
S0010;2026-01-02 10:55:30;CO2_level;859;False
S0001;2026-01-02 10:55:30;temperature;20.69;False
S0011;2026-01-02 10:55:30;ventilation;0.561;False
S0003;2026-01-02 10:55:30;humidity;63.157;False
S0004;2026-01-02 10:55:30;CO2_level;809;False
S0005;2026-01-02 10:55:30;ventilation;0.511;False
S0009;2026-01-02 10:55:30;humidity;60.849;False
S0011;2026-01-02 10:55:45;ventilation;0.592;False
S0010;2026-01-02 10:55:45;CO2_level;887;False
S0004;2026-01-02 10:55:45;CO2_level;1043;False
S0007;2026-01-02 10:55:45;temperature;22.131;False
S0001;2026-01-02 10:55:45;temperature;19.978;False
S0005;2026-01-02 10:55:45;ventilation;0.88;False
S0005;2026-01-02 10:56:00;ventilation;0.888;False
S0001;2026-01-02 10:56:00;temperature;22.342;False
S0011;2026-01-02 10:56:00;ventilation;0.771;False
S0007;2026-01-02 10:56:00;temperature;21.013;False
S0010;2026-01-02 10:56:00;CO2_level;1035;False
S0003;2026-01-02 10:56:00;humidity;60.412;False
S0004;2026-01-02 10:56:00;CO2_level;966;False
S0009;2026-01-02 10:56:00;humidity;66.343;False
S0007;2026-01-02 10:56:15;temperature;26.658;False
S0001;2026-01-02 10:56:15;temperature;24.087;False
S0011;2026-01-02 10:56:15;ventilation;0.91;False
S0005;2026-01-02 10:56:15;ventilation;0.992;False
S0010;2026-01-02 10:56:15;CO2_level;1058;False
S0004;2026-01-02 10:56:15;CO2_level;728;False
S0001;2026-01-02 10:56:30;temperature;26.754;False
S0004;2026-01-02 10:56:30;CO2_level;877;False
S0011;2026-01-02 10:56:30;ventilation;0.848;False
S0009;2026-01-02 10:56:30;humidity;65.614;False
S0007;2026-01-02 10:56:30;temperature;25.965;False
S0003;2026-01-02 10:56:30;humidity;63.681;False
S0010;2026-01-02 10:56:30;CO2_level;644;False
S0005;2026-01-02 10:56:30;ventilation;0.985;False
S0005;2026-01-02 10:56:45;ventilation;0.771;False
S0007;2026-01-02 10:56:45;temperature;18.512;False
S0001;2026-01-02 10:56:45;temperature;24.245;False
S0004;2026-01-02 10:56:45;CO2_level;948;False
S0011;2026-01-02 10:56:45;ventilation;0.775;False
S0010;2026-01-02 10:56:45;CO2_level;1084;False
S0011;2026-01-02 10:57:00;ventilation;0.799;False
S0003;2026-01-02 10:57:00;humidity;66.398;False
S0001;2026-01-02 10:57:00;temperature;22.005;False
S0007;2026-01-02 10:57:00;temperature;19.859;False
S0010;2026-01-02 10:57:00;CO2_level;724;False
S0005;2026-01-02 10:57:00;ventilation;0.855;False
S0004;2026-01-02 10:57:00;CO2_level;964;False
S0009;2026-01-02 10:57:00;humidity;66.046;False
S0007;2026-01-02 10:57:15;temperature;20.176;False
S0011;2026-01-02 10:57:15;ventilation;0.991;False
S0010;2026-01-02 10:57:15;CO2_level;769;False
S0004;2026-01-02 10:57:15;CO2_level;652;False
S0001;2026-01-02 10:57:15;temperature;20.767;False
S0005;2026-01-02 10:57:15;ventilation;0.502;False
S0003;2026-01-02 10:57:30;humidity;64.791;False
S0010;2026-01-02 10:57:30;CO2_level;607;False
S0009;2026-01-02 10:57:30;humidity;64.671;False
S0007;2026-01-02 10:57:30;temperature;24.654;True
S0004;2026-01-02 10:57:30;CO2_level;1064;False
S0001;2026-01-02 10:57:30;temperature;19.244;False
S0005;2026-01-02 10:57:30;ventilation;0.968;True
S0011;2026-01-02 10:57:30;ventilation;0.681;False
S0001;2026-01-02 10:57:45;temperature;25.982;False
S0005;2026-01-02 10:57:45;ventilation;0.704;False
S0004;2026-01-02 10:57:45;CO2_level;968;False
S0010;2026-01-02 10:57:45;CO2_level;713;False
S0007;2026-01-02 10:57:45;temperature;25.67;False
S0011;2026-01-02 10:57:45;ventilation;0.765;False
S0001;2026-01-02 10:58:00;temperature;20.965;False
S0007;2026-01-02 10:58:00;temperature;24.835;False
S0005;2026-01-02 10:58:00;ventilation;0.881;False
S0010;2026-01-02 10:58:00;CO2_level;792;True
S0011;2026-01-02 10:58:00;ventilation;0.711;False
S0004;2026-01-02 10:58:00;CO2_level;1136;False
S0009;2026-01-02 10:58:00;humidity;63.449;False
S0003;2026-01-02 10:58:00;humidity;63.691;False
S0007;2026-01-02 10:58:15;temperature;20.183;False
S0005;2026-01-02 10:58:15;ventilation;0.622;False
S0001;2026-01-02 10:58:15;temperature;24.26;False
S0004;2026-01-02 10:58:15;CO2_level;1125;False
S0011;2026-01-02 10:58:15;ventilation;0.535;False
S0010;2026-01-02 10:58:15;CO2_level;662;False
S0010;2026-01-02 10:58:30;CO2_level;1135;False
S0011;2026-01-02 10:58:30;ventilation;0.614;False
S0007;2026-01-02 10:58:30;temperature;19.386;False
S0003;2026-01-02 10:58:30;humidity;66.697;False
S0009;2026-01-02 10:58:30;humidity;60.937;False
S0004;2026-01-02 10:58:30;CO2_level;1014;False
S0005;2026-01-02 10:58:30;ventilation;0.509;False
S0001;2026-01-02 10:58:30;temperature;18.749;False
S0005;2026-01-02 10:58:45;ventilation;0.7;False
S0007;2026-01-02 10:58:45;temperature;22.866;True
S0011;2026-01-02 10:58:45;ventilation;0.72;False
S0004;2026-01-02 10:58:45;CO2_level;null;True
S0010;2026-01-02 10:58:45;CO2_level;608;False
S0001;2026-01-02 10:58:45;temperature;26.741;False
S0011;2026-01-02 10:59:00;ventilation;0.832;False
S0009;2026-01-02 10:59:00;humidity;65.381;False
S0004;2026-01-02 10:59:00;CO2_level;1197;True
S0007;2026-01-02 10:59:00;temperature;21.744;False
S0001;2026-01-02 10:59:00;temperature;21.685;False
S0010;2026-01-02 10:59:00;CO2_level;673;False
S0005;2026-01-02 10:59:00;ventilation;0.867;False
S0003;2026-01-02 10:59:00;humidity;69.649;False
S0004;2026-01-02 10:59:15;CO2_level;862;False
S0011;2026-01-02 10:59:15;ventilation;0.98;False
S0007;2026-01-02 10:59:15;temperature;25.051;False
S0001;2026-01-02 10:59:15;temperature;19.213;False
S0005;2026-01-02 10:59:15;ventilation;0.733;False
S0010;2026-01-02 10:59:15;CO2_level;696;False
S0003;2026-01-02 10:59:30;humidity;64.144;False
S0007;2026-01-02 10:59:30;temperature;21.447;False
S0010;2026-01-02 10:59:30;CO2_level;685;False
S0005;2026-01-02 10:59:30;ventilation;0.785;False
S0011;2026-01-02 10:59:30;ventilation;0.583;False
S0009;2026-01-02 10:59:30;humidity;63.459;False
S0001;2026-01-02 10:59:30;temperature;19.346;False
S0004;2026-01-02 10:59:30;CO2_level;1096;False
S0005;2026-01-02 10:59:45;ventilation;0.654;False
S0001;2026-01-02 10:59:45;temperature;24.649;False
S0004;2026-01-02 10:59:45;CO2_level;1194;False
S0007;2026-01-02 10:59:45;temperature;19.262;False
S0010;2026-01-02 10:59:45;CO2_level;910;False
S0011;2026-01-02 10:59:45;ventilation;0.56;False
S0006;2026-01-02 11:00:00;ph_level;6.599;False
S0012;2026-01-02 11:00:00;ph_level;6.822;False
